subject_version_code,main_competence_name,specific_competence_name,learning_activity_name
2023-JSS004-DRS I,Kusoma,Kutambua sauti za herufi,"Kubaini sauti za irabu (a, e, i, o, u) katika maneno"
2023-JSS004-DRS I,Kusoma,Kutambua sauti za herufi,"Kuunganisha sauti za irabu ili kuunda maneno (oa, au, ua)"
2023-JSS004-DRS I,Kusoma,Kutambua sauti za herufi,Kutambua sauti za konsonanti kwenye maneno
2023-JSS004-DRS I,Kusoma,Kutambua sauti za herufi,Kutambua herufi kubwa na ndogo
2023-JSS004-DRS I,Kusoma,Kutambua sauti za herufi,Kuunganisha sauti za konsonanti na irabu ili kuunda silabi
2023-JSS004-DRS I,Kusoma,Kutambua sauti za herufi,Kutenganisha kwa kutamka sauti za konsonanti na irabu zilizounda silabi na silabi zilizounda maneno
2023-JSS004-DRS I,Kusoma,Kutambua sauti za herufi,"Kutambua sauti za herufi mwambatano (sh, th, mb, ny, ng, nd, kw, mw) kwenye maneno"
2023-JSS004-DRS I,Kusoma,Kutambua sauti za herufi,"Kuunganisha sauti za herufi mwambatano (sh, th, mb, ny, ng, nd, kw, mw) na irabu ili kuunda silabi"
2023-JSS004-DRS I,Kusoma,Kutambua uhusiano wa sauti na herufi,"Kuhusianisha sauti na herufi za irabu (a, e, i, o, u) katika matini"
2023-JSS004-DRS I,Kusoma,Kutambua uhusiano wa sauti na herufi,Kuhusianisha sauti na herufi za konsonanti katika matini
2023-JSS004-DRS I,Kusoma,Kutambua uhusiano wa sauti na herufi,Kuhusianisha sauti na herufi za konsonanti mwambatano katika matini
2023-JSS004-DRS I,Kusoma,Kutambua uhusiano wa sauti na herufi,Kuunganisha sauti za herufi za konsonanti mwambatano na irabu ili kusoma silabi katika makundi yote
2023-JSS004-DRS I,Kusoma,Kutambua uhusiano wa sauti na herufi,Kuunganisha silabi ili kusoma maneno
2023-JSS004-DRS I,Kusoma,Kutambua uhusiano wa sauti na herufi,Kutenganisha kwa kutamka sauti mojamoja ili kuunda maneno
2023-JSS004-DRS I,Kusoma,Kutambua uhusiano wa sauti na herufi,Kuunganisha maneno ili kusoma sentensi
2023-JSS004-DRS I,Kusoma,Kusoma kwa ufasaha,Kusoma kwa sauti kifungu cha habari/hadithi linganifu kwa kuzingatia matamshi sahihi ya maneno
2023-JSS004-DRS I,Kusoma,Kusoma kwa ufasaha,"Kusoma kwa sauti kifungu cha habari/hadithi linganifu kwa kasi stahiki (maneno 40 kwa dakika)"
2023-JSS004-DRS I,Kusoma,Kusoma kwa ufasaha,"Kusoma kwa sauti kifungu cha habari/hadithi linganifu kwa hisia na kwa kuzingatia alama za uandishi (nukta, mkato, alama ya kuuliza na alama ya mshangao)"
2023-JSS004-DRS I,Kusoma,Kusoma na kusikiliza kwa ufahamu,Kutafsiri na kuelezea picha
2023-JSS004-DRS I,Kusoma,Kusoma na kusikiliza kwa ufahamu,Kubashiri maudhui ya habari/hadithi kwa usahihi kwa kutumia picha na msamiati uliochaguliwa
2023-JSS004-DRS I,Kusoma,Kusoma na kusikiliza kwa ufahamu,Kusikiliza habari/hadithi kwa ufahamu
2023-JSS004-DRS II,Kusoma,Kutambua sauti za herufi,Kubaini sauti katika maneno
2023-JSS004-DRS II,Kusoma,Kutambua sauti za herufi,Kuunganisha sauti za herufi za konsonanti mwambatano na irabu kusoma silabi
2023-JSS004-DRS II,Kusoma,Kutambua sauti za herufi,Kutamka maneno yenye silabi mwambatano
2023-JSS004-DRS II,Kusoma,Kutambua sauti za herufi,Kutambua sauti zinazounda maneno katika sentensi
2023-JSS004-DRS II,Kusoma,Kutambua uhusiano wa sauti na herufi,Kuunganisha sauti za herufi mwambatano zenye konsonanti mbili na irabu ili kuunda silabi na kutambulisha herufi mwambatano zenye maneno ya kukopa
2023-JSS004-DRS II,Kusoma,Kutambua uhusiano wa sauti na herufi,Kuunganisha silabi kusoma maneno yenye konsonanti tatu na irabu
2023-JSS004-DRS II,Kusoma,Kutambua uhusiano wa sauti na herufi,Kuunganisha maneno kusoma sentensi
2023-JSS004-DRS II,Kusoma,Kusoma kwa ufasaha,Kusoma kwa kujiamini kifungu cha habari/hadithi linganifu kwa kuzingatia matamshi sahihi ya maneno
2023-JSS004-DRS II,Kusoma,Kusoma kwa ufasaha,"Kusoma kifungu cha habari/hadithi linganifu kwa kasi stahiki (maneno 50 kwa dakika)"
2023-JSS004-DRS II,Kusoma,Kusoma kwa ufasaha,"Kusoma kwa kujiamini kifungu linganifu cha habari/hadithi kwa hisia na kwa kuzingatia alama za uandishi (nukta, mkato, alama ya kuuliza, alama ya mshangao)"
2023-JSS004-DRS II,Kusoma,Kusoma kwa ufasaha,Kusoma kwa sauti kifungu cha habari/hadithi sahili
2023-JSS004-DRS II,Kusoma,Kusoma na kusikiliza kwa ufahamu,Kutafsiri na kuelezea matukio
2023-JSS004-DRS II,Kusoma,Kusoma na kusikiliza kwa ufahamu,Kusimulia matini fupi aliyoisoma kwa mtiririko wa matukio yenye mantiki
2023-JSS004-DRS II,Kusoma,Kusoma na kusikiliza kwa ufahamu,Kusikiliza matini sahili kwa ufahamu
2023-JSS004-DRS II,Kusoma,Kusoma na kusikiliza kwa ufahamu,Kusoma matini sahili kwa ufahamu
2023-JSS005-DRS I,Kutunza Afya na Mazingira,Kutunza afya yake na jamii inayomzunguka,Kusafisha mwili wake
2023-JSS005-DRS I,Kutunza Afya na Mazingira,Kutunza afya yake na jamii inayomzunguka,Kutunza mavazi yake
2023-JSS005-DRS I,Kutunza Afya na Mazingira,Kujilinda na mazingira hatarishi,Kuepuka mazingira na vitu hatarishi
2023-JSS005-DRS I,Kutunza Afya na Mazingira,Kujilinda na mazingira hatarishi,Kubaini alama za usalama barabarani na katika mazingira yake
2023-JSS005-DRS II,Kutunza Afya na Mazingira,Kuchunguza vitu vilivyopo katika mazingira,Kufanya uchunguzi sahili wa viumbe hai na visivyo hai katika mazingira yanayomzunguka
2023-JSS005-DRS II,Kutunza Afya na Mazingira,Kujilinda na mazingira hatarishi,Kuzingatia alama za usalama barabarani na katika mazingira yake
2023-JSS005-DRS II,Kutunza Afya na Mazingira,Kuwa na mtazamo chanya kuhusu mazingira,Kushiriki katika shughuli zinazohusu mazingira shuleni
2023-JSS006-DRS II,"Kuthamini Utamaduni, Sanaa na Michezo",Kuthamini utamaduni wake na wa watu wengine,Kubaini makazi ya asili ya Kitanzania
2023-JSS006-DRS II,"Kuthamini Utamaduni, Sanaa na Michezo",Kuthamini utamaduni wake na wa watu wengine,Kubaini shughuli mbalimbali za jamii za Kitanzania
2023-JSS006-DRS II,"Kuthamini Utamaduni, Sanaa na Michezo",Kuheshimu tofauti za kiimani,Kuhusianisha imani na maadili mema
2023-JSS006-DRS II,"Kuthamini Utamaduni, Sanaa na Michezo",Kuheshimu tofauti za kiimani,Kujali matendo ya imani za watu wengine
2023-JSS006-DRS II,"Kuthamini Utamaduni, Sanaa na Michezo",Kubuni kazi za sanaa,"Kushiriki katika sanaa za utendaji wa mikono (kufuma, kufinyanga, kuchonga, kushona, kutia nakshi)"
2023-JSS006-DRS II,"Kuthamini Utamaduni, Sanaa na Michezo",Kubuni kazi za sanaa,"Kushiriki katika sanaa za ubunifu wa sauti (ngonjera, majigambo, vichekesho)"
2023-JSS006-DRS II,"Kuthamini Utamaduni, Sanaa na Michezo",Kubuni kazi za sanaa,"Kufanya sanaa zinazohusisha utendaji wa mwili (kuigiza, mijongeo ya mwili)"
2023-JSS006-DRS II,"Kuthamini Utamaduni, Sanaa na Michezo",Kushiriki katika michezo mbalimbali,Kucheza michezo sahili
2023-JSS007-DRS II,Demonstrate Mastery of Basic English Language Skills,Develop listening and speaking skills in different contexts,Use singular and plural forms of names of objects found in the immediate environment
2023-JSS007-DRS II,Demonstrate Mastery of Basic English Language Skills,Develop listening and speaking skills in different contexts,Listen and respond to simple sentences
2023-JSS007-DRS II,Demonstrate Mastery of Basic English Language Skills,Develop early Literacy and numeracy skills,"Manipulate phonemes (delete, add and substitute) phonemes (sounds) to form new words"
2023-JSS007-DRS II,Demonstrate Mastery of Basic English Language Skills,Develop early Literacy and numeracy skills,Pronounce English sounds in written words
2023-JSS007-DRS II,Demonstrate Mastery of Basic English Language Skills,Develop early Literacy and numeracy skills,"Read and write simple English words (e.g. bag, ten, did, dog, sun)"
2023-JSS007-DRS II,Demonstrate Mastery of Basic English Language Skills,Develop early Literacy and numeracy skills,"Read words with two consonant clusters (e.g. bl, cl, fl, gl, pl, sl, br, cr, dr, fr, gr, pr, tr, sc, sk, sm, sn, sp, st, and tw) and words with consonant digraphs (e.g. th, ch, sh, ph)"
2023-JSS007-DRS II,Demonstrate Mastery of Basic English Language Skills,Develop early Literacy and numeracy skills,Read and write simple sentences
2023-JSS007-DRS II,Demonstrate Mastery of Basic English Language Skills,Develop early Literacy and numeracy skills,"Use basic punctuation marks in sentences (target: full stop, comma and question mark)"
2023-JSS007-DRS II,Demonstrate Mastery of Basic English Language Skills,Develop early Literacy and numeracy skills,Express days of the week and months of the year
2023-JSS008-Awali,"Kumudu Stadi za Kisanii, Ubunifu na Michezo",Kuonesha sanaa za maonyesho,Kuimba nyimbo
2023-JSS008-Awali,"Kumudu Stadi za Kisanii, Ubunifu na Michezo",Kuonesha sanaa za maonyesho,Kughani mashairi
2023-JSS008-Awali,"Kumudu Stadi za Kisanii, Ubunifu na Michezo",Kuonesha sanaa za maonyesho,Kutamba ngonjera
2023-JSS008-Awali,"Kumudu Stadi za Kisanii, Ubunifu na Michezo",Kuonesha sanaa za maonyesho,Kuigiza
2023-JSS008-Awali,"Kumudu Stadi za Kisanii, Ubunifu na Michezo",Kuonesha sanaa za maonyesho,Kutumia ala za muziki
2023-JSS008-Awali,"Kumudu Stadi za Kisanii, Ubunifu na Michezo",Kuonesha sanaa za maonyesho,Kucheza muziki
2023-JSS008-Awali,"Kumudu Stadi za Kisanii, Ubunifu na Michezo",Kubuni sanaa zinazohusisha utendaji wa mikono,Kuunda vitu
2023-JSS008-Awali,"Kumudu Stadi za Kisanii, Ubunifu na Michezo",Kubuni sanaa zinazohusisha utendaji wa mikono,Kuchora picha na maumbo
2023-JSS008-Awali,"Kumudu Stadi za Kisanii, Ubunifu na Michezo",Kubuni sanaa zinazohusisha utendaji wa mikono,Kusuka vitu
2023-JSS008-Awali,"Kumudu Stadi za Kisanii, Ubunifu na Michezo",Kubuni sanaa zinazohusisha utendaji wa mikono,Kutunga vitu katika uzi/kamba
2023-JSS008-Awali,"Kumudu Stadi za Kisanii, Ubunifu na Michezo",Kutumia stadi za ubunifu zinazohusisha utendaji wa mwili,Kucheza michezo inayohusisha misuli midogo
2023-JSS008-Awali,"Kumudu Stadi za Kisanii, Ubunifu na Michezo",Kutumia stadi za ubunifu zinazohusisha utendaji wa mwili,Kucheza michezo inayohusisha misuli mikubwa
2023-JSS008-Awali,"Kumudu Stadi za Kisanii, Ubunifu na Michezo",Kutumia stadi za ubunifu zinazohusisha utendaji wa mwili,Kutengeneza vifaa vya michezo
2023-JSS009-Awali,"Kuthamini Utamaduni wa Jamii Yake, Elimu ya Imani na Tunu za Taifa",Kuthamini alama na tunu za taifa,Kubaini alama za taifa
2023-JSS009-Awali,"Kuthamini Utamaduni wa Jamii Yake, Elimu ya Imani na Tunu za Taifa",Kuthamini alama na tunu za taifa,"Kubaini tunu za taifa (uzalendo, uwajibikaji na lugha ya taifa)"
2023-JSS009-Awali,"Kuthamini Utamaduni wa Jamii Yake, Elimu ya Imani na Tunu za Taifa",Kuthamini alama na tunu za taifa,Kuelezea Muungano wa Tanganyika na Zanzibar
2023-JSS009-Awali,"Kuthamini Utamaduni wa Jamii Yake, Elimu ya Imani na Tunu za Taifa",Kuthamini alama na tunu za taifa,Kutaja majina ya viongozi wa kitaifa
2023-JSS009-Awali,"Kuthamini Utamaduni wa Jamii Yake, Elimu ya Imani na Tunu za Taifa",Kuthamini vyakula vya Kitanzania,Kubaini vyakula vinavyopatikana katika jamii yake
2023-JSS009-Awali,"Kuthamini Utamaduni wa Jamii Yake, Elimu ya Imani na Tunu za Taifa",Kuthamini vyakula vya Kitanzania,Kubaini vyakula vinavyopatikana katika jamii nyingine
2023-JSS009-Awali,"Kuthamini Utamaduni wa Jamii Yake, Elimu ya Imani na Tunu za Taifa",Kuthamini mavazi ya Kitanzania,Kubainisha mavazi ya Kitanzania yanayovaliwa katika mazingira yake
2023-JSS009-Awali,"Kuthamini Utamaduni wa Jamii Yake, Elimu ya Imani na Tunu za Taifa",Kuthamini mavazi ya Kitanzania,Kuonesha mavazi mbalimbali yanayovaliwa katika jamii yake
2023-JSS009-Awali,"Kuthamini Utamaduni wa Jamii Yake, Elimu ya Imani na Tunu za Taifa",Kuonesha matendo ya kiimani kulingana na imani yake,Kubaini imani yake
2023-JSS009-Awali,"Kuthamini Utamaduni wa Jamii Yake, Elimu ya Imani na Tunu za Taifa",Kuonesha matendo ya kiimani kulingana na imani yake,Kubaini matendo ya kiimani
2023-JSS009-Awali,"Kuthamini Utamaduni wa Jamii Yake, Elimu ya Imani na Tunu za Taifa",Kuheshimu imani za watu wengine,Kubainisha imani za watu wengine
2023-JSS009-Awali,"Kuthamini Utamaduni wa Jamii Yake, Elimu ya Imani na Tunu za Taifa",Kuheshimu imani za watu wengine,Kushirikishana katika shughuli za kijamii
2023-JSS010-Awali,Kumudu Stadi za Awali za Lugha ya Mawasiliano,Kusikiliza katika miktadha mbalimbali,Kutofautisha sauti na milio katika mazingira yake
2023-JSS010-Awali,Kumudu Stadi za Awali za Lugha ya Mawasiliano,Kusikiliza katika miktadha mbalimbali,Kufuata maelekezo yanayotolewa
2023-JSS010-Awali,Kumudu Stadi za Awali za Lugha ya Mawasiliano,Kusikiliza katika miktadha mbalimbali,Kusikiliza hadithi
2023-JSS010-Awali,Kumudu Stadi za Awali za Lugha ya Mawasiliano,Kuzungumza katika miktadha mbalimbali,Kusimulia matukio mbalimbali
2023-JSS010-Awali,Kumudu Stadi za Awali za Lugha ya Mawasiliano,Kuzungumza katika miktadha mbalimbali,Kutega na kutegua vitendawili
2023-JSS010-Awali,Kumudu Stadi za Awali za Lugha ya Mawasiliano,Kuzungumza katika miktadha mbalimbali,Kuimba nyimbo
2023-JSS010-Awali,Kumudu Stadi za Awali za Lugha ya Mawasiliano,Kuzungumza katika miktadha mbalimbali,Kusimulia hadithi
2023-JSS010-Awali,Kumudu Stadi za Awali za Lugha ya Mawasiliano,Kusoma katika hatua za awali,Kutumia stadi za awali za kusoma
2023-JSS010-Awali,Kumudu Stadi za Awali za Lugha ya Mawasiliano,Kusoma katika hatua za awali,Kusoma picha
2023-JSS010-Awali,Kumudu Stadi za Awali za Lugha ya Mawasiliano,Kusoma katika hatua za awali,Kutamka sauti za mwanzo za majina ya picha/maneno/vitu
2023-JSS010-Awali,Kumudu Stadi za Awali za Lugha ya Mawasiliano,Kusoma katika hatua za awali,Kuhusianisha sauti na maumbo ya herufi
2023-JSS010-Awali,Kumudu Stadi za Awali za Lugha ya Mawasiliano,Kusoma katika hatua za awali,Kusoma silabi na maneno
2023-JSS010-Awali,Kumudu Stadi za Awali za Lugha ya Mawasiliano,Kuandika katika hatua za awali,Kufuatisha hatua za kuandika herufi
2023-JSS010-Awali,Kumudu Stadi za Awali za Lugha ya Mawasiliano,Kuandika katika hatua za awali,Kuandika herufi
2023-JSS010-Awali,Kumudu Stadi za Awali za Lugha ya Mawasiliano,Kuwasiliana katika miktadha mbalimbali,Kusalimiana na kuagana
2023-JSS010-Awali,Kumudu Stadi za Awali za Lugha ya Mawasiliano,Kuwasiliana katika miktadha mbalimbali,Kufuata kanuni za mawasiliano
2023-JSS010-Awali,Kumudu Stadi za Awali za Lugha ya Mawasiliano,Kuwasiliana katika miktadha mbalimbali,Kujieleza katika miktadha mbalimbali
2023-JSS011-Awali,Kuhusiana,Kujithamini na kuthamini wengine,Kujitambulisha na kutambulisha wengine
2023-JSS011-Awali,Kuhusiana,Kujithamini na kuthamini wengine,Kuonesha matendo ya tabia njema
2023-JSS011-Awali,Kuhusiana,Kujithamini na kuthamini wengine,Kubaini haki na wajibu wake
2023-JSS011-Awali,Kuhusiana,Kujithamini na kuthamini wengine,Kubaini kazi zinazotendwa na wanafamilia na watu wengine
2023-JSS011-Awali,Kuhusiana,Kutawala hisia katika miktadha mbalimbali,Kutaja vitu anavyovipenda na asivyovipenda
2023-JSS011-Awali,Kuhusiana,Kutawala hisia katika miktadha mbalimbali,Kueleza namna ya kutawala hisia
2023-JSS011-Awali,Kuhusiana,Kutawala hisia katika miktadha mbalimbali,Kutenda matendo yanayoonesha hisia
2023-JSS011-Awali,Kuhusiana,Kumudu stadi za kujitegemea,Kutenda matendo ya kujitegemea
2023-JSS011-Awali,Kuhusiana,Kumudu stadi za kujitegemea,Kupanga vitu katika mpangilio sahihi
2023-JSS011-Awali,Kuhusiana,Kumudu stadi za kushirikiana,Kushirikiana katika miktadha mbalimbali
2023-JSS011-Awali,Kuhusiana,Kumudu stadi za kushirikiana,Kupeana zamu katika michezo na shughuli mbalimbali
2023-JSS011-Awali,Kuhusiana,Kutatua changamoto katika maisha ya kila siku,Kucheza michezo inayojenga stadi za kutatua changamoto
2023-JSS011-Awali,Kuhusiana,Kutatua changamoto katika maisha ya kila siku,Kuonesha namna ya kukabiliana na changamoto
2023-JSS011-Awali,Kuhusiana,Kutatua changamoto katika maisha ya kila siku,Kutumia TEHAMA kutatua changamoto
2023-JSS012-Awali,Afya na Mazingira,Kutunza mwili,Kubainisha sehemu za mwili na kazi zake
2023-JSS012-Awali,Afya na Mazingira,Kutunza mwili,Kusafisha mwili
2023-JSS012-Awali,Afya na Mazingira,Kutunza mwili,Kutunza mavazi
2023-JSS012-Awali,Afya na Mazingira,Kuthamini vyakula vya aina mbalimbali,Kubaini vyakula mbalimbali
2023-JSS012-Awali,Afya na Mazingira,Kuthamini vyakula vya aina mbalimbali,Kueleza taratibu za kuzingatia wakati wa kula
2023-JSS012-Awali,Afya na Mazingira,Kuthamini vyakula vya aina mbalimbali,Kutunza vyakula
2023-JSS012-Awali,Afya na Mazingira,Kutunza vyombo vya chakula,Kutumia vyombo vya chakula
2023-JSS012-Awali,Afya na Mazingira,Kutunza vyombo vya chakula,Kuosha vyombo vya chakula
2023-JSS012-Awali,Afya na Mazingira,Kutunza vyombo vya chakula,Kuhifadhi vyombo vya chakula
2023-JSS012-Awali,Afya na Mazingira,Kuchunguza vitu vilivyopo katika mazingira,Kutaja vitu vinavyopatikana katika mazingira
2023-JSS012-Awali,Afya na Mazingira,Kuchunguza vitu vilivyopo katika mazingira,Kutofautisha vitu katika mazingira yake
2023-JSS012-Awali,Afya na Mazingira,Kusafisha mazingira,Kufanya usafi katika mazingira yanayomzunguka
2023-JSS012-Awali,Afya na Mazingira,Kusafisha mazingira,Kueleza madhara yanayotokana na mazingira machafu
2023-JSS012-Awali,Afya na Mazingira,Kuepuka mazingira hatarishi,Kubaini matendo hatarishi
2023-JSS012-Awali,Afya na Mazingira,Kuepuka mazingira hatarishi,Kubaini mazingira hatarishi
2023-JSS012-Awali,Afya na Mazingira,Kuepuka mazingira hatarishi,Kuonesha namna ya kuepuka mazingira hatarishi
2023-JSS012-Awali,Afya na Mazingira,Kuepuka mazingira hatarishi,Kubaini alama za usalama katika mazingira yake
2023-JSS012-Awali,Afya na Mazingira,Kuchukua tahadhari dhidi ya magonjwa mbalimbali,Kubaini magonjwa ya kuambukiza
2023-JSS012-Awali,Afya na Mazingira,Kuchukua tahadhari dhidi ya magonjwa mbalimbali,Kujikinga na magonjwa
2023-JSS013-Awali,Kutumia Stadi za Awali za Kihisabati Sayansi na TEHAMA,Kutumia mazingira kujenga dhana za kihisabati na kufikiri kimantiki,Kubaini vitu vinavyojenga dhana ya namba katika mazingira
2023-JSS013-Awali,Kutumia Stadi za Awali za Kihisabati Sayansi na TEHAMA,Kutumia mazingira kujenga dhana za kihisabati na kufikiri kimantiki,Kubaini maumbo
2023-JSS013-Awali,Kutumia Stadi za Awali za Kihisabati Sayansi na TEHAMA,Kutumia mazingira kujenga dhana za kihisabati na kufikiri kimantiki,Kuchambua vitu kulingana na sifa
2023-JSS013-Awali,Kutumia Stadi za Awali za Kihisabati Sayansi na TEHAMA,Kutumia mazingira kujenga dhana za kihisabati na kufikiri kimantiki,Kubaini vipimo
2023-JSS013-Awali,Kutumia Stadi za Awali za Kihisabati Sayansi na TEHAMA,Kutumia mazingira kujenga dhana za kihisabati na kufikiri kimantiki,Kuhesabu namba 1-20
2023-JSS013-Awali,Kutumia Stadi za Awali za Kihisabati Sayansi na TEHAMA,Kutumia mazingira kujenga dhana za kihisabati na kufikiri kimantiki,Kuandika namba 1-20
2023-JSS013-Awali,Kutumia Stadi za Awali za Kihisabati Sayansi na TEHAMA,Kutumia mazingira kujenga dhana za kihisabati na kufikiri kimantiki,Kuongeza kwa kutumia vitu halisi na TEHAMA
2023-JSS013-Awali,Kutumia Stadi za Awali za Kihisabati Sayansi na TEHAMA,Kutumia mazingira kujenga dhana za kihisabati na kufikiri kimantiki,Kupunguza kwa kutumia vitu halisi na TEHAMA
2023-JSS013-Awali,Kutumia Stadi za Awali za Kihisabati Sayansi na TEHAMA,Kutumia mazingira kujenga dhana za kihisabati na kufikiri kimantiki,Kutambua sarafu na noti za Kitanzania kuanzia sh 50 hadi sh 10000
2023-JSS013-Awali,Kutumia Stadi za Awali za Kihisabati Sayansi na TEHAMA,Kufanya majaribio ya Kisayansi,Kuchunguza vitu katika mazingira yanayomzunguka
2023-JSS013-Awali,Kutumia Stadi za Awali za Kihisabati Sayansi na TEHAMA,Kufanya majaribio ya Kisayansi,Kufanya majaribio sahili ya kisayansi
2023-JSS013-Awali,Kutumia Stadi za Awali za Kihisabati Sayansi na TEHAMA,Kutumia vifaa vya TEHAMA kuwasiliana katika miktadha mbalimbali,Kubaini vifaa vya TEHAMA
2023-JSS013-Awali,Kutumia Stadi za Awali za Kihisabati Sayansi na TEHAMA,Kutumia vifaa vya TEHAMA kuwasiliana katika miktadha mbalimbali,Kuunda vifani mbalimbali vya TEHAMA
2023-JSS013-Awali,Kutumia Stadi za Awali za Kihisabati Sayansi na TEHAMA,Kutumia vifaa vya TEHAMA kuwasiliana katika miktadha mbalimbali,Kutumia kompyuta kufanya shughuli mbalimbali
2023-JSS013-Awali,Kutumia Stadi za Awali za Kihisabati Sayansi na TEHAMA,Kutumia vifaa vya TEHAMA kuwasiliana katika miktadha mbalimbali,Kutumia vifaa mbalimbali vya TEHAMA
2023-JSS014-DRS III,Demonstrate mastery of basic English Language skills,Develop listening and speaking skills,Write dictated words
2023-JSS014-DRS III,Demonstrate mastery of basic English Language skills,Develop listening and speaking skills,"Listen and respond to questions based on simple stories from familiar contexts (home, school)"
2023-JSS014-DRS III,Demonstrate mastery of basic English Language skills,Develop phonemic awareness and pronunciation of English letters,Read aloud simple short stories
2023-JSS014-DRS III,Demonstrate mastery of basic English Language skills,Develop phonemic awareness and pronunciation of English letters,"Read short, simple texts for comprehension"
2023-JSS014-DRS III,Demonstrate mastery of basic English Language skills,Use appropriate grammar and vocabulary both orally and in writing,Use personal pronouns
2023-JSS014-DRS III,Demonstrate mastery of basic English Language skills,Use appropriate grammar and vocabulary both orally and in writing,Express possession using the verbs have and has
2023-JSS014-DRS III,Demonstrate mastery of basic English Language skills,Use appropriate grammar and vocabulary both orally and in writing,"Express routines and ongoing activities in school and home contexts (target: simple present tense, present continuous tense)"
2023-JSS014-DRS III,Demonstrate mastery of basic English Language skills,Use appropriate grammar and vocabulary both orally and in writing,"Use conjunctions in oral and written contexts (target: and, but)"
2023-JSS014-DRS III,Comprehend oral and written information,Read a variety of simple texts appropriately,Read two-syllable and grade-appropriate words
2023-JSS014-DRS III,Comprehend oral and written information,Read a variety of simple texts appropriately,Read multi-syllable and grade-appropriate words
2023-JSS014-DRS III,Comprehend oral and written information,Read a variety of simple texts appropriately,Read aloud a variety of grade-level texts
2023-JSS014-DRS III,Communicate effectively in different contexts,Demonstrate knowledge of the basic features of spoken language,"Identify words with short and long vowels (e.g., ship/sheep, full/fool, to/too)"
2023-JSS014-DRS III,Communicate effectively in different contexts,Demonstrate knowledge of the basic features of spoken language,Pronounce words with long vowel sounds with speed and fluency
2023-JSS014-DRS III,Communicate effectively in different contexts,Demonstrate knowledge of the basic features of spoken language,Read short phrases and simple sentences with short and long vowels
2023-JSS015-DRS III,Kuwasiliana katika miktadha mbalimbali,"Kutambua matamshi ya sauti mbalimbali katika silabi, maneno, sentensi na habari","Kutamka sauti za herufi mwambatano ngw, ndw, njw, mbw na nzw"
2023-JSS015-DRS III,Kuwasiliana katika miktadha mbalimbali,"Kutambua matamshi ya sauti mbalimbali katika silabi, maneno, sentensi na habari","Kutamka sauti mwambatano katika silabi, maneno, sentensi na habari"
2023-JSS015-DRS III,Kuwasiliana katika miktadha mbalimbali,Kuendeleza mazungumzo katika miktadha mbalimbali,Kutumia msamiati unaohusiana na maisha ya kila siku katika kuanzisha na kuendeleza mazungumzo kwa kujiamini katika miktadha mbalimbali
2023-JSS015-DRS III,Kuwasiliana katika miktadha mbalimbali,Kuendeleza mazungumzo katika miktadha mbalimbali,Kubaini maneno yenye maana sawa na kinyume katika mazungumzo
2023-JSS015-DRS III,Kuwasiliana katika miktadha mbalimbali,Kuendeleza mazungumzo katika miktadha mbalimbali,Kuelezea vitu vilivyomo kwenye mazingira katika umoja na wingi
2023-JSS015-DRS III,Kuwasiliana katika miktadha mbalimbali,Kuendeleza mazungumzo katika miktadha mbalimbali,Kuuliza na kujibu maswali
2023-JSS015-DRS III,Kuwasiliana katika miktadha mbalimbali,Kuendeleza mazungumzo katika miktadha mbalimbali,Kubadili kiimbo kulingana na hisia au muktadha wa mazungumzo
2023-JSS015-DRS III,Kuwasiliana katika miktadha mbalimbali,Kuendeleza mazungumzo katika miktadha mbalimbali,"Kuanzisha na kumalizia vitendawili, methali na nahau katika mazungumzo"
2023-JSS015-DRS III,Kuwasiliana katika miktadha mbalimbali,Kutumia maandishi katika mawasiliano kulingana na miktadha mbalimbali,"Kuandika kifungu cha habari kwa kutumia alama za uakifishaji: nukta (.), mshangao (!), kiulizo (?) na mkato (,)"
2023-JSS015-DRS III,Kuwasiliana katika miktadha mbalimbali,Kutumia maandishi katika mawasiliano kulingana na miktadha mbalimbali,Kuandika kifungu cha habari kwa kutumia viunganishi vya ushikamani
2023-JSS015-DRS III,Kuwasiliana katika miktadha mbalimbali,Kutumia maandishi katika mawasiliano kulingana na miktadha mbalimbali,Kutumia alama za uakifishaji kwa usahihi wakati wa kuandika imla
2023-JSS015-DRS III,Kuwasiliana katika miktadha mbalimbali,Kutumia maandishi katika mawasiliano kulingana na miktadha mbalimbali,"Kutumia vihusishi (nyuma ya, mbele ya, juu ya, kando ya, chini ya, katikati ya na pembeni ya) katika uandishi"
2023-JSS015-DRS III,Kuonesha uelewa wa jambo alilolisikiliza au kulisoma,Kuonesha stadi za kusikiliza na kuelewa,Kusikiliza mazungumzo kwa kuzingatia mambo ya msingi katika miktadha mbalimbali
2023-JSS015-DRS III,Kuonesha uelewa wa jambo alilolisikiliza au kulisoma,Kuonesha stadi za kusikiliza na kuelewa,Kutumia maneno aliyoyasikia katika miktadha mingine ya mazungumzo
2023-JSS015-DRS III,Kuonesha uelewa wa jambo alilolisikiliza au kulisoma,Kuonesha stadi za kusikiliza na kuelewa,Kutumia kamusi kupata maana ya msamiati mpya uliojitokeza katika matini fupi sahili
2023-JSS015-DRS III,Kuonesha uelewa wa jambo alilolisikiliza au kulisoma,Kuonesha stadi za kusikiliza na kuelewa,Kujibu kwa usahihi maswali yanayotokana na matini
2023-JSS015-DRS III,Kuonesha uelewa wa jambo alilolisikiliza au kulisoma,Kusoma matini kwa ufasaha na ufahamu,Kusoma matini fupi na sahili kwa kasi mwafaka na matamshi sahihi
2023-JSS015-DRS III,Kuonesha uelewa wa jambo alilolisikiliza au kulisoma,Kusoma matini kwa ufasaha na ufahamu,Kusoma sentensi kwa kuzingatia kupanda na kushuka kwa mawimbi ya sauti
2023-JSS015-DRS III,Kuonesha uelewa wa jambo alilolisikiliza au kulisoma,Kusoma matini kwa ufasaha na ufahamu,Kueleza ujumbe mkuu uliomo katika matini fupi aliyoisoma
2023-JSS015-DRS III,Kuwasilisha hoja kwa mazungumzo na kwa maandishi kulingana na muktadha,Kuandika matini mbalimbali,Kuandika sentensi mbalimbali kwa usahihi
2023-JSS015-DRS III,Kuwasilisha hoja kwa mazungumzo na kwa maandishi kulingana na muktadha,Kuandika matini mbalimbali,Kupanga katika mtiririko sahihi sentensi zilizochanganywa
2023-JSS015-DRS III,Kuwasilisha hoja kwa mazungumzo na kwa maandishi kulingana na muktadha,Kuandika matini mbalimbali,Kuandika matini fupi kwa kuzingatia mpangilio sahihi wa maneno na alama za uakifishaji
2023-JSS015-DRS III,Kuwasilisha hoja kwa mazungumzo na kwa maandishi kulingana na muktadha,Kuchanganua mawazo yaliyowasilishwa katika matini mbalimbali,Kubainisha msamiati uliojitokeza katika matini fupi sahili
2023-JSS015-DRS III,Kuwasilisha hoja kwa mazungumzo na kwa maandishi kulingana na muktadha,Kuchanganua mawazo yaliyowasilishwa katika matini mbalimbali,Kuchambua mawazo makuu yanayojitokeza katika matini fupi sahili
2023-JSS015-DRS III,Kuwasilisha hoja kwa mazungumzo na kwa maandishi kulingana na muktadha,Kuonesha stadi za awali za ubunifu wa kazi mbalimbali za Kiswahili,Kusimulia hadithi fupi sahili
2023-JSS003-DRS I,Kuandika,Kumudu misingi ya awali ya kuandika,Kutumia stadi za awali za kuandika
2023-JSS003-DRS I,Kuandika,Kumudu misingi ya awali ya kuandika,Kuchora michoro ya herufi
2023-JSS003-DRS I,Kuandika,Kumudu misingi ya awali ya kuandika,Kufuatisha herufi kwa kuzingatia hatua
2023-JSS003-DRS I,Kuandika,Kumudu stadi za kuandika,Kuandika herufi ndogo za irabu na konsonanti kwa mpangilio kwa kuzingatia hatua
2023-JSS003-DRS I,Kuandika,Kumudu stadi za kuandika,Kuandika herufi kubwa za irabu na konsonanti kwa mpangilio na kufuata hatua
2023-JSS003-DRS I,Kuandika,Kumudu stadi za kuandika,Kuandika herufi mwambatano
2023-JSS003-DRS I,Kuandika,Kumudu stadi za kuandika,Kuandika silabi zinazotokana na herufi za konsonanti na irabu
2023-JSS003-DRS I,Kuandika,Kumudu stadi za kuandika,Kuandika silabi za herufi mwambatano
2023-JSS003-DRS I,Kuandika,Kumudu stadi za kuandika,Kuandika sentensi fupi
2023-JSS003-DRS I,Kuandika,Kutumia kanuni za uandishi,Kubaini alama za uandishi
2023-JSS003-DRS II,Kuandika,Kutumia kanuni za uandishi,Kutumia alama za uandishi
2023-JSS003-DRS II,Kuandika,Kutumia kanuni za uandishi,Kuandika mwandiko wa chapa wenye kikonyo
2023-JSS003-DRS II,Kuandika,Kutumia kanuni za uandishi,Kuandika matini fupi kwa mtiririko wa matukio wenye mantiki
2023-JSS002-DRS I,Kuhesabu,Kutambua dhana ya namba,Kubaini dhana ya namba kwa kutumia vitu katika mazingira
2023-JSS002-DRS I,Kuhesabu,Kutambua dhana ya namba,Kubaini namba kuanzia 1-100 kwa tarakimu na maneno
2023-JSS002-DRS I,Kuhesabu,Kutambua dhana ya namba,Kupanga namba kwa mfuatano 1-100
2023-JSS002-DRS I,Kuhesabu,Kutumia matendo ya kihisabati,Kutambua namba katika makumi na mamoja
2023-JSS002-DRS I,Kuhesabu,Kutumia matendo ya kihisabati,Kutumia vitu/TEHAMA kumudu dhana ya kujumlisha
2023-JSS002-DRS I,Kuhesabu,Kutumia matendo ya kihisabati,Kujumlisha namba kupata jumla isiyozidi 99
2023-JSS002-DRS I,Kuhesabu,Kutumia matendo ya kihisabati,Kutumia vitu/TEHAMA kumudu dhana ya kutoa
2023-JSS002-DRS I,Kuhesabu,Kutumia matendo ya kihisabati,Kutoa namba zisizozidi 99
2023-JSS002-DRS I,Kuhesabu,Kutumia dhana za kihisabati,Kubaini maumbo ya msingi
2023-JSS002-DRS II,Kuhesabu,Kutumia matendo ya kihisabati,Kutambua namba katika mamia
2023-JSS002-DRS II,Kuhesabu,Kutumia matendo ya kihisabati,Kujumlisha namba kupata jumla isiyozidi 999
2023-JSS002-DRS II,Kuhesabu,Kutumia matendo ya kihisabati,Kutoa namba zisizozidi 999
2023-JSS002-DRS II,Kuhesabu,Kutumia matendo ya kihisabati,Kutumia vitu/TEHAMA kumudu dhana ya kuzidisha kama kujumlisha makundi yanayolingana
2023-JSS002-DRS II,Kuhesabu,Kutumia matendo ya kihisabati,Kuzidisha namba kwa tarakimu moja kupata zao lisilozidi 100
2023-JSS002-DRS II,Kuhesabu,Kutumia matendo ya kihisabati,Kutumia vitu/TEHAMA kumudu dhana ya kugawanya kama kutoa makundi yanayolingana
2023-JSS002-DRS II,Kuhesabu,Kutumia matendo ya kihisabati,Kugawanya namba zisizozidi 100 bila baki
2023-JSS002-DRS II,Kuhesabu,Kutumia dhana za kihisabati,"Kubaini dhana ya sehemu kwa kutumia vitu halisi na TEHAMA (nzima, nusu, robo, theluthi, theluthi mbili n.k)"
2023-JSS002-DRS II,Kuhesabu,Kutumia dhana za kihisabati,"Kuonesha sehemu kwa kutumia namba (1/4, 1/2 n.k)"
2023-JSS002-DRS II,Kuhesabu,Kutumia dhana za kihisabati,Kutumia stadi za vipimo katika miktadha mbalimbali
2023-JSS002-DRS II,Kuhesabu,Kutumia dhana za kihisabati,Kutumia maumbo ya msingi kuumba maumbo mbalimbali
2023-JSS001-DRS IV,Kumudu Misingi ya awali ya kihisabati (iv),Kuonesha uelewa wa dhana ya namba (iv),Kutambua namba za kirumi (hadi M)
2023-JSS001-DRS IV,Kumudu Misingi ya awali ya kihisabati (iv),Kuonesha uelewa wa matendo ya namba (iv),Kuzidisha na kugawanya namba nzima
2023-JSS001-DRS IV,Kumudu Misingi ya awali ya kihisabati (iv),Kuonesha uelewa wa vipimo (iv),"Kubadili vipimo vya urefu, uzani na ujazo katika vijenzi vyake"
2023-JSS001-DRS IV,Kumudu Misingi ya awali ya kihisabati (iv),Kuonesha uelewa wa vipimo (iv),"Kujumlisha na kutoa vipimo vya urefu, uzani na ujazo"
2023-JSS001-DRS IV,Kumudu Misingi ya awali ya kihisabati (iv),Kuonesha uelewa wa stadi za awali za maumbo (iv),"Kutafuta mzingo na maeneo ya maumbo bapa (mstatili, mraba na pembetatu)"
2023-JSS001-DRS IV,Kumudu Misingi ya awali ya kihisabati (iv),Kuonesha uelewa wa stadi za awali za namba (iv),"Kulinganisha sehemu kwa kutumia alama =, < na >"
2023-JSS001-DRS IV,Kumudu Misingi ya awali ya kihisabati (iv),Kuonesha uelewa wa stadi za awali za namba (iv),Kuzidisha na kugawanya sehemu
2023-JSS001-DRS IV,Kumudu Misingi ya awali ya kihisabati (iv),Kuonesha uelewa wa stadi za awali za namba (iv),Kueleza dhana ya desimali
2023-JSS001-DRS IV,Kumudu Misingi ya awali ya kihisabati (iv),Kuonesha uelewa wa stadi za awali za namba (iv),Kujumlisha na kutoa desimali
2023-JSS001-DRS IV,Kumudu matumizi ya stadi za kihisabati (iv),Kuonesha uelewa wa hesabu za muda (iv),Kubadili vipimo vya muda katika vijenzi vyake (sekunde hadi saa)
2023-JSS001-DRS IV,Kumudu matumizi ya stadi za kihisabati (iv),Kuonesha uelewa wa hesabu za muda (iv),Kujumlisha na kutoa muda katika saa
2023-JSS001-DRS IV,Kumudu matumizi ya stadi za kihisabati (iv),Kuonesha uelewa wa hesabu za fedha (iv),Kuzidisha na kugawanya fedha za kitanzania
2023-JSS016-DRS III,Kumudu nadharia za kisayansi,Kuonesha uelewa wa nadharia za kisayansi,Kueleza dhana ya sayansi (maana na matawi ya sayansi)
2023-JSS016-DRS III,Kumudu nadharia za kisayansi,Kuonesha uelewa wa nadharia za kisayansi,Kueleza milango ya fahamu ya binadamu
2023-JSS016-DRS III,Kumudu nadharia za kisayansi,Kufanya uchunguzi sahili wa kisayansi,Kubaini vitu vilivyomo katika mazingira kwa kutumia milango ya fahamu
2023-JSS016-DRS III,Kumudu nadharia za kisayansi,Kufanya uchunguzi sahili wa kisayansi,Kubaini viumbehai na vitu visivyo hai
2023-JSS016-DRS III,Kumudu nadharia za kisayansi,Kufanya uchunguzi sahili wa kisayansi,Kubaini makundi makuu ya viumbehai (mimea na wanyama)
2023-JSS016-DRS III,Kumudu stadi za awali za kisayansi,Kufanya majaribio sahili ya kisayansi,Kuaridhia hatua za kufanya uchunguzi wa kisayansi
2023-JSS016-DRS III,Kumudu stadi za awali za kisayansi,Kufanya majaribio sahili ya kisayansi,Kufanya majaribio sahili kuhusu viumbehai na vitu visivyo hai
2023-JSS016-DRS III,Kumudu stadi za awali za kisayansi,Kufanya majaribio sahili ya kisayansi,Kutunza viumbehai katika mazingira
2023-JSS016-DRS III,Kumudu matumizi ya TEHAMA,Kutumia TEHAMA katika ujifunzaji,Kutumia TEHAMA kucheza michezo sahili inayokuza uwezo wa kueleza matukio na dhana za kisayansi
2023-JSS017-DRS III,Kumudu stadi za awali za ramani na mfumo wa jua,Kutumia ramani katika maisha ya kila siku,"Kueleza dhana ya jiografia na mazingira (maana, uhusiano na umuhimu)"
2023-JSS017-DRS III,Kumudu stadi za awali za sura ya nchi na rasilimali zilizopo,Kuonesha uelewa wa awali wa sura ya nchi,"Kueleza dhana ya sura ya nchi (Maana, maumbo - milima, vilima, tambarare, mabonde, uwanda wa juu na basini na mtawanyiko)"
2023-JSS017-DRS III,Kumudu misingi ya kutunza mazingira,Kuonesha uelewa wa awali wa elimu ya kutunza mazingira,"Kueleza uhusiano baina ya shughuli za kibinadamu na utunzaji wa mazingira (ufugaji, uchimbaji madini, uvuvi, uchanaji mbao, viwanda na kilimo)"
2023-JSS017-DRS III,Kumudu misingi ya kutunza mazingira,Kuonesha uelewa wa awali wa elimu ya kutunza mazingira,"Kueleza njia za kutunza mazingira (kupanda maua na miti/ukoka, njia anuai za kukabiliana na taka katika mazingira)"
2023-JSS018-DRS III,Kubuni kazi za sanaa,Kumudu misingi ya uimbaji na uigizaji,Kuigiza sauti za viumbe vilivyo hai na visivyo hai
2023-JSS018-DRS III,Kubuni kazi za sanaa,Kumudu misingi ya uimbaji na uigizaji,Kuimba kwa sauti moja (unison singing) kwa kuzingatia mkao na upumuaji sahihi (proper posture and breathing)
2023-JSS018-DRS III,Kubuni kazi za sanaa,Kumudu misingi ya uimbaji na uigizaji,Kutumia ala za muziki zinazotumika katika mazingira yake kusindikiza nyimbo fupi
2023-JSS018-DRS III,Kubuni kazi za sanaa,Kuchora picha,Kuchora picha sahili kwa kutumia penseli
2023-JSS018-DRS III,Kubuni kazi za sanaa,Kufinyanga maumbo mbalimbali,Kufinyanga maumbo sahili
2023-JSS018-DRS III,"Kuimarisha afya, stadi na ushindani",Kumudu mazoezi ya viungo,Kufanya mazoezi ya wepesi na msawazo (agility and balance)
2023-JSS018-DRS III,"Kuimarisha afya, stadi na ushindani",Kucheza michezo ya asili,"Kucheza michezo ya rede, kukimbia na chupa kichwani, kukimbia na kijiko"
2023-JSS018-DRS III,Kumudu stadi za maonesho ya kazi za sanaa na michezo,Kushiriki katika maonesho ya kazi za sanaa na michezo,Kufanya maonesho ya kazi za sanaa katika ngazi ya darasa
2023-JSS018-DRS III,Kumudu stadi za maonesho ya kazi za sanaa na michezo,Kushiriki katika maonesho ya kazi za sanaa na michezo,Kushiriki katika mashindano ya michezo katika ngazi ya darasa
2023-JSS019-DRS III,"Kulinda Historia ya Tanzania, urithi na maadili ya Taifa","Kumudu dhana ya Historia ya Tanzania, urithi na maadili","Kueleza dhana ya Historia ya Tanzania, urithi na maadili (maana, umuhimu)"
2023-JSS019-DRS III,"Kulinda Historia ya Tanzania, urithi na maadili ya Taifa","Kumudu dhana ya Historia ya Tanzania, urithi na maadili",Kubaini vitendo vya kimaadili na umuhimu wake
2023-JSS019-DRS III,"Kulinda Historia ya Tanzania, urithi na maadili ya Taifa",Kumudu maarifa ya jamii inayomzunguka,Kubaini wajibu na haki zake katika familia na shuleni
2023-JSS019-DRS III,"Kulinda Historia ya Tanzania, urithi na maadili ya Taifa",Kumudu maarifa ya jamii inayomzunguka,"Kuonesha matendo ya kuheshimu wengine, kutii sheria, kujali na kushirikiana na watu wengine nyumbani na shuleni"
2023-JSS019-DRS III,"Kulinda Historia ya Tanzania, urithi na maadili ya Taifa",Kumudu maarifa ya jamii inayomzunguka,"Kueleza maarifa na ujuzi wa asili wa jamii inayomzunguka (katika kilimo, utunzaji wa mazingira, dawa na dini)"
2023-JSS019-DRS III,"Kulinda Historia ya Tanzania, urithi na maadili ya Taifa","Kutumia maarifa na ujuzi wa asili wa jamii inayomzunguka kusimulia asili, urithi, na maadili ya jamii husika","Kubaini asili za jamii zinazomzunguka (tamaduni, mavazi, chakula, ngoma, michezo na nyimbo)"
2023-JSS019-DRS III,"Kulinda Historia ya Tanzania, urithi na maadili ya Taifa","Kutumia maarifa na ujuzi wa asili wa jamii inayomzunguka kusimulia asili, urithi, na maadili ya jamii husika","Kufafanua umuhimu wa maarifa, ujuzi wa asili na urithi wa kihistoria kwa maendeleo ya kiuchumi na kijamii"
2023-JSS019-DRS III,"Kulinda Historia ya Tanzania, urithi na maadili ya Taifa","Kutumia maarifa na ujuzi wa asili wa jamii inayomzunguka kusimulia asili, urithi, na maadili ya jamii husika","Kubaini mbinu za kutumia maarifa na ujuzi wa asili (katika kilimo, utunzaji wa mazingira, dawa, dini) katika kuboresha ustawi wa jamii"
2023-JSS019-DRS III,"Kulinda Historia ya Tanzania, urithi na maadili ya Taifa","Kutumia maarifa na ujuzi wa asili wa jamii inayomzunguka kusimulia asili, urithi, na maadili ya jamii husika","Kusimulia maarifa na ujuzi wa asili, asili za jamii na urithi wa kihistoria katika mazingira yake (mf. nyumbani, shuleni)"
2023-JSS019-DRS III,"Kulinda Historia ya Tanzania, urithi na maadili ya Taifa","Kutumia maarifa na ujuzi wa asili wa jamii inayomzunguka kusimulia asili, urithi, na maadili ya jamii husika",Kueleza thamani ya asili na urithi wa kihistoria katika jamii inayomzunguka
2023-JSS019-DRS III,"Kulinda Historia ya Tanzania, urithi na maadili ya Taifa",Kutathmini ushirikiano baina ya jamii za Kitanzania katika kujenga uhusiano wa kijamii na kiuchumi,Kueleza ushirikiano wake na jamii inayomzunguka (nyumbani na shuleni)
2023-JSS019-DRS III,"Kulinda Historia ya Tanzania, urithi na maadili ya Taifa",Kutathmini ushirikiano baina ya jamii za Kitanzania katika kujenga uhusiano wa kijamii na kiuchumi,Kubaini umuhimu wa uhusiano na ushirikiano wa familia na rafiki zake
2023-JSS019-DRS III,"Kulinda Historia ya Tanzania, urithi na maadili ya Taifa",Kutathmini ushirikiano baina ya jamii za Kitanzania katika kujenga uhusiano wa kijamii na kiuchumi,Kueleza matendo ya kijamii na kiuchumi yanayojenga uhusiano na ushirikiano katika jamii
2023-JSS019-DRS III,Kumudu Historia ya Tanzania na Maadili kabla ya ukoloni,Kuelezea mifumo mbalimbali ya utunzaji na ukuzaji wa maadili ya jamii za Kitanzania kabla ya ukoloni,"Kueleza mifumo ya uongozi katika ngazi ya familia, ukoo na shule"
2023-JSS019-DRS III,Kumudu Historia ya Tanzania na Maadili kabla ya ukoloni,Kuelezea mifumo mbalimbali ya utunzaji na ukuzaji wa maadili ya jamii za Kitanzania kabla ya ukoloni,Kueleza misingi ya ukuzaji na utunzaji wa maadili ya jamii inayomzunguka
2023-JSS019-DRS III,Kumudu Historia ya Tanzania na Maadili kabla ya ukoloni,Kuelezea mifumo mbalimbali ya utunzaji na ukuzaji wa maadili ya jamii za Kitanzania kabla ya ukoloni,Kueleza mchango wa uongozi wa ukoo katika utunzaji na ukuzaji wa maadili ya jamii kabla ya ukoloni
2023-JSS019-DRS III,Kumudu Historia ya Tanzania na Maadili kabla ya ukoloni,Kuelezea mifumo mbalimbali ya utunzaji na ukuzaji wa maadili ya jamii za Kitanzania kabla ya ukoloni,Kubaini wajibu wa jamii katika ujenzi wa maadili ya familia
2023-JSS017-DRS IV,Kumudu stadi za awali za ramani na mfumo wa jua,Kutumia ramani katika maisha ya kila siku,"Kuonesha uelekeo wa vitu mbalimbali kwa kutumia pande kuu nne na nane za dunia (Kutambua pande kuu nne, kuchora pande kuu nne, kutumia pande kuu nne kuonesha uelekeo, kutambua pande nane, kuchora pande nane, kutumia pande nane kuonesha uelekeo)"
2023-JSS017-DRS IV,Kumudu stadi za awali za ramani na mfumo wa jua,Kutumia ramani katika maisha ya kila siku,"Kueleza dhana ya ramani (maana, sifa na umuhimu)"
2023-JSS017-DRS IV,Kumudu stadi za awali za ramani na mfumo wa jua,Kutumia ramani katika maisha ya kila siku,Kuchora ramani sahili kuonesha mazingira ya darasani
2023-JSS017-DRS IV,Kumudu stadi za awali za ramani na mfumo wa jua,Kutumia ramani katika maisha ya kila siku,"Kuchora ramani sahili ya shule, kata, wilaya, Tanzania"
2023-JSS017-DRS IV,Kumudu stadi za awali za ramani na mfumo wa jua,Kutumia ramani katika maisha ya kila siku,"Kutumia ramani sahili kubaini uelekeo, umbali, na kutoa na kufuata maelekezo"
2023-JSS017-DRS IV,Kumudu stadi za awali za ramani na mfumo wa jua,Kutumia ramani katika maisha ya kila siku,"Kutumia ramani kuonesha mipaka ya kiutawala (Mikoa) na sura ya nchi (milima, mabonde, mito na maziwa makuu, na bahari)"
2023-JSS019-DRS IV,"Kulinda Historia ya Tanzania, urithi na maadili ya Taifa",Kumudu maarifa ya jamii inayomzunguka,Kutambua wajibu na haki zake katika jamii na Taifa
2023-JSS019-DRS IV,Kumudu historia ya Tanzania na maadili kabla ya ukoloni,Kueleza mifumo mbalimbali za utunzaji na ukuzaji wa maadili ya jamii za Kitanzania kabla ya ukoloni,"Kueleza mamlaka mbalimbali za kijadi kabla ya ukoloni (uchifu, usultani, utemi nk)"
2023-JSS019-DRS IV,Kumudu historia ya Tanzania na maadili kabla ya ukoloni,Kueleza mifumo mbalimbali za utunzaji na ukuzaji wa maadili ya jamii za Kitanzania kabla ya ukoloni,Kueleza michango ya mamlaka mbalimbali za kijadi katika utunzaji na ukuzaji wa maadili na maendeleo ya jamii kabla ya ukoloni
2023-JSS019-DRS IV,Kumudu historia ya Tanzania na maadili kabla ya ukoloni,Kueleza mifumo mbalimbali za utunzaji na ukuzaji wa maadili ya jamii za Kitanzania kabla ya ukoloni,Kufafanua wajibu wake katika utunzaji na ukuzaji wa maadili ya jamii
2023-JSS019-DRS IV,Kumudu historia ya Tanzania na maadili kabla ya ukoloni,Kueleza maendeleo ya jamii za Kitanzania na maadili yake kabla ya ukoloni,"Kueleza dhana ya maendeleo ya jamii (maana, viashiria na umuhimu)"
2023-JSS019-DRS IV,Kumudu historia ya Tanzania na maadili kabla ya ukoloni,Kueleza maendeleo ya jamii za Kitanzania na maadili yake kabla ya ukoloni,"Kueleza shughuli za maendeleo ya jamii na uchumi (mfano kilimo, ufugaji, uhunzi, ususi, ufinyanzi, uvuvi na makazi) na maadili yake kabla ya ukoloni"
2023-JSS019-DRS IV,Kumudu historia ya Tanzania na maadili kabla ya ukoloni,Kueleza maendeleo ya jamii za Kitanzania na maadili yake kabla ya ukoloni,"Kubaini michango ya shughuli za uchumi kabla ya ukoloni katika maendeleo ya jamii kabla ya ukoloni (mfano kilimo, ufugaji, uhunzi, ususi, ufinyanzi na uvuvi)"
2023-JSS019-DRS IV,Kumudu historia ya Tanzania na maadili kabla ya ukoloni,Kueleza maendeleo ya jamii za Kitanzania na maadili yake kabla ya ukoloni,Kubaini ushirikiano na uhusiano wa kiuchumi na kijamii baina ya jamii kabla ya ukoloni
2023-JSS019-DRS IV,Kumudu historia ya Tanzania na maadili kabla ya ukoloni,Kueleza maendeleo ya jamii za Kitanzania na maadili yake kabla ya ukoloni,"Kubaini mchango wa maendeleo ya sayansi na teknolojia ya asili katika kuendeleza shughuli za uchumi na maadili kabla ya ukoloni (mfano kilimo, ufugaji, uhunzi, ususi, ufinyanzi na uvuvi)"
2023-JSS019-DRS IV,Kumudu historia ya Tanzania na maadili kabla ya ukoloni,Kueleza maendeleo ya jamii za Kitanzania na maadili yake kabla ya ukoloni,"Kubaini wajibu wa jamii katika kuendeleza shughuli za uchumi na maadili yake kwa sasa (mfano kilimo, ufugaji, uhunzi, ususi, ufinyanzi na uvuvi)"
2023-JSS019-DRS IV,Kumudu historia ya ujenzi wa Taifa na maadili katika kipindi cha 1961-1966,Kutumia Alama za Taifa kama utambulisho wa Tanzania,Kueleza matumizi ya Alama za Taifa
2023-JSS019-DRS IV,Kumudu historia ya ujenzi wa Taifa na maadili katika kipindi cha 1961-1966,Kutumia Alama za Taifa kama utambulisho wa Tanzania,Kuthamini Alama za Taifa katika kutambulisha Tanzania Kitaifa na Kimataifa
2023-JSS015-DRS IV,Kuwasiliana katika miktadha mbalimbali,Kuendeleza mazungumzo katika miktadha mbalimbali,"Kulinganisha vitu kwa kutumia maneno (kuliko, zaidi ya, kama, mithili ya na mfano wa) katika miktadha mbalimbali"
2023-JSS015-DRS IV,Kuwasiliana katika miktadha mbalimbali,Kuendeleza mazungumzo katika miktadha mbalimbali,"Kusimulia matukio kwa kuzingatia njeo za wakati: uliopo (-na-), uliopita (-li-), ujao (-ta-); na hali timilifu (-me-) na mazoea (hu-)"
2023-JSS015-DRS IV,Kuwasiliana katika miktadha mbalimbali,Kuendeleza mazungumzo katika miktadha mbalimbali,Kujieleza kwa kujiamini
2023-JSS015-DRS IV,Kuwasiliana katika miktadha mbalimbali,Kuendeleza mazungumzo katika miktadha mbalimbali,Kuunga mkono au kupinga wazo kwa hoja na mifano rahisi
2023-JSS015-DRS IV,Kuwasiliana katika miktadha mbalimbali,Kuendeleza mazungumzo katika miktadha mbalimbali,Kutumia nahau na methali katika mazungumzo
2023-JSS015-DRS IV,Kuwasiliana katika miktadha mbalimbali,Kutumia maandishi katika mawasiliano kulingana na miktadha mbalimbali,"Kutunga matini sahili kwa kutumia alama za uakifishaji: kistari kifupi (-), mkwaju (/), mabano ( ) na funga na fungua semi ("" "")"
2023-JSS015-DRS IV,Kuwasiliana katika miktadha mbalimbali,Kutumia maandishi katika mawasiliano kulingana na miktadha mbalimbali,Kutumia nyakati na hali kwa usahihi katika uandishi wa kifungu cha habari
2023-JSS015-DRS IV,Kuwasiliana katika miktadha mbalimbali,Kutumia maandishi katika mawasiliano kulingana na miktadha mbalimbali,Kuandika matini sahili kwa kuzingatia mtiririko sahihi wa mawazo
2023-JSS015-DRS IV,Kuwasiliana katika miktadha mbalimbali,Kutumia maandishi katika mawasiliano kulingana na miktadha mbalimbali,Kuandika barua ya kirafiki kwa kuzingatia muundo sahihi
2023-JSS015-DRS IV,Kuonesha uelewa wa jambo alilolisikiliza au kulisoma,Kuonesha stadi za kusikiliza na kuelewa,Kusikiliza hadithi
2023-JSS015-DRS IV,Kuonesha uelewa wa jambo alilolisikiliza au kulisoma,Kuonesha stadi za kusikiliza na kuelewa,Kubaini hisia za msimuliaji kutokana na kupanda na kushuka kwa mawimbi ya sauti
2023-JSS015-DRS IV,Kuonesha uelewa wa jambo alilolisikiliza au kulisoma,Kuonesha stadi za kusikiliza na kuelewa,Kubaini ujumbe mkuu kutokana na hadithi aliyoisikiliza
2023-JSS015-DRS IV,Kuonesha uelewa wa jambo alilolisikiliza au kulisoma,Kusoma matini kwa ufasaha na ufahamu,Kusoma matini fupi sahili kwa ufasaha
2023-JSS015-DRS IV,Kuonesha uelewa wa jambo alilolisikiliza au kulisoma,Kusoma matini kwa ufasaha na ufahamu,Kujibu maswali kutokana na matini fupi aliyoisoma
2023-JSS015-DRS IV,Kuonesha uelewa wa jambo alilolisikiliza au kulisoma,Kusoma matini kwa ufasaha na ufahamu,Kutumia msamiati na semi mpya zilizomo kwenye matini fupi aliyoisoma
2023-JSS015-DRS IV,Kuwasilisha hoja kwa mazungumzo na kwa maandishi kulingana na muktadha,Kuwasilisha hoja kwa njia ya mazungumzo katika miktadha mbalimbali,"Kubaini msamiati au vifungu vya maneno vinavyotumika kujenga au kupinga hoja (mf. hoja yako ni nzuri lakini ..., ingawa unasema hivi, kuna ...)"
2023-JSS015-DRS IV,Kuwasilisha hoja kwa mazungumzo na kwa maandishi kulingana na muktadha,Kuwasilisha hoja kwa njia ya mazungumzo katika miktadha mbalimbali,Kutoa maoni au mawazo kwa kutumia msamiati na vifungu vya maneno vinavyotumika kujenga au kupinga hoja
2023-JSS015-DRS IV,Kuwasilisha hoja kwa mazungumzo na kwa maandishi kulingana na muktadha,Kuwasilisha hoja kwa njia ya mazungumzo katika miktadha mbalimbali,Kujenga hoja kwa mfuatano na ushikamani wa kimantiki
2023-JSS015-DRS IV,Kuwasilisha hoja kwa mazungumzo na kwa maandishi kulingana na muktadha,Kuchanganua mawazo yaliyowasilishwa katika matini mbalimbali,Kusoma matini fupi sahili
2023-JSS015-DRS IV,Kuwasilisha hoja kwa mazungumzo na kwa maandishi kulingana na muktadha,Kuchanganua mawazo yaliyowasilishwa katika matini mbalimbali,Kueleza maana ya semi mpya zilizojitokeza katika matini fupi sahili
2023-JSS015-DRS IV,Kuwasilisha hoja kwa mazungumzo na kwa maandishi kulingana na muktadha,Kuchanganua mawazo yaliyowasilishwa katika matini mbalimbali,Kuwasilisha mawazo makuu yaliyomo katika matini fupi sahili
2023-JSS015-DRS IV,Kuwasilisha hoja kwa mazungumzo na kwa maandishi kulingana na muktadha,Kuonesha stadi za awali za ubunifu wa kazi mbalimbali za Kiswahili,Kutunga hadithi fupi sahili
2023-JSS016-DRS IV,Kumudu nadharia za kisayansi,Kuonesha uelewa wa nadharia za kisayansi,"Kueleza kanuni za afya (mlo kamili, mazoezi ya mwili, usafi wa mwili na mazingira, alama na taarifa muhimu)"
2023-JSS016-DRS IV,Kumudu nadharia za kisayansi,Kuonesha uelewa wa nadharia za kisayansi,"Kueleza magonjwa makuu ya binadamu (njia za maambukizi visababishi, kudhibiti na kujikinga)"
2023-JSS016-DRS IV,Kumudu nadharia za kisayansi,Kuonesha uelewa wa nadharia za kisayansi,Kueleza dhana ya maada (aina na sifa)
2023-JSS016-DRS IV,Kumudu nadharia za kisayansi,Kuonesha uelewa wa nadharia za kisayansi,"Kueleza kitendo cha uunguaji wa vitu (combustion: maana, visababishi, na matokeo)"
2023-JSS016-DRS IV,Kumudu nadharia za kisayansi,Kufanya uchunguzi sahili wa kisayansi,"Kuchunguza hatua za ukuaji wa wadudu wanaoeneza magonjwa katika mazingira (mfano; nzi, mende na mbu)"
2023-JSS016-DRS IV,Kumudu nadharia za kisayansi,Kuonesha uelewa wa aina za nishati na matumizi yake,"Kuaridhia aina za nishati (joto, mwanga na sauti) na matumizi yake"
2023-JSS016-DRS IV,Kumudu stadi za awali za kisayansi,Kufanya majaribio sahili ya kisayansi,Kufanya majaribio sahili ya kuchunguza hali za maada
2023-JSS016-DRS IV,Kumudu stadi za awali za kisayansi,Kufanya majaribio sahili ya kisayansi,Kufanya majaribio sahili ya kubaini umuhimu wa hewa katika uunguaji wa vitu
2023-JSS016-DRS IV,Kumudu stadi za awali za kisayansi,Kufanya majaribio sahili ya kisayansi,"Kufanya majaribio sahili kuhusu nishati ya joto, mwanga na sauti"
2023-JSS016-DRS IV,Kumudu matumizi ya TEHAMA,Kutumia TEHAMA katika ujifunzaji,Kutumia TEHAMA kuchora na kupangilia maumbo mbalimbali kimantiki
2023-JSS016-DRS IV,Kubuni programu sahili za kompyuta,Kubuni programu sahili za kompyuta,Kutumia zana inayoigiza lugha ya kompyuta (block-based programming languages) kuunda michezo sahili inayotumia umbo moja
2023-JSS018-DRS IV,Kubuni kazi za sanaa,Kumudu misingi ya uimbaji na uigizaji,Kufanya mazoezi mbalimbali ya mwili kwa kuigiza viumbe hai na visivyo hai
2023-JSS018-DRS IV,Kubuni kazi za sanaa,Kumudu misingi ya uimbaji na uigizaji,Kuimba kwa sauti moja na sauti mbili kwa kuzingatia matamshi (diction) na toni (tone)
2023-JSS018-DRS IV,Kubuni kazi za sanaa,Kumudu misingi ya uimbaji na uigizaji,Kutumia ala za muziki zinazotumika katika mazingira yake kusindikiza wimbo wa shule
2023-JSS018-DRS IV,Kubuni kazi za sanaa,Kuchora picha,Kuchora picha za vitu mbalimbali kwa kutumia penseli
2023-JSS018-DRS IV,Kubuni kazi za sanaa,Kufinyanga maumbo mbalimbali,Kufinyanga mfano wa kitu halisi
2023-JSS018-DRS IV,"Kuimarisha afya, stadi na ushindani",Kumudu mazoezi ya viungo,Kufanya mazoezi ya kujenga mawasiliano ya viungo na unyumbufu (coordination and flexibility)
2023-JSS018-DRS IV,"Kuimarisha afya, stadi na ushindani",Kucheza michezo ya asili,Kukimbia kwenye gunia na kukimbiza kuku
2023-JSS018-DRS IV,"Kuimarisha afya, stadi na ushindani",Kucheza michezo ya kisasa,Kucheza sarakasi
2023-JSS018-DRS IV,Kumudu stadi za maonesho ya kazi za sanaa na michezo,Kushiriki katika maonesho ya kazi za sanaa na michezo,Kufanya maonesho ya kazi za sanaa katika ngazi ya shule
2023-JSS018-DRS IV,Kumudu stadi za maonesho ya kazi za sanaa na michezo,Kushiriki katika maonesho ya kazi za sanaa na michezo,Kushiriki katika mashindano ya michezo katika ngazi ya shule
2023-JSS014-DRS IV,Demonstrate mastery of basic English language skills,Develop vocabulary by relating words with objects in the environment,"Associate words with objects found in different contexts (e.g., home, hospital, market, bus station)"
2023-JSS014-DRS IV,Demonstrate mastery of basic English language skills,Develop vocabulary by relating words with objects in the environment,Match objects with their respective characteristics
2023-JSS014-DRS IV,Demonstrate mastery of basic English language skills,Develop vocabulary by relating words with objects in the environment,Construct short sentences using vocabulary referring to objects found in different settings
2023-JSS014-DRS IV,Demonstrate mastery of basic English language skills,Use appropriate grammar and vocabulary both orally and in writing,"Talk about quantity using appropriate words (e.g., some, many, any, much)"
2023-JSS014-DRS IV,Demonstrate mastery of basic English language skills,Use appropriate grammar and vocabulary both orally and in writing,"Express location using appropriate prepositions of place and time (target: in, at, on, under, inside, outside, over, near)"
2023-JSS014-DRS IV,Demonstrate mastery of basic English language skills,Use appropriate grammar and vocabulary both orally and in writing,"Express past events (target: simple past tense, past continuous tense)"
2023-JSS014-DRS IV,Demonstrate mastery of basic English language skills,Use appropriate grammar and vocabulary both orally and in writing,"Use conjunctions in oral and written contexts (target: so, because)"
2023-JSS014-DRS IV,Comprehend oral and written information,Respond appropriately in a familiar communicative context,"Participate in simple dialogues about school, market and home contexts"
2023-JSS014-DRS IV,Comprehend oral and written information,Read appropriately a variety of simple texts,Read aloud grade-level simple texts with appropriate intonation
2023-JSS014-DRS IV,Comprehend oral and written information,Read appropriately a variety of simple texts,Read grade-level simple texts of different natures fluently
2023-JSS014-DRS IV,Communicate effectively in different contexts,Demonstrate knowledge of the basic features of spoken language,"Pronounce words with similar sounds (e.g., see/sea, by/bye/buy, right/write)"
2023-JSS014-DRS IV,Communicate effectively in different contexts,Demonstrate knowledge of the basic features of spoken language,Convey simple ideas using words with similar sounds
2023-JSS014-DRS IV,Communicate effectively in different contexts,Demonstrate knowledge of the basic features of spoken language,Use words with opposite meanings in spoken contexts
2023-JSS014-DRS IV,Communicate effectively in different contexts,Produce short written messages using appropriate grammar and vocabulary,Identify the form and content of wishes and messages
2023-JSS014-DRS IV,Communicate effectively in different contexts,Produce short written messages using appropriate grammar and vocabulary,"Write wishes and messages to parents, teachers and friends"
2023-JSS014-DRS IV,Communicate effectively in different contexts,Produce short written messages using appropriate grammar and vocabulary,Prepare a schedule of daily routines
2023-JSS014-DRS IV,Communicate effectively in different contexts,Demonstrate basic skills in creative writing,"Write simple sentences using visual/audiovisual stimuli (e.g., pictures, charts, diagrams)"
2023-JSS014-DRS IV,Communicate effectively in different contexts,Demonstrate basic skills in creative writing,"Write simple guided paragraphs using appropriate and punctuation marks (target: and, but, comma, full stop, question marks)"
2023-JSS015-DRS V,Kuwasiliana katika miktadha mbalimbali,Kuendeleza mazungumzo katika miktadha mbalimbali,"Kutumia msamiati katika kusimulia matukio, habari na vitu mbalimbali kwa kujiamini"
2023-JSS015-DRS V,Kuwasiliana katika miktadha mbalimbali,Kuendeleza mazungumzo katika miktadha mbalimbali,Kubainisha nafsi (umoja na wingi) katika mazungumzo
2023-JSS015-DRS V,Kuwasiliana katika miktadha mbalimbali,Kuendeleza mazungumzo katika miktadha mbalimbali,Kutumia nahau na methali katika mazungumzo
2023-JSS015-DRS V,Kuwasiliana katika miktadha mbalimbali,Kutumia maandishi katika mawasiliano kulingana na miktadha mbalimbali,"Kuandika kifungu cha habari kwa kuzingatia alama za uakifishaji: nuktapacha (:), nuktamkato (;), ritifaa (') na nuktakatishi (…)"
2023-JSS015-DRS V,Kuwasiliana katika miktadha mbalimbali,Kutumia maandishi katika mawasiliano kulingana na miktadha mbalimbali,Kutumia msamiati sahihi katika uandishi wa insha kwa kuzingatia mada
2023-JSS015-DRS V,Kuwasiliana katika miktadha mbalimbali,Kutumia maandishi katika mawasiliano kulingana na miktadha mbalimbali,Kuandika barua ya kiofisi kwa kuzingatia muundo sahihi
2023-JSS015-DRS V,Kuonesha uelewa wa jambo alilolisikiliza au kulisoma,Kuonesha stadi za kusikiliza na kuelewa,Kusimulia hadithi aliyoisikiliza kwa usahihi
2023-JSS015-DRS V,Kuonesha uelewa wa jambo alilolisikiliza au kulisoma,Kuonesha stadi za kusikiliza na kuelewa,Kutafsiri ujumbe mkuu uliomo kwenye hadithi na mazingira halisi
2023-JSS015-DRS V,Kuonesha uelewa wa jambo alilolisikiliza au kulisoma,Kuonesha stadi za kusikiliza na kuelewa,Kuhusianisha mienendo ya wahusika waliomo katika hadithi na mazingira halisi
2023-JSS015-DRS V,Kuonesha uelewa wa jambo alilolisikiliza au kulisoma,Kuonesha stadi za kusikiliza na kuelewa,Kufafanua maana ya nahau na methali zilizomo katika hadithi kwa usahihi
2023-JSS015-DRS V,Kuonesha uelewa wa jambo alilolisikiliza au kulisoma,Kusoma matini kwa ufasaha na ufahamu,Kusoma matini ndefu sahili
2023-JSS015-DRS V,Kuonesha uelewa wa jambo alilolisikiliza au kulisoma,Kusoma matini kwa ufasaha na ufahamu,Kuwasilisha mawazo makuu aliyoyasoma katika matini ndefu
2023-JSS015-DRS V,Kuwasilisha hoja kwa mazungumzo na kwa maandishi kulingana na muktadha,Kuwasilisha hoja kwa njia ya mazungumzo katika miktadha mbalimbali,Kutoa hoja kwa kutumia msamiati unaoendana na muktadha mahususi wa mazungumzo
2023-JSS015-DRS V,Kuwasilisha hoja kwa mazungumzo na kwa maandishi kulingana na muktadha,Kuandika matini mbalimbali kuzingatia vipengele vya insha,Kuandika insha fupi kwa kuzingatia vipengele vya insha
2023-JSS015-DRS V,Kuwasilisha hoja kwa mazungumzo na kwa maandishi kulingana na muktadha,Kuandika matini mbalimbali kuzingatia vipengele vya insha,Kujibu barua ya kirafiki
2023-JSS015-DRS V,Kuwasilisha hoja kwa mazungumzo na kwa maandishi kulingana na muktadha,Kuchanganua mawazo yaliyowasilishwa katika matini mbalimbali,Kuchambua mawazo mbalimbali yaliyojitokeza katika matini fupi sahili aliyoisoma
2023-JSS015-DRS V,Kuwasilisha hoja kwa mazungumzo na kwa maandishi kulingana na muktadha,Kuchanganua mawazo yaliyowasilishwa katika matini mbalimbali,Kueleza mawazo yaliyojitokeza katika matini fupi sahili kwa kuzungumza
2023-JSS015-DRS V,Kuwasilisha hoja kwa mazungumzo na kwa maandishi kulingana na muktadha,Kuchanganua mawazo yaliyowasilishwa katika matini mbalimbali,Kufupisha habari alizozisoma katika matini fupi sahili kwa kuandika
2023-JSS015-DRS V,Kuwasilisha hoja kwa mazungumzo na kwa maandishi kulingana na muktadha,Kuonesha stadi za awali za ubunifu wa kazi mbalimbali za Kiswahili,Kutunga maigizo rahisi na mafupi kwa kuzingatia kanuni
2023-JSS015-DRS V,Kuwasilisha hoja kwa mazungumzo na kwa maandishi kulingana na muktadha,Kuonesha stadi za awali za ubunifu wa kazi mbalimbali za Kiswahili,Kuigiza michezo sahili
2023-JSS014-DRS V,Demonstrate mastery of basic English language skills,Develop vocabulary by relating words with objects in the environment,Find synonyms and antonyms of targeted words in different texts
2023-JSS014-DRS V,Demonstrate mastery of basic English language skills,Develop vocabulary by relating words with objects in the environment,Solve word puzzles from various media
2023-JSS014-DRS V,Demonstrate mastery of basic English language skills,Develop vocabulary by relating words with objects in the environment,Construct short passages using vocabulary referring to objects found in different settings
2023-JSS014-DRS V,Demonstrate mastery of basic English language skills,Use appropriate grammar and vocabulary both orally and in writing,"Compare things based on size, quality and quantity (e.g., big-bigger-biggest, much-more-most)"
2023-JSS014-DRS V,Demonstrate mastery of basic English language skills,Use appropriate grammar and vocabulary both orally and in writing,"Express location using appropriate prepositions of direction (target: towards, between, beside, from, into, onto, through, across)"
2023-JSS014-DRS V,Demonstrate mastery of basic English language skills,Use appropriate grammar and vocabulary both orally and in writing,"Express possession using adjectives and pronouns (target: my, mine, yours, his, her, hers, their, theirs)"
2023-JSS014-DRS V,Demonstrate mastery of basic English language skills,Use appropriate grammar and vocabulary both orally and in writing,"Express completed and unfinished actions (structure: present perfect, past perfect tense)"
2023-JSS014-DRS V,Demonstrate mastery of basic English language skills,Use appropriate grammar and vocabulary both orally and in writing,"Use conjunctions in oral and written contexts (target: too… to, either …or, neither…nor)"
2023-JSS014-DRS V,Demonstrate mastery of basic English language skills,Use appropriate grammar and vocabulary both orally and in writing,Use active and passive voices to communicate in different contexts
2023-JSS014-DRS V,Comprehend oral and written information,Comprehend information presented orally,"Follow oral instructions to accomplish a task (e.g., operating equipment and making objects)"
2023-JSS014-DRS V,Comprehend oral and written information,Comprehend information presented orally,"Listen to grade-appropriate myths, fairy tales and fables presented through audio/audiovisual channels and respond accordingly"
2023-JSS014-DRS V,Comprehend oral and written information,Comprehend information presented orally,Identify major and minor ideas in a story
2023-JSS014-DRS V,Comprehend oral and written information,Comprehend information presented orally,Summarise issues found in the texts heard
2023-JSS014-DRS V,Comprehend oral and written information,Comprehend information presented orally,Retell oral texts
2023-JSS014-DRS V,Comprehend oral and written information,Construct meaning from simple texts,Read grade-appropriate texts to identify their basic components and contents
2023-JSS014-DRS V,Comprehend oral and written information,Construct meaning from simple texts,Deduce the general meaning of a text
2023-JSS014-DRS V,Comprehend oral and written information,Construct meaning from simple texts,Summarise issues found in the texts read
2023-JSS014-DRS V,Comprehend oral and written information,Respond appropriately in a familiar communicative context,Identify main points in conversations
2023-JSS014-DRS V,Comprehend oral and written information,Respond appropriately in a familiar communicative context,"Respond to compliments, apologies, wishes and sympathy messages"
2023-JSS014-DRS V,Comprehend oral and written information,Read appropriately a variety of simple texts,Read aloud grade-level simple texts with the correct rhythm
2023-JSS014-DRS V,Comprehend oral and written information,Read appropriately a variety of simple texts,Reading grade-level prose and poetry with accuracy and appropriate speed
2023-JSS014-DRS V,Communicate effectively in a different context,Demonstrate knowledge of the basic features of spoken language,"Practise connected speech by linking words (e.g. they'll, won't, there's)"
2023-JSS014-DRS V,Communicate effectively in a different context,Demonstrate knowledge of the basic features of spoken language,"Practise connected speech by deleting some sounds (e.g. next door -> nexdoor, dad take -> datake, most common -> moscommon, used to -> useto)"
2023-JSS014-DRS V,Communicate effectively in a different context,Demonstrate knowledge of the basic features of spoken language,Use question tags
2023-JSS014-DRS V,Communicate effectively in a different context,Produce short and basic oral messages with a logical structure and intelligible pronunciation,Make statements about objects and ideas that can be judged as true or false
2023-JSS014-DRS V,Communicate effectively in a different context,Produce short and basic oral messages with a logical structure and intelligible pronunciation,"Present simple speeches about self and family members on familiar topics (e.g. my pet, my brother, birthday party, wedding)"
2023-JSS014-DRS V,Communicate effectively in a different context,Produce short written messages using appropriate grammar and vocabulary,"Identify the form and content of appreciation, thanks and apology notes"
2023-JSS014-DRS V,Communicate effectively in a different context,Produce short written messages using appropriate grammar and vocabulary,"Write appreciation, thanks and apology notes to teachers, friends and parents"
2023-JSS014-DRS V,Communicate effectively in a different context,Demonstrate basic skills in creative writing,"Create a journal to record inspiring things (at home, at school, from TV and radio programmes, etc.)"
2023-JSS014-DRS V,Communicate effectively in a different context,Demonstrate basic skills in creative writing,Devise a topic for a poem from the ideas recorded in a journal
2023-JSS014-DRS V,Communicate effectively in a different context,Demonstrate basic skills in creative writing,"Use basic figures of speech (simile, metaphor, personification) to write a four-line stanza"
2023-JSS016-DRS V,Kumudu nadharia za kisayansi,Kuonesha uelewa wa nadharia za kisayansi,"Kueleza mfumo wa mmeng'enyo wa chakula wa binadamu (maana, sehemu na kazi zake)"
2023-JSS016-DRS V,Kumudu nadharia za kisayansi,Kuonesha uelewa wa nadharia za kisayansi,Kueleza mifumo ya uzazi wa binadamu
2023-JSS016-DRS V,Kumudu nadharia za kisayansi,Kuonesha uelewa wa nadharia za kisayansi,Kueleza ukuaji katika wanyama na mimea
2023-JSS016-DRS V,Kumudu nadharia za kisayansi,Kuonesha uelewa wa nadharia za kisayansi,Kueleza hatua za makuzi za mwili wa binadamu
2023-JSS016-DRS V,Kumudu nadharia za kisayansi,"Kuonesha uelewa wa aina za nishati na matumizi yake (maana, tabia na matumizi)","Kueleza dhana ya usumaku (maana, tabia na matumizi)"
2023-JSS016-DRS V,Kumudu stadi za awali za kisayansi,Kufanya majaribio sahili ya ukuaji katika wanyama na mimea,Kufanya majaribio sahili ya ukuaji katika wanyama na mimea
2023-JSS016-DRS V,Kumudu stadi za awali za kisayansi,Kufanya majaribio sahili ya ukuaji katika wanyama na mimea,Kufanya majaribio sahili ya kubaini tabia za sumaku
2023-JSS016-DRS V,Kubuni programu sahili za kompyuta,Kubuni programu sahili za kompyuta,Kutumia zana inayoigiza lugha ya kompyuta (block-based programming languages) kuunda michezo sahili inayounganisha maumbo mawili
2023-JSS018-DRS V,Kubuni kazi za sanaa,Kumudu misingi ya uimbaji na uigizaji,Kuigiza kwa kutumia vitendo na sauti na vitendo bila sauti (mime)
2023-JSS018-DRS V,Kubuni kazi za sanaa,Kumudu misingi ya uimbaji na uigizaji,Kuimba kwa kuzingatia mienendo ya muziki (dynamics) na uwiano wa sauti (voice balancing)
2023-JSS018-DRS V,Kubuni kazi za sanaa,Kumudu misingi ya uimbaji na uigizaji,Kutumia ala za muziki kusindikiza uimbaji wa solfege (d r m f s l t d')
2023-JSS018-DRS V,Kubuni kazi za sanaa,Kuchora picha,Kuchora picha zinazoonesha hisia na hali kwa kutumia penseli
2023-JSS018-DRS V,Kubuni kazi za sanaa,Kufinyanga maumbo mbalimbali,Kufinyanga na kuweka nakshi kwenye maumbo mbalimbali
2023-JSS018-DRS V,Kubuni kazi za sanaa,Kutengeneza vitu kwa kutumia makunzi mbalimbali,Kutumia makunzi kutengeneza vitu vyenye maumbo sahili
2023-JSS018-DRS V,"Kuimarisha afya, stadi na ushindani",Kumudu mazoezi ya viungo,Kufanya mazoezi ya kujenga nguvu na kasi (strength and speed)
2023-JSS018-DRS V,"Kuimarisha afya, stadi na ushindani",Kucheza michezo ya asili,Kuvuta kamba
2023-JSS018-DRS V,"Kuimarisha afya, stadi na ushindani",Kucheza michezo ya kisasa,Kucheza mpira wa miguu na netiboli
2023-JSS019-DRS V,Kumudu Historia ya Tanzania na Maadili wakati wa ukoloni 1890-1960,Kuelezea historia ya Tanzania na urithi wakati wa ukoloni,Kueleza dhana ya ukoloni
2023-JSS019-DRS V,Kumudu Historia ya Tanzania na Maadili wakati wa ukoloni 1890-1960,Kuelezea historia ya Tanzania na urithi wakati wa ukoloni,"Kufafanua mifumo ya kiutawala na kijamii wakati wa ukoloni (mfano mahakama, ulinzi, uongozi, afya na elimu)"
2023-JSS019-DRS V,Kumudu Historia ya Tanzania na Maadili wakati wa ukoloni 1890-1960,Kuelezea historia ya Tanzania na urithi wakati wa ukoloni,Kufafanua athari za mifumo ya kikoloni katika maadili na urithi wa Kitanzania
2023-JSS019-DRS V,Kumudu Historia ya Tanzania na Maadili wakati wa ukoloni 1890-1960,Kuelezea historia ya Tanzania na urithi wakati wa ukoloni,Kutathmini athari za ukoloni katika mifumo ya mamlaka za kijadi katika jamii
2023-JSS019-DRS V,Kumudu Historia ya Tanzania na Maadili wakati wa ukoloni 1890-1960,Kulinganisha mabadiliko na mwendelezo wa maadili kabla na wakati wa ukoloni,Kufafanua mabadiliko na mwendelezo wa maadili ya Kitanzania kabla na wakati wa ukoloni
2023-JSS019-DRS V,Kumudu Historia ya Tanzania na Maadili wakati wa ukoloni 1890-1960,Kulinganisha mabadiliko na mwendelezo wa maadili kabla na wakati wa ukoloni,Kutathmini nafasi ya ukoloni katika kuleta mabadiliko na mwendelezo wa maadili
2023-JSS019-DRS V,Kumudu Historia ya Tanzania na Maadili wakati wa ukoloni 1890-1960,Kuelezea jitahada za kulinda maadili ya Kitanzania dhidi ya maadili ya kigeni yaliyoletwa wakati wa ukoloni,Kubaini jitahada zilizotumika kulinda maadili ya Kitanzania dhidi ya maadili ya kigeni
2023-JSS019-DRS V,Kumudu historia ya ujenzi wa Taifa na maadili katika kipindi cha 1961-1966,Kuelezea mchango wa Tunu na Alama za Taifa katika kujenga umoja wa kitaifa na uzalendo,"Kufafanua historia ya Tunu za Taifa (utu, uzalendo, uadilifu, umoja, uwazi, uwajibikaji na lugha ya Taifa) nchini"
2023-JSS019-DRS V,Kumudu historia ya ujenzi wa Taifa na maadili katika kipindi cha 1961-1966,Kuelezea mchango wa Tunu na Alama za Taifa katika kujenga umoja wa kitaifa na uzalendo,Kueleza umuhimu wa kuenzi Tunu za Taifa
2023-JSS019-DRS V,Kumudu historia ya ujenzi wa Taifa na maadili katika kipindi cha 1961-1966,Kuelezea mchango wa Tunu na Alama za Taifa katika kujenga umoja wa kitaifa na uzalendo,"Kueleza matendo ya kushiriki kutetea, kulinda na kudumisha Tunu, Alama za Taifa, umoja wa Kitaifa na uzalendo"
2023-JSS017-DRS V,Kumudu stadi za awali za sura ya nchi na rasilimali zilizopo,Kuonesha uelewa wa rasilimali asilia kuu za Tanzania,Kueleza mtawanyiko wa rasilimali asilia kuu za Tanzania
2023-JSS017-DRS V,Kumudu stadi za awali za sura ya nchi na rasilimali zilizopo,Kuonesha uelewa wa awali wa uhusiano kati ya rasilimali asilia na maendeleo,"Kueleza uhusiano kati ya mtawanyiko wa rasilimali asilia na maendeleo (misitu-utalii, ufugaji wa nyuki; mito/maziwa/bahari-uvuvi, usafirishaji; kilimo; ardhi-kilimo, ufugaji, uchimbaji wa madini)"
2023-JSS017-DRS V,Kumudu stadi za awali za Jiografia ya binadamu,Kuonesha uelewa wa awali wa uhusiano kati ya mtawanyiko wa watu na matumizi ya rasilimali,Kueleza visababishi vya kijiografia vya mtawanyiko wa watu
2023-JSS017-DRS V,Kumudu stadi za awali za Jiografia ya binadamu,Kuonesha uelewa wa awali wa uhusiano kati ya mtawanyiko wa watu na matumizi ya rasilimali,"Kueleza uhusiano kati ya mtawanyiko wa watu, matumizi ya rasilimali na utunzaji wa mazingira"
2023-JSS017-DRS V,Kumudu misingi ya awali ya kutunza mazingira,Kuonesha uelewa wa awali wa dhana ya tabianchi na uhusiano wake na shughuli za kiuchumi,"Kueleza dhana ya hali ya hewa (maana, vipengele vya hali ya hewa, na vifaa vinavyotumika kupima na kurekodi hali ya hewa)"
2023-JSS017-DRS V,Kumudu misingi ya awali ya kutunza mazingira,Kuonesha uelewa wa awali wa dhana ya tabianchi na uhusiano wake na shughuli za kiuchumi,"Kupima na kurekodi jotoridi, unyevuanga, mvua, upepo na mgandamizo wa hewa"
2023-JSS017-DRS V,Kumudu misingi ya awali ya kutunza mazingira,Kuonesha uelewa wa awali wa dhana ya tabianchi na uhusiano wake na shughuli za kiuchumi,Kueleza uhusiano kati ya hali ya hewa na shughuli za kiuchumi
2023-JSS016-DRS VI,Kumudu nadharia za kisayansi,Kuonesha uelewa wa mfumo wa upumuaji katika wanyama na mimea,"Kueleza mfumo wa upumuaji katika wanyama na mimea (maana, sehemu za mfumo na namna upumuaji unavyofanyika)"
2023-JSS016-DRS VI,Kumudu nadharia za kisayansi,Kuonesha uelewa wa mfumo wa upumuaji katika wanyama na mimea,"Kueleza dhana ya tindikali na nyongo (maana, vyanzo, tabia na matumizi)"
2023-JSS016-DRS VI,Kumudu nadharia za kisayansi,Kuonesha uelewa wa mfumo wa upumuaji katika wanyama na mimea,"Kueleza dhana ya mashine (maana, aina na matumizi)"
2023-JSS016-DRS VI,Kumudu nadharia za kisayansi,Kuonesha uelewa wa mfumo wa upumuaji katika wanyama na mimea,Kueleza dhana ya kuelea na kuzama
2023-JSS016-DRS VI,Kumudu nadharia za kisayansi,"Kuonesha uelewa wa aina za nishati na matumizi yake (maana, vyanzo na matumizi)","Kueleza dhana ya umeme (maana, vyanzo na matumizi)"
2023-JSS016-DRS VI,Kumudu nadharia za kisayansi,"Kuonesha uelewa wa aina za nishati na matumizi yake (maana, vyanzo na matumizi)","Kuaridhia sakiti sahili ya umeme (sehemu, aina, alama na muunganiko)"
2023-JSS016-DRS VI,Kumudu stadi za awali za kisayansi,Kufanya majaribio sahili ya kubaini vitu vyenye tindikali au nyongo katika mazingira,Kufanya majaribio sahili ya kubaini vitu vyenye tindikali au nyongo katika mazingira
2023-JSS016-DRS VI,Kumudu stadi za awali za kisayansi,Kufanya majaribio sahili ya kubaini vitu vyenye tindikali au nyongo katika mazingira,Kufanya majaribio sahili kuhusu mashine
2023-JSS016-DRS VI,Kumudu stadi za awali za kisayansi,Kufanya majaribio sahili ya kubaini vitu vyenye tindikali au nyongo katika mazingira,Kufanya majaribio sahili kuhusu kuelea na kuzama
2023-JSS018-DRS VI,Kubuni kazi za sanaa,Kumudu misingi ya uimbaji na uigizaji,Kutumia mbinu mbalimbali za uigizaji
2023-JSS018-DRS VI,Kubuni kazi za sanaa,Kumudu misingi ya uimbaji na uigizaji,Kucheza ngoma za asili
2023-JSS018-DRS VI,Kubuni kazi za sanaa,Kuchora picha,Kuchora picha kwa kuangalia vitu mbalimbali
2023-JSS018-DRS VI,"Kuimarisha afya, stadi na ushindani",Kumudu mazoezi ya ustahimilivu (endurance),Kufanya mazoezi ya ustahimilivu (endurance)
2023-JSS018-DRS VI,"Kuimarisha afya, stadi na ushindani",Kucheza michezo ya asili,Kucheza michezo ya kuruka chini na juu
2023-JSS018-DRS VI,"Kuimarisha afya, stadi na ushindani",Kucheza michezo mikubwa,Kucheza michezo ya kukimbia
2023-JSS017-DRS VI,Kumudu stadi za awali za ramani na mfumo wa jua,Kuonesha uelewa wa awali wa elimu ya mfumo wa jua,"Kueleza dhana ya mfumo wa jua (maana, umuhimu, sayari na mpangilio wake na magimba mengine)"
2023-JSS017-DRS VI,Kumudu stadi za awali za sura ya nchi,Kuonesha uelewa wa awali wa sura ya nchi,Kueleza uhusiano kati ya sura ya nchi na uoto wa asili
2023-JSS017-DRS VI,Kumudu stadi za awali za Jiografia ya binadamu,Kuonesha uelewa wa vyanzo vya taarifa za idadi ya watu na makazi,Kueleza umuhimu wa taarifa za idadi ya watu na makazi
2023-JSS017-DRS VI,Kumudu stadi za awali za Jiografia ya binadamu,Kuonesha uelewa wa vyanzo vya taarifa za idadi ya watu na makazi,"Kueleza vyanzo vya upatikanaji wa taarifa za idadi ya watu na makazi (sensa: maana, aina, sifa, umuhimu, usajiri wa vizazi na vifo, rekodi za uhamiaji)"
2023-JSS017-DRS VI,Kumudu misingi ya kutunza mazingira,Kuonesha uelewa wa awali wa dhana ya tabianchi na uhusiano wake na shughuli za kiuchumi,Kueleza dhana ya tabianchi na mambo yanayoiathiri
2023-JSS017-DRS VI,Kumudu misingi ya kutunza mazingira,Kuonesha uelewa wa awali wa dhana ya tabianchi na uhusiano wake na shughuli za kiuchumi,"Kueleza uhusiano kati ya tabianchi, mtawanyiko wa watu na shughuli za kiuchumi"
2023-JSS019-DRS VI,Kumudu Historia ya Ujenzi wa Taifa na Maadili katika Kipindi cha 1961-1966,Kumudu historia ya ujenzi wa Taifa na maadili baada ya uhuru katika kipindi cha 1961-1966,Kueleza historia ya ujenzi wa Taifa na maadili baada ya uhuru katika kipindi cha 1961-1966
2023-JSS019-DRS VI,Kumudu Historia ya Ujenzi wa Taifa na Maadili katika Kipindi cha 1961-1966,Kumudu historia ya ujenzi wa Taifa na maadili baada ya uhuru katika kipindi cha 1961-1966,Kubaini mafanikio yaliyofikiwa katika historia ya ujenzi wa Taifa na maadili
2023-JSS019-DRS VI,Kumudu Historia ya Ujenzi wa Taifa na Maadili katika Kipindi cha 1961-1966,Kumudu historia ya ujenzi wa Taifa na maadili baada ya uhuru katika kipindi cha 1961-1966,Kuelezea changamoto zilizojitokeza wakati wa ujenzi wa Taifa na maadili baada ya uhuru
2023-JSS019-DRS VI,Kutathmini ujenzi wa Taifa na Maadili wakati wa Azimio la Arusha 1967-1985,Kuelezea Misingi na Maadili ya Azimio la Arusha na Siasa ya Ujamaa na Kujitegemea,Kueleza dhana ya Azimio la Arusha na Siasa ya Ujamaa na Kujitegemea (lengo na umuhimu)
2023-JSS019-DRS VI,Kutathmini ujenzi wa Taifa na Maadili wakati wa Azimio la Arusha 1967-1985,Kuelezea Misingi na Maadili ya Azimio la Arusha na Siasa ya Ujamaa na Kujitegemea,"Kufafanua misingi ya Azimio la Arusha (Ujamaa na Kujitegemea) katika harakati za ujenzi wa Taifa huru na maadili nchini (ushirikiano, haki na usawa, heshima, utu, uwajibikaji, miiko ya uongozi, umoja wa Kitaifa na uzalendo n.k)"
2023-JSS019-DRS VI,Kutathmini ujenzi wa Taifa na Maadili wakati wa Azimio la Arusha 1967-1985,Kuelezea Misingi na Maadili ya Azimio la Arusha na Siasa ya Ujamaa na Kujitegemea,Kueleza mchango wa Azimio la Arusha katika harakati za mapambano dhidi ya rushwa
2023-JSS019-DRS VI,Kutathmini ujenzi wa Taifa na Maadili wakati wa Azimio la Arusha 1967-1985,Kuelezea Misingi na Maadili ya Azimio la Arusha na Siasa ya Ujamaa na Kujitegemea,Kutathmini harakati za ujenzi wa Taifa na maadili wakati wa kipindi cha 1967-1985
2023-JSS019-DRS VI,Kutathmini ujenzi wa Taifa na Maadili wakati wa Azimio la Arusha 1967-1985,Kuelezea mchango wa Tanzania katika mapambano dhidi ya ukoloni na ukandamizaji,"Kueleza mchango wa Tanzania katika ukombozi wa Afrika dhidi ya ukoloni na ukandamizaji (lengo na umuhimu wake kwa Tanzania)"
2023-JSS019-DRS VI,Kutathmini ujenzi wa Taifa na Maadili wakati wa Azimio la Arusha 1967-1985,Kuelezea mchango wa Tanzania katika mapambano dhidi ya ukoloni na ukandamizaji,Kubaini mchango wa Tanzania katika mapambano dhidi ya ukoloni na ukandamizaji
2023-JSS019-DRS VI,Kutathmini Historia ya Tanzania na Maadili wakati wa Uliberali 1986 hadi sasa,Kufafanua dhana ya uliberali kwa kuhusianisha na maadili ya Kitanzania,Kuelezea dhana ya uliberali (maana na sifa)
2023-JSS019-DRS VI,Kutathmini Historia ya Tanzania na Maadili wakati wa Uliberali 1986 hadi sasa,Kufafanua dhana ya uliberali kwa kuhusianisha na maadili ya Kitanzania,Kubaini athari za uliberali katika maadili na ujenzi wa Taifa
2023-JSS019-DRS VI,Kutathmini Historia ya Tanzania na Maadili wakati wa Uliberali 1986 hadi sasa,Kufafanua dhana ya uliberali kwa kuhusianisha na maadili ya Kitanzania,Kutathmini mikakati ya kukabiliana na changamoto za kimaadili katika ujenzi wa Taifa katika nyakati za uliberali na wakati uliopo
2023-JSS019-DRS VI,Kutathmini Historia ya Tanzania na Maadili wakati wa Uliberali 1986 hadi sasa,Kutumia maarifa na ujuzi wa historia ya Tanzania na maadili kufanya uamuzi sahihi katika nyakati za uliberali,Kubaini uwepo wa mkinzano wa maadili nyakati za uliberali
2023-JSS019-DRS VI,Kutathmini Historia ya Tanzania na Maadili wakati wa Uliberali 1986 hadi sasa,Kutumia maarifa na ujuzi wa historia ya Tanzania na maadili kufanya uamuzi sahihi katika nyakati za uliberali,Kueleza athari za uliberali kwa Taifa katika kufanya uamuzi sahihi
2023-JSS019-DRS VI,Kutathmini Historia ya Tanzania na Maadili wakati wa Uliberali 1986 hadi sasa,Kutumia maarifa na ujuzi wa historia ya Tanzania na maadili kufanya uamuzi sahihi katika nyakati za uliberali,Kubaini mbinu zinazotumika kukabili mkinzano wa maadili katika ujenzi wa Taifa
2023-JSS015-DRS VI,Kuwasiliana katika miktadha mbalimbali,Kuendeleza mazungumzo katika miktadha mbalimbali,Kutumia msamiati katika mijadala mbalimbali kwa kujiamini
2023-JSS015-DRS VI,Kuwasiliana katika miktadha mbalimbali,Kutumia maandishi katika mawasiliano kulingana na miktadha mbalimbali,Kubaini makosa ya kiuandishi katika matini
2023-JSS015-DRS VI,Kuwasiliana katika miktadha mbalimbali,Kutumia maandishi katika mawasiliano kulingana na miktadha mbalimbali,Kusahihisha makosa ya kiuandishi katika matini
2023-JSS015-DRS VI,Kuwasiliana katika miktadha mbalimbali,Kutumia maandishi katika mawasiliano kulingana na miktadha mbalimbali,Kuandika risala na hotuba kwa kuzingatia muundo na muktadha
2023-JSS015-DRS VI,Kuonesha uelewa wa jambo alilolisikiliza au kulisoma,Kuonesha stadi za kusikiliza na kuelewa,Kusikiliza habari mbalimbali na kunukuu mawazo makuu
2023-JSS015-DRS VI,Kuonesha uelewa wa jambo alilolisikiliza au kulisoma,Kuonesha stadi za kusikiliza na kuelewa,Kufupisha habari alizozisikiliza kwa kuzingatia mawazo makuu
2023-JSS015-DRS VI,Kuwasilisha hoja kwa mazungumzo na kwa maandishi kulingana na muktadha,Kuwasilisha hoja kwa njia ya mazungumzo katika miktadha mbalimbali,Kutumia msamiati mwafaka katika kupinga au kutetea hoja kwa kutoa mifano thabiti kulingana na muktadha
2023-JSS015-DRS VI,Kuwasilisha hoja kwa mazungumzo na kwa maandishi kulingana na muktadha,Kuwasilisha hoja kwa njia ya mazungumzo katika miktadha mbalimbali,Kutumia lugha ya mvuto katika kuwasilisha hoja
2023-JSS015-DRS VI,Kuwasilisha hoja kwa mazungumzo na kwa maandishi kulingana na muktadha,Kuwasilisha hoja kwa njia ya mazungumzo katika miktadha mbalimbali,Kuhutubia kwa lugha fasaha katika miktadha ya shuleni
2023-JSS015-DRS VI,Kuwasilisha hoja kwa mazungumzo na kwa maandishi kulingana na muktadha,Kuchanganua mawazo yaliyowasilishwa katika matini mbalimbali,Kusoma mashairi na ngonjera mbalimbali
2023-JSS015-DRS VI,Kuwasilisha hoja kwa mazungumzo na kwa maandishi kulingana na muktadha,Kuchanganua mawazo yaliyowasilishwa katika matini mbalimbali,Kuchambua mawazo yanayojitokeza katika ngonjera na mashairi aliyoyasoma
2023-JSS015-DRS VI,Kuwasilisha hoja kwa mazungumzo na kwa maandishi kulingana na muktadha,Kuchanganua mawazo yaliyowasilishwa katika matini mbalimbali,Kusimulia mawazo yaliyomo katika ngonjera na mashairi aliyoyasoma
2023-JSS015-DRS VI,Kuwasilisha hoja kwa mazungumzo na kwa maandishi kulingana na muktadha,Kuonesha stadi za awali za ubunifu wa kazi mbalimbali za Kiswahili,Kutunga shairi na ngonjera
2023-JSS015-DRS VI,Kuwasilisha hoja kwa mazungumzo na kwa maandishi kulingana na muktadha,Kuonesha stadi za awali za ubunifu wa kazi mbalimbali za Kiswahili,Kutamba ngonjera na kughani mashairi
2023-JSS014-DRS VI,Demonstrate mastery of basic English language skills,Develop vocabulary by relating words with objects in the environment,Compose a dialogue using vocabulary referring to objects found in different settings
2023-JSS014-DRS VI,Demonstrate mastery of basic English language skills,Develop vocabulary by relating words with objects in the environment,Compose a story using vocabulary referring to objects found in different settings
2023-JSS014-DRS VI,Demonstrate mastery of basic English language skills,Use appropriate grammar and vocabulary both orally and in writing,"Express nationalities using appropriate adjectives (e.g., Tanzanian, Japanese, Norwegian)"
2023-JSS014-DRS VI,Demonstrate mastery of basic English language skills,Use appropriate grammar and vocabulary both orally and in writing,"Use relative pronouns in appropriate contexts (e.g., who, whose, whom)"
2023-JSS014-DRS VI,Demonstrate mastery of basic English language skills,Use appropriate grammar and vocabulary both orally and in writing,"Express future actions (structure: will, shall, going to)"
2023-JSS014-DRS VI,Demonstrate mastery of basic English language skills,Use appropriate grammar and vocabulary both orally and in writing,"Use conjunctions in oral and written contexts (target: yet, despite, in spite of, so… that)"
2023-JSS014-DRS VI,Demonstrate mastery of basic English language skills,Use appropriate grammar and vocabulary both orally and in writing,"Express concession (target: although, though)"
2023-JSS014-DRS VI,Comprehend oral and written information,Comprehend information presented orally,Report information heard from a speech
2023-JSS014-DRS VI,Comprehend oral and written information,Comprehend information presented orally,Participate in dialogues on grade appropriate topical issues
2023-JSS014-DRS VI,Comprehend oral and written information,Comprehend information presented orally,"Engage in oral discussions on topical issues (e.g. environment, gender, corruption)"
2023-JSS014-DRS VI,Comprehend oral and written information,Construct meaning from simple texts,"Interpret figurative and idiomatic language from a text (e.g. idioms, riddles, proverbs)"
2023-JSS014-DRS VI,Comprehend oral and written information,Construct meaning from simple texts,Infer meaning from a text
2023-JSS014-DRS VI,Comprehend oral and written information,Construct meaning from simple texts,Relate the content of a text with real life
2023-JSS014-DRS VI,Comprehend oral and written information,Respond appropriately in a familiar communicative context,Give an appropriate and logical conclusion to a conversation
2023-JSS014-DRS VI,Comprehend oral and written information,Respond appropriately in a familiar communicative context,"Debate on topical issues (e.g. gender, entrepreneurship, corruption, education)"
2023-JSS014-DRS VI,Comprehend oral and written information,Respond appropriately in a familiar communicative context,Give appropriate responses to riddles
2023-JSS014-DRS VI,Communicate effectively in different contexts,Demonstrate knowledge of the basic features of spoken language,"Express feelings using appropriate intonation patterns (e.g., surprise, shock, happiness, sadness)"
2023-JSS014-DRS VI,Communicate effectively in different contexts,Demonstrate knowledge of the basic features of spoken language,"Use appropriate backchannels in conversations (e.g. so, well, right, uh-huh, wow, yeah, really)"
2023-JSS014-DRS VI,Communicate effectively in different contexts,Demonstrate knowledge of the basic features of spoken language,Report messages received orally (virtually and face to face)
2023-JSS014-DRS VI,Communicate effectively in different contexts,Produce short and basic oral messages with a logical structure and intelligible pronunciation,Engage in discussions on a variety of topical issues and defend arguments
2023-JSS014-DRS VI,Communicate effectively in different contexts,Produce short written messages using appropriate grammar and vocabulary,Develop skills for taking notes from oral presentations
2023-JSS014-DRS VI,Communicate effectively in different contexts,Produce short written messages using appropriate grammar and vocabulary,"Taking notes from various oral presentations (e.g. speech, lecture, discussion and audio/audiovisual materials)"
2023-JSS014-DRS VI,Communicate effectively in different contexts,Demonstrate basic skills in creative writing,Develop a plan for a story (target: setting & plot)
2023-JSS014-Kidato I,Manage information search from different sources for lifelong learning,Use ICT tools to search for information from different sources,"Familiarise with various types of search engines (e.g., Google, Google Scholar, Bing)"
2023-JSS014-Kidato I,Manage information search from different sources for lifelong learning,Use ICT tools to search for information from different sources,"Utilise ICT tools to search for general information (e.g., books, journals)"
2023-JSS014-Kidato I,Demonstrate mastery of English language skills,Develop listening skills,Answer questions based on information from presentations/tasks
2023-JSS014-Kidato I,Demonstrate mastery of English language skills,Develop listening skills,Practise pronunciation of words from oral and audio/audio-visual sources
2023-JSS014-Kidato I,Demonstrate mastery of English language skills,Develop listening skills,Write words heard from oral and audio/audio-visual sources
2023-JSS014-Kidato I,Demonstrate mastery of English language skills,Develop listening skills,Reproduce messages from oral presentations
2023-JSS014-Kidato I,Demonstrate mastery of English language skills,Produce short and coherent oral messages with intelligible pronunciation and fluency,Distinguish words with minimal sound distinctions that have different meanings (cut/cat; paper/pepper; date/debt)
2023-JSS014-Kidato I,Demonstrate mastery of English language skills,Produce short and coherent oral messages with intelligible pronunciation and fluency,Practise pronunciation with proper word stress assignment
2023-JSS014-Kidato I,Demonstrate mastery of English language skills,Produce short and coherent oral messages with intelligible pronunciation and fluency,"Practise pronunciation of words with short and long vowels (e.g., sit/seat, hit/heat, pot/port)"
2023-JSS014-Kidato I,Demonstrate mastery of English language skills,Produce short and coherent oral messages with intelligible pronunciation and fluency,"Practise pronunciation of unfamiliar sounds (e.g., through the use of tongue twisters, songs, poems)"
2023-JSS014-Kidato I,Demonstrate mastery of English language skills,Produce short and coherent oral messages with intelligible pronunciation and fluency,"Practise pronunciation of words with similar sounds that have different spellings (e.g., one/won, ewe/you)"
2023-JSS014-Kidato I,Demonstrate mastery of English language skills,Develop vocabulary from conversations and written texts,"Write new vocabulary from conversations and written texts on particular topics (e.g., politics, sports, tourism, agriculture)"
2023-JSS014-Kidato I,Demonstrate mastery of English language skills,Develop vocabulary from conversations and written texts,Construct sentences using vocabulary acquired from conversations and written texts
2023-JSS014-Kidato I,Demonstrate mastery of English language skills,Develop vocabulary from conversations and written texts,"Play vocabulary building games using digital and non-digital resources (e.g., word board games, charades, picture games, flash cards)"
2023-JSS014-Kidato I,Demonstrate mastery of English language skills,Use appropriate grammar and vocabulary in oral and in written language tasks,"Express ideas or opinions in contextualised oral and written language tasks using proper grammar and vocabulary (e.g hospital, market, library, bus stop, sport and games)"
2023-JSS014-Kidato I,Demonstrate mastery of English language skills,Use appropriate grammar and vocabulary in oral and in written language tasks,"Construct sentences using appropriate grammar and vocabulary relating to a specific context (structure: tenses – simple past, simple present, articles, present progressive, pronouns, coordinators, prepositions, adjectives, adverbs)"
2023-JSS014-Kidato I,Demonstrate mastery of English language skills,Use appropriate grammar and vocabulary in oral and in written language tasks,Debate on topics using proper grammar and vocabulary
2023-JSS014-Kidato I,Comprehend oral and written information,Read texts for comprehension,Sequence the order of events in stories
2023-JSS014-Kidato I,Comprehend oral and written information,Read texts for comprehension,Make a summary of stories
2023-JSS014-Kidato I,Comprehend oral and written information,Read texts for comprehension,Retell stories
2023-JSS014-Kidato I,Comprehend oral and written information,Comprehend oral messages with increasing difficulty,Paraphrase various oral messages from different contexts
2023-JSS014-Kidato I,Comprehend oral and written information,Comprehend oral messages with increasing difficulty,Respond to oral messages from different contexts
2023-JSS014-Kidato I,Comprehend oral and written information,Comprehend oral messages with increasing difficulty,Respond to questions about oral messages
2023-JSS014-Kidato I,Comprehend oral and written information,Respond appropriately in a variety of oral and written communication contexts,"Express ideas and opinions in different interpersonal communication settings (e.g., I think…, I guess…, In my opinion…, I would say …)"
2023-JSS014-Kidato I,Comprehend oral and written information,Respond appropriately in a variety of oral and written communication contexts,Use appropriate non-verbal cues in interpersonal communication
2023-JSS014-Kidato I,Comprehend oral and written information,Respond appropriately in a variety of oral and written communication contexts,"Use proper grammar and vocabulary in different interpersonal communication contexts (e.g., greetings, biding farewell, apologising)"
2023-JSS014-Kidato I,Comprehend oral and written information,Respond appropriately in a variety of oral and written communication contexts,"Use appropriate language and expressions in communicating with people of different age groups and statuses (e.g., peers, elders, family members, leaders)"
2023-JSS014-Kidato I,Communicate effectively in different contexts,Use appropriate grammar and vocabulary for oral communication in a variety of contexts,Express daily routines (structure: present simple)
2023-JSS014-Kidato I,Communicate effectively in different contexts,Use appropriate grammar and vocabulary for oral communication in a variety of contexts,Express ongoing activities (structure: present progressive)
2023-JSS014-Kidato I,Communicate effectively in different contexts,Use appropriate grammar and vocabulary for oral communication in a variety of contexts,Express family relationship and occupations (structure: present simple+progressive)
2023-JSS014-Kidato I,Communicate effectively in different contexts,Use appropriate grammar and vocabulary for oral communication in a variety of contexts,"Express ownership/possession (structure: have/has in present simple and had in past simple, apostrophe, possessive pronouns)"
2023-JSS014-Kidato I,Communicate effectively in different contexts,Use appropriate grammar and vocabulary for oral communication in a variety of contexts,Give directions
2023-JSS014-Kidato I,Communicate effectively in different contexts,Create a variety of texts for different communicative purposes using the appropriate tone and register,"Recognise the main stages of writing texts (e.g., pre-writing, drafting, revising, editing)"
2023-JSS014-Kidato I,Communicate effectively in different contexts,Create a variety of texts for different communicative purposes using the appropriate tone and register,"Write a variety of friendly letters and invitations (vocabulary: Dear Father/Uncle, Dear Mother/Aunt, Mr/Mrs…, Dr./Prof./Madam/Ms …)"
2023-JSS014-Kidato I,Communicate effectively in different contexts,Create a variety of texts for different communicative purposes using the appropriate tone and register,"Create dialogues on various topics (e.g., the value of education, environment, culture, gender equality)"
2023-JSS014-Kidato I,Communicate effectively in different contexts,Create a variety of texts for different communicative purposes using the appropriate tone and register,Create and express orally daily and weekly timetables for routines
2023-JSS014-Kidato II,Demonstrate mastery of English language skills,Develop listening skills,"Participate in various conversations in different communicative settings (e.g., peer discussions, storytelling)"
2023-JSS014-Kidato II,Demonstrate mastery of English language skills,Develop listening skills,Summarise information from oral presentations and audio/audio-visual sources
2023-JSS014-Kidato II,Demonstrate mastery of English language skills,Develop listening skills,Paraphrase information presented orally
2023-JSS014-Kidato II,Demonstrate mastery of English language skills,Produce short and coherent oral messages with intelligible pronunciation and fluency,Construct sentences with proper intonation
2023-JSS014-Kidato II,Demonstrate mastery of English language skills,Produce short and coherent oral messages with intelligible pronunciation and fluency,"Use cohesive devices to deliver oral presentations of events (e.g., first of all, moreover, but, however, yet, in contrast, although, otherwise, still, on the contrary, on the other hand)"
2023-JSS014-Kidato II,Demonstrate mastery of English language skills,Develop vocabulary from conversations and written texts,Recognise words with opposite meanings from conversations and written texts
2023-JSS014-Kidato II,Demonstrate mastery of English language skills,Develop vocabulary from conversations and written texts,"Use words from conversations and written texts to produce new vocabulary by attaching suffixes and prefixes (e.g., kind-unkind; slow-slowly)"
2023-JSS014-Kidato II,Demonstrate mastery of English language skills,Use appropriate grammar and vocabulary in oral and in written language tasks,Produce contextualised oral and written descriptions based on personal experience
2023-JSS014-Kidato II,Demonstrate mastery of English language skills,Use appropriate grammar and vocabulary in oral and in written language tasks,"Compose passages on specific contexts (structure: tenses –past progressive, present perfect, past perfect, present progressive, adjectives, adverbs, coordinators, prepositions, determiners, conjunctions)"
2023-JSS014-Kidato II,Demonstrate mastery of English language skills,Use appropriate grammar and vocabulary in oral and in written language tasks,Present messages in formal discussions on various issues using correct grammar and vocabulary
2023-JSS014-Kidato II,Comprehend oral and written information,Read texts for comprehension,Express the main ideas from a text
2023-JSS014-Kidato II,Comprehend oral and written information,Read texts for comprehension,Infer meanings of unfamiliar words and idiomatic expressions from a given text
2023-JSS014-Kidato II,Comprehend oral and written information,Read texts for comprehension,Relate the core messages from a text to real life experiences
2023-JSS014-Kidato II,Comprehend oral and written information,Comprehend oral messages with increasing difficulty,Synthesise ideas from a variety of oral sources
2023-JSS014-Kidato II,Comprehend oral and written information,Comprehend oral messages with increasing difficulty,Summarise information from a variety of oral sources
2023-JSS014-Kidato II,Comprehend oral and written information,Comprehend oral messages with increasing difficulty,Participate in contextualised oral conversations
2023-JSS014-Kidato II,Comprehend oral and written information,Respond appropriately in a variety of oral and written communication contexts,"Express ideas and opinions in different group communicative settings (differing, counter-arguing, supporting ideas)"
2023-JSS014-Kidato II,Comprehend oral and written information,Respond appropriately in a variety of oral and written communication contexts,Use appropriate non-verbal cues in group communication
2023-JSS014-Kidato II,Comprehend oral and written information,Respond appropriately in a variety of oral and written communication contexts,"Use appropriate language to respond to messages in online group communicative contexts (e.g., WhatsApp, Telegram)"
2023-JSS014-Kidato II,Communicate effectively in different contexts,Use appropriate grammar and vocabulary for oral communication in a variety of contexts,"Describe various locations (structure: prepositions, adjectives, adverbs)"
2023-JSS014-Kidato II,Communicate effectively in different contexts,Use appropriate grammar and vocabulary for oral communication in a variety of contexts,"Express quality and quantity of objects and living organisms (structure: adjectives, quantifiers, adverbs)"
2023-JSS014-Kidato II,Communicate effectively in different contexts,Use appropriate grammar and vocabulary for oral communication in a variety of contexts,"Negotiate prices using appropriate expressions (e.g., convincing a customer to buy a product, convincing a seller to lower the price) (Structure: May I…, I would like…, could you …, I offer you…)"
2023-JSS014-Kidato II,Communicate effectively in different contexts,Use appropriate grammar and vocabulary for oral communication in a variety of contexts,Request for services in different contexts
2023-JSS014-Kidato II,Communicate effectively in different contexts,Use appropriate grammar and vocabulary for oral communication in a variety of contexts,"Participate in various conversations in different contexts (e.g., discussions, dialogues) by initiating, intervening, changing a topic, turn-taking and closing"
2023-JSS014-Kidato II,Communicate effectively in different contexts,Create a variety of texts for different communicative purposes using the appropriate tone and register,"Write claim and request letters in different contexts (e.g., learning facilities, sports gear, result report – Structure: I would like to bring your kind attention… I am writing to request…)"
2023-JSS014-Kidato II,Communicate effectively in different contexts,Create a variety of texts for different communicative purposes using the appropriate tone and register,Compose E-mails on various issues using appropriate language
2023-JSS014-Kidato II,Communicate effectively in different contexts,Create a variety of texts for different communicative purposes using the appropriate tone and register,"Create short stories on various topics (structure: once upon a time…, I wonder…, what if…, back in time…)"
2023-JSS014-Kidato III,Manage information search from different sources for lifelong learning,Organise information obtained from different sources,Identify different ways/strategies for organising information from various sources
2023-JSS014-Kidato III,Manage information search from different sources for lifelong learning,Organise information obtained from different sources,Sort and categorise information obtained from various sources into related themes
2023-JSS014-Kidato III,Manage information search from different sources for lifelong learning,Organise information obtained from different sources,Compile information searched from various sources
2023-JSS014-Kidato III,Demonstrate mastery of English language skills,Use appropriate grammar and vocabulary in oral and in written language tasks,"Hold conversations about various contexts using appropriate grammar and vocabulary (structure: tenses, adverbs, adjectives, active and passive voice, conjunctions, coordinators, prepositions)"
2023-JSS014-Kidato III,Demonstrate mastery of English language skills,Use appropriate grammar and vocabulary in oral and in written language tasks,"Compose stories using proper grammar and vocabulary (structure: tenses, adverbs, adjectives, active and passive voice, conjunctions, coordinators, prepositions)"
2023-JSS014-Kidato III,Demonstrate mastery of English language skills,Use appropriate grammar and vocabulary in oral and in written language tasks,"Describe events (e.g., general elections, state funerals, world cup) using correct grammar and vocabulary"
2023-JSS014-Kidato III,Comprehend oral and written information,Read texts for comprehension,Distinguish facts from opinions within a given text
2023-JSS014-Kidato III,Comprehend oral and written information,Read texts for comprehension,Express connotative meanings of words in relation to a text
2023-JSS014-Kidato III,Comprehend oral and written information,Read texts for comprehension,Paraphrase a given text
2023-JSS014-Kidato III,Comprehend oral and written information,Comprehend oral messages with increasing difficulty,Discuss information from various oral sources
2023-JSS014-Kidato III,Comprehend oral and written information,Comprehend oral messages with increasing difficulty,Respond to various oral messages
2023-JSS014-Kidato III,Comprehend oral and written information,Comprehend oral messages with increasing difficulty,Make comments on oral messages
2023-JSS014-Kidato III,Comprehend oral and written information,Respond appropriately in a variety of oral and written communication contexts,"Express ideas, opinions and facts in mass communication contexts"
2023-JSS014-Kidato III,Comprehend oral and written information,Respond appropriately in a variety of oral and written communication contexts,Use and interpret appropriate non-verbal cues in mass communication
2023-JSS014-Kidato III,Comprehend oral and written information,Respond appropriately in a variety of oral and written communication contexts,"Use appropriate language to respond to contextualised public messages (e.g., responding to criticism, accomplishment)"
2023-JSS014-Kidato III,Comprehend oral and written information,Respond appropriately in a variety of oral and written communication contexts,"Use appropriate language in public communication settings, (e.g., interviews, presentations)"
2023-JSS014-Kidato III,Comprehend oral and written information,Respond appropriately in a variety of oral and written communication contexts,Express appreciation of other people's ideas in public communication
2023-JSS014-Kidato III,Comprehend oral and written information,Respond appropriately in a variety of oral and written communication contexts,Evaluate information received through mass communication
2023-JSS014-Kidato III,Comprehend oral and written information,Construct meaning from a variety of texts,Compare ideas from various texts
2023-JSS014-Kidato III,Comprehend oral and written information,Construct meaning from a variety of texts,Read and generate meanings from a variety of texts
2023-JSS014-Kidato III,Comprehend oral and written information,Construct meaning from a variety of texts,Infer meanings of unfamiliar words from a variety of texts
2023-JSS014-Kidato III,Comprehend oral and written information,Construct meaning from a variety of texts,Paraphrase textual information from multiple sources
2023-JSS014-Kidato III,Communicate effectively in different contexts,Use appropriate grammar and vocabulary for oral communication in a variety of contexts,"Express opinions through debates, dialogues and impromptu speeches using formulaic language (e.g., In my opinion…, personally…, I think …, I would say…, In my view…, from my perspective…, My point is…, It seems to me that…, I believe…)"
2023-JSS014-Kidato III,Communicate effectively in different contexts,Use appropriate grammar and vocabulary for oral communication in a variety of contexts,"Present facts logically using appropriate formulaic language (e.g., due to the fact that…, it is true that…, the bottom line is…, the reality is…, in fact…actually…according to…)"
2023-JSS014-Kidato III,Communicate effectively in different contexts,Use appropriate grammar and vocabulary for oral communication in a variety of contexts,Describe conditions about various situations and circumstances (structure: conditional sentences)
2023-JSS014-Kidato III,Communicate effectively in different contexts,Use appropriate grammar and vocabulary for oral communication in a variety of contexts,"Ask and respond to questions in interview sessions (e.g., job interview, panel interview, TV/radio interview)"
2023-JSS014-Kidato III,Communicate effectively in different contexts,Use appropriate grammar and vocabulary for oral communication in a variety of contexts,"Describe activities and events of a social or cultural nature (e.g., celebrations, parades, accidents, elections, funerals, sport and games) using different tenses"
2023-JSS014-Kidato III,Communicate effectively in different contexts,Create a variety of texts for different communicative purposes using the appropriate tone and register,"Write a letter to the editor, an order letter and a complaint letter (structure: Dear editor.., I would like to order…. We are glad to place our first order…, I am writing to complain about…, I am writing to bring your attention…, a complaint against…)"
2023-JSS014-Kidato III,Communicate effectively in different contexts,Create a variety of texts for different communicative purposes using the appropriate tone and register,"Write reports on various events (e.g., sports, graduation, study tours)"
2023-JSS014-Kidato III,Communicate effectively in different contexts,Create a variety of texts for different communicative purposes using the appropriate tone and register,"Write biographies (structure: past and present tense, third person)"
2023-JSS014-Kidato III,Provide basic English language services to the community,Apply principles of editing and proofreading in a variety of texts,"Recognise the basic principles of editing and proofreading texts (e.g., sentence construction, language clarity, grammar, semantic rules, logical flow)"
2023-JSS014-Kidato III,Provide basic English language services to the community,Apply principles of editing and proofreading in a variety of texts,Describe the main steps of editing and proofreading
2023-JSS014-Kidato III,Provide basic English language services to the community,Apply principles of editing and proofreading in a variety of texts,Describe the basic principles and methods of editing and proofreading
2023-JSS014-Kidato III,Provide basic English language services to the community,Apply principles of editing and proofreading in a variety of texts,"Use the principles of editing and proofreading to edit and proofread simple and short texts in a school context (e.g., laboratory rules, announcements)"
2023-JSS014-Kidato III,Provide basic English language services to the community,Apply principles of interpretation to provide simple authentic interpretations,Explain the concept of interpretation
2023-JSS014-Kidato III,Provide basic English language services to the community,Apply principles of interpretation to provide simple authentic interpretations,Elaborate the principles of interpretation
2023-JSS014-Kidato III,Provide basic English language services to the community,Apply principles of interpretation to provide simple authentic interpretations,"Interpret a short simple text in a school context (e.g., greetings, self introductions) (English to Kiswahili and vice versa)"
2023-JSS014-Kidato III,Provide basic English language services to the community,Apply principles of translation to produce simple authentic translation,Explain the concept of translation
2023-JSS014-Kidato III,Provide basic English language services to the community,Apply principles of translation to produce simple authentic translation,Elaborate the principles of translation
2023-JSS014-Kidato III,Provide basic English language services to the community,Apply principles of translation to produce simple authentic translation,"Translate a simple short text in a school context (e.g., laboratory rules, timetables, joining instructions) (English to Kiswahili and vice versa)"
2023-JSS014-Kidato III,Appreciate and create literary works,Appreciate the aesthetics and value of literature,Assess the language used in selected poems and plays
2023-JSS014-Kidato III,Appreciate and create literary works,Appreciate the aesthetics and value of literature,Compare own values and perspectives with those implied in selected poems and plays
2023-JSS014-Kidato III,Appreciate and create literary works,"Evaluate the context in which literary texts are written, read and understood",Assess the socio-political and cultural contexts in which the selected poems and plays were written
2023-JSS014-Kidato III,Appreciate and create literary works,"Evaluate the context in which literary texts are written, read and understood","Examine the socio-political, economic and cultural issues portrayed in selected poems and plays"
2023-JSS014-Kidato III,Appreciate and create literary works,"Evaluate the context in which literary texts are written, read and understood",Relate the context of the story in selected poems and plays with real life experiences
2023-JSS014-Kidato III,Appreciate and create literary works,Analyse genres of literature and appreciate their conventions,Describe different genres of written literature and their conventions
2023-JSS014-Kidato III,Appreciate and create literary works,Analyse genres of literature and appreciate their conventions,Analyse techniques of critiquing poems and plays based on their conventions
2023-JSS014-Kidato III,Appreciate and create literary works,Analyse genres of literature and appreciate their conventions,Critique selected poems and plays based on form and content
2023-JSS014-Kidato III,Appreciate and create literary works,Create simple literary works,Compose free verse poems on various topics using literary language
2023-JSS014-Kidato III,Appreciate and create literary works,Create simple literary works,"Publish the poems on various platforms (e.g., note boards and online platforms)"
2023-JSS014-Kidato IV,Demonstrate mastery of English language skills,Use appropriate grammar and vocabulary in oral and in written language tasks,"Prepare and deliver short speeches about common topics (e.g., entrepreneurship, corruption, child rights and security, gender education, cyber security education, disaster management, health and reproductive education, drug abuse, life skills, financial management education, taxation)"
2023-JSS014-Kidato IV,Demonstrate mastery of English language skills,Use appropriate grammar and vocabulary in oral and in written language tasks,"Compose different types of essays (narrative, descriptive, argumentative and expository) using correct grammar and vocabulary"
2023-JSS014-Kidato IV,Comprehend oral and written information,Read texts for comprehension,Discuss the author's motives in a given text
2023-JSS014-Kidato IV,Comprehend oral and written information,Read texts for comprehension,Deliver an oral presentation about the content of a text
2023-JSS014-Kidato IV,Comprehend oral and written information,Read texts for comprehension,Draw inferences (conclusions) from a text
2023-JSS014-Kidato IV,Comprehend oral and written information,Comprehend oral messages with increasing difficulty,Deduce the main ideas from an oral presentation or language task
2023-JSS014-Kidato IV,Comprehend oral and written information,Comprehend oral messages with increasing difficulty,Examine information from oral sources
2023-JSS014-Kidato IV,Comprehend oral and written information,Comprehend oral messages with increasing difficulty,Relate the core messages of an oral presentation to real life experiences
2023-JSS014-Kidato IV,Comprehend oral and written information,Construct meaning from a variety of texts,"Explore strategies for deriving meanings of words from given texts (e.g., contextual guessing)"
2023-JSS014-Kidato IV,Comprehend oral and written information,Construct meaning from a variety of texts,Synthesise ideas and draw conclusions from multiple and diverse texts
2023-JSS014-Kidato IV,Comprehend oral and written information,Construct meaning from a variety of texts,Write a single text from information and opinions derived from a variety of texts
2023-JSS014-Kidato IV,Comprehend oral and written information,Construct meaning from a variety of texts,Make inferences about a variety of texts
2023-JSS014-Kidato IV,Comprehend oral and written information,Construct meaning from a variety of texts,Relate the core messages from multiple and diverse texts to real life experiences
2023-JSS014-Kidato IV,Communicate effectively in different contexts,Use appropriate grammar and vocabulary for oral communication in a variety of contexts,"Express feelings and emotions depicted/portrayed in various social contexts using appropriate phrases (e.g., I am saddened…, I am upset…, my condolences… I feel happy… hurray…)"
2023-JSS014-Kidato IV,Communicate effectively in different contexts,Use appropriate grammar and vocabulary for oral communication in a variety of contexts,"Deliver different kinds of planned and unplanned speeches (e.g., informative, persuasive speech) on different topics"
2023-JSS014-Kidato IV,Communicate effectively in different contexts,Use appropriate grammar and vocabulary for oral communication in a variety of contexts,"Negotiate solutions to various problems using appropriate formalaic language (e.g., Would you mind…, don't you think…, is it possible…, if I were you…)"
2023-JSS014-Kidato IV,Communicate effectively in different contexts,Create a variety of texts for different communicative purposes using the appropriate tone and register,"Write application letters for various purposes (e.g., job application, school admission)"
2023-JSS014-Kidato IV,Communicate effectively in different contexts,Create a variety of texts for different communicative purposes using the appropriate tone and register,"Write speeches on a variety of topics, including cross-cutting issues"
2023-JSS014-Kidato IV,Communicate effectively in different contexts,Create a variety of texts for different communicative purposes using the appropriate tone and register,Write Curriculum Vitae (CV) for different purposes
2023-JSS014-Kidato IV,Communicate effectively in different contexts,Conduct a socio-cultural analysis of functional texts,"Analyse different functional texts in terms of purpose, content, organisation, format and design"
2023-JSS014-Kidato IV,Communicate effectively in different contexts,Conduct a socio-cultural analysis of functional texts,"Read a variety of functional texts (e.g., recipes, product manuals, transport schedules, forms, brochures, and menus)"
2023-JSS014-Kidato IV,Communicate effectively in different contexts,Conduct a socio-cultural analysis of functional texts,Comment on the usefulness of different functional texts
2023-JSS014-Kidato IV,Communicate effectively in different contexts,Conduct a socio-cultural analysis of functional texts,Compose functional texts to serve various purposes
2023-JSS014-Kidato IV,Provide basic English language services to the community,Apply principles of editing and proofreading in a variety of texts,"Edit and proofread texts in a school context (e.g., school rules and regulations, essays/compositions)"
2023-JSS014-Kidato IV,Provide basic English language services to the community,Apply principles of editing and proofreading in a variety of texts,"Edit and proofread short texts in contexts outside the school (e.g. posters, flyers, user manuals)"
2023-JSS014-Kidato IV,Provide basic English language services to the community,Apply principles of interpretation to provide simple authentic interpretations,"Interpret messages in informal contexts (e.g., family conversations and peer conversations) (from English to Kiswahili and vice versa)"
2023-JSS014-Kidato IV,Provide basic English language services to the community,Apply principles of interpretation to provide simple authentic interpretations,"Interpret messages in small formal settings (e.g., classroom and subject group discussions) (from English to Kiswahili and vice versa)"
2023-JSS014-Kidato IV,Provide basic English language services to the community,Apply principles of interpretation to provide simple authentic interpretations,"Interpret messages in large formal settings (e.g., church, mosque and meetings) (from English to Kiswahili and vice versa)"
2023-JSS014-Kidato IV,Provide basic English language services to the community,Apply principles of translation to produce simple authentic translation,Translate texts in contexts outside the school (from English to Kiswahili and vice versa)
2023-JSS014-Kidato IV,Provide basic English language services to the community,Apply principles of translation to produce simple authentic translation,"Translate a variety of short texts (e.g., advertisements and functional texts) (from English to Kiswahili and vice versa)"
2023-JSS014-Kidato IV,Provide basic English language services to the community,Apply principles of translation to produce simple authentic translation,Translate a variety of long texts (from English to Kiswahili and vice versa)
2023-JSS014-Kidato IV,Provide basic English language services to the community,Manage short translation and editing projects using Computer-Assisted Tools,Describe the use of Computer-Assisted Tools in translating and editing
2023-JSS014-Kidato IV,Provide basic English language services to the community,Manage short translation and editing projects using Computer-Assisted Tools,Use Computer-Assisted Translation Tools to translate and edit short simple texts
2023-JSS014-Kidato IV,Appreciate and create literary works,Appreciate the aesthetics and value of literature,Assess the language used in a selected novella
2023-JSS014-Kidato IV,Appreciate and create literary works,Appreciate the aesthetics and value of literature,Compare own values and perspectives with those implied in a selected novella
2023-JSS014-Kidato IV,Appreciate and create literary works,Appreciate the aesthetics and value of literature,Dramatise episodes from a selected novella
2023-JSS014-Kidato IV,Appreciate and create literary works,"Evaluate the context in which literary texts are written, read and understood",Examine the socio-political and cultural issues portrayed in a selected novella
2023-JSS014-Kidato IV,Appreciate and create literary works,"Evaluate the context in which literary texts are written, read and understood",Relate the context of the story in a selected novella to real life experiences
2023-JSS014-Kidato IV,Appreciate and create literary works,Analyse genres of literature and appreciate their conventions,Analyse techniques of critiquing literary texts based on their conventions
2023-JSS014-Kidato IV,Appreciate and create literary works,Analyse genres of literature and appreciate their conventions,Critique a selected novella based on form and content
2023-JSS014-Kidato IV,Appreciate and create literary works,Create simple literary works,Apply literary skills to compose short stories on various topics
2023-JSS014-Kidato IV,Appreciate and create literary works,Create simple literary works,"Publish the short stories on various platforms (e.g., note boards and online platforms)"
2023-JSS017-Kidato I,Demonstrate mastery of the structure of the Earth,Demonstrate an understanding of the origin and the structure of the Earth and earth systems,"Explain the concept and scope of Geography (branches, importance and relationship with other disciplines)"
2023-JSS017-Kidato I,Demonstrate mastery of the structure of the Earth,Demonstrate an understanding of the origin and the structure of the Earth and earth systems,"Describe the Earth (origin, shape, size, position and movements of the earth in the solar system, and parallels and meridians)"
2023-JSS017-Kidato I,Demonstrate mastery of the structure of the Earth,Demonstrate an understanding of the major features of the Earth surface,"Describe major features of the Earth's surface (continents, oceans, major relief features, large inland water bodies and vegetation zones)"
2023-JSS017-Kidato II,Demonstrate mastery of the structure of the Earth,Demonstrate an understanding of the origin and the structure of the Earth and earth systems,"Describe the internal structure of the Earth (crust, mantle, core) and their major characteristics (location, size/thickness, density and gross composition)"
2023-JSS017-Kidato II,Demonstrate mastery of the structure of the Earth,Demonstrate an understanding of the origin and the structure of the Earth and earth systems,"Describe the main external Earth systems (Hydrosphere, Atmosphere and Biosphere)"
2023-JSS017-Kidato II,Demonstrate mastery of basic skills and techniques in Geography,Demonstrate an understanding of the basic techniques of map and photograph interpretation,"Describe the basic principles of reading and interpreting maps (key, symbols, direction, margin/frame, map title, scale and contour patterns)"
2023-JSS017-Kidato II,Demonstrate mastery of basic skills and techniques in Geography,Demonstrate an understanding of the basic techniques of map and photograph interpretation,Reading and interpreting various type of maps and their importance (topographical and statistical map)
2023-JSS017-Kidato II,Demonstrate mastery of basic skills and techniques in Geography,Demonstrate an understanding of the basic techniques of map and photograph interpretation,"Describe the basic concept of photograph in Geography (meaning, types, elements and uses)"
2023-JSS017-Kidato II,Demonstrate mastery of basic skills and techniques in Geography,Demonstrate an understanding of the basic techniques of map and photograph interpretation,"Describe the basic principles of photograph interpretation (identifying foreground, middle ground and background, associating objects with geographical phenomena)"
2023-JSS017-Kidato III,Demonstrate mastery of the structure of the Earth,"Demonstrate an understanding of the relationship between relief, climate and natural vegetation","Describe the major climatic regions of the world (tropical, temperate, polar and sub-tropical)"
2023-JSS017-Kidato III,Demonstrate mastery of the structure of the Earth,"Demonstrate an understanding of the relationship between relief, climate and natural vegetation","Describe the relationship between major features of the Earth's surface, climate, and natural vegetation"
2023-JSS017-Kidato III,Demonstrate mastery of basic skills and techniques in Geography,Demonstrate an understanding of the basic techniques in land surveying,"Explore the basic tenets of surveying (meaning, types, equipment, methods, and importance)"
2023-JSS017-Kidato III,Demonstrate mastery of basic skills and techniques in Geography,Demonstrate an understanding of the basic techniques in land surveying,Carry out simple tape/chain surveying
2023-JSS017-Kidato III,Demonstrate mastery of human geography,Carry out a project in Geography,Develop and carry out a simple research project in Geography
2023-JSS017-Kidato IV,Demonstrate mastery of human geography,"Demonstrate an understanding of the relationship between geography, environmental health, human settlements and economic activities","Describe the geographical factors that influence the spatial distribution of population, human settlements and economic activities (climate, soil, relief, vegetation, transport and water supply)"
2023-JSS017-Kidato IV,Demonstrate mastery of human geography,"Demonstrate an understanding of the relationship between geography, environmental health, human settlements and economic activities",Examine the impacts of population distribution on economic activities and the environment (land use and settlement patterns changes)
2023-JSS017-Kidato IV,Demonstrate mastery of human geography,Carry out a project in Geography,Complete and submit a report of the project started in Form Three
2023-JSS024-Kidato I,Demonstrate mastery of business knowledge,"Demonstrate mastery of the concepts, theories and principles of Business Education","Describe the concept and scope of business studies, and its relationship with other disciplines"
2023-JSS024-Kidato I,Demonstrate mastery of business knowledge,"Demonstrate mastery of the concepts, theories and principles of Business Education","Describe the concept and theories of entrepreneurship (meaning, characteristics, skills and importance)"
2023-JSS024-Kidato I,Demonstrate mastery of business knowledge,"Demonstrate mastery of the concepts, theories and principles of Business Education","Describe sole proprietorship (meaning, features, advantages and disadvantages and start-up)"
2023-JSS024-Kidato II,Demonstrate mastery of business knowledge,"Demonstrate mastery of the concepts, theories and principles of Business Education","Explain the concept of production (meaning, types, factors and importance)"
2023-JSS024-Kidato II,Demonstrate mastery of business knowledge,"Demonstrate mastery of the concepts, theories and principles of Business Education","Describe sources of capital for small businesses (loans, savings, deferred payments, funds from family and friends)"
2023-JSS024-Kidato II,Demonstrate mastery of business knowledge,"Demonstrate mastery of the concepts, theories and principles of Business Education",Describe the role of microfinancing and cooperatives in facilitating business formation and operations
2023-JSS024-Kidato II,Solve social challenges using business skills,Demonstrate mastery of the basic skills of operating a small-scale business,"Describe the basic aspects of management for small businesses (meaning, financial and other records keeping, calculation of profit and loss, budgeting and control and administration)"
2023-JSS024-Kidato II,Solve social challenges using business skills,Demonstrate mastery of the basic skills of operating a small-scale business,Describe the basic aspects of warehousing and inventorying for small businesses (meaning and functions)
2023-JSS024-Kidato II,Apply business knowledge in various contexts,Apply business theories into practice,Identify business opportunities available in the local environment
2023-JSS024-Kidato III,Demonstrate mastery of business knowledge,"Demonstrate mastery of the concepts, theories and principles of Business Education","Describe the basic aspects of marketing for small businesses (meaning and importance, product, price, place/distribution, promotion)"
2023-JSS024-Kidato III,Demonstrate mastery of business knowledge,"Demonstrate mastery of the concepts, theories and principles of Business Education",Describe the basic aspects of e-marketing for small businesses (upload business biography in social media)
2023-JSS024-Kidato III,Solve social challenges using business skills,Demonstrate mastery of the basic skills of operating a small-scale business,"Explore the basic aspects of the policy and regulatory environment governing small businesses in Tanzania (roles of government and non-governmental agencies, policies, laws and by-laws)"
2023-JSS024-Kidato III,Solve social challenges using business skills,Demonstrate mastery of the basic skills of operating a small-scale business,"Describe procedures for registering small businesses in Tanzania (types of licenses, importance of registration and sanctions for non-compliance)"
2023-JSS024-Kidato III,Apply business knowledge in various contexts,Apply business theories into practice,"Develop a plan for a small business identified from the opportunities in Form II (identification, financing, production and distribution, and marketing)"
2023-JSS024-Kidato III,Apply business knowledge in various contexts,Demonstrate mastery of basic business ethics,"Describe the basic tenets of ethics for small businesses (meaning, norms, and values)"
2023-JSS024-Kidato IV,Demonstrate mastery of business knowledge,"Demonstrate mastery of the concepts, theories and principles of Business Education","Explain the basic aspects of insurance for small businesses (meaning, principles, importance, choice of appropriate insurance plan and procedures of filing insurance claims)"
2023-JSS024-Kidato IV,Demonstrate mastery of business knowledge,"Demonstrate mastery of the concepts, theories and principles of Business Education","Describe business partnerships (meaning, types, features, advantages and disadvantages, formation and dissolution)"
2023-JSS024-Kidato IV,Solve social challenges using business skills,Demonstrate mastery of the basic skills of operating a small-scale business,"Describe taxes and levies associated with small businesses in Tanzania (meaning, types, importance, and sanctions for non-compliance)"
2023-JSS024-Kidato IV,Solve social challenges using business skills,Demonstrate mastery of the basic skills of operating a small-scale business,Describe the basic principles of communication and networking for small businesses
2023-JSS024-Kidato IV,Solve social challenges using business skills,Demonstrate mastery of the basic skills of trading locally and internationally,Use pricing techniques to determine appropriate prices of products
2023-JSS024-Kidato IV,Solve social challenges using business skills,Demonstrate mastery of the basic skills of trading locally and internationally,Identify relevant procedures and practices for buying and selling products within and outside the country
2023-JSS024-Kidato IV,Solve social challenges using business skills,Demonstrate mastery of the basic skills of trading locally and internationally,"Use appropriate selling methods and techniques (branding, logos, packaging, after sales services, barcoding, direct mail and internet auctions) to facilitate trade"
2023-JSS024-Kidato IV,Apply business knowledge in various contexts,Apply business theories into practice,Complete and present the business plan developed in Form Three
2023-JSS023-Kidato I,Demonstrate mastery of the principles of Book-keeping,Demonstrate an understanding of the basic principles and theories of Book-keeping,"Explain the concept of Book Keeping (origin, meaning, purpose, relationship with other disciplines and basic terms)"
2023-JSS023-Kidato I,Demonstrate mastery of the principles of Book-keeping,Demonstrate an understanding of the basic principles and theories of Book-keeping,Explain the basis for recording business transactions (accounting assumptions and principles)
2023-JSS023-Kidato I,Demonstrate mastery of the principles of Book-keeping,Demonstrate an understanding of the basic principles and theories of Book-keeping,Describe the theory of the double-entry system of Book-keeping (the accounting equation)
2023-JSS023-Kidato I,Demonstrate mastery of the principles of Book-keeping,Demonstrate an understanding of the basic principles and theories of Book-keeping,"Describe various types of accounts (assets, liabilities, capital, revenue and expenses)"
2023-JSS023-Kidato I,Demonstrate mastery of the principles of Book-keeping,Record business transactions using source documents,Identify sources of business transactions (source documents)
2023-JSS023-Kidato I,Demonstrate mastery of the principles of Book-keeping,Record business transactions using source documents,Record business transactions from various source documents
2023-JSS023-Kidato I,Demonstrate mastery of the principles of Book-keeping,Record business transactions using source documents,Post recorded business transactions from books of original entry to ledger accounts and balance off the accounts
2023-JSS023-Kidato I,Demonstrate mastery of the principles of Book-keeping,Prepare a trial balance,Describe the trial balance
2023-JSS023-Kidato I,Demonstrate mastery of the principles of Book-keeping,Prepare a trial balance,Prepare a trial balance to check the arithmetical accuracy of ledger accounts
2023-JSS023-Kidato I,Prepare basic financial statements,Prepare basic profit or loss statements,"Describe basic financial statements (meaning, types, purpose, content and format)"
2023-JSS023-Kidato I,Prepare basic financial statements,Prepare basic profit or loss statements,Prepare a basic income statement
2023-JSS023-Kidato I,Prepare basic financial statements,Prepare basic business financial position statements,Classify assets and liabilities
2023-JSS023-Kidato I,Prepare basic financial statements,Prepare basic business financial position statements,Prepare a basic statement of financial position
2023-JSS023-Kidato II,Demonstrate mastery of the principles of Book-keeping,Record business transactions using source documents,Describe cash and banking transactions (types of cash books)
2023-JSS023-Kidato II,Demonstrate mastery of the principles of Book-keeping,Record business transactions using source documents,"Record cash/bank receipts and payments from various source documents in the Cash Book (double column, three-column or petty cash book)"
2023-JSS023-Kidato II,Demonstrate mastery of the principles of Book-keeping,Prepare a Trial balance,"Describe errors in the Trial balance (meaning, types, sources and detection)"
2023-JSS023-Kidato II,Demonstrate mastery of the principles of Book-keeping,Prepare a Trial balance,Correct errors in the Trial balance by means of journal entries and adjust the trial balance
2023-JSS023-Kidato II,Demonstrate mastery of financial assets control,Prepare bank reconciliation statements,"Describe a Bank reconciliation statement (meaning, importance, reasons for inconsistencies, and the key terms used)"
2023-JSS023-Kidato II,Demonstrate mastery of financial assets control,Prepare bank reconciliation statements,Prepare adjusted cash book and bank reconciliation statement
2023-JSS023-Kidato II,Demonstrate mastery of financial assets control,Prepare a financial budget,"Describe Budgeting and budgetary control process (meaning, importance, approaches, and features of a good budget)"
2023-JSS023-Kidato II,Demonstrate mastery of financial assets control,Prepare a financial budget,Prepare a simple cash budget
2023-JSS023-Kidato III,Demonstrate mastery of financial assets control,Prepare a Trial balance,Describe control accounts
2023-JSS023-Kidato III,Demonstrate mastery of financial assets control,Prepare a Trial balance,Prepare Purchases and Sales Ledgers as further controls of the arithmetical accuracy of ledger accounts
2023-JSS023-Kidato III,Prepare basic financial statements,Prepare basic profit or loss statements,"Describe the necessary adjustments needed in the preparation of financial statements (depreciation, bad debts and doubtful debts)"
2023-JSS023-Kidato III,Prepare basic financial statements,Prepare basic profit or loss statements,Prepare a comprehensive income statement with adjustments
2023-JSS023-Kidato III,Prepare basic financial statements,Prepare basic profit or loss statements,Estimate profit or loss for the period from incomplete records
2023-JSS023-Kidato III,Prepare basic financial statements,Prepare basic business financial position statements,Differentiate between capital and revenue expenditures and their effect on financial statements
2023-JSS023-Kidato III,Prepare basic financial statements,Prepare basic business financial position statements,Prepare a comprehensive statement of financial position
2023-JSS023-Kidato III,Prepare financial statements for non-commercial institutions,Demonstrate an understanding of commercial and non-commercial organisations,"Describe For-Profit, Not-For Profit and Non-Profit organizations (motive, owners, management, sources of income, accounting etc.)"
2023-JSS023-Kidato III,Prepare financial statements for non-commercial institutions,Prepare financial statements of non-commercial organisations,Describe important items relating to the accounting of Not-For Profit organizations
2023-JSS023-Kidato III,Prepare financial statements for non-commercial institutions,Prepare financial statements of non-commercial organisations,"Prepare the relevant accounts for Not-For Profit organizations (receipts and payments accounts, Income and expenditure statements and a statement of financial position)"
2023-JSS023-Kidato III,Demonstrate mastery of financial assets control,Adjust records in financial statements,Describe the basis of accounting (cash basis and accrual basis)
2023-JSS023-Kidato III,Demonstrate mastery of financial assets control,Adjust records in financial statements,Adjust various recorded business transactions in the financial statements based on appropriate accounting basis (accruals and pre-payments)
2023-JSS023-Kidato IV,Prepare basic financial statements,Prepare basic profit or loss statements,Describe various forms of business arrangements (manufacturing firms; consignment arrangement; partnership and joint venture agreement and departmental stores)
2023-JSS023-Kidato IV,Prepare basic financial statements,Prepare basic profit or loss statements,Prepare relevant accounts to determine profit or loss for different forms of business (manufacturing firms; partnership firms-admission and retirement of a partner; joint venture; consignments and departmental stores)
2023-JSS023-Kidato IV,Prepare basic financial statements,Prepare basic business financial position statements,"Prepare statements of financial position for different forms of business (manufacturing firms; partnership firms-admission and retirement of a partner, and departmental stores)"
2023-JSS023-Kidato IV,Prepare basic financial statements,Prepare basic Statements of Cash flows,Describe types of Cash Flows
2023-JSS023-Kidato IV,Prepare basic financial statements,Prepare basic Statements of Cash flows,Prepare a basic Statements of Cash flows
2023-JSS023-Kidato IV,Prepare basic financial statements,Prepare basic financial statements for audit,"Prepare a basic set of financial statements for financial audit (Income Statement, Statement of Financial Position, Cash Flows and Notes to Financial Statements)"
2023-JSS023-Kidato IV,Demonstrate mastery of the use of ICT in Book-keeping,Use basic accounting packages,Record business transactions by using basic accounting packages
2023-JSS023-Kidato IV,Demonstrate mastery of the use of ICT in Book-keeping,Use basic accounting packages,Analyse simple financial data by using accounting packages
2023-JSS023-Kidato IV,Demonstrate mastery of the use of ICT in Book-keeping,Use basic accounting packages,Apply basic accounting packages to produce financial statements
2023-JSS021-Kidato I,"Demonstrate mastery of basic concepts, theories and principles in Chemistry","Demonstrate mastery of concepts, theories and principles in Chemistry","Describe the concept of Chemistry (meaning, branches, applications and relationships with other disciplines)"
2023-JSS021-Kidato I,"Demonstrate mastery of basic concepts, theories and principles in Chemistry","Demonstrate mastery of concepts, theories and principles in Chemistry",Discuss the contribution of Chemistry in the development of modern society
2023-JSS021-Kidato I,"Demonstrate mastery of basic concepts, theories and principles in Chemistry","Demonstrate mastery of concepts, theories and principles in Chemistry",Describe the concept of matter (physical and chemical changes of matter)
2023-JSS021-Kidato I,"Demonstrate mastery of basic concepts, theories and principles in Chemistry","Demonstrate mastery of concepts, theories and principles in Chemistry","Describe the concepts of chemical elements (criteria for assigning chemical symbols), compounds (binary compound) and mixtures (types of solution and separation of mixtures)"
2023-JSS021-Kidato I,"Demonstrate mastery of basic concepts, theories and principles in Chemistry","Demonstrate mastery of concepts, theories and principles in Chemistry",Compare the properties of compounds with those of constituent elements
2023-JSS021-Kidato I,"Demonstrate mastery of basic concepts, theories and principles in Chemistry","Demonstrate mastery of concepts, theories and principles in Chemistry",Explain the concept of the periodic table (1st 20 elements in the Periodic Table; metals and non-metals)
2023-JSS021-Kidato I,Conduct experiments in Chemistry,Conduct experiments in Chemistry,"Describe basic Chemistry laboratory skills (chemistry laboratory rules and safety measures, first aid, fire and firefighting, and Chemistry laboratory apparatus)"
2023-JSS021-Kidato I,Conduct experiments in Chemistry,Conduct experiments in Chemistry,Perform experiments on the changes of matter from one state to another
2023-JSS021-Kidato I,Conduct experiments in Chemistry,Conduct experiments in Chemistry,Perform experiments on separation of different mixtures using different methods
2023-JSS021-Kidato II,"Demonstrate mastery of basic concepts, theories and principles in Chemistry","Demonstrate mastery of concepts, theories and principles in Chemistry",Describe the modern concept of atomic structure (Dalton's atomic structure and sub-atomic particles)
2023-JSS021-Kidato II,"Demonstrate mastery of basic concepts, theories and principles in Chemistry","Demonstrate mastery of concepts, theories and principles in Chemistry",Describe the concept of electronic arrangements
2023-JSS021-Kidato II,"Demonstrate mastery of basic concepts, theories and principles in Chemistry","Demonstrate mastery of concepts, theories and principles in Chemistry",Use the concept of atomic structure to determine the atomic and mass numbers of an element
2023-JSS021-Kidato II,"Demonstrate mastery of basic concepts, theories and principles in Chemistry","Demonstrate mastery of concepts, theories and principles in Chemistry","Explain the concept of chemical formulae and nomenclature (valence, oxidation state, radicals and naming of binary inorganic compounds using the IUPAC system)"
2023-JSS021-Kidato II,"Demonstrate mastery of basic concepts, theories and principles in Chemistry","Demonstrate mastery of concepts, theories and principles in Chemistry",Determine empirical and molecular formulae of common compounds
2023-JSS021-Kidato II,"Demonstrate mastery of basic concepts, theories and principles in Chemistry","Demonstrate mastery of concepts, theories and principles in Chemistry",Describe the concept of chemical bonding (covalent and electrovalent bonding)
2023-JSS021-Kidato II,"Demonstrate mastery of basic concepts, theories and principles in Chemistry","Demonstrate mastery of concepts, theories and principles in Chemistry","Describe the concept of chemical reactions (chemical equations, balancing chemical equations, and types of chemical reactions)"
2023-JSS021-Kidato II,"Demonstrate mastery of basic concepts, theories and principles in Chemistry","Demonstrate mastery of concepts, theories and principles in Chemistry",Relate the types of chemical reactions with common processes in daily life such as burning of fuel and digestion in living organisms
2023-JSS021-Kidato II,"Demonstrate mastery of basic concepts, theories and principles in Chemistry","Demonstrate mastery of concepts, theories and principles in Chemistry","Describe acids, bases and salts (reactions of acids and bases with various substances) and their applications in daily life"
2023-JSS021-Kidato II,"Demonstrate mastery of basic concepts, theories and principles in Chemistry",Demonstrate an understanding of the physical and chemical properties of elements on the basis of their arrangements in the periodic table,Explain the changes in the physical and chemical properties of elements across and down the periodic table
2023-JSS021-Kidato II,"Demonstrate mastery of basic concepts, theories and principles in Chemistry",Demonstrate an understanding of the physical and chemical properties of elements on the basis of their arrangements in the periodic table,Use the electronic configuration of an element to locate their positions in the periodic table
2023-JSS021-Kidato II,Conduct experiments in Chemistry,Conduct experiments in Chemistry,Prepare acid-base indicators using locally available materials
2023-JSS021-Kidato II,Conduct experiments in Chemistry,Conduct experiments in Chemistry,Use the prepared indicators to test acidity and alkalinity of substances found in the locality
2023-JSS021-Kidato III,"Demonstrate mastery of basic concepts, theories and principles in Chemistry","Demonstrate mastery of concepts, theories and principles in Chemistry",Describe the mole concept (comparison of the mole with other units of measurements and molar quantities of substances)
2023-JSS021-Kidato III,"Demonstrate mastery of basic concepts, theories and principles in Chemistry","Demonstrate mastery of concepts, theories and principles in Chemistry",Explain Avogadro's law in relation to molar quantities
2023-JSS021-Kidato III,"Demonstrate mastery of basic concepts, theories and principles in Chemistry","Demonstrate mastery of concepts, theories and principles in Chemistry",Explain the principles of volumetric analysis (preparation of standard solutions and volumetric calculations)
2023-JSS021-Kidato III,"Demonstrate mastery of basic concepts, theories and principles in Chemistry","Demonstrate mastery of concepts, theories and principles in Chemistry","Describe the applications of volumetric analysis in real life and industrial settings as in soft drinks and cocktail making, medicine and in agriculture"
2023-JSS021-Kidato III,"Demonstrate mastery of basic concepts, theories and principles in Chemistry","Demonstrate mastery of concepts, theories and principles in Chemistry","Explore the basic tenets of ionic theory and electrolysis (ionic theory, mechanism of electrolysis and laws of electrolysis)"
2023-JSS021-Kidato III,"Demonstrate mastery of basic concepts, theories and principles in Chemistry","Demonstrate mastery of concepts, theories and principles in Chemistry","Describe the preparation and properties of various compounds of metals (oxides, hydroxides, carbonates, hydrogen carbonates, nitrates, chlorides and sulphates of metals)"
2023-JSS021-Kidato III,"Demonstrate mastery of basic concepts, theories and principles in Chemistry","Demonstrate mastery of concepts, theories and principles in Chemistry","Describe the oxidizing and displacement properties of non-metal compounds (oxygen, hydrogen, chlorine, hydrogen chloride, sulphur dioxide, nitrogen, ammonia, and carbon dioxide)"
2023-JSS021-Kidato III,Conduct experiments in Chemistry,Conduct experiments in Chemistry,Perform experiments on volumetric analysis
2023-JSS021-Kidato III,Conduct experiments in Chemistry,Conduct experiments in Chemistry,Perform experiments on the applications of electrolysis in corrosion inhibition and purification of metals
2023-JSS021-Kidato III,Conduct experiments in Chemistry,Conduct experiments in Chemistry,Use appropriate software to sketch the set-ups of experiments
2023-JSS021-Kidato III,Conduct experiments in Chemistry,Conduct experiments in Chemistry,"Prepare various compounds of metals (oxides, hydroxides, carbonates, hydrogen carbonates, nitrates, chlorides, and sulphates)"
2023-JSS021-Kidato III,Conduct experiments in Chemistry,Conduct experiments in Chemistry,"Demonstrate oxidizing and displacement properties of non-metallic compounds (oxygen, hydrogen, chlorine, hydrogen chloride, sulphur dioxide, nitrogen, ammonia and carbon dioxide)"
2023-JSS021-Kidato III,Conduct experiments in Chemistry,Conduct experiments in Chemistry,Prepare sulphuric acid from sulphur dioxide
2023-JSS021-Kidato III,Demonstrate mastery of basic principles of extraction of metals,Demonstrate mastery of the principles of extraction of metals,"Describe the extraction of iron from its ore (ores, stages, and methods of extraction)"
2023-JSS021-Kidato III,Conduct a project in Chemistry,Conduct a project in Chemistry,Design and carry-out a simple research project in Chemistry
2023-JSS021-Kidato IV,"Demonstrate mastery of basic concepts, theories and principles in Chemistry","Demonstrate mastery of concepts, theories and principles in Chemistry","Explore the basic tenets of qualitative analysis (preliminary analysis, tests in solution and confirmatory test)"
2023-JSS021-Kidato IV,"Demonstrate mastery of basic concepts, theories and principles in Chemistry","Demonstrate mastery of concepts, theories and principles in Chemistry",Explore the basic tenets of Organic Chemistry (organic compounds; aliphatic hydrocarbons and alcohols)
2023-JSS021-Kidato IV,Demonstrate mastery of basic terminologies in Chemistry,Use the International Union of Pure and Applied Chemistry nomenclature to name chemical species,Use Chemistry software to draw organic structures of hydrocarbons and alcohols with 1 carbon to 10 carbon atoms
2023-JSS021-Kidato IV,Demonstrate mastery of basic terminologies in Chemistry,Use the International Union of Pure and Applied Chemistry nomenclature to name chemical species,Name aliphatic hydrocarbons and alcohols with 1 carbon to 10 carbon atoms using the IUPAC system and Chemistry software
2023-JSS021-Kidato IV,Demonstrate mastery of basic terminologies in Chemistry,"Use chemical symbols, formulae and equations to represent chemical reaction",Describe the chemical reactions of aliphatic hydrocarbons and alcohols in relation to their structures
2023-JSS021-Kidato IV,Conduct experiments in Chemistry,Conduct experiments in Chemistry,Investigate the composition of chemical species in substances using systematic qualitative analysis
2023-JSS021-Kidato IV,Conduct experiments in Chemistry,Conduct experiments in Chemistry,Demonstrate the local and industrial preparations of aliphatic hydrocarbons and alcohols
2023-JSS021-Kidato IV,Conduct a project in Chemistry,Conduct a project in Chemistry,Complete and submit a report for the project started in Form Three
2023-JSS015-Kidato I,Kumudu misingi ya Kiswahili,Kutambua Kiswahili kama kielelezo cha utaifa na utambulisho wa Mtanzania,Kutumia Kiswahili katika mijadala mbalimbali kwa kuzingatia utamaduni wa Mtanzania (mf. matumizi ya tafsida na uteuzi wa maneno kulingana na mila na desturi za Mtanzania)
2023-JSS015-Kidato I,Kumudu misingi ya Kiswahili,Kukuza uelewa wa sarufi ya Kiswahili,"Kusimulia habari na matukio kwa kuzingatia kiimbo, mkazo, na lafudhi pamoja na dhima zake"
2023-JSS015-Kidato I,Kumudu misingi ya Kiswahili,Kukuza uelewa wa sarufi ya Kiswahili,"Kuandika hadithi kwa kuzingatia mpangilio na uhusiano sahihi wa maneno (nomino, vivumishi, vielezi, viwakilishi, vitenzi, vihisishi, vihusishi na viunganishi) katika sentensi"
2023-JSS015-Kidato I,Kumudu misingi ya Kiswahili,Kukuza uelewa wa sarufi ya Kiswahili,Kuandika hadithi kwa kuzingatia mpangilio na uhusiano sahihi wa sentensi katika aya
2023-JSS015-Kidato I,Kumudu lugha ya mazungumzo na ya maandishi,Kusikiliza na kuelewa mazungumzo,Kusikiliza mazungumzo changamani na kujibu maswali
2023-JSS015-Kidato I,Kumudu lugha ya mazungumzo na ya maandishi,Kusikiliza na kuelewa mazungumzo,Kueleza kwa muhtasari mazungumzo changamani aliyoyasikiliza
2023-JSS015-Kidato I,Kumudu lugha ya mazungumzo na ya maandishi,Kusikiliza na kuelewa mazungumzo,"Kushiriki katika majadiliano ya masuala mbalimbali kwa kuzingatia sifa za lugha ya mazungumzo (mf. lugha ya mkato, kupeana nafasi)"
2023-JSS015-Kidato I,Kumudu lugha ya mazungumzo na ya maandishi,Kusoma matini kwa ufasaha na ufahamu,"Kusoma matini fupi changamani kwa kuzingatia alama za uandishi, kasi sahihi na kiimbo cha tungo"
2023-JSS015-Kidato I,Kumudu lugha ya mazungumzo na ya maandishi,Kusoma matini kwa ufasaha na ufahamu,Kueleza namna alama za uandishi na kiimbo vinavyoathiri ujumbe katika usomaji wa matini fupi changamani
2023-JSS015-Kidato I,Kumudu lugha ya mazungumzo na ya maandishi,Kusoma matini kwa ufasaha na ufahamu,"Kuandika hoja kuu kutoka katika matini fupi changamani alizozisoma kwa kuzingatia sifa za lugha ya maandishi (mf. alama za uandishi, miunganiko sahihi ya tungo, usanifu)"
2023-JSS015-Kidato I,Kumudu lugha ya mazungumzo na ya maandishi,Kusoma matini kwa ufasaha na ufahamu,Kutumia TEHAMA kutafuta maana ya maneno mapya kutoka katika matini aliyoisoma
2023-JSS015-Kidato I,Kuwasiliana katika miktadha mbalimbali,Kutumia kamusi katika miktadha mbalimbali,Kutumia msamiati kwa usahihi katika mazungumzo na maandishi
2023-JSS015-Kidato I,Kuwasiliana katika miktadha mbalimbali,Kutumia kamusi katika miktadha mbalimbali,Kutumia taarifa mbalimbali za kamusi katika mawasiliano ya mazungumzo na maandishi
2023-JSS015-Kidato I,Kuwasiliana katika miktadha mbalimbali,Kuwasiliana kwa ufasaha kwa njia ya mazungumzo,"Kuzungumza kwa ufasaha katika miktadha mbalimbali (mf. nyumbani, shuleni na hospitalini)"
2023-JSS015-Kidato I,Kuwasiliana katika miktadha mbalimbali,Kuwasiliana kwa ufasaha kwa njia ya mazungumzo,Kutumia lugha kwa ufasaha katika malumbano ya hoja
2023-JSS015-Kidato I,Kuwasiliana katika miktadha mbalimbali,Kuwasiliana kwa njia ya maandishi katika miktadha mbalimbali,Kujieleza kwa ufasaha kwa maandishi katika miktadha mbalimbali
2023-JSS015-Kidato II,Kumudu misingi ya Kiswahili,Kukuza uelewa wa sarufi ya Kiswahili,Kuandika habari kwa kuzingatia upatanisho wa kisarufi (kwa kuzingatia ngeli za nomino na viambishi vya upatanisho)
2023-JSS015-Kidato II,Kumudu misingi ya Kiswahili,Kukuza uelewa wa sarufi ya Kiswahili,Kuzungumza kwa kutumia miundo changamani ya sentensi katika miktadha mbalimbali (sentensi ambatani na changamani)
2023-JSS015-Kidato II,Kumudu misingi ya Kiswahili,Kukuza uelewa wa sarufi ya Kiswahili,Kuandika matini fupi kwa kutumia miundo changamani ya sentensi
2023-JSS015-Kidato II,Kumudu lugha ya mazungumzo na ya maandishi,Kusikiliza na kuelewa mazungumzo,"Kusikiliza habari changamani kwa umakini, udadisi na kuuliza maswali"
2023-JSS015-Kidato II,Kumudu lugha ya mazungumzo na ya maandishi,Kusikiliza na kuelewa mazungumzo,Kusikiliza mijadala/habari changamani na kuwasilisha mawazo makuu aliyoyapata kwa kuzingatia uwazi na uwekevu
2023-JSS015-Kidato II,Kumudu lugha ya mazungumzo na ya maandishi,Kusoma matini kwa ufasaha na ufahamu,Kusoma matini ndefu changamani kwa kina na utunduizi
2023-JSS015-Kidato II,Kumudu lugha ya mazungumzo na ya maandishi,Kusoma matini kwa ufasaha na ufahamu,"Kusoma matini ndefu changamani, kuandika muhtasari wa hoja kuu zilizomo na kutoa maoni juu ya hoja hizo"
2023-JSS015-Kidato II,Kuwasiliana katika miktadha mbalimbali,Kuwasiliana kwa ufasaha kwa njia ya mazungumzo,"Kuzungumza kwa kutumia mitindo mbalimbali ya lugha ya mazungumzo na kwa kuzingatia miktadha, umri, jinsia na uhusiano"
2023-JSS015-Kidato II,Kuwasiliana katika miktadha mbalimbali,Kuwasiliana kwa ufasaha kwa njia ya mazungumzo,Kutumia kwa usahihi ishara zinazoambatana na mazungumzo katika kuwasiliana
2023-JSS015-Kidato II,Kuwasiliana katika miktadha mbalimbali,Kuwasiliana kwa njia ya maandishi katika miktadha mbalimbali,Kuandika insha za wasifu na hoja (za kisanaa na zisizo za kisanaa)
2023-JSS015-Kidato II,Kuwasiliana katika miktadha mbalimbali,Kuwasiliana kwa njia ya maandishi katika miktadha mbalimbali,Kusikiliza hoja na kuandika kumbukumbu
2023-JSS015-Kidato III,Kumudu misingi ya Kiswahili,Kukuza uelewa wa sarufi ya Kiswahili,"Kuunda maneno kwa njia mbalimbali kutokana na habari alizozisoma au kuzisikiliza (mf. utohoaji, uradidi, uhulutishaji)"
2023-JSS015-Kidato III,Kumudu misingi ya Kiswahili,Kukuza uelewa wa sarufi ya Kiswahili,Kuandika habari kwa kuzingatia maneno yaliyoundwa kwa njia mbalimbali
2023-JSS015-Kidato III,Kumudu misingi ya Kiswahili,Kukuza uelewa wa sarufi ya Kiswahili,"Kujenga hoja za uga mahususi kwa kutumia miundo mbalimbali ya sentensi (mf. siasa, uchumi, kilimo na biashara)"
2023-JSS015-Kidato III,Kumudu misingi ya Kiswahili,Kukuza uelewa wa sarufi ya Kiswahili,Kuandika matini ndefu na changamani kwa kutumia miundo mbalimbali ya sentensi
2023-JSS015-Kidato III,Kumudu lugha ya mazungumzo na ya maandishi,Kusikiliza na kuelewa mazungumzo,Kusikiliza habari changamani kitunduizi na kuchangia au kutoa maoni mwafaka
2023-JSS015-Kidato III,Kumudu lugha ya mazungumzo na ya maandishi,Kusikiliza na kuelewa mazungumzo,"Kusikiliza habari na kuzielezea kwa maneno yake mwenyewe kwa kuzingatia stadi za mawasiliano (mf. uwazi, ukamilifu wa hoja, usahihi, muwala, uwekevu na staha)"
2023-JSS015-Kidato III,Kumudu lugha ya mazungumzo na ya maandishi,Kusoma matini kwa ufasaha na ufahamu,"Kusoma matini ndefu changamani na kuelezea kwa maandishi mawazo makuu yaliyomo kwa kuzingatia stadi za mawasiliano (mf. uwazi, ukamilifu wa hoja, usahihi, muwala, uwekevu na staha)"
2023-JSS015-Kidato III,Kumudu lugha ya mazungumzo na ya maandishi,Kusoma matini kwa ufasaha na ufahamu,Kusoma matini ndefu changamani na kutathmini hoja zilizomo
2023-JSS015-Kidato III,Kuwasiliana katika miktadha mbalimbali,Kuwasiliana kwa ufasaha kwa njia ya mazungumzo,"Kutumia lugha fasaha katika mazungumzo ya hadhara (mf. mikutano ya hadhara, uwasilishaji mbele ya halaiki na mijadala mbalimbali)"
2023-JSS015-Kidato III,Kuwasiliana katika miktadha mbalimbali,Kuwasiliana kwa njia ya maandishi katika miktadha mbalimbali,Kuandika barua na makala za magazetini
2023-JSS015-Kidato III,Kuthamini kazi za fasihi ya Kiswahili,Kukuza uelewa wa misingi ya fasihi ya Kiswahili,"Kufafanua dhana ya fasihi na fasihi ya Kiswahili (maana, aina na dhima)"
2023-JSS015-Kidato III,Kuthamini kazi za fasihi ya Kiswahili,Kukuza uelewa wa misingi ya fasihi ya Kiswahili,Kuchambua tanzu za fasihi simulizi na andishi
2023-JSS015-Kidato III,Kuthamini kazi za fasihi ya Kiswahili,Kuhakiki kazi za fasihi ya Kiswahili,"Kujadili dhana ya uhakiki wa kazi za fasihi (maana ya uhakiki, mhakiki na sifa za mhakiki)"
2023-JSS015-Kidato III,Kuthamini kazi za fasihi ya Kiswahili,Kuhakiki kazi za fasihi ya Kiswahili,Kufafanua misingi ya uhakiki wa kazi za fasihi simulizi na fasihi andishi (vipengele vya fani na maudhui)
2023-JSS015-Kidato III,Kuthamini kazi za fasihi ya Kiswahili,Kuhakiki kazi za fasihi ya Kiswahili,Kuhakiki fani na maudhui katika kazi za fasihi simulizi (mashairi na maigizo)
2023-JSS015-Kidato III,Kuthamini kazi za fasihi ya Kiswahili,Kuhakiki kazi za fasihi ya Kiswahili,Kuhakiki fani na maudhui katika tamthiliya
2023-JSS015-Kidato III,Kuthamini kazi za fasihi ya Kiswahili,Kuhakiki kazi za fasihi ya Kiswahili,Kutathmini namna maudhui ya kazi alizozihakiki yanavyosadifu jamii inayomzunguka
2023-JSS015-Kidato III,Kuthamini kazi za fasihi ya Kiswahili,Kubuni kazi za fasihi ya Kiswahili,"Kujadili kanuni za utunzi wa nyimbo, ngonjera na maigizo"
2023-JSS015-Kidato III,Kuthamini kazi za fasihi ya Kiswahili,Kubuni kazi za fasihi ya Kiswahili,"Kutunga nyimbo, ngonjera na maigizo"
2023-JSS015-Kidato III,Kuthamini kazi za fasihi ya Kiswahili,Kubuni kazi za fasihi ya Kiswahili,Kuimba nyimbo na kutamba ngonjera
2023-JSS015-Kidato III,Kuthamini kazi za fasihi ya Kiswahili,Kubuni kazi za fasihi ya Kiswahili,Kuigiza maigizo
2023-JSS015-Kidato III,Kutoa huduma ya lugha ya Kiswahili katika jamii,Kufanya tafsiri sahili katika lugha ya Kiswahili,"Kujadili dhana, misingi, kanuni, na hatua za tafsiri"
2023-JSS015-Kidato III,Kutoa huduma ya lugha ya Kiswahili katika jamii,Kufanya tafsiri sahili katika lugha ya Kiswahili,Kutafsiri matini fupi sahili
2023-JSS015-Kidato III,Kutoa huduma ya lugha ya Kiswahili katika jamii,Kufanya tafsiri sahili katika lugha ya Kiswahili,Kutatua changamoto zinazojitokeza katika kutafsiri matini
2023-JSS015-Kidato III,Kutoa huduma ya lugha ya Kiswahili katika jamii,Kuhariri matini mbalimbali za Kiswahili,"Kujadili dhana, kanuni na misingi ya uhariri"
2023-JSS015-Kidato III,Kutoa huduma ya lugha ya Kiswahili katika jamii,Kuhariri matini mbalimbali za Kiswahili,Kuhariri matini fupi za Kiswahili
2023-JSS015-Kidato IV,Kuwasiliana katika miktadha mbalimbali,Kuwasiliana kwa ufasaha kwa njia ya mazungumzo,Kuigiza usaili kwa kuzungumza na kuandika
2023-JSS015-Kidato IV,Kuwasiliana katika miktadha mbalimbali,Kuwasiliana kwa njia ya maandishi katika miktadha mbalimbali,Kuandika wasifukazi na tawasifu
2023-JSS015-Kidato IV,Kuthamini kazi za fasihi ya Kiswahili,Kuhakiki kazi za fasihi ya Kiswahili,Kujadili dhana ya mashairi andishi
2023-JSS015-Kidato IV,Kuthamini kazi za fasihi ya Kiswahili,Kuhakiki kazi za fasihi ya Kiswahili,Kuhakiki fani na maudhui katika mashairi andishi
2023-JSS015-Kidato IV,Kuthamini kazi za fasihi ya Kiswahili,Kuhakiki kazi za fasihi ya Kiswahili,Kuhakiki fani na maudhui katika riwaya
2023-JSS015-Kidato IV,Kuthamini kazi za fasihi ya Kiswahili,Kuhakiki kazi za fasihi ya Kiswahili,Kuhusianisha kazi za fasihi na maisha halisi
2023-JSS015-Kidato IV,Kuthamini kazi za fasihi ya Kiswahili,Kubuni kazi za fasihi ya Kiswahili,Kujadili kanuni za utunzi wa hadithi fupi simulizi na andishi
2023-JSS015-Kidato IV,Kuthamini kazi za fasihi ya Kiswahili,Kubuni kazi za fasihi ya Kiswahili,Kutunga hadithi fupi simulizi na andishi
2023-JSS015-Kidato IV,Kuthamini kazi za fasihi ya Kiswahili,Kubuni kazi za fasihi ya Kiswahili,Kutamba hadithi
2023-JSS015-Kidato IV,Kutoa huduma ya lugha ya Kiswahili katika jamii,Kufanya tafsiri sahili katika lugha ya Kiswahili,Kutafsiri matini ndefu sahili
2023-JSS015-Kidato IV,Kutoa huduma ya lugha ya Kiswahili katika jamii,Kufanya tafsiri sahili katika lugha ya Kiswahili,Kutathmini matini zilizotafsiriwa
2023-JSS015-Kidato IV,Kutoa huduma ya lugha ya Kiswahili katika jamii,Kuhariri matini mbalimbali za Kiswahili,Kuhariri matini ndefu za Kiswahili
2023-JSS015-Kidato IV,Kutoa huduma ya lugha ya Kiswahili katika jamii,Kuhariri matini mbalimbali za Kiswahili,Kutathmini matini zilizohaririwa
2023-JSS015-Kidato IV,Kutoa huduma ya lugha ya Kiswahili katika jamii,Kufanya ukalimani sahili kwa lugha ya Kiswahili,Kujadili dhana na misingi ya ukalimani (maana na istilahi zinazotokana na fasili ya ukalimani)
2023-JSS015-Kidato IV,Kutoa huduma ya lugha ya Kiswahili katika jamii,Kufanya ukalimani sahili kwa lugha ya Kiswahili,Kueleza stadi muhimu katika ukalimani
2023-JSS015-Kidato IV,Kutoa huduma ya lugha ya Kiswahili katika jamii,Kufanya ukalimani sahili kwa lugha ya Kiswahili,Kukalimani mazungumzo mafupi na sahili katika miktadha mbalimbali
2023-JSS019-Kidato I,Demonstrate mastery of African history before colonialism,Demonstrate an understanding of the concept of History and sources of historical information,Describe the concept of History and the sources of historical information
2023-JSS019-Kidato I,Demonstrate mastery of African history before colonialism,Demonstrate an understanding of theories of the origin of human beings,Describe the theories of the origin of human beings
2023-JSS019-Kidato I,Demonstrate mastery of African history before colonialism,Demonstrate an understanding of theories of the origin of human beings,Describe the stages of human evolution and their technological Ages
2023-JSS019-Kidato I,Demonstrate mastery of African history before colonialism,"Demonstrate an understanding of the economic, political, social and technological development in pre-colonial Africa",Describe different modes of production in pre-colonial Africa
2023-JSS019-Kidato I,Demonstrate mastery of African history before colonialism,"Demonstrate an understanding of the economic, political, social and technological development in pre-colonial Africa",Explain different economic activities and their impact on pre-colonial African societies
2023-JSS019-Kidato I,Demonstrate mastery of African history before colonialism,"Demonstrate an understanding of the economic, political, social and technological development in pre-colonial Africa",Describe social-political organisations and education in pre-colonial African societies
2023-JSS019-Kidato II,Demonstrate mastery of African history before colonialism,Demonstrate an understanding of interactions among African societies during the pre-colonial period,"Describe the pre-colonial interactions among the societies of Indian Ocean Islands, Eastern, Western, Northern and Southern Africa (conditions and consequences)"
2023-JSS019-Kidato II,Demonstrate mastery of African history before colonialism,"Demonstrate an understanding of the early contacts among the people of Africa, the Middle East, the Far East and Europe from the 1st Century to the 19th Century","Describe the early contacts between African societies and the Middle East, Far East and Europe from the 1st Century up to the 15th Century (conditions and consequences)"
2023-JSS019-Kidato II,Demonstrate mastery of African history before colonialism,"Demonstrate an understanding of the early contacts among the people of Africa, the Middle East, the Far East and Europe from the 1st Century to the 19th Century","Explain the contacts between African societies and the Portuguese, French, Dutch and British from the 15th Century up to the 18th Century"
2023-JSS019-Kidato II,Demonstrate mastery of African history before colonialism,"Demonstrate an understanding of the early contacts among the people of Africa, the Middle East, the Far East and Europe from the 1st Century to the 19th Century","Describe the origin, development and effects of the slave trade from the 15th Century to the 19th Century"
2023-JSS019-Kidato III,Demonstrate mastery of the relationship between capitalism and Africa,Demonstrate an understanding of the development of capitalism and its impact on Africa,Describe the development of capitalism in Europe and its impact on Africa
2023-JSS019-Kidato III,Demonstrate mastery of the relationship between capitalism and Africa,Demonstrate an understanding of colonial systems in Africa,"Discuss colonial administrative systems in Africa (German, French, British and Portuguese)"
2023-JSS019-Kidato III,Demonstrate mastery of the relationship between capitalism and Africa,Demonstrate an understanding of colonial systems in Africa,"Discuss colonial economic systems in Africa (Establishment, characteristics, sectors, labour issues)"
2023-JSS019-Kidato III,Demonstrate mastery of the relationship between capitalism and Africa,Demonstrate an understanding of colonial systems in Africa,Assess the nature and patterns of colonial social services in Africa
2023-JSS019-Kidato III,Demonstrate mastery of the relationship between capitalism and Africa,Demonstrate an understanding of colonial systems in Africa,"Relate colonial economic, political, infrastructure, and education systems in Africa with the current African systems (focusing on similarities and differences)"
2023-JSS019-Kidato III,Demonstrate mastery of the relationship between capitalism and Africa,Demonstrate an understanding of the history of nationalist movements in Africa,Describe nationalist movements in Africa
2023-JSS019-Kidato III,Demonstrate mastery of the relationship between capitalism and Africa,Demonstrate an understanding of the history of nationalist movements in Africa,Assess the rise of nationalist movements in Africa
2023-JSS019-Kidato III,Demonstrate mastery of the relationship between capitalism and Africa,Demonstrate an understanding of the history of nationalist movements in Africa,Appraise the lessons drawn from the nationalist movements in Africa
2023-JSS019-Kidato IV,Demonstrate mastery of the history of nation-building in post-colonial Africa,Demonstrate mastery of the history of nation-building in post-colonial Africa,Describe the concept and origin of nation-building in Africa
2023-JSS019-Kidato IV,Demonstrate mastery of the history of nation-building in post-colonial Africa,Demonstrate mastery of the history of nation-building in post-colonial Africa,Evaluate the strategies used in nation-building
2023-JSS019-Kidato IV,Demonstrate mastery of the history of nation-building in post-colonial Africa,Demonstrate an understanding of the successes and challenges of nation-building in post-colonial Africa,Appraise the achievements and challenges of nation-building in post-colonial Africa
2023-JSS019-Kidato IV,Demonstrate mastery of the history of nation-building in post-colonial Africa,Demonstrate an understanding of the successes and challenges of nation-building in post-colonial Africa,Design and carry out a project on nation-building between the 1960s and 1970s (use one African country as a case study)
2023-JSS019-Kidato IV,Demonstrate mastery of the history of Africa's participation in regional and international affairs,Demonstrate an understanding of the regional integration in Africa,"Describe the origin and development of the Organisation of African Unity (OAU/African Union (AU) and economic regional groupings in Africa (OAU/AU, EAC, SADC & ECOWAS, Arab Maghreb Union)"
2023-JSS019-Kidato IV,Demonstrate mastery of the history of Africa's participation in regional and international affairs,Demonstrate an understanding of the regional integration in Africa,Assess the performance of continental and regional integration efforts in Africa
2023-JSS019-Kidato IV,Demonstrate mastery of the history of Africa's participation in regional and international affairs,Demonstrate an understanding of the history of Africa's participation in the United Nations Organisation,Appraise African participation in the United Nations and its agencies
2023-JSS020-Kidato I,"Demonstrate mastery of the concepts, principles and processes of Biology","Describe the physiological, anatomical and ecological processes of living organisms","Explain the basic concepts of Biology (meaning, branches, basic terminologies, importance and its relationship with other disciplines)"
2023-JSS020-Kidato I,"Demonstrate mastery of the concepts, principles and processes of Biology","Describe the physiological, anatomical and ecological processes of living organisms","Describe a cell (meaning, types, structures and functions)"
2023-JSS020-Kidato I,"Demonstrate mastery of the concepts, principles and processes of Biology","Describe the physiological, anatomical and ecological processes of living organisms","Describe nutrition in plants (photosynthesis, leaf structure and mineral requirements)"
2023-JSS020-Kidato I,Communicating using scientific biological terminologies,Demonstrate mastery of scientific biological terminologies,"Explain the concept and systems of classification (meaning ,importance of classification, rules of scientific naming of organisms, artificial and natural classification systems)"
2023-JSS020-Kidato I,Communicating using scientific biological terminologies,Demonstrate mastery of scientific biological terminologies,"Describe the major groups of organisms: (Monera, Protista, Fungi, Plantae, Animalia and Viruses)"
2023-JSS020-Kidato I,Conduct biological investigations,Demonstrate mastery of basic skills for conducting biological investigations,"Describe the basic skills for conducting biological experiments (observation, measurement and experimentation)"
2023-JSS020-Kidato I,Conduct biological investigations,Demonstrate mastery of basic skills for conducting biological investigations,Carry out microscopic observation of a cell
2023-JSS020-Kidato I,Conduct biological investigations,Demonstrate mastery of basic skills for conducting biological investigations,Carry out investigations related to photosynthesis (conditions necessary for photosynthesis)
2023-JSS020-Kidato I,Conduct biological investigations,Prepare and present results of biological investigations,Prepare and present a report on cell and photosynthesis investigations
2023-JSS020-Kidato II,"Demonstrate mastery of the concepts, principles and processes of Biology","Describe the physiological, anatomical and ecological processes of living organisms","Describe nutrition in human and ruminants (nutrients, digestive system and processes)"
2023-JSS020-Kidato II,"Demonstrate mastery of the concepts, principles and processes of Biology","Describe the physiological, anatomical and ecological processes of living organisms","Describe the mechanism of transportation of materials in flowering plants (vascular system, absorption and movement of water and mineral salts and transpiration)"
2023-JSS020-Kidato II,"Demonstrate mastery of the concepts, principles and processes of Biology","Describe the physiological, anatomical and ecological processes of living organisms","Describe the mechanism of transportation of materials in the human body (the mammalian heart, blood vessels, blood, blood circulation)"
2023-JSS020-Kidato II,"Demonstrate mastery of the concepts, principles and processes of Biology","Describe the physiological, anatomical and ecological processes of living organisms","Describe the mechanisms of gaseous exchange and respiration in mammals (gaseous exchange in mammals, aerobic and anaerobic respiration)"
2023-JSS020-Kidato II,"Demonstrate mastery of the concepts, principles and processes of Biology","Describe the physiological, anatomical and ecological processes of living organisms",Describe the mechanism of gaseous exchange in plants (parts of plants responsible for gaseous exchange and the process)
2023-JSS020-Kidato II,Conduct biological investigations,Demonstrate mastery of basic skills for conducting biological investigations,Investigate food nutrients in various food samples
2023-JSS020-Kidato II,Conduct biological investigations,Demonstrate mastery of basic skills for conducting biological investigations,Investigate processes of transportation of materials in flowering plants
2023-JSS020-Kidato II,Conduct biological investigations,Demonstrate mastery of basic skills for conducting biological investigations,Carry out experiments to determine the pulse rate in human
2023-JSS020-Kidato II,Conduct biological investigations,Demonstrate mastery of basic skills for conducting biological investigations,Investigate aerobic and anaerobic respiration in living organisms
2023-JSS020-Kidato II,Conduct biological investigations,Prepare and present results of biological investigations,"Prepare and present a report of a biological investigation on ( food nutrients in various food samples, transportation of materials in flowering plants, pulse rate in human, aerobic and anaerobic respiration )"
2023-JSS020-Kidato III,"Demonstrate mastery of the concepts, principles and processes of Biology","Describe the physiological, anatomical and ecological processes of living organisms","Describe coordination in plants (tropic responses) and animals (nervous coordination in human, structure of neurones, sense organs and endocrine system)"
2023-JSS020-Kidato III,"Demonstrate mastery of the concepts, principles and processes of Biology","Describe the physiological, anatomical and ecological processes of living organisms","Describe the mechanism of excretion in the human body (systems: organs, products)"
2023-JSS020-Kidato III,"Demonstrate mastery of the concepts, principles and processes of Biology","Describe the physiological, anatomical and ecological processes of living organisms","Describe the mechanism of regulation in the human body (temperature regulation, blood sugar regulation and osmoregulation)"
2023-JSS020-Kidato III,Conduct biological investigations,Demonstrate mastery of basic skills for conducting biological investigations,Investigate the process of nervous coordination (reflex arc and knee jerk)
2023-JSS020-Kidato III,Conduct biological investigations,Demonstrate mastery of basic skills for conducting biological investigations,Investigate tropic responses in plants
2023-JSS020-Kidato III,Conduct biological investigations,Carry out a biological project work using biological principles,Develop and carry out a simple research project in Biology
2023-JSS020-Kidato IV,"Demonstrate mastery of the concepts, principles and processes of Biology","Describe the physiological, anatomical and ecological processes of living organisms","Describe reproduction in plants (concept of reproduction in plants, asexual and sexual reproduction, pollination and fertilization)"
2023-JSS020-Kidato IV,"Demonstrate mastery of the concepts, principles and processes of Biology","Describe the physiological, anatomical and ecological processes of living organisms","Describe reproduction in humans (sexual reproduction in human, fertilization, pregnancy and child birth)"
2023-JSS020-Kidato IV,"Demonstrate mastery of the concepts, principles and processes of Biology","Describe the physiological, anatomical and ecological processes of living organisms","Describe the mechanisms of growth in mammals and flowering plants (concept of growth, mitosis and growth, growth and developmental stages in human and seed germination)"
2023-JSS020-Kidato IV,"Demonstrate mastery of the concepts, principles and processes of Biology","Describe the physiological, anatomical and ecological processes of living organisms","Explore the basic tenets of genetics (genetic materials, principles of inheritance, monohybrid, Mendelian and non-Mendelian inheritance; variation)"
2023-JSS020-Kidato IV,Conduct biological investigations,Demonstrate mastery of basic skills for conducting biological investigations,Carry out investigation related to reproduction in flowering plants (flower structure and embryo)
2023-JSS020-Kidato IV,Conduct biological investigations,Demonstrate mastery of basic skills for conducting biological investigations,Investigate growth in flowering plants (hypogeal and epigeal germination)
2023-JSS020-Kidato IV,Conduct biological investigations,Carry out a biological project work using biological principles,Complete and submit a report for the research project started in Form Three
2023-JSS001-Kidato I,Demonstrate mastery of mathematical language,Use numerical skills in different contexts,"Explain the basic concepts of Mathematics (Meaning of mathematics, branches of mathematics, relationship between mathematics and other subjects, importance of mathematics)"
2023-JSS001-Kidato I,Demonstrate mastery of mathematical language,Use numerical skills in different contexts,"Explain the concept of rational, irrational, and real numbers"
2023-JSS001-Kidato I,Demonstrate mastery of mathematical language,Use numerical skills in different contexts,Convert repeating/recurring decimals into fractions and vice versa
2023-JSS001-Kidato I,Demonstrate mastery of mathematical language,Use numerical skills in different contexts,Represent rational numbers on a number line
2023-JSS001-Kidato I,Demonstrate mastery of mathematical language,Use numerical skills in different contexts,Explain the concept of inequalities and absolute values of real numbers
2023-JSS001-Kidato I,Demonstrate mastery of mathematical language,Use numerical skills in different contexts,Describe the importance of numbers in real-life situations
2023-JSS001-Kidato I,Demonstrate mastery of mathematical language,Use ratios and proportions in daily life,Explain the concept of ratios and proportions
2023-JSS001-Kidato I,Demonstrate mastery of mathematical language,Use ratios and proportions in daily life,Solve ratio and proportion problems
2023-JSS001-Kidato I,Demonstrate mastery of basic concepts in geometry and algebra,"Use geometry, approximations, relations and functions in various contexts","Explain the concept of approximations (rounding off, significant figures, and decimal places)"
2023-JSS001-Kidato I,Demonstrate mastery of basic concepts in geometry and algebra,"Use geometry, approximations, relations and functions in various contexts",Round off numbers and estimate values of expressions
2023-JSS001-Kidato I,Demonstrate mastery of basic concepts in geometry and algebra,"Use geometry, approximations, relations and functions in various contexts",Approximate numbers to the required significant figures and decimal places
2023-JSS001-Kidato I,Demonstrate mastery of basic concepts in geometry and algebra,"Use geometry, approximations, relations and functions in various contexts",Use approximations in computations and measurements of quantities in various contexts
2023-JSS001-Kidato I,Demonstrate mastery of basic concepts in geometry and algebra,Use algebra and matrices in problem solving,"Explore the basic tenets of algebra (algebraic expressions and equations, linear simultaneous equations of two unknowns, inequalities in one unknown)"
2023-JSS001-Kidato I,Demonstrate mastery of basic concepts in geometry and algebra,Use algebra and matrices in problem solving,Use algebraic expressions to model situations (word problems into algebraic expressions and equations)
2023-JSS001-Kidato I,Demonstrate mastery of basic concepts in geometry and algebra,Use algebra and matrices in problem solving,Solve simultaneous equations using substitution and elimination methods
2023-JSS001-Kidato I,Demonstrate mastery of basic concepts in geometry and algebra,Use algebra and matrices in problem solving,Solve inequalities in one unknown
2023-JSS001-Kidato I,"Demonstrate mastery of basic concepts in coordinate geometry, trigonometry, circles, vectors, probability and statistics","Use basic coordinate geometry, trigonometry and vectors skills in daily life","Explore the basic tenets of coordinate geometry (gradient and equations of a straight line, graphs of linear equations)"
2023-JSS001-Kidato I,"Demonstrate mastery of basic concepts in coordinate geometry, trigonometry, circles, vectors, probability and statistics","Use basic coordinate geometry, trigonometry and vectors skills in daily life",Find the gradient/slope of a line
2023-JSS001-Kidato I,"Demonstrate mastery of basic concepts in coordinate geometry, trigonometry, circles, vectors, probability and statistics","Use basic coordinate geometry, trigonometry and vectors skills in daily life",Determine the equation of a straight line and draw its graph
2023-JSS001-Kidato I,"Demonstrate mastery of basic concepts in coordinate geometry, trigonometry, circles, vectors, probability and statistics","Use basic coordinate geometry, trigonometry and vectors skills in daily life",Solve linear simultaneous equations graphically
2023-JSS001-Kidato I,"Demonstrate mastery of basic concepts in coordinate geometry, trigonometry, circles, vectors, probability and statistics","Use basic coordinate geometry, trigonometry and vectors skills in daily life",Use mathematical software to solve and draw graphs of simultaneous equations
2023-JSS001-Kidato II,Demonstrate mastery of mathematical language,Use rates and variations in different contexts,Describe the concepts of rates and variations
2023-JSS001-Kidato II,Demonstrate mastery of mathematical language,Use rates and variations in different contexts,Solve problems on rates and variations
2023-JSS001-Kidato II,Demonstrate mastery of basic concepts in geometry and algebra,"Use geometry, approximations, relations and functions in various contexts",Describe the concepts of geometry (similarities and congruence)
2023-JSS001-Kidato II,Demonstrate mastery of basic concepts in geometry and algebra,"Use geometry, approximations, relations and functions in various contexts",Recognize properties of similar triangles
2023-JSS001-Kidato II,Demonstrate mastery of basic concepts in geometry and algebra,"Use geometry, approximations, relations and functions in various contexts","Explain postulates, proofs, and theorems of congruent triangles"
2023-JSS001-Kidato II,Demonstrate mastery of basic concepts in geometry and algebra,Use algebra and matrices in problem solving,"Explore the basic tenets of algebra (binary operations, quadratic expressions and equations, radicals, exponents, and logarithms)"
2023-JSS001-Kidato II,Demonstrate mastery of basic concepts in geometry and algebra,Use algebra and matrices in problem solving,"Solve quadratic equations by using different methods (factorisation, Completing the square, and quadratic formula)"
2023-JSS001-Kidato II,Demonstrate mastery of basic concepts in geometry and algebra,Use algebra and matrices in problem solving,"Identify and use laws of exponents involving positive, negative, and zero exponents (multiplication law, division law, power law, and zero index)"
2023-JSS001-Kidato II,Demonstrate mastery of basic concepts in geometry and algebra,Use algebra and matrices in problem solving,Write numbers in standard form
2023-JSS001-Kidato II,Demonstrate mastery of basic concepts in geometry and algebra,Use algebra and matrices in problem solving,Use laws of logarithms to solve problems
2023-JSS001-Kidato II,Demonstrate mastery of basic concepts in geometry and algebra,Use algebra and matrices in problem solving,Perform operations on radicals and rationalize the denominators
2023-JSS001-Kidato II,Demonstrate mastery of basic concepts in geometry and algebra,"Use sets, sequences and series in problem solving","Explore the basic tenets of sets (types of sets, subsets, operation with sets, and Venn diagrams of two sets)"
2023-JSS001-Kidato II,Demonstrate mastery of basic concepts in geometry and algebra,"Use sets, sequences and series in problem solving","Distinguish among different types of sets (universal set, equal sets, empty/null set, finite and infinite sets, equivalent sets, and disjoint sets)"
2023-JSS001-Kidato II,Demonstrate mastery of basic concepts in geometry and algebra,"Use sets, sequences and series in problem solving",Compare sets (subsets and universal sets)
2023-JSS001-Kidato II,Demonstrate mastery of basic concepts in geometry and algebra,"Use sets, sequences and series in problem solving","Perform operations with sets (union, intersection, and complement of a set)"
2023-JSS001-Kidato II,Demonstrate mastery of basic concepts in geometry and algebra,"Use sets, sequences and series in problem solving",Represent two sets in a Venn diagram
2023-JSS001-Kidato II,Demonstrate mastery of basic concepts in geometry and algebra,"Use sets, sequences and series in problem solving",Find the number of elements in a set
2023-JSS001-Kidato II,"Demonstrate mastery of basic concepts in coordinate geometry, trigonometry, circles, vectors, probability, and statistics","Use basic coordinate geometry, trigonometry and vectors skills in daily life","Explore the basic tenets of trigonometry (trigonometric ratios, angles of elevation and depression)"
2023-JSS001-Kidato II,"Demonstrate mastery of basic concepts in coordinate geometry, trigonometry, circles, vectors, probability, and statistics","Use basic coordinate geometry, trigonometry and vectors skills in daily life",Determine trigonometric ratios of angles and special angles
2023-JSS001-Kidato II,"Demonstrate mastery of basic concepts in coordinate geometry, trigonometry, circles, vectors, probability, and statistics","Use basic coordinate geometry, trigonometry and vectors skills in daily life",Calculate angles of elevation and depression
2023-JSS001-Kidato III,Demonstrate mastery of basic concepts in geometry and algebra,"Use geometry, approximations, relations and functions in various contexts","Describe the concepts of relations and functions (linear and quadratic) (types of relations, domain and range of relations, graphs of relations and functions, inverse of relations, and functions)"
2023-JSS001-Kidato III,Demonstrate mastery of basic concepts in geometry and algebra,"Use geometry, approximations, relations and functions in various contexts",Find the domain and range of relations and functions
2023-JSS001-Kidato III,Demonstrate mastery of basic concepts in geometry and algebra,"Use geometry, approximations, relations and functions in various contexts",Find the inverses of relations and functions
2023-JSS001-Kidato III,Demonstrate mastery of basic concepts in geometry and algebra,"Use geometry, approximations, relations and functions in various contexts",Draw graphs of relations and functions
2023-JSS001-Kidato III,Demonstrate mastery of basic concepts in geometry and algebra,Use algebra and matrices in problem solving,"Explore the basic tenets of algebra (linear programming: constraints, objective functions, and optimal solution)"
2023-JSS001-Kidato III,Demonstrate mastery of basic concepts in geometry and algebra,Use sequences and series in problem solving,"Explore the basic tenets of sequences and series (Arithmetic progression AP, Geometric progression GP)"
2023-JSS001-Kidato III,Demonstrate mastery of basic concepts in geometry and algebra,Use sequences and series in problem solving,Find the general term for AP and GP and use them to derive formulae for the sums of APs and GPs
2023-JSS001-Kidato III,Demonstrate mastery of basic concepts in geometry and algebra,Use sequences and series in problem solving,"Calculate arithmetic mean, geometric mean, and compound interest"
2023-JSS001-Kidato III,"Demonstrate mastery of basic concepts in coordinate geometry, trigonometry, circles, vectors, probability and statistics",Use basic skills of circles in daily life,"Explore the basic tenets of a circle (angle properties, circle theorems, tangents, chords and radians)"
2023-JSS001-Kidato IV,Demonstrate mastery of basic concepts in geometry and algebra,Use algebra and matrices in problem solving,"Explore the basic tenets of matrices (2×2 matrices: operations, determinant, inverse, and transformations)"
2023-JSS001-Kidato IV,Demonstrate mastery of basic concepts in geometry and algebra,Use algebra and matrices in problem solving,Apply matrices to solve simultaneous equations of two unknowns (matrix inversion method and Cramer’s rule)
2023-JSS001-Kidato IV,"Demonstrate mastery of basic concepts in coordinate geometry, trigonometry, circles, vectors, probability, and statistics","Use basic coordinate geometry, trigonometry, and vectors skills in daily life","Explore the basic tenets of coordinate geometry (midpoint of a line segment, distance between two points on a line, parallel, and perpendicular lines)"
2023-JSS001-Kidato IV,"Demonstrate mastery of basic concepts in coordinate geometry, trigonometry, circles, vectors, probability, and statistics","Use basic coordinate geometry, trigonometry, and vectors skills in daily life",Apply sine and cosine rules to find distances or angles of elevation
2023-JSS001-Kidato IV,"Demonstrate mastery of basic concepts in coordinate geometry, trigonometry, circles, vectors, probability, and statistics","Use basic coordinate geometry, trigonometry, and vectors skills in daily life",Derive and use compound angles to solve problems
2023-JSS001-Kidato IV,"Demonstrate mastery of basic concepts in coordinate geometry, trigonometry, circles, vectors, probability, and statistics","Use basic coordinate geometry, trigonometry, and vectors skills in daily life","Explore the basic tenets of vectors (displacement and position vectors, magnitude and direction, sum and differences, multiplication of vectors by a scalar)"
2023-JSS001-Kidato IV,"Demonstrate mastery of basic concepts in coordinate geometry, trigonometry, circles, vectors, probability, and statistics",Use probability in problem solving,"Explore the basic tenets of probability of two events (probability of an event, mutually exclusive events, dependent events, combined events using tree diagrams, tables and formulae)"
2023-JSS001-Kidato IV,"Demonstrate mastery of basic concepts in coordinate geometry, trigonometry, circles, vectors, probability, and statistics",Use statistics in problem solving,"Explore the basic tenets of statistics (frequency distribution, measures of central tendency, histogram, frequency polygon, and cumulative frequency curve ‘ogive’)"
2023-JSS022-Kidato I,Apply knowledge of Physics in various contexts,"Demonstrate mastery of basic concepts, theories and principles of Physics","Explain the concept of Physics (Meaning, branches and connection with other disciplines)"
2023-JSS022-Kidato I,Apply knowledge of Physics in various contexts,"Demonstrate mastery of basic concepts, theories and principles of Physics",Discuss the contribution of Physics to the development of modern society
2023-JSS022-Kidato I,Apply knowledge of Physics in various contexts,"Demonstrate mastery of basic concepts, theories and principles of Physics","Explain concepts of physical quantities (fundamental and derived quantities) and their, SI units"
2023-JSS022-Kidato I,Apply knowledge of Physics in various contexts,"Demonstrate mastery of basic concepts, theories and principles of Physics","Describe concepts of linear motion (speed, velocity, acceleration, distance, and displacement)"
2023-JSS022-Kidato I,Apply knowledge of Physics in various contexts,"Demonstrate mastery of basic concepts, theories and principles of Physics","Explain the concepts and principles related to force, density, pressure, work, power, energy"
2023-JSS022-Kidato I,Apply knowledge of Physics in various contexts,"Demonstrate mastery of basic concepts, theories and principles of Physics","Deduce the relationship between density, sinking and floating"
2023-JSS022-Kidato I,Apply knowledge of Physics in various contexts,"Demonstrate mastery of basic concepts, theories and principles of Physics",Describe the mechanical properties of matter in relation to force and energy
2023-JSS022-Kidato I,Apply knowledge of Physics in various contexts,"Demonstrate mastery of basic terminologies, measurements and symbols in Physics",Describe various instruments used for measurement in Physics
2023-JSS022-Kidato I,Apply knowledge of Physics in various contexts,"Demonstrate mastery of basic terminologies, measurements and symbols in Physics",Relate measuring instruments to physical quantities
2023-JSS022-Kidato I,Apply knowledge of Physics in various contexts,Use mathematics to explain physical principles and phenomena,"Use mathematical knowledge to describe relationship between various physical quantities (force, velocity, acceleration, density, pressure)"
2023-JSS022-Kidato I,Conduct experiments in Physics,Demonstrate mastery of basic experimental skills in Physics,"Conduct experiments related to linear motion, density, force, pressure, work, energy, power and mechanical properties of matter"
2023-JSS022-Kidato I,Conduct experiments in Physics,"Demonstrate mastery of data analysis, presentation and report writing in Physics",Explain the methods of analysing experimental data in physics (statistical analysis)
2023-JSS022-Kidato I,Conduct experiments in Physics,"Demonstrate mastery of data analysis, presentation and report writing in Physics",Use analytical methods to manipulate experimental data in physics
2023-JSS022-Kidato I,Conduct experiments in Physics,"Demonstrate mastery of data analysis, presentation and report writing in Physics",Use graphical method to present experimental results in physics
2023-JSS022-Kidato I,Evaluate and use information in Physics,"Collect, describe and relate physical data","Collect and analyse data to explain various physical quantities (density, force, pressure)"
2023-JSS022-Kidato I,Evaluate and use information in Physics,"Collect, describe and relate physical data","Collect and analyse data to explain experimental observations related to linear motion, force, density, pressure and mechanical properties of matter"
2023-JSS022-Kidato I,Evaluate and use information in Physics,Carry out a project in Physics,"Develop prototype devices based on the concepts, theories, principles and laws gained from the field of linear motion, force, density, pressure and mechanical properties of matter"
2023-JSS022-Kidato II,Apply knowledge of Physics in various contexts,"Demonstrate mastery of basic concepts, theories and principles of Physics","Describe the concept and principles of light (sources of light, propagation and transmission, image formation, colours, optical instruments)"
2023-JSS022-Kidato II,Apply knowledge of Physics in various contexts,"Demonstrate mastery of basic concepts, theories and principles of Physics","Describe the concept and principles of magnetism (magnetization and demagnetization, magnetic fields)"
2023-JSS022-Kidato II,Apply knowledge of Physics in various contexts,"Demonstrate mastery of basic concepts, theories and principles of Physics","Explain the concept and principles of static electricity (detection of static charges, types of materials, capacitors, charge distributions and lightning conductor)"
2023-JSS022-Kidato II,Apply knowledge of Physics in various contexts,"Demonstrate mastery of basic concepts, theories and principles of Physics","Describe the concept and laws of current electricity (electromotive force, potential difference, resistance, effect of electric current, domestic electrical installation)"
2023-JSS022-Kidato II,Apply knowledge of Physics in various contexts,Use mathematics to explain physical principles and phenomena,Apply mathematical knowledge to describe various relations related to light and current electricity
2023-JSS022-Kidato II,Conduct experiments in Physics,Demonstrate mastery of basic experimental skills in Physics,"Carry out experiments related to light, magnetism, static electricity and current electricity"
2023-JSS022-Kidato II,Conduct experiments in Physics,"Demonstrate mastery of data analysis, presentation and report writing in Physics",Use spreadsheet to process experimental data in physics
2023-JSS022-Kidato II,Conduct experiments in Physics,"Demonstrate mastery of data analysis, presentation and report writing in Physics",Use graphs to analyse and determine mathematical relationships between various variables in Physics
2023-JSS022-Kidato II,Conduct experiments in Physics,"Demonstrate mastery of data analysis, presentation and report writing in Physics",Communicate experimental results orally
2023-JSS022-Kidato II,Evaluate and use information in Physics,"Collect, describe and relate physical data","Collect and analyse data to explain various physical quantities (light, magnetism, static electricity and current electricity)"
2023-JSS022-Kidato II,Evaluate and use information in Physics,"Collect, describe and relate physical data","Collect and analyse data to explain experimental observations related to light, magnetism, static electricity and current electricity"
2023-JSS022-Kidato II,Evaluate and use information in Physics,Carry out a project in Physics,"Develop prototype devices based on the concepts, theories, principles, and laws gained from the field of light, magnetism, static electricity and current electricity"
2023-JSS022-Kidato III,Apply knowledge of Physics in various contexts,"Demonstrate mastery of basic concepts, theories and principles of Physics","Describe the concept of waves and laws of motion (Waves, Newton’s laws of motion and linear momentum)"
2023-JSS022-Kidato III,Apply knowledge of Physics in various contexts,"Demonstrate mastery of basic concepts, theories and principles of Physics","Describe the concept and principles of equilibrium (moment of force, centre of gravity and types of equilibrium)"
2023-JSS022-Kidato III,Apply knowledge of Physics in various contexts,"Demonstrate mastery of basic concepts, theories and principles of Physics","Explain the concept and laws of friction (types of friction, laws of friction)"
2023-JSS022-Kidato III,Apply knowledge of Physics in various contexts,"Demonstrate mastery of basic concepts, theories and principles of Physics","Explain the principles of simple machines (lever, pulley, inclined plane, screw jack, wheel and axle, hydraulic press)"
2023-JSS022-Kidato III,Apply knowledge of Physics in various contexts,Use mathematics to explain physical principles and phenomena,"Apply mathematical knowledge to describe various principles and physical phenomena related to waves, Newton’s laws of motion, equilibrium, friction and simple machines)"
2023-JSS022-Kidato III,Conduct experiments in Physics,Demonstrate mastery of basic experimental skills in Physics,Describe types of experimental variables in physics related to motion
2023-JSS022-Kidato III,Conduct experiments in Physics,Demonstrate mastery of basic experimental skills in Physics,"Carry out scientific investigations related to waves, laws of motion, equilibrium, friction and simple machines"
2023-JSS022-Kidato III,Conduct experiments in Physics,"Demonstrate mastery of data analysis, presentation and report writing in Physics",Use scientific report to communicate experimental results in Physics
2023-JSS022-Kidato III,Evaluate and use information in Physics,"Collect, describe and relate physical data","Collect and analyse data to explain various physical parameters (Waves, Newton’s laws of motion, equilibrium, friction and simple machines)"
2023-JSS022-Kidato III,Evaluate and use information in Physics,"Collect, describe and relate physical data","Collect and analyse data to explain experimental observations related to Newton’s laws of motion, equilibrium, friction and simple machines"
2023-JSS022-Kidato III,Evaluate and use information in Physics,Carry out a project in Physics,Develop and carry out a research project in Physics
2023-JSS022-Kidato IV,Apply knowledge of Physics in various contexts,"Demonstrate mastery of basic concepts, theories and principles of Physics","Explore the basic tenets of heat (measurement of temperature, thermal expansion, thermal energy, transfer of thermal energy, measurement of thermal energy, vapour and humidity in relation to air temperature )"
2023-JSS022-Kidato IV,Apply knowledge of Physics in various contexts,"Demonstrate mastery of basic concepts, theories and principles of Physics","Explore the basic tenets of the physics of the atom (structure of atom and structure nuclear, radioactivity, nuclear radiations, nuclear processes and thermionic emission)"
2023-JSS022-Kidato IV,Apply knowledge of Physics in various contexts,"Demonstrate mastery of basic concepts, theories and principles of Physics","Describe the basic principles of electronics (semiconductors, diode, transistor, amplifier)"
2023-JSS022-Kidato IV,Apply knowledge of Physics in various contexts,"Demonstrate mastery of basic concepts, theories and principles of Physics","Describe the concept of renewable energy (solar, hydropower, wind and geothermal energy)"
2023-JSS022-Kidato IV,Apply knowledge of Physics in various contexts,Use mathematics to explain physical principles and phenomena,"Apply mathematical knowledge to describe various principles and physical phenomena related to heat, physics of the atom, electronics and renewable energy"
2023-JSS022-Kidato IV,Conduct experiments in Physics,Demonstrate mastery of basic experimental skills in Physics,"Carry out scientific investigations related to heat, physics of the atom, electronics and renewable energy"
2023-JSS022-Kidato IV,Conduct experiments in Physics,"Demonstrate mastery of data analysis, presentation and report writing in Physics",Use scientific report to communicate experimental results in Physics
2023-JSS022-Kidato IV,Evaluate and use information in Physics,"Collect, describe and relate physical data","Collect and analyse data to explain various physical parameters (heat, physics of atom, electronics and renewable energy)"
2023-JSS022-Kidato IV,Evaluate and use information in Physics,"Collect, describe and relate physical data","Collect and analyse data to explain experimental observations related to heat, physics of atom, electronics and renewable energy"
2023-JSS022-Kidato IV,Evaluate and use information in Physics,Carry out a project in Physics,Complete and submit a report for the research project started in Form III
2023-JSS025-Kidato I,Demonstrate mastery of the basic Concepts of Computer Science,Demonstrate an understanding of the concept of Computer Science,"Describe the concept of Computer Science (meaning, importance, application)"
2023-JSS025-Kidato I,Demonstrate mastery of the basic Concepts of Computer Science,Demonstrate an understanding of the concept of Computer Science,"Describe fields related to Computer Science (IT, ICT, IS, Computer Engineering)"
2023-JSS025-Kidato I,Demonstrate mastery of the basic Concepts of Computer Science,Demonstrate an understanding of computer systems,"Describe computer systems (Meaning, types, functions, and significance)"
2023-JSS025-Kidato I,Demonstrate mastery of the basic Concepts of Computer Science,Demonstrate an understanding of computer systems,"Describe computer hardware (meaning, components, functions, computer generation)"
2023-JSS025-Kidato I,Demonstrate mastery of the basic Concepts of Computer Science,Demonstrate an understanding of computer systems,"Describe computer software (meaning, types, functions)"
2023-JSS025-Kidato I,Demonstrate mastery of the basic Concepts of Computer Science,Demonstrate an understanding of computer systems,"Describe and observe principles of computer system handling (safety measures, management, cleanliness, data backup and utilities)"
2023-JSS025-Kidato I,Demonstrate mastery of the basic Concepts of Computer Science,Demonstrate mastery of maintenance and troubleshooting of computer system,Install simple computer software
2023-JSS025-Kidato I,Demonstrate mastery of the basic Concepts of Computer Science,Demonstrate mastery of maintenance and troubleshooting of computer system,"Organise computer files in different operating systems (windows, Linux, etc)"
2023-JSS025-Kidato I,Demonstrate mastery of the basic principles of Computer Science,Demonstrate mastery of the basic principles in problem solving,Describe the steps in solving a problem using computers
2023-JSS025-Kidato I,Demonstrate mastery of the basic principles of Computer Science,Demonstrate mastery of the basic principles in problem solving,Demonstrate an understanding of basic principle of algorithms
2023-JSS025-Kidato I,Demonstrate mastery of the basic principles of Computer Science,Demonstrate mastery of the basic principles in problem solving,Design and present a single algorithm using flow charts and pseudocode
2023-JSS025-Kidato II,Demonstrate mastery of the basic Concepts of Computer Science,"Demonstrate mastery of the Internet, and basics of cyber security","Describe the concept of internet and cyber security (ethics, security, and privacy)"
2023-JSS025-Kidato II,Demonstrate mastery of the basic Concepts of Computer Science,"Demonstrate mastery of the Internet, and basics of cyber security","Use Internet services (searching information, www, electronic mail)"
2023-JSS025-Kidato II,Demonstrate mastery of the basic Concepts of Computer Science,"Demonstrate mastery of the Internet, and basics of cyber security",Understand cyber security threats and related counter measures
2023-JSS025-Kidato II,Demonstrate mastery of the basic Concepts of Computer Science,"Demonstrate mastery of the Internet, and basics of cyber security","Evaluate ethical issues, related principles, and practices of cyber security"
2023-JSS025-Kidato II,Demonstrate mastery of the basic Concepts of Computer Science,"Demonstrate mastery of the Internet, and basics of cyber security","Apply basic cyber security measures (passwords, safe browsing, netiquette)"
2023-JSS025-Kidato II,Demonstrate mastery of the basic principles of Computer Science,"Demonstrate an understanding of basic principles of computer programming (using an appropriate structured programming language such as C, python, etc.)","Describe concept of programming language (categories, paradigm, generic structures)"
2023-JSS025-Kidato II,Demonstrate mastery of the basic principles of Computer Science,"Demonstrate an understanding of basic principles of computer programming (using an appropriate structured programming language such as C, python, etc.)","Describe programming tools (compiler/ interpreter, text editor, IDE, Debugger)"
2023-JSS025-Kidato II,Demonstrate mastery of the basic principles of Computer Science,"Demonstrate an understanding of basic principles of computer programming (using an appropriate structured programming language such as C, python, etc.)","Install and configure the selected programming language (compiler/ interpreter, text editor, IDE, Debugger)"
2023-JSS025-Kidato II,Demonstrate mastery of the basic principles of Computer Science,"Demonstrate an understanding of basic principles of computer programming (using an appropriate structured programming language such as C, python, etc.)",Use programming tools of selected programming language to write a program (compile/run and debug a simple program)
2023-JSS025-Kidato II,Demonstrate mastery of the basic principles of Computer Science,"Demonstrate an understanding of basic principles of computer programming (using an appropriate structured programming language such as C, python, etc.)","Use variables, constants, and data types of a selected programming language in a program (operators and expressions)"
2023-JSS025-Kidato II,Demonstrate mastery of the basic principles of Computer Science,"Demonstrate an understanding of basic principles of computer programming (using an appropriate structured programming language such as C, python, etc.)",Use syntax and constructs of the selected programming language to write programs branching
2023-JSS025-Kidato II,Demonstrate mastery of the basic principles of Computer Science,"Demonstrate an understanding of basic principles of computer programming (using an appropriate structured programming language such as C, python, etc.)",Debugging computer programs
2023-JSS025-Kidato III,Demonstrate mastery of the basic principles of Computer Science,Demonstrate an understanding of the basic principles of computer architecture,"Describe the concept of data representation (digital data, number systems, data type, character coding (UNICODE and ASCII)"
2023-JSS025-Kidato III,Demonstrate mastery of the basic principles of Computer Science,Demonstrate an understanding of the basic principles of computer architecture,"Represent numbers in different number systems (binary, octal, decimal, and hexadecimal)"
2023-JSS025-Kidato III,Demonstrate mastery of the basic principles of Computer Science,Demonstrate an understanding of the basic principles of computer architecture,"Convert numbers from one system to another (binary, decimal, and hexadecimal)"
2023-JSS025-Kidato III,Demonstrate mastery of the basic principles of Computer Science,Demonstrate an understanding of the basic principles of computer architecture,Perform arithmetic operations (addition and subtraction) using binary numbers
2023-JSS025-Kidato III,Demonstrate mastery of the basic principles of Computer Science,"Demonstrate an understanding of basic principles of computer programming (using an appropriate structured programming language such as C, python, etc.)","Use the syntax and constructs of the selected programming language to write programs (iteration, functions, array, and string)"
2023-JSS025-Kidato III,Demonstrate mastery of the basic principles of Computer Science,"Demonstrate an understanding of basic principles of computer programming (using an appropriate structured programming language such as C, python, etc.)",Use scope of variable in a program
2023-JSS025-Kidato III,Demonstrate mastery of the basic principles of Computer Science,"Demonstrate an understanding of basic principles of computer programming (using an appropriate structured programming language such as C, python, etc.)","Test and debug computer programs that employ iteration, array, string, branching and functions"
2023-JSS025-Kidato III,Demonstrate mastery of the basic principles of Computer Science,"Demonstrate an understanding of basic principles of computer programming (using an appropriate structured programming language such as C, python, etc.)",Appraise the utility of the developed program
2023-JSS025-Kidato III,Demonstrate mastery of the basic principles of Computer Science,Demonstrate an understanding of the basics of computer networks,"Describe the concept of computer network (meaning, mode, media, components, etc.)"
2023-JSS025-Kidato III,Demonstrate mastery of the basic principles of Computer Science,Demonstrate an understanding of the basics of computer networks,Design a simple computer network involving a typical topology
2023-JSS025-Kidato III,Demonstrate mastery of the basic principles of Computer Science,Demonstrate an understanding of the basics of computer networks,Create a computer network involving typical topology
2023-JSS025-Kidato III,Demonstrate mastery of the basic principles of data management,Demonstrate the mastery of basic principles of databases and database management systems,Describe the concept of data and information
2023-JSS025-Kidato III,Demonstrate mastery of the basic principles of data management,Demonstrate the mastery of basic principles of databases and database management systems,"Manage simple data (create, store, retrieve, check data quality)"
2023-JSS025-Kidato III,Demonstrate mastery of the basic principles of data management,Demonstrate the mastery of basic principles of databases and database management systems,Describe the concept of database and database management system
2023-JSS025-Kidato III,Demonstrate mastery of the basic principles of data management,Demonstrate the mastery of basic principles of databases and database management systems,Design a database
2023-JSS025-Kidato III,Demonstrate mastery of the basic principles of data management,Demonstrate the mastery of basic principles of databases and database management systems,"Create a database using selected software (e.g., MS – Access)"
2023-JSS025-Kidato IV,Demonstrate mastery of the basic Concepts of Computer Science,Demonstrate mastery of systems administration,"Maintain computer systems – desktop, laptop, tablets, mobile (create, delete/ disable user account, create, modify, and reset password, user support, peripherals)"
2023-JSS025-Kidato IV,Demonstrate mastery of the basic Concepts of Computer Science,Demonstrate mastery of systems administration,Apply troubleshooting tools and techniques
2023-JSS025-Kidato IV,Demonstrate mastery of the basic Concepts of Computer Science,Demonstrate mastery of systems administration,Use selected OS to Perform system administration tasks
2023-JSS025-Kidato IV,Demonstrate mastery of the basic principles of Computer Science,"Demonstrate mastery of basic principles of web development (HTML, CSS, and JavaScript)","Describe the background of HTML and selected programming languages (CSS, JavaScript)"
2023-JSS025-Kidato IV,Demonstrate mastery of the basic principles of Computer Science,"Demonstrate mastery of basic principles of web development (HTML, CSS, and JavaScript)","Install and configure the CSS and JavaScript interpreter (e.g., a web browser)"
2023-JSS025-Kidato IV,Demonstrate mastery of the basic principles of Computer Science,"Demonstrate mastery of basic principles of web development (HTML, CSS, and JavaScript)","Create webpages using HTML and CSS, JavaScript"
2023-JSS025-Kidato IV,Demonstrate mastery of the basic principles of Computer Science,"Demonstrate mastery of basic principles of web development (HTML, CSS, and JavaScript)",Publish website
2023-JSS025-Kidato IV,Demonstrate mastery of the basic principles of Computer Science,"Demonstrate mastery of basic principles of web development (HTML, CSS, and JavaScript)",Appraise the published website
2023-JSS025-Kidato IV,Demonstrate mastery of the basic principles of Computer Science,Demonstrate mastery of basic principles of mobile App,Create mobile App using the syntax of the selected program
2023-JSS025-Kidato IV,Demonstrate mastery of the basic principles of Computer Science,Demonstrate mastery of basic principles of mobile App,Publish Mobile Apps
2023-JSS025-Kidato IV,Demonstrate mastery of the basic principles of Computer Science,Demonstrate mastery of basic principles of mobile App,Appraise the efficacy of the published Mobile Apps
2023-JSS025-Kidato IV,Demonstrate mastery of the basic principles of data management,Demonstrate the mastery of the basic principles of data analysis,"Describe principles of data analysis (data collection, pre- processing, processing, visualization, interpretation)"
2023-JSS025-Kidato IV,Demonstrate mastery of the basic principles of data management,Demonstrate the mastery of the basic principles of data analysis,"Analysis simple data using selected tools (e.g., SPSS, Excel, etc.)"
2023-JSS026-Kidato III,Use advanced mathematical knowledge and skills in everyday life,Demonstrate mastery of logic in decision making,"Explore the basic tenets of logic (logical statements/ propositions, connectives, arguments, validity of an argument, truth tables and simple circuits)"
2023-JSS026-Kidato III,Demonstrate mastery of some advanced concepts in Algebra and Calculus in problem solving,Use Algebra and Calculus to solve problems in different contexts,"Explore the basic tenets of Algebra (sum and product of roots of a quadratic equation, solve algebraically and graphically simultaneous equations involving one linear and one quadratic equation, use the remainder theorem to find a remainder of a polynomial function of up to third degree)"
2023-JSS026-Kidato III,Demonstrate mastery of some advanced concepts in Algebra and Calculus in problem solving,Use Algebra and Calculus to solve problems in different contexts,"Explore the basic tenets of Rational Functions (properties, asymptotes, domain and range, graphs)"
2023-JSS026-Kidato III,Demonstrate mastery of some advanced concepts in Algebra and Calculus in problem solving,Use Algebra and Calculus to solve problems in different contexts,"Explore the basic tenets of Differentiation (derivatives of polynomial and trigonometric functions: first principles, power rule, chain rule, product rule and quotient rule)"
2023-JSS026-Kidato III,Demonstrate mastery of some advanced concepts in Algebra and Calculus in problem solving,Use Algebra and Calculus to solve problems in different contexts,"Apply differentiation to determine rates of change of quantities, maxima and minima of functions, turning points, points of inflection and curve sketching"
2023-JSS026-Kidato III,Demonstrate mastery of some advanced concepts in Algebra and Calculus in problem solving,Use Algebra and Calculus to solve problems in different contexts,Determine indefinite and definite integrals of polynomial expressions and simple trigonometric functions
2023-JSS026-Kidato III,Demonstrate mastery of some advanced concepts in Algebra and Calculus in problem solving,Use Algebra and Calculus to solve problems in different contexts,Apply Integration to determine area under a curve and volume of a solid of revolution of a simple curve about an axis
2023-JSS026-Kidato III,Demonstrate mastery of some advanced concepts in Algebra and Calculus in problem solving,Apply sets theory skills in decision making,"Explore the basic tenets of set theory (operation on three sets, Venn diagrams, cardinality of a set, set properties and De Morgan’s laws)"
2023-JSS026-Kidato IV,Use advanced mathematical knowledge and skills in daily life,"Use some advanced skills in coordinate geometry, Trigonometry and Vectors in daily life","Explore the basic tenets of coordinate geometry (ratio theorem, perpendicular distance, angle between two intersecting lines, equation of a circle, locus of a moving point equidistant from a fixed point on a plane, locus of a moving point equidistant from two fixed points and locus of a moving point at a fixed distance from a fixed line on a plane)"
2023-JSS026-Kidato IV,Use advanced mathematical knowledge and skills in daily life,"Use some advanced skills in coordinate geometry, Trigonometry and Vectors in daily life","Explore the basic tenets of trigonometry (trigonometric identities, double angle and compound angle formulae and solving trigonometric equations)"
2023-JSS026-Kidato IV,Use advanced mathematical knowledge and skills in daily life,"Use some advanced skills in coordinate geometry, Trigonometry and Vectors in daily life","Explore the basic tenets of vectors in three dimensional space (components, representations, dot and cross products of two vectors)"
2023-JSS026-Kidato IV,Use advanced mathematical knowledge and skills in daily life,"Use some advanced skills in coordinate geometry, Trigonometry and Vectors in daily life",Apply the dot product of vectors to solve problems involving angles between two vectors and work done by a force on an object
2023-JSS026-Kidato IV,Use advanced mathematical knowledge and skills in daily life,"Use some advanced skills in coordinate geometry, Trigonometry and Vectors in daily life",Apply the cross product of vectors to find a unit vector normal to a given plane and to find area of a plane figure
2023-JSS026-Kidato IV,Use advanced mathematical knowledge and skills in daily life,Apply statistical skills in the fields of business and economics,"Explore the basic tenets of statistics (measures of dispersion: range, variance and standard deviation)"
2023-JSS026-Kidato IV,Use advanced mathematical knowledge and skills in daily life,Apply the basic skills of probability in daily life,"Explore the basic tenets of counting techniques (fundamental principle of counting, permutations, and combinations)"
2023-JSS026-Kidato IV,Use advanced mathematical knowledge and skills in daily life,Apply the basic skills of probability in daily life,Explore the basic tenets of probability (independent events and conditional probability)
2023-JSS026-Kidato IV,Demonstrate mastery of some advanced concepts in Algebra and Calculus in problem solving,Use Algebra and Calculus to solve problems in different contexts,"Explore the basic tenets of 3×3 matrices (operations, determinant, and inverse)"
2023-JSS026-Kidato IV,Demonstrate mastery of some advanced concepts in Algebra and Calculus in problem solving,Use Algebra and Calculus to solve problems in different contexts,Use 3×3 matrices to solve systems of linear simultaneous equations with three unknowns
2023-JSS027-Kidato I,Demonstrate mastery of the principles of agriculture,Demonstrate an understanding of the principles of agriculture,"Explain the basic concepts of agriculture (meaning of agriculture and its importance, branches of agriculture relationship of Agriculture with other subjects)"
2023-JSS027-Kidato I,Demonstrate mastery of the principles of agriculture,Demonstrate an understanding of the principles of agriculture,"Describe soil (conceptualisation of soil, its formation, physical, chemical, and biological properties)"
2023-JSS027-Kidato I,Demonstrate mastery of the principles of agriculture,Demonstrate an understanding of the principles of agriculture,"Describe the principles and practices for the production of horticultural crops (conceptualisation of horticultural crops; principles and practices for production of horticultural crops: (amaranth, chinese cabbage, onion, tomato))"
2023-JSS027-Kidato I,Demonstrate mastery of the principles of agriculture,Demonstrate an understanding of the principles of agriculture,"Describe the principles and practices for the production of poultry (conceptualisation of poultry production; principles and practices for production of chicken (layers, broilers and dual purpose) and duck)"
2023-JSS027-Kidato I,Use basic agricultural skills,Apply basic principles of husbandry in crop production,"Perform husbandry practices in the production of horticultural crops (amaranth, chinese cabbage, onion, tomato)"
2023-JSS027-Kidato I,Use basic agricultural skills,Apply basic principles of husbandry in animal production,"Perform husbandry practices in the production of poultry (local, layer, broiler and dual purpose chicken) and duck"
2023-JSS027-Kidato II,Demonstrate mastery of the principles of agriculture,Demonstrate an understanding of the principles of agriculture,"Describe the principles and practices for the production of banana and common root/ stem/ tuber crops (conceptualisation of production of banana and the selected common root/stem/tuber crops: cassava, sweet and round potato)"
2023-JSS027-Kidato II,Demonstrate mastery of the principles of agriculture,Demonstrate an understanding of the principles of agriculture,"Describe the principles and practices for the production of pig or rabbit (conceptualisation of pig and rabbit production, principles and practices for production of pig and rabbit)"
2023-JSS027-Kidato II,Use basic agricultural skills,Apply basic principles of husbandry in crop production,"Perform husbandry practices in the production of banana, common root and stem tuber crops (cassava, sweet and round potato)"
2023-JSS027-Kidato II,Use basic agricultural skills,Apply basic principles of husbandry in animal production,Perform husbandry practices in the production of pig or rabbit
2023-JSS027-Kidato III,Demonstrate mastery of the principles of agriculture,Demonstrate an understanding of the principles of agriculture,"Describe the principles and practices for the production of cereals (maize, sorghum, paddy) and pulses (common bean/ pea, cow pea and pigeon pea) (conceptualisation of cereals and pulses; principles and practices for production of selected cereals (maize, sorghum, paddy) and pulses (common bean/ pea, cow pea and pigeon pea))"
2023-JSS027-Kidato III,Demonstrate mastery of the principles of agriculture,Demonstrate an understanding of the principles of agriculture,Describe the basic principles and practices for the production of cattle (conceptualisation production of cattle; principles and practices for production of dairy and beef cattle)
2023-JSS027-Kidato III,Use basic agricultural skills,Apply basic principles of husbandry in crop production,"Perform basic husbandry practices in the production of cereals (maize, sorghum and paddy); pulses (common bean/pea, cow pea and pigeon pea)"
2023-JSS027-Kidato III,Use basic agricultural skills,Apply basic principles of husbandry in animal production,Perform basic husbandry practices in the production of dairy and beef cattle
2023-JSS027-Kidato III,Conduct a project in Agriculture,Carry out a project in Agriculture,Plan and carry out a crop/animal-based production project
2023-JSS027-Kidato IV,Demonstrate mastery of the principles of agriculture,Demonstrate an understanding of the principles of agriculture,"Describe the principles and practices for the production of nut/ oil seed crops (conceptualisation of nut/oil seed crops; principles and practices for production of sunflower, simsim and groundnut)"
2023-JSS027-Kidato IV,Demonstrate mastery of the principles of agriculture,Demonstrate an understanding of the principles of agriculture,"Describe the principles and practices for aquaculture (conceptualisation of aquaculture; principles and practices for production of fish, sea cucumber and seaweed farming)"
2023-JSS027-Kidato IV,Use basic agricultural skills,Apply basic principles of husbandry in crop production,"Perform basic husbandry practices for the production of nut/oil seed crops (sunflower, simsim and groundnut)"
2023-JSS027-Kidato IV,Use basic agricultural skills,Apply basic principles of husbandry in aquaculture production,"Perform husbandry practices in aquaculture (fish, sea cucumber and seaweed farming)"
2023-JSS027-Kidato IV,Conduct a project in Agriculture,Carry out a project in Agriculture,Complete the crop/ animal-based production project started in Form III and submit a report
2023-JSS028-Kidato III,Develop awareness of and empathy with national and global literary works,Demonstrate empathy for other people’s experiences nationally and globally,Explain the concept of literature and its functions
2023-JSS028-Kidato III,Develop awareness of and empathy with national and global literary works,Demonstrate empathy for other people’s experiences nationally and globally,Explain the concepts of oral and written literature
2023-JSS028-Kidato III,Develop awareness of and empathy with national and global literary works,Demonstrate empathy for other people’s experiences nationally and globally,"Relate people’s life experiences with folktales, songs, riddles, proverbs, fables and idioms from the Tanzanian context"
2023-JSS028-Kidato III,Develop awareness of and empathy with national and global literary works,Demonstrate empathy for other people’s experiences nationally and globally,"Reflect on the characters’ actions, attitudes and experiences in selected novels"
2023-JSS028-Kidato III,Develop awareness of and empathy with national and global literary works,Appreciate multiculturalism and develop self-consciousness,Explain the concepts of multiculturalism and self-consciousness in the context of literature
2023-JSS028-Kidato III,Develop awareness of and empathy with national and global literary works,Appreciate multiculturalism and develop self-consciousness,Reflect on one’s cultural values against those depicted in selected novels
2023-JSS028-Kidato III,Develop awareness of and empathy with national and global literary works,Appreciate multiculturalism and develop self-consciousness,Assess the development of the protagonist and antagonist characters in selected novels
2023-JSS028-Kidato III,Develop awareness of and empathy with national and global literary works,"Reflect values, perspectives and identities, and the impact of their beliefs and actions on society","Explain the concepts of values, perspectives and identities"
2023-JSS028-Kidato III,Develop awareness of and empathy with national and global literary works,"Reflect values, perspectives and identities, and the impact of their beliefs and actions on society","Reflect on the characters’ perspectives, and values against one’s own"
2023-JSS028-Kidato III,Appreciate different implications and layers of meaning in literary works,Appreciate the use of literary devices in the works of art,Analyse narrative techniques and stylistic devices in selected literary texts
2023-JSS028-Kidato III,Appreciate different implications and layers of meaning in literary works,Appreciate the use of literary devices in the works of art,Explain the significance of narrative techniques and stylistic devices in selected novels
2023-JSS028-Kidato III,Appreciate different implications and layers of meaning in literary works,Appreciate the use of literary devices in the works of art,Discuss literary devices which evoke emotions in selected novels
2023-JSS028-Kidato III,Appreciate different implications and layers of meaning in literary works,"Apply critical thinking when reading, discussing and writing about literary texts","Discuss the roles of observation, analysis, inference, communication and problem-solving in literature"
2023-JSS028-Kidato III,Appreciate different implications and layers of meaning in literary works,"Apply critical thinking when reading, discussing and writing about literary texts",Assess the relationship among characters in selected novels
2023-JSS028-Kidato III,Appreciate different implications and layers of meaning in literary works,"Apply critical thinking when reading, discussing and writing about literary texts",Discuss the lessons derived from the choices and decisions of characters in selected novels
2023-JSS028-Kidato III,Appreciate different implications and layers of meaning in literary works,"Apply critical thinking when reading, discussing and writing about literary texts",Identify major themes in the selected novels
2023-JSS028-Kidato III,Appreciate different implications and layers of meaning in literary works,"Apply critical thinking when reading, discussing and writing about literary texts",Analyse themes such as corruption and bribery in selected novels
2023-JSS028-Kidato III,Appreciate different implications and layers of meaning in literary works,Justify interpretations based on evidence and logic,Justify the actions and context of characters in relation to themes in selected novels
2023-JSS028-Kidato III,Appreciate different implications and layers of meaning in literary works,Justify interpretations based on evidence and logic,Discuss the relationship between the title and messages in selected novels
2023-JSS028-Kidato III,Appreciate different implications and layers of meaning in literary works,Justify interpretations based on evidence and logic,Discuss the relevance of the novel to one’s society
2023-JSS028-Kidato III,Compose literary works,"Synthesize literary characteristics, themes, and/or approaches in several literary texts",Discuss forms of poetry and figurative language
2023-JSS028-Kidato III,Compose literary works,"Synthesize literary characteristics, themes, and/or approaches in several literary texts",Analyse themes portrayed in selected poems
2023-JSS028-Kidato III,Compose literary works,"Synthesize literary characteristics, themes, and/or approaches in several literary texts",Discuss lessons derived from selected poems
2023-JSS028-Kidato III,Compose literary works,"Synthesize literary characteristics, themes, and/or approaches in several literary texts",Apply literary skills to compose a poem
2023-JSS028-Kidato III,Compose literary works,Recognise ambiguity and uncertainty as necessary in creating literary works,"Explain the concepts of antithesis, anticlimax, paradox, irony, unreliable narrator and suspense in literary works"
2023-JSS028-Kidato III,Compose literary works,Recognise ambiguity and uncertainty as necessary in creating literary works,Discuss the relationship between the title and the content of selected plays
2023-JSS028-Kidato III,Compose literary works,Recognise ambiguity and uncertainty as necessary in creating literary works,Discuss the effect of ironical titles in selected plays
2023-JSS028-Kidato III,Compose literary works,Create imaginative and original literary works,Explain the concepts of creativity and visualization in literary composition
2023-JSS028-Kidato III,Compose literary works,Create imaginative and original literary works,"Make a plan for composing a poem (decide what to write about, determine the best format, explore words, rhymes, and rhythm)"
2023-JSS028-Kidato III,Compose literary works,Create imaginative and original literary works,Apply writing skills to compose a poem
2023-JSS028-Kidato III,Compose literary works,Create imaginative and original literary works,Apply ICT tools and digital platforms in writing and publishing a poem
2023-JSS028-Kidato IV,Appreciate different implications and layers of meaning in literary works,"Apply critical thinking when reading, discussing and writing about literary texts",Analyse themes depicted in selected plays
2023-JSS028-Kidato IV,Appreciate different implications and layers of meaning in literary works,"Apply critical thinking when reading, discussing and writing about literary texts",Analyse conflicts portrayed in selected plays
2023-JSS028-Kidato IV,Appreciate different implications and layers of meaning in literary works,"Apply critical thinking when reading, discussing and writing about literary texts",Relate personal experiences to themes in selected plays
2023-JSS028-Kidato IV,Appreciate different implications and layers of meaning in literary works,"Apply critical thinking when reading, discussing and writing about literary texts",Discuss the motivations of characters’ choices and decisions in selected plays
2023-JSS028-Kidato IV,Appreciate different implications and layers of meaning in literary works,"Apply critical thinking when reading, discussing and writing about literary texts",Suggest solutions to challenges depicted in selected plays
2023-JSS028-Kidato IV,Compose literary works,"Synthesize literary characteristics, themes, and/or approaches in several literary texts","Explain the concepts of character, plot, setting, stage direction and spectacle in a play"
2023-JSS028-Kidato IV,Compose literary works,"Synthesize literary characteristics, themes, and/or approaches in several literary texts",Analyse stages of plot development
2023-JSS028-Kidato IV,Compose literary works,"Synthesize literary characteristics, themes, and/or approaches in several literary texts",Apply literary skills to compose a two-acts play
2023-JSS028-Kidato IV,Compose literary works,Recognise ambiguity and uncertainty as necessary in creating literary works,Discuss dramatic and situational irony in selected plays
2023-JSS028-Kidato IV,Compose literary works,Recognise ambiguity and uncertainty as necessary in creating literary works,Discuss the effectiveness of suspense in selected plays
2023-JSS028-Kidato IV,Compose literary works,Recognise ambiguity and uncertainty as necessary in creating literary works,Explain how antithesis creates ambiguity in selected plays
2023-JSS028-Kidato IV,Compose literary works,Create imaginative and original literary works,"Make a plan for composing a play (plot, setting, characterisation and stage direction)"
2023-JSS028-Kidato IV,Compose literary works,Create imaginative and original literary works,Apply literary skills to compose a two-acts play
2023-JSS028-Kidato IV,Compose literary works,Create imaginative and original literary works,Apply ICT tools and digital platforms in writing and publishing a play
2023-JSS029-Kidato III,Kuthamini kazi za fasihi ya Kiswahili,Kuonesha uelewa wa kazi za fasihi ya Kiswahili ya kitaifa,Kufafanua dhana ya fasihi ya Kiswahili ya kitaifa
2023-JSS029-Kidato III,Kuthamini kazi za fasihi ya Kiswahili,Kuonesha uelewa wa kazi za fasihi ya Kiswahili ya kitaifa,"Kuchambua sifa za fasihi ya Kiswahili ya kitaifa kwenye ‘Wimbo wa Taifa’, wimbo wa ‘Tanzania Tanzania’, wimbo wa ‘Tazama Ramani’ na wimbo wa ‘Mashujaa wa Zanzibar’"
2023-JSS029-Kidato III,Kuthamini kazi za fasihi ya Kiswahili,Kuonesha uelewa wa kazi za fasihi ya Kiswahili ya kitaifa,Kujadili sifa za fasihi ya kitaifa kwenye fasihi ya watoto
2023-JSS029-Kidato III,Kuthamini kazi za fasihi ya Kiswahili,Kuonesha uelewa wa kazi za fasihi ya Kiswahili ya kitaifa,Kubainisha sifa za fasihi ya kitaifa kwenye ngano
2023-JSS029-Kidato III,Kuthamini kazi za fasihi ya Kiswahili,Kuonesha uelewa wa kazi za fasihi ya Kiswahili ya kitaifa,Kutunga shairi lenye sifa za fasihi ya kitaifa
2023-JSS029-Kidato III,Kuthamini kazi za fasihi ya Kiswahili,Kuhakiki kazi mbalimbali za fasihi ya Kiswahili,Kuhakiki fani na maudhui katika kazi za fasihi ya watoto
2023-JSS029-Kidato III,Kuthamini kazi za fasihi ya Kiswahili,Kuhakiki kazi mbalimbali za fasihi ya Kiswahili,Kuhakiki fani na maudhui ya kifasihi katika filamu za Kiswahili
2023-JSS029-Kidato III,Kuthamini kazi za fasihi ya Kiswahili,Kuhakiki kazi mbalimbali za fasihi ya Kiswahili,Kuhakiki fani na maudhui katika vichekesho
2023-JSS029-Kidato III,Kujenga ujumi kutokana na kazi za fasihi,Kujenga ujumi na falsafa ya Kiafrika katika kazi za fasihi,Kufafanua dhana na vipengele vya ujumi na falsafa ya Kiafrika katika fasihi
2023-JSS029-Kidato III,Kujenga ujumi kutokana na kazi za fasihi,Kujenga ujumi na falsafa ya Kiafrika katika kazi za fasihi,Kubainisha ujumi na falsafa ya Kiafrika katika methali za Kiswahili
2023-JSS029-Kidato III,Kujenga ujumi kutokana na kazi za fasihi,Kujenga ujumi na falsafa ya Kiafrika katika kazi za fasihi,Kuhakiki tamthiliya zenye ujumi na falsafa ya Kiafrika
2023-JSS029-Kidato III,Kujenga ujumi kutokana na kazi za fasihi,Kutumia kazi za fasihi katika kujenga hoja zenye mantiki,Kuchanganua mambo ya kuzingatia wakati wa kujenga hoja kimantiki kutokana na kazi za fasihi
2023-JSS029-Kidato III,Kujenga ujumi kutokana na kazi za fasihi,Kutumia kazi za fasihi katika kujenga hoja zenye mantiki,Kuandika insha za kisanaa zenye hoja za kimantiki
2023-JSS029-Kidato III,Kujenga ujumi kutokana na kazi za fasihi,Kutumia kazi za fasihi katika kujenga hoja zenye mantiki,Kutumia fasihi kuwasilisha hoja kimantiki katika midahalo
2023-JSS029-Kidato III,Kubuni kazi za fasihi,Kutathmini mbinu za kisanaa za utunzi wa kazi za kifasihi,Kufafanua mbinu za kisanaa katika utungaji wa kazi za kifasihi
2023-JSS029-Kidato III,Kubuni kazi za fasihi,Kutathmini mbinu za kisanaa za utunzi wa kazi za kifasihi,Kulinganisha matumizi ya mbinu za kisanaa katika kazi mbalimbali za kifasihi
2023-JSS029-Kidato III,Kubuni kazi za fasihi,Kutathmini mbinu za kisanaa za utunzi wa kazi za kifasihi,Kujadili mbinu za kisanaa katika ngano
2023-JSS029-Kidato III,Kubuni kazi za fasihi,Kutunga kazi sahili za kifasihi,Kufafanua kanuni za utunzi wa mashairi
2023-JSS029-Kidato III,Kubuni kazi za fasihi,Kutunga kazi sahili za kifasihi,Kutunga mashairi sahili
2023-JSS029-Kidato III,Kubuni kazi za fasihi,Kutunga kazi sahili za kifasihi,Kufafanua kanuni za utunzi wa kazi za fasihi ya watoto
2023-JSS029-Kidato III,Kubuni kazi za fasihi,Kutunga kazi sahili za kifasihi,Kutunga kazi sahili za fasihi ya watoto
2023-JSS029-Kidato IV,Kuthamini kazi za fasihi ya Kiswahili,Kuhakiki kazi mbalimbali za fasihi ya Kiswahili,Kuhakiki fani na maudhui katika nyimbo za zamani (kabla ya mwaka 1990) na za kisasa (baada ya mwaka 1990)
2023-JSS029-Kidato IV,Kuthamini kazi za fasihi ya Kiswahili,Kuhakiki kazi mbalimbali za fasihi ya Kiswahili,Kuhakiki fani na maudhui katika nyimbo za taarabu za zamani (kabla ya mwaka 1990) na za kisasa (baada ya mwaka 1990)
2023-JSS029-Kidato IV,Kuthamini kazi za fasihi ya Kiswahili,Kuhakiki kazi mbalimbali za fasihi ya Kiswahili,Kuhakiki fani na maudhui ya kifasihi katika filamu zilizotafsiriwa
2023-JSS029-Kidato IV,Kujenga ujumi kutokana na kazi za fasihi,Kujenga ujumi na falsafa ya Kiafrika katika kazi za fasihi,Kuhakiki riwaya zenye ujumi na falsafa ya Kiafrika
2023-JSS029-Kidato IV,Kujenga ujumi kutokana na kazi za fasihi,Kujenga ujumi na falsafa ya Kiafrika katika kazi za fasihi,Kuhakiki ngano zenye ujumi na falsafa ya Kiafrika
2023-JSS029-Kidato IV,Kujenga ujumi kutokana na kazi za fasihi,Kujenga ujumi na falsafa ya Kiafrika katika kazi za fasihi,Kuhakiki nyimbo za Kiswahili zenye ujumi na falsafa ya Kiafrika
2023-JSS029-Kidato IV,Kujenga ujumi kutokana na kazi za fasihi,Kujenga ujumi na falsafa ya Kiafrika katika kazi za fasihi,Kujadili nafasi ya ujumi na falsafa ya Kiafrika katika jamii
2023-JSS029-Kidato IV,Kujenga ujumi kutokana na kazi za fasihi,Kutumia kazi za fasihi katika kujenga hoja zenye mantiki,Kutumia riwaya kuandika hotuba zenye hoja za kimantiki
2023-JSS029-Kidato IV,Kujenga ujumi kutokana na kazi za fasihi,Kutumia kazi za fasihi katika kujenga hoja zenye mantiki,Kutumia maigizo kujenga hoja kimantiki katika usaili
2023-JSS029-Kidato IV,Kujenga ujumi kutokana na kazi za fasihi,Kutumia kazi za fasihi katika kujenga hoja zenye mantiki,Kutumia ngonjera kujenga hoja kimantiki katika mawasiliano ya kitaaluma
2023-JSS029-Kidato IV,Kubuni kazi za fasihi,Kutunga kazi sahili za kifasihi,Kuchambua kanuni za utunzi wa tamthiliya
2023-JSS029-Kidato IV,Kubuni kazi za fasihi,Kutunga kazi sahili za kifasihi,Kutunga tamthiliya fupi
2023-JSS029-Kidato IV,Kubuni kazi za fasihi,Kutunga kazi sahili za kifasihi,Kuchambua kanuni za utunzi wa riwaya
2023-JSS029-Kidato IV,Kubuni kazi za fasihi,Kutunga kazi sahili za kifasihi,Kutunga riwaya sahili
2023-JSS029-Kidato IV,Kubuni kazi za fasihi,Kutunga kazi sahili za kifasihi,Kuchambua kanuni za utunzi wa vichekesho
2023-JSS029-Kidato IV,Kubuni kazi za fasihi,Kutunga kazi sahili za kifasihi,Kutunga vichekesho
2023-JSS029-Kidato IV,Kubuni kazi za fasihi,Kutambua fursa zinazotokana na fasihi ya Kiswahili,Kubaini fursa za utunzi wa kazi za kifasihi
2023-JSS029-Kidato IV,Kubuni kazi za fasihi,Kutambua fursa zinazotokana na fasihi ya Kiswahili,Kuchambua fursa za kutafsiri na kuhariri kazi za kifasihi
2023-JSS029-Kidato IV,Kubuni kazi za fasihi,Kutambua fursa zinazotokana na fasihi ya Kiswahili,Kuchambua fursa za kuandaa filamu zinazotokana na kazi za kifasihi
2023-JSS029-Kidato IV,Kubuni kazi za fasihi,Kutambua fursa zinazotokana na fasihi ya Kiswahili,Kuchambua fursa za uandishi wa vitabu vya fasihi ya watoto
2023-JSS029-Kidato IV,Kubuni kazi za fasihi,Kutambua fursa zinazotokana na fasihi ya Kiswahili,Kuchambua fursa za uchapishaji wa kazi za fasihi
2023-JSS029-Kidato IV,Kubuni kazi za fasihi,Kutambua fursa zinazotokana na fasihi ya Kiswahili,Kuhusianisha fursa za kazi za kifasihi na TEHAMA
2023-JSS034-Kidato I,Maîtriser les composantes langagières de base du Français,Développer la conscience phonémique et la prononciation des lettres françaises,Utiliser des accents et des intonations appropriés dans des conversations
2023-JSS034-Kidato I,Maîtriser les composantes langagières de base du Français,Développer la conscience phonémique et la prononciation des lettres françaises,Utiliser les signes de ponctuation dans des écrits variés
2023-JSS034-Kidato I,Maîtriser les composantes langagières de base du Français,Maîtriser le vocabulaire approprié du français,Utiliser le dictionnaire pour trouver les sens des nouveaux mots
2023-JSS034-Kidato I,Maîtriser les composantes langagières de base du Français,Maîtriser le vocabulaire approprié du français,Utiliser à l’oral et à l’écrit le vocabulaire approprié
2023-JSS034-Kidato I,Maîtriser les composantes langagières de base du Français,Élargir l’usage de la grammaire et le vocabulaire appropriés à travers l’écoute et la lecture des textes simples,Utiliser les temps simples pour parler des actions et des faits différents
2023-JSS034-Kidato I,Comprendre des informations orales et écrites,Développer la compréhension des informations présentées oralement,Rapporter un message/ information présentées oralement
2023-JSS034-Kidato I,Comprendre des informations orales et écrites,Développer la compréhension des informations présentées à l’écrit,Rapporter des messages/ informations présentés à l’écrit
2023-JSS034-Kidato I,Comprendre des informations orales et écrites,Lire correctement la variété de textes,Lire avec aisance les textes variés
2023-JSS034-Kidato II,Maîtriser les composantes langagières de base du français,Maîtriser le vocabulaire approprié du français,Utiliser à l’oral et à l’écrit le vocabulaire approprié
2023-JSS034-Kidato II,Maîtriser les composantes langagières de base du français,Élargir l’usage de la grammaire et du vocabulaire appropriés à travers l’écoute et la lecture des textes simples,Utiliser le vocabulaire et la grammaire appropriée pour rédiger des écrits
2023-JSS034-Kidato II,Comprendre des informations orales et écrites,Développer la compréhension des informations présentées oralement,Écouter et résumer le message dans des textes variés
2023-JSS034-Kidato II,Comprendre des informations orales et écrites,Développer la compréhension des informations présentées à l’écrit,Lire et résumer des messages/ informations dans des textes variés
2023-JSS034-Kidato II,Comprendre des informations orales et écrites,Lire correctement la variété des textes,Lire avec aisance et confiance des textes variés
2023-JSS034-Kidato II,Communiquer efficacement dans divers contextes,Communiquer à l’oral de manière appropriée,S’exprimer de manière approprié dans des contextes/ situations différents
2023-JSS034-Kidato II,Communiquer efficacement dans divers contextes,Communiquer à l’écrit de manière appropriée,Donner des informations variées à l’écrit
2023-JSS034-Kidato III,Comprendre des informations orales et écrites,Développer la compréhension des informations présentées oralement,Écouter un message et le paraphraser
2023-JSS034-Kidato III,Comprendre des informations orales et écrites,Développer la compréhension des informations présentées à l’écrit,Lire les textes des sujets variés et faire la présentation
2023-JSS034-Kidato III,Comprendre des informations orales et écrites,Réagir de manière appropriée dans des contextes familiers de communication,Réagir de manière appropriée à des messages transmis oralement
2023-JSS034-Kidato III,Comprendre des informations orales et écrites,Réagir de manière appropriée dans des contextes familiers de communication,Réagir de manière appropriée à des messages transmis à l’écrit
2023-JSS034-Kidato III,Communiquer efficacement dans divers contextes/ situations,Maîtriser des caractéristiques de la langue parlée et écrite,Utiliser des caractéristiques de la langue parlée et écrite
2023-JSS034-Kidato III,Communiquer efficacement dans divers contextes/ situations,Maîtriser des caractéristiques de la langue parlée et écrite,"Utiliser de manière appropriée de la langue parlée et écrite dans des contextes variés (lexique, morphosyntaxe, accent, signes de ponctuation, signes orthographiques) pour s’exprimer"
2023-JSS034-Kidato III,Communiquer efficacement dans divers contextes/ situations,Communiquer oralement de manière appropriée dans divers contextes/ situation,Participer dans des dialogues/ conversations de sujets variés
2023-JSS034-Kidato III,Communiquer efficacement dans divers contextes/ situations,Communiquer à l’écrit de manière appropriée dans divers contextes,Rédiger des textes sur des sujets divers
2023-JSS034-Kidato III,Communiquer efficacement dans divers contextes/ situations,Communiquer à l’écrit de manière appropriée dans divers contextes,Rédiger des lettres formelles
2023-JSS034-Kidato IV,Comprendre des informations orales et écrites,Développer la compréhension des informations présentées oralement,Écouter un message et donner son opinion/ point de vue
2023-JSS034-Kidato IV,Comprendre des informations orales et écrites,Développer la compréhension des informations présentées à l’écrit,Lire et comprendre les récits/ contes
2023-JSS034-Kidato IV,Communiquer efficacement dans divers contextes/ situation,Communiquer à l’oral de manière appropriée,Raconter des événements
2023-JSS034-Kidato IV,Communiquer efficacement dans divers contextes/ situation,Communiquer à l’oral de manière appropriée,Participer à des discussions/ débats sur des sujets variés
2023-JSS034-Kidato IV,Communiquer efficacement dans divers contextes/ situation,Communiquer à l’écrit de manière appropriée dans divers contextes,Composer des textes variés
2023-JSS034-Kidato IV,"Traduire, éditer et interpréter des informations simples",Traduire des textes simples,Traduire des documents simples
2023-JSS034-Kidato IV,"Traduire, éditer et interpréter des informations simples",Interpréter,Interpréter des conversations simples
2023-JSS034-Kidato IV,"Traduire, éditer et interpréter des informations simples",Éditer des textes simples,Editer des textes simples
2023-JSS034-Kidato I,Communiquer efficacement dans divers contextes,Communiquer oralement de manière appropriée,Demander et donner des informations à l’oral
2023-JSS034-Kidato I,Communiquer efficacement dans divers contextes,Communiquer à l’écrit de manière appropriée,Rédiger des textes portant sur les sujets/ informations variées
2023-JSS030-Kidato I,Demonstrate an understanding of Creation and God’s commandments,"Use the Book of Genesis to learn about creation, responsibility and taking care of life",Explain the concept of the Bible and Bible Knowledge
2023-JSS030-Kidato I,Demonstrate an understanding of Creation and God’s commandments,"Use the Book of Genesis to learn about creation, responsibility and taking care of life",Classify the books in the Bible
2023-JSS030-Kidato I,Demonstrate an understanding of Creation and God’s commandments,"Use the Book of Genesis to learn about creation, responsibility and taking care of life",Explain the concept of the Book of Genesis
2023-JSS030-Kidato I,Demonstrate an understanding of Creation and God’s commandments,"Use the Book of Genesis to learn about creation, responsibility and taking care of life",Describe the concept of God’s creation
2023-JSS030-Kidato I,Demonstrate an understanding of Creation and God’s commandments,"Use the Book of Genesis to learn about creation, responsibility and taking care of life",Clarify man’s responsibility for God’s creations
2023-JSS030-Kidato I,Demonstrate an understanding of Creation and God’s commandments,"Use the Book of Genesis to learn about creation, responsibility and taking care of life",Explain the importance of taking care of life and the environment
2023-JSS030-Kidato I,Demonstrate an understanding of Creation and God’s commandments,Demonstrate mastery of the Holy Scripture through the Book of Genesis,Analyse the Fall of Man and its consequences
2023-JSS030-Kidato I,Demonstrate an understanding of Creation and God’s commandments,Demonstrate mastery of the Holy Scripture through the Book of Genesis,Describe the history of the biblical Patriarchs
2023-JSS030-Kidato II,Demonstrate an understanding of Creation and God’s commandments,Use the Book of Exodus to understand God’s love and compassion,Describe the Concept of the Book of Exodus
2023-JSS030-Kidato II,Demonstrate an understanding of Creation and God’s commandments,Use the Book of Exodus to understand God’s love and compassion,Show how the concept of God’s love and compassion appears in the Book of Exodus
2023-JSS030-Kidato II,Demonstrate an understanding of Creation and God’s commandments,Use the Book of Exodus to understand God’s love and compassion,Identify the consequences of not appreciating God’s Love and Compassion
2023-JSS030-Kidato II,Demonstrate an understanding of Creation and God’s commandments,Demonstrate an appreciation of God’s commandments as outlined in the Book of Exodus,Explain the Sinai Covenant
2023-JSS030-Kidato II,Demonstrate an understanding of Creation and God’s commandments,Demonstrate an appreciation of God’s commandments as outlined in the Book of Exodus,Clarify God’s Commandments as stated in the Book of Exodus
2023-JSS030-Kidato II,Demonstrate an understanding of Creation and God’s commandments,Demonstrate an appreciation of God’s commandments as outlined in the Book of Exodus,Show the indicators of Moses’ leadership qualities
2023-JSS030-Kidato II,Demonstrate an understanding of Creation and God’s commandments,Demonstrate an appreciation of the importance of statistics based on the Book of Numbers,Explain the concept of statistics as revealed in the Book of Numbers.
2023-JSS030-Kidato II,Demonstrate an understanding of Creation and God’s commandments,Demonstrate an appreciation of the importance of statistics based on the Book of Numbers,Use the Book of Numbers to discuss the objectives and importance of statistics and the census in society
2023-JSS030-Kidato II,Demonstrate an understanding of faith by living a holy life,Demonstrate mastery of the Holy Scripture through the Book of Joshua,Identify the main ideas in the book of Joshua
2023-JSS030-Kidato II,Demonstrate an understanding of faith by living a holy life,Demonstrate mastery of the Holy Scripture through the Book of Joshua,Use the Book of Joshua to discuss the importance of preparing leaders
2023-JSS030-Kidato II,Demonstrate an understanding of faith by living a holy life,Demonstrate mastery of the Holy Scripture through the Book of Joshua,Describe the fall of the biblical cities of Jericho and Ai
2023-JSS030-Kidato II,Demonstrate an understanding of faith by living a holy life,"Use the Book of Joshua to appreciate the importance of courage, bravery, humility, perseverance and patriotism",Discuss the indicators of strength and bravery according to the Book of Joshua
2023-JSS030-Kidato II,Demonstrate an understanding of faith by living a holy life,"Use the Book of Joshua to appreciate the importance of courage, bravery, humility, perseverance and patriotism","Use the Book of Joshua to discuss the importance of bravery, humility and perseverance"
2023-JSS030-Kidato II,Demonstrate an understanding of faith by living a holy life,"Use the Book of Joshua to appreciate the importance of courage, bravery, humility, perseverance and patriotism",Explain the concept of patriotism as appears in the Book of Joshua
2023-JSS030-Kidato III,Demonstrate an understanding of devotion to God as revealed in the Bible,Demonstrate mastery of the Holy Scripture in the Gospel according to Luke,Explain the term Gospel and Jewish institutions
2023-JSS030-Kidato III,Demonstrate an understanding of devotion to God as revealed in the Bible,Demonstrate mastery of the Holy Scripture in the Gospel according to Luke,"Discuss the authorship of the Gospel according to Luke (author, recipients and purpose)"
2023-JSS030-Kidato III,Demonstrate an understanding of devotion to God as revealed in the Bible,Demonstrate mastery of the Holy Scripture in the Gospel according to Luke,"Discuss the themes of the Gospel according to Luke (salvation for all, the work of the Holy Spirit, worship and praise, the role of women, the Gospel of the lost and the Gospel of prayer)"
2023-JSS030-Kidato III,Demonstrate an understanding of devotion to God as revealed in the Bible,Demonstrate mastery of the Holy Scripture in the Gospel according to Luke,Identify the methods used by Jesus in his Ministry (parables and miracles)
2023-JSS030-Kidato III,Demonstrate an understanding of devotion to God as revealed in the Bible,Demonstrate mastery of the Holy Scripture in the Gospel according to Luke,Use the Gospel according to Luke to defend human rights
2023-JSS030-Kidato III,Demonstrate an understanding of devotion to God as revealed in the Bible,Demonstrate mastery of the Holy Scripture in the Gospel according to Luke,Discuss how the themes in the Gospel according to Luke relate to daily life (choose one theme for course work/ project to be submitted in Form IV)
2023-JSS030-Kidato III,Demonstrate an understanding of devotion to God as revealed in the Bible,Use the Gospel according to Luke to appreciate the importance of family life,Explain the concept of family
2023-JSS030-Kidato III,Demonstrate an understanding of devotion to God as revealed in the Bible,Use the Gospel according to Luke to appreciate the importance of family life,Discuss the characteristics of the families found in the Gospel according to Luke
2023-JSS030-Kidato III,Demonstrate an understanding of devotion to God as revealed in the Bible,Use the Gospel according to Luke to appreciate the importance of family life,Use the Gospel according to Luke to discuss good parental care
2023-JSS030-Kidato IV,Demonstrate an understanding of devotion to God as revealed in the Bible,Demonstrate mastery of the Holy Scripture in the Book of Acts of the Apostles,"Discuss the authorship of the Book of the Acts of the Apostles (author, recipients and purpose)"
2023-JSS030-Kidato IV,Demonstrate an understanding of devotion to God as revealed in the Bible,Demonstrate mastery of the Holy Scripture in the Book of Acts of the Apostles,Discuss the themes appearing in the Book of the Acts of the Apostles
2023-JSS030-Kidato IV,Demonstrate an understanding of devotion to God as revealed in the Bible,Demonstrate mastery of the Holy Scripture in the Book of Acts of the Apostles,Use the Book of the Acts of the Apostles to defend human rights
2023-JSS030-Kidato IV,Demonstrate an understanding of devotion to God as revealed in the Bible,Demonstrate an appreciation of devotion to spreading the Gospel,Use the Book of the Acts of the Apostles to discuss the commission and order to spread the Gospel
2023-JSS030-Kidato IV,Demonstrate an understanding of devotion to God as revealed in the Bible,Demonstrate an appreciation of devotion to spreading the Gospel,Explain the role of the Holy Spirit in spreading the Gospel
2023-JSS030-Kidato IV,Demonstrate an understanding of devotion to God as revealed in the Bible,Demonstrate an appreciation of devotion to spreading the Gospel,Describe the life of the early Christian community and their role in spreading the Gospel
2023-JSS030-Kidato IV,Demonstrate an understanding of devotion to God as revealed in the Bible,Demonstrate an appreciation of devotion to spreading the Gospel,Discuss the acts of courage as revealed in the Book of the Acts of the Apostles
2023-JSS030-Kidato IV,Demonstrate an understanding of devotion to God as revealed in the Bible,Demonstrate an appreciation of devotion to spreading the Gospel,Discuss Saul’s conversion and his missionary journeys
2023-JSS030-Kidato IV,Demonstrate an understanding of devotion to God as revealed in the Bible,"Use the Book of Acts of the Apostles to appreciate the importance of justice, peace and equality",Determine the resolution of conflicts during the growth of the early Church
2023-JSS030-Kidato IV,Demonstrate an understanding of devotion to God as revealed in the Bible,"Use the Book of Acts of the Apostles to appreciate the importance of justice, peace and equality","Discuss the importance, functions and qualities of deacons used in the early Church"
2023-JSS030-Kidato IV,Demonstrate an understanding of devotion to God as revealed in the Bible,"Use the Book of Acts of the Apostles to appreciate the importance of justice, peace and equality","Discuss the methods used by the Jerusalem Council to solve con- flict and bring peace, equality and unity in the early Church"
2023-JSS042-Kidato V,Demonstrate mastery of some advanced concepts in Mathematics,Demonstrate an advanced understanding of knowledge and skills in Mathematics,"Explore advanced tenets of functions (polynomials, rational, composite, exponential, and logarithmic)"
2023-JSS042-Kidato V,Demonstrate mastery of some advanced concepts in Mathematics,Demonstrate an advanced understanding of knowledge and skills in Mathematics,"Explore advanced tenets of linear programming (transportation: two sources and two destinations, two sources and three destinations)"
2023-JSS042-Kidato V,Demonstrate mastery of some advanced concepts in Mathematics,Demonstrate an advanced understanding of knowledge and skills in Mathematics,"Explore advanced tenets of coordinate geometry (angle between two lines, perpendicular distance, locus of a moving point, ratio theorem, and equations of a circle)"
2023-JSS042-Kidato V,Demonstrate mastery of some advanced concepts in Mathematics,Demonstrate an advanced understanding of knowledge and skills in Mathematics,"Explore advanced tenets of trigonometry (ratios, small angles, compound angles and factor formulae, trigonometric functions, trigonometric equations, inverse trigonometric functions, graphs of inverse trigonometric functions, domain, and range)"
2023-JSS042-Kidato V,Demonstrate mastery of some advanced concepts in Mathematics,Demonstrate basic understanding of calculus,"Explore basic tenets of differentiation (first principles, power rule, chain rule, product rule, quotient rule, and partial derivatives)"
2023-JSS042-Kidato V,Demonstrate mastery of some advanced concepts in Mathematics,Demonstrate basic understanding of calculus,"Determine the nature of stationary points, rates of change between quantities, small changes in quantities, and series expansions of different functions"
2023-JSS042-Kidato V,Demonstrate mastery of some advanced concepts in Mathematics,Demonstrate basic understanding of calculus,"Explore basic tenets of integration (by parts, substitution method, and partial fractions)"
2023-JSS042-Kidato V,Demonstrate mastery of some advanced concepts in Mathematics,Demonstrate basic understanding of calculus,"Determine the area enclosed by a curve, volume of a solid of revolution, and length of an arc"
2023-JSS042-Kidato V,Demonstrate mastery of set theory and logic,Demonstrate an advanced understanding of set theory and logic,"Explore advanced tenets of set theory (operations, expressions, and cardinality)"
2023-JSS042-Kidato V,Demonstrate mastery of set theory and logic,Demonstrate an advanced understanding of set theory and logic,"Use knowledge of sets to organise, create, and categorise objects"
2023-JSS042-Kidato V,Demonstrate mastery of set theory and logic,Demonstrate an advanced understanding of set theory and logic,"Explore basic tenets of logic (connectives, propositions, arguments, and electrical networks)"
2023-JSS042-Kidato V,Demonstrate mastery of set theory and logic,Demonstrate an advanced understanding of set theory and logic,Use logic to analyse arguments and construct circuit diagrams
2023-JSS042-Kidato V,Demonstrate mastery of advanced algebra,Demonstrate an advanced understanding of algebra,"Explore advanced tenets of algebra (series of squares and cubes of natural numbers, roots, quadratic and rational inequalities, 3x3 matrices, partial fractions, mathematical induction, and binomial theorem)"
2023-JSS042-Kidato V,Conduct a project in Mathematics,Carry out a project in Mathematics,Carry out a project to solve a problem using mathematical skills
2023-JSS042-Kidato VI,Demonstrate mastery of some advanced concepts in Mathematics,Demonstrate an advanced understanding of knowledge and skills in Mathematics,"Explore the basic tenets of hyperbolic functions (definition, conversion into logarithmic form, series of hyperbolic cosine and sine functions, derivatives and integration)"
2023-JSS042-Kidato VI,Demonstrate mastery of some advanced concepts in Mathematics,Demonstrate an advanced understanding of knowledge and skills in Mathematics,"Explore the basic tenets of probability theory (counting principles, independent and dependent events, probability distributions)"
2023-JSS042-Kidato VI,Demonstrate mastery of some advanced concepts in Mathematics,Demonstrate an advanced understanding of knowledge and skills in Mathematics,"Determine the probability of an event, expectation, variance, and standard deviation of random variables"
2023-JSS042-Kidato VI,Demonstrate mastery of some advanced concepts in Mathematics,Demonstrate an advanced understanding of knowledge and skills in Mathematics,"Explore the basic tenets of first and second order differential equations (linearity, degree, order, formulation, solutions, homogeneity, separability, and exactness)"
2023-JSS042-Kidato VI,Demonstrate mastery of some advanced concepts in Mathematics,Demonstrate an advanced understanding of knowledge and skills in Mathematics,"Use differential equations to solve real life problems related to growth (decay, cooling of bodies, falling bodies, electrical circuits, and vibrating springs)"
2023-JSS042-Kidato VI,Demonstrate mastery of some advanced concepts in Mathematics,Demonstrate an advanced understanding of knowledge and skills in Mathematics,"Explore the basic tenets of numerical methods (errors, secant method, Newton-Raphson method, trapezoidal rule, and Simpson’s rule)"
2023-JSS042-Kidato VI,Demonstrate mastery of some advanced concepts in Mathematics,Demonstrate an advanced understanding of knowledge and skills in Mathematics,"Explore advanced tenets of coordinate geometry (parabola, ellipse, hyperbola, and polar coordinates)"
2023-JSS042-Kidato VI,Demonstrate mastery of some advanced concepts in Mathematics,Demonstrate an advanced understanding of knowledge and skills in Mathematics,"Explore advanced tenets of vectors (ratio theorems, dot product, cross product, vector differentiation, and vector integration)"
2023-JSS042-Kidato VI,Demonstrate mastery of some advanced concepts in Mathematics,Demonstrate an advanced understanding of knowledge and skills in Mathematics,"Use vectors to solve problems related to displacement, velocity, and acceleration of a particle, work done by forces, and projection of vectors"
2023-JSS042-Kidato VI,Demonstrate mastery of some advanced concepts in Mathematics,Demonstrate an advanced understanding of knowledge and skills in Mathematics,"Explore the basic tenets of complex numbers (modulus, argument, Argand diagram, polar form, De Moivre’s theorem and Euler’s formula)"
2023-JSS042-Kidato VI,Demonstrate mastery of some advanced concepts in Mathematics,Demonstrate an advanced understanding of statistics,"Explore advanced tenets of statistics (measures of central tendency and dispersion: mean, variance and standard deviation by coding method, quartiles, and percentiles)"
2023-JSS042-Kidato VI,Conduct a project in Mathematics,Carry out a project in Mathematics,Complete the project started in Form Five and submit the report for assessment
2023-JSS038-Kidato V,Demonstrate mastery of the history of sports and its importance,Demonstrate an understanding of the history and development of sports in Tanzania,"Explain the historical development of sports in Tanzania from international and national perspectives (development, spread and impacts)"
2023-JSS038-Kidato V,Demonstrate mastery of the relationship between human physiology and performance in sports,Demonstrate a basic understanding of the structure and functions of the human body systems,"Describe the structure and functions of human body systems that relate to physical exercises and sports (musculoskeletal, cardiovascular, respiratory, nervous, endocrine and digestive systems)"
2023-JSS038-Kidato V,Demonstrate mastery of the relationship between human physiology and performance in sports,Demonstrate a basic understanding of the role of human body systems and movements in sports,"Apply the knowledge of various body systems (musculoskeletal, cardiovascular, respiratory, nervous, endocrine and digestive systems) to enhance performance in physical exercises and selected sports: Athletics (running, throwing and jumping), swimming, football, netball, basketball, table tennis, tennis volleyball and handball"
2023-JSS038-Kidato V,Perform selected sports,Train for selected sports,"Describe principles of training in sports (specificity, overload, progression, variety, recovery, individuality and consistency)"
2023-JSS038-Kidato V,Perform selected sports,Train for selected sports,"Apply principles of training in selected sports: Athletics (running, throwing and jumping), swimming, football and netball"
2023-JSS038-Kidato V,Perform selected sports,Develop advanced skills in selected sports,"Perform advanced tactics and drills in selected sports (principles, systems and styles of play)"
2023-JSS038-Kidato V,Perform selected sports,Develop advanced skills in selected sports,"Play by observing rules and regulations governing selected sports: Athletics (running, throwing and jumping), swimming, football and netball"
2023-JSS038-Kidato V,Demonstrate mastery of the basic principles of sports management and administration,"Demonstrate an understanding of basic principles of leadership, administration and management in sports","Describe the principles of sports management, leadership and administration (theories, skills and functions)"
2023-JSS038-Kidato V,Demonstrate mastery of the basic principles of sports management and administration,"Demonstrate an understanding of basic principles of leadership, administration and management in sports","Describe the leadership, administrative and managerial structures of sport organisations"
2023-JSS038-Kidato V,Conduct a project in sports,Design and conduct a project in sports,Design and execute a project in sports
2023-JSS038-Kidato VI,Demonstrate mastery of the history of sports and its importance,Demonstrate an understanding of the opportunities available in sports at national and international levels,Explore opportunities associated with sports at national and international levels (a place of sports for further education and other careers)
2023-JSS038-Kidato VI,Demonstrate mastery of the relationship between human physiology and performance in sports,Demonstrate a basic understanding of the role of human body systems and movements in sports,"Apply biomechanical principles (laws of motions, force, friction, stability, etc) to enhance performance in physical exercises and selected sports: Athletics (running, throwing and jumping), swimming, football and netball, basketball, table tennis, tennis, volleyball and handball"
2023-JSS038-Kidato VI,Perform selected sports,Train for selected sports,"Describe principles of training in sports (specificity, overload, progression, variety, recovery, individuality and consistency)"
2023-JSS038-Kidato VI,Perform selected sports,Train for selected sports,"Apply principles of training in selected sports: Basketball, table tennis, tennis, volleyball and handball"
2023-JSS038-Kidato VI,Perform selected sports,Develop advanced sports skills,"Perform advanced tactics and drills in selected sports (principles, systems and styles of play)"
2023-JSS038-Kidato VI,Perform selected sports,Develop advanced sports skills,"Play by observing rules and regulations governing selected sports: Basketball, table tennis, tennis, volleyball and handball"
2023-JSS038-Kidato VI,Conduct a project in sports,Design and conduct a project in sports,Complete and submit for assessment the project initiated in Form Five
2023-JSS027-Kidato V,Demonstrate mastery of the principles of agriculture,Demonstrate an understanding of principles and some advanced practices of agriculture,"Describe the principles and practices for the production of selected crops (mushroom, clove, avocado, tea, coffee and cashew)"
2023-JSS027-Kidato V,Demonstrate mastery of the principles of agriculture,Demonstrate a basic understanding of the agricultural value chain for selected products,"Analyse the problems associated with the cultivation, postharvest management and marketing of selected crops (mushroom, clove, avocado, tea, coffee and cashew) and propose possible solutions"
2023-JSS027-Kidato V,Demonstrate mastery of the principles of agriculture,Demonstrate an understanding of some advanced technologies in agriculture,"Describe advanced agricultural technologies used in crop production (technologies used in planning, site selection, propagation and nursery management, crop establishment, crop management, postharvest management, and marketing)"
2023-JSS027-Kidato V,Use some advanced technologies in agriculture,Use technology to increase agricultural production,"Apply basic and some advanced agricultural technologies in the production of selected crops (mushroom, clove, avocado, tea, coffee and cashew)"
2023-JSS027-Kidato V,Conduct a project in Agriculture,Conduct a project in Agriculture,"Identify agricultural problem in society, and design and carry out a project to address it"
2023-JSS027-Kidato VI,Demonstrate mastery of the principles of agriculture,Demonstrate an understanding of principles and some advanced practices of agriculture,"Describe basic principles and some advanced practices for production of selected crops (cotton, oil palm, sisal, coconut and grape)"
2023-JSS027-Kidato VI,Demonstrate mastery of the principles of agriculture,Demonstrate an understanding of principles and some advanced practices of agriculture,Describe basic principles and some advanced practices for production of goat and sheep
2023-JSS027-Kidato VI,Demonstrate mastery of the principles of agriculture,Demonstrate a basic understanding of the agricultural value chain for selected products,"Analyse the problems associated with the cultivation, postharvest management and marketing of selected crops (cotton, oil palm, sisal, coconut and grape) and propose possible solutions"
2023-JSS027-Kidato VI,Demonstrate mastery of the principles of agriculture,Demonstrate a basic understanding of the agricultural value chain for selected products,"Analyse the problems associated with the husbandry, postharvest management and marketing of livestock produce and products (goat & sheep) and propose possible solutions"
2023-JSS027-Kidato VI,Demonstrate mastery of the principles of agriculture,Demonstrate an understanding of some advanced technologies in agriculture,"Describe advanced agricultural technologies used in animal production (technologies in husbandry, postharvest management and marketing)"
2023-JSS027-Kidato VI,Use some advanced technologies in agriculture,Use technology to increase agricultural production,"Apply basic and some advanced agricultural technologies in the production of selected crops (cotton, oil palm, sisal, coconut and grape)"
2023-JSS027-Kidato VI,Use some advanced technologies in agriculture,Use technology to increase agricultural production,Apply basic and some advanced agricultural technologies in goat and sheep production
2023-JSS027-Kidato VI,Conduct a project in Agriculture,Conduct a project in Agriculture,Complete and submit a report on the project started in Form V
2023-JSS038-Kidato I,"Demonstrate mastery of the concepts, safety and ethical conduct in sports",Demonstrate an understanding of the importance of sports,"Explain the concepts of sports, games, play, physical activity and exercise, their importance to health and well-being, and their relationship with other disciplines"
2023-JSS038-Kidato I,"Demonstrate mastery of the concepts, safety and ethical conduct in sports",Demonstrate an understanding of the importance of sports,Describe the categories of sports
2023-JSS038-Kidato I,"Demonstrate mastery of the concepts, safety and ethical conduct in sports",Demonstrate an understanding of the importance of sports,"Describe the basic tenets of safety in sports (meaning, importance and practice)"
2023-JSS038-Kidato I,Demonstrate mastery of the role of physical and mental fitness in sports,Demonstrate an understanding of the principles of building physical and mental fitness in sports,"Describe the basic tenets of physical and mental fitness in sports (meaning, importance, attributes and components)"
2023-JSS038-Kidato I,Play various sports,Perform physical exercises,Describe warm-up and cool-down exercises
2023-JSS038-Kidato I,Play various sports,Perform physical exercises,Carry out warm up and cool down exercises
2023-JSS038-Kidato I,Play various sports,Develop skills and techniques in sports,"Describe different skills, techniques, safety measures and rules in selected sports (football and track events)"
2023-JSS038-Kidato I,Play various sports,Develop skills and techniques in sports,"Play selected sports by observing skills, techniques, rules and safety principles (football and track events)"
2023-JSS038-Kidato II,Play various sports,Develop skills and techniques in sports,"Describe different skills, techniques, safety measures and rules in selected sports (netball and field events; optional swimming or gymnastics)"
2023-JSS038-Kidato II,Play various sports,Develop skills and techniques in sports,"Play selected sports by observing skills, techniques, rules and safety principles (netball and field events; optional swimming or gymnastics)"
2023-JSS038-Kidato III,"Demonstrate mastery of the concepts, safety and ethical conduct in sports",Demonstrate an understanding of ethical conduct in sports,Describe the basic norms and values in sports in the Tanzanian context
2023-JSS038-Kidato III,Play various sports,Develop skills and techniques in sports,"Describe different skills, techniques, safety measures and rules in selected sports (basketball and table tennis; optional tennis or badminton)"
2023-JSS038-Kidato III,Play various sports,Develop skills and techniques in sports,"Play selected sports by observing skills, techniques, rules and safety principles (basketball and table tennis; optional tennis or badminton)"
2023-JSS038-Kidato III,Demonstrate mastery of the fundamentals of health and safety in sports,Demonstrate an understanding of risky behaviour in sports,Describe common risk behaviours and their effects and mitigation in sports (example; doping and substance abuse)
2023-JSS038-Kidato IV,Play various sports,Develop skills and techniques in sports,"Describe different skills, techniques, safety measures and rules in selected sports (volleyball and handball; optional cricket or hockey)"
2023-JSS038-Kidato IV,Play various sports,Develop skills and techniques in sports,"Play selected sports by observing skills, techniques, rules and safety principles (volleyball and handball; optional cricket or hockey)"
2023-JSS038-Kidato IV,Demonstrate mastery of the fundamentals of health and safety in sports,Demonstrate an understanding of the relationship between nutrition and health in sports,"Relate nutrition, body composition and performance in different sports"
2023-JSS025-Kidato V,Demonstrate mastery of the principles of Computer Science,Demonstrate understanding of the principles of computer architecture and organisation,"Describe the classification of computer architecture (Von Neumann and Non Von Neumann, Harvard Architecture, Modified Harvard Architecture, Flynn’s Taxonomy)"
2023-JSS025-Kidato V,Demonstrate mastery of the principles of Computer Science,Demonstrate understanding of the principles of computer architecture and organisation,"Demonstrate understanding of Boolean algebra and logic gates (Logic expressions, standard logic gate symbols, logic circuits)"
2023-JSS025-Kidato V,Demonstrate mastery of the principles of Computer Science,Demonstrate understanding of the principles of computer architecture and organisation,"Explore computer memory (Meaning, design principles, memory hierarchy and interfacing, cache memory, memory mapping, primary & secondary memory)"
2023-JSS025-Kidato V,Demonstrate mastery of the principles of Computer Science,Demonstrate understanding of the principles of computer architecture and organisation,"Analyse instruction set architecture (Instruction set types, registers, instruction execution cycles, addressing modes, register transfer language, ARM and x86 architectures)"
2023-JSS025-Kidato V,Demonstrate mastery of the principles of Computer Science,Demonstrate understanding of the principles of computer architecture and organisation,"Describe I/O system (Direct Memory Access, Interrupt and exception, privileged / non privileged instruction)"
2023-JSS025-Kidato V,Demonstrate mastery of the principles of Computer Science,Demonstrate understanding of the principles of computer architecture and organisation,Demonstrate function of memory and input-output system
2023-JSS025-Kidato V,Demonstrate mastery of the principles of Computer Science,Demonstrate understanding of the principles of computer architecture and organisation,"Develop understanding of pipelining (Basics, types, stalling & forwarding, throughput and speedup, hazards) and Instruction Level Parallelism ( concept, compilation techniques, scalar versus superscalar pipelining, branch prediction, register renaming) and thread and data level parallelism"
2023-JSS025-Kidato V,Demonstrate mastery of the principles of Computer Science,Demonstrate understanding of computer networks,"Demonstrate understanding of OSI and TCP/IP Reference models, transmission media, wireless transmission, the public switched telephone networks, mobile telephone system and Network protocols (HTTP, FTP, IP,PPP,etc)"
2023-JSS025-Kidato V,Demonstrate mastery of the principles of Computer Science,Demonstrate understanding of computer networks,"Develop understanding of Data link layer (Switched LANs: Link-Layer Addressing and ARP, Ethernet, Link-Layer, Switches, VLANs)"
2023-JSS025-Kidato V,Demonstrate mastery of the principles of Computer Science,Demonstrate understanding of computer networks,Create a network that make use of wireless or Ethernet technology
2023-JSS025-Kidato V,Demonstrate mastery of the principles of Computer Science,Demonstrate understanding of computer networks,"Develop understanding of Network layer (design issues, routing algorithms, Congestion control algorithms, Internetworking, the network layer in the internet (IPv4 and IPv6), Quality of Service)"
2023-JSS025-Kidato V,Demonstrate mastery of the principles of Computer Science,Demonstrate understanding of computer networks,"Elaborate the transport layer (Transport service, elements of transport protocol, Simple Transport Protocol, Internet transport layer protocols: UDP and TCP)"
2023-JSS025-Kidato V,Demonstrate mastery of the principles of Computer Science,Demonstrate understanding of computer networks,"Describe the application layer (Domain name system, electronic mail, World Wide Web: architecture; dynamic web document and http)"
2023-JSS025-Kidato V,Demonstrate mastery of the principles of Computer Science,Demonstrate understanding of computer networks,"Apply network security principles, tools and protocols in computer networks"
2023-JSS025-Kidato V,Demonstrate mastery of the principles of Computer Science,"Demonstrate mastery of Basic principles of Object Oriented Programming Using C++, Java, Python, etc","Describe the concept of Object Oriented Programming (Output, Directives, input, type bool, set width manipulator, type conversion, Object oriented paradigm differences between Object Oriented Programming and Procedure oriented programming, Encapsulation, Inheritance, composition and Polymorphism, Benefits of OOP, Structure of C++/ Java/python, namespace, Data types, C++/Java/ python tokens, Identifiers, Variables, Constants, Operators, Control structures and Loops)"
2023-JSS025-Kidato V,Demonstrate mastery of the principles of Computer Science,"Demonstrate mastery of Basic principles of Object Oriented Programming Using C++, Java, Python, etc","Describe the general structure of Object Oriented Program (Using C++, Java, Python, etc)"
2023-JSS025-Kidato V,Demonstrate mastery of the principles of Computer Science,"Demonstrate mastery of Basic principles of Object Oriented Programming Using C++, Java, Python, etc",Apply appropriate syntax and constructs to create Object Oriented programs
2023-JSS025-Kidato V,Demonstrate mastery of the principles of Computer Science,"Demonstrate mastery of Basic principles of Object Oriented Programming Using C++, Java, Python, etc","Debug Object Oriented programs using appropriate skills (Use C++, Java, Python, etc)"
2023-JSS025-Kidato V,Demonstrate mastery of the principles of Computer Science,Demonstrate understanding of principles of Operating Systems [Types of OS; Memory management; File management; CPU Scheduling; etc],"Describe the concept of operating systems ( evolution, types, architecture, structure and design)"
2023-JSS025-Kidato V,Demonstrate mastery of the principles of Computer Science,Demonstrate understanding of principles of Operating Systems [Types of OS; Memory management; File management; CPU Scheduling; etc],Describe the impact of operating system design on application system design and performance
2023-JSS025-Kidato V,Demonstrate mastery of the principles of Computer Science,Demonstrate understanding of principles of Operating Systems [Types of OS; Memory management; File management; CPU Scheduling; etc],"Demonstrate competency in recognising and using operating system design and performance [Process Management (Processes and threads, process creation, synchronisation and Communication), CPU/Processor Scheduling ( Deadlock prevention, avoidance and recovery), Memory Management ( Main and virtual memory management), File System Structure and implementation, Input/output Systems and device management]"
2023-JSS025-Kidato V,Demonstrate mastery of the data management,Demonstrate mastery of Advanced principles of databases and database management systems,"Describe the basic concepts of Relational Database Design, ER Model, SQL, NoSQL, big data, and data warehouse."
2023-JSS025-Kidato V,Demonstrate mastery of the data management,Demonstrate mastery of Advanced principles of databases and database management systems,"Demonstrate understanding of database design (conceptual, logical, physical, normalization etc)"
2023-JSS025-Kidato V,Demonstrate mastery of the data management,Demonstrate mastery of Advanced principles of databases and database management systems,Demonstrate understanding of database models
2023-JSS025-Kidato V,Demonstrate mastery of the data management,Demonstrate mastery of Advanced principles of databases and database management systems,"Describe different database management systems (Parallel, distribution)"
2023-JSS025-Kidato V,Demonstrate mastery of the data management,Demonstrate mastery of Advanced principles of databases and database management systems,"Describe the emerging Database Models, Technologies and Application"
2023-JSS025-Kidato V,Demonstrate mastery of the data management,Demonstrate mastery of Advanced principles of databases and database management systems,Design database using SQL and PHP
2023-JSS025-Kidato VI,Demonstrate mastery of the principles of Computer Science,"Demonstrate mastery of web application development (Using PHP/ Python, JavaScript, CSS, etc)","Describe the web application (Meaning, history and development, types, differences between website development and web application development, tags, Application Programming Interfacing -APIs)"
2023-JSS025-Kidato VI,Demonstrate mastery of the principles of Computer Science,"Demonstrate mastery of web application development (Using PHP/ Python, JavaScript, CSS, etc)","Create an interactive web pages (Use modern versions of PHP/Python, JavaScript, CSS, etc.) with appropriate responsive techniques"
2023-JSS025-Kidato VI,Demonstrate mastery of the principles of Computer Science,"Demonstrate mastery of web application development (Using PHP/ Python, JavaScript, CSS, etc)","Apply web API in rich web based application (Canvas API, Add canvas, Draw canvas environment, drag and drop API, Representation state transfer and CRUD operations)"
2023-JSS025-Kidato VI,Demonstrate mastery of the principles of Computer Science,"Demonstrate mastery of web application development (Using PHP/ Python, JavaScript, CSS, etc)",Create data- driven web based applications that speak to client or server storage systems and embed it with audio and video
2023-JSS025-Kidato VI,Demonstrate mastery of the principles of Computer Science,"Demonstrate mastery of web application development (Using PHP/ Python, JavaScript, CSS, etc)",Create rich-based web applications that deliver similar features and functions as in desktop applications using modern libraries or frameworks
2023-JSS025-Kidato VI,Demonstrate mastery of the principles of Computer Science,"Demonstrate mastery of web application development (Using PHP/ Python, JavaScript, CSS, etc)",Use CSS and modern HTML controls in rich based web applications
2023-JSS025-Kidato VI,Demonstrate mastery of the principles of Computer Science,"Demonstrate mastery of web application development (Using PHP/ Python, JavaScript, CSS, etc)","Develop back- end using PHP/Python, JavaScript, CSS, etc (Back end should be handling user input, producing template output, storing information in databases and data stores, and building systems with secure user accounts)"
2023-JSS025-Kidato VI,Demonstrate mastery of the principles of Computer Science,Demonstrate mastery of basic principles of Algorithms and Data structures,Describe the concept of data structure and algorithms
2023-JSS025-Kidato VI,Demonstrate mastery of the principles of Computer Science,Demonstrate mastery of basic principles of Algorithms and Data structures,"Explore and utilise basic data structure (linked lists, stacks, queues and trees.)"
2023-JSS025-Kidato VI,Demonstrate mastery of the principles of Computer Science,Demonstrate mastery of basic principles of Algorithms and Data structures,Describe the design and performance of various classic searching and sorting algorithms
2023-JSS025-Kidato VI,Demonstrate mastery of the principles of Computer Science,Demonstrate mastery of basic principles of Algorithms and Data structures,Write a program that implements various sorting algorithms and create a report for performance
2023-JSS025-Kidato VI,Demonstrate mastery of the principles of Computer Science,Demonstrate mastery of basic principles of Algorithms and Data structures,Create a program that implements array and a linked list data structure using object-oriented programming language
2023-JSS025-Kidato VI,Demonstrate mastery of the principles of Computer Science,Demonstrate mastery of basic principles of Algorithms and Data structures,"Implement stack and queue, binary search tree , balanced tree (such as an AVL tree), graph, hash table data structures in object-oriented programming language."
2023-JSS025-Kidato VI,Demonstrate mastery of the principles of Computer Science,Demonstrate mastery of basic principles of Algorithms and Data structures,Describe the techniques of algorithm analysis
2023-JSS025-Kidato VI,Demonstrate mastery of the data management,"Demonstrate understanding of Automated and Emerging technologies (Automated systems, Artificial Intelligence, Machine learning, 3D and holographic imaging, Virtual Reality (VR), Augmented Reality (AR))","Demonstrate basic understanding of automated system and how sensors, microprocessors and actuators can be used in collaboration to create automated systems"
2023-JSS025-Kidato VI,Demonstrate mastery of the data management,"Demonstrate understanding of Automated and Emerging technologies (Automated systems, Artificial Intelligence, Machine learning, 3D and holographic imaging, Virtual Reality (VR), Augmented Reality (AR))","Describe the advantages and disadvantages of an automated system used for various scenario (agriculture, Industry, transport, weather, etc)"
2023-JSS025-Kidato VI,Demonstrate mastery of the data management,"Demonstrate understanding of Automated and Emerging technologies (Automated systems, Artificial Intelligence, Machine learning, 3D and holographic imaging, Virtual Reality (VR), Augmented Reality (AR))",Create simple automated system for specific challenge in surrounding environment
2023-JSS025-Kidato VI,Demonstrate mastery of the data management,"Demonstrate understanding of Automated and Emerging technologies (Automated systems, Artificial Intelligence, Machine learning, 3D and holographic imaging, Virtual Reality (VR), Augmented Reality (AR))","Describe the concept of emerging technologies (Meaning, types, importance, advantages and disadvantages, and their impacts in everyday life)"
2023-JSS025-Kidato VI,Demonstrate mastery of the data management,"Demonstrate understanding of Automated and Emerging technologies (Automated systems, Artificial Intelligence, Machine learning, 3D and holographic imaging, Virtual Reality (VR), Augmented Reality (AR))","Demonstrate practical understanding of building blocks and components of artificial intelligence: basics algorithms, machine learning, and neural networks"
2023-JSS025-Kidato VI,Demonstrate mastery of the data management,"Demonstrate understanding of Automated and Emerging technologies (Automated systems, Artificial Intelligence, Machine learning, 3D and holographic imaging, Virtual Reality (VR), Augmented Reality (AR))",Demonstrate practical understanding of impacts of emerging technologies in everyday life
2023-JSS025-Kidato VI,Demonstrate mastery of the data management,"Mastering principles of computer data analysis (advanced analysis, visualisation and results interpretation, etc)","Perform an advanced data analysis using appropriate tools (Excel, Python, etc)"
2023-JSS025-Kidato VI,Demonstrate mastery of the data management,"Mastering principles of computer data analysis (advanced analysis, visualisation and results interpretation, etc)",Apply appropriate skills to visualise and interpret data
2023-JSS022-Kidato V,"Demonstrate mastery of concepts, theories and principles in Physics","Demonstrate an advanced understanding of the concepts, theories and principles in Physics","Explain the fundamental principles of measurement (dimensional analysis, precision, accuracy and uncertainties)"
2023-JSS022-Kidato V,"Demonstrate mastery of concepts, theories and principles in Physics","Demonstrate an advanced understanding of the concepts, theories and principles in Physics","Describe the basic tenets of mechanics and two dimensional motion (projectile motion, circular motion, rotation, gravitation and fluid mechanics)"
2023-JSS022-Kidato V,"Demonstrate mastery of concepts, theories and principles in Physics","Demonstrate an advanced understanding of the concepts, theories and principles in Physics","Describe the fundamental concepts, principles and theories underlying the thermal properties of materials (heat transfer, kinetic theory of solids, liquids and gases, thermodynamics and thermal radiation)"
2023-JSS022-Kidato V,"Demonstrate mastery of concepts, theories and principles in Physics","Demonstrate an advanced understanding of the concepts, theories and principles in Physics","Explore the basic tenets of vibrations and waves (simple harmonic motion, and wave propagation {interference, diffraction and polarization})"
2023-JSS022-Kidato V,"Demonstrate mastery of concepts, theories and principles in Physics","Demonstrate an advanced understanding of the concepts, theories and principles in Physics","Explain the concept, theories and principles of electrostatics (electric field, electric potential and capacitance)"
2023-JSS022-Kidato V,"Demonstrate mastery of concepts, theories and principles in Physics",Use various instruments to carry out measurements in Physics,"Use various instruments to carry out experiments in mechanics, vibrations and waves, thermal properties of materials and electrostatics"
2023-JSS022-Kidato V,"Demonstrate mastery of concepts, theories and principles in Physics",Use various instruments to carry out measurements in Physics,Analyse the precision and accuracy of measurements
2023-JSS022-Kidato V,"Demonstrate mastery of concepts, theories and principles in Physics",Analyse the efficacy of different techniques and instruments in physical measurements,"Analyse the strengths and weaknesses of various instruments and techniques used in mechanics, vibrations and waves, thermal properties of materials and electrostatics"
2023-JSS022-Kidato V,Conduct experiments in Physics,Carry out experiments in Physics,"Design and carry out scientific experiments related to mechanics, vibrations and waves, thermal properties of materials and electrostatics"
2023-JSS022-Kidato V,Conduct experiments in Physics,Carry out experiments in Physics,"Use ICT tools to analyse and present data (Ms Excel, PSPP, R, MATLAB, Python and Origin)"
2023-JSS022-Kidato V,Conduct experiments in Physics,Carry out experiments in Physics,"Use various methods to disseminate scientific results in Physics (reports, journal articles and case studies)"
2023-JSS022-Kidato V,Conduct a project in Physics,Conduct a project in Physics,Design and carry out a research project in Physics
2023-JSS022-Kidato VI,"Demonstrate mastery of concepts, theories and principles in Physics","Demonstrate an advanced understanding of the concepts, theories and principles in Physics","Explain the principles, theories and concepts of current electricity (direct and alternating current and electrical networks)"
2023-JSS022-Kidato VI,"Demonstrate mastery of concepts, theories and principles in Physics","Demonstrate an advanced understanding of the concepts, theories and principles in Physics","Explore the basic tenets of electromagnetism (electromagnetic force, induction and electromagnetic waves)"
2023-JSS022-Kidato VI,"Demonstrate mastery of concepts, theories and principles in Physics","Demonstrate an advanced understanding of the concepts, theories and principles in Physics","Explore the basic tenets of electronics and telecommunication (band theory, semiconductors, transistors, logic gates and satellites)"
2023-JSS022-Kidato VI,"Demonstrate mastery of concepts, theories and principles in Physics","Demonstrate an advanced understanding of the concepts, theories and principles in Physics","Explore some advanced tenets of atomic Physics (atomic transitions, nuclear physics, LASER, X-rays, α, β and γ radiations)"
2023-JSS022-Kidato VI,"Demonstrate mastery of concepts, theories and principles in Physics","Demonstrate an advanced understanding of the concepts, theories and principles in Physics","Explore the basic tenets of energy and energy sources (solar radiation, wind energy, hydropower and thermal reactors)"
2023-JSS022-Kidato VI,"Demonstrate mastery of concepts, theories and principles in Physics","Demonstrate an advanced understanding of the concepts, theories and principles in Physics","Explore the basic tenets of medical Physics (nervous system, electro- cardiography, diagnostic imaging and radiotherapy)"
2023-JSS022-Kidato VI,"Demonstrate mastery of concepts, theories and principles in Physics",Use various instruments to carry out measurements in Physics,"Use various instruments to carry out experiments in current electricity, electromagnetism, electronics, telecommunication, energy sources, medical physics and atomic physics"
2023-JSS022-Kidato VI,"Demonstrate mastery of concepts, theories and principles in Physics",Analyse the efficacy of different techniques and instruments in physical measurements,"Analyse the strengths and weaknesses of the various instruments and techniques used in current electricity, electromagnetism, electronics, telecommunication, energy sources, medical physics and atomic Physics"
2023-JSS022-Kidato VI,Conduct experiments in Physics,Carry out experiments in Physics,"Design and carry out scientific experiments related to current electricity, electromagnetism, electronics, telecommunication, energy sources, medical physics and atomic physics"
2023-JSS022-Kidato VI,Conduct a project in Physics,Conduct a project in Physics,Complete and submit a report for the research project started in Form Five
2023-JSS045-Kidato V,"Demonstrate mastery of the concepts of governance, courage and decision making as depicted in the Old Testament","Demonstrate an understanding of the concept and practice of governance as revealed in the books of Judges, Samuel and Kings",Explain the concept of Divinity
2023-JSS045-Kidato V,"Demonstrate mastery of the concepts of governance, courage and decision making as depicted in the Old Testament","Demonstrate an understanding of the concept and practice of governance as revealed in the books of Judges, Samuel and Kings","Use the books of Judges, Samuel and Kings to discuss the concept and practice of governance"
2023-JSS045-Kidato V,"Demonstrate mastery of the concepts of governance, courage and decision making as depicted in the Old Testament",Demonstrate an understanding of the concept of courage and decision making as revealed in the ministries of Prophets Elijah and Elisha,Use the ministries of Elijah and Elisha to discuss the concept of courage
2023-JSS045-Kidato V,"Demonstrate mastery of the concepts of governance, courage and decision making as depicted in the Old Testament",Demonstrate an understanding of the concept of courage and decision making as revealed in the ministries of Prophets Elijah and Elisha,Use the ministries of Elijah and Elisha to discuss the importance of making the right decisions at the right time
2023-JSS045-Kidato V,Demonstrate mastery of the works of selected prophets and their relevance in daily life,Demonstrate an understanding of the teachings of Prophet Isaiah,Discuss the main ideas contained in the Book of Isaiah (Chapter 1-12)
2023-JSS045-Kidato V,Demonstrate mastery of the works of selected prophets and their relevance in daily life,Demonstrate an understanding of the teachings of Prophet Isaiah,Discuss the main ideas contained in the Book of Isaiah (Chapters 40- 45)
2023-JSS045-Kidato V,Demonstrate mastery of the works of selected prophets and their relevance in daily life,Demonstrate an understanding of the teachings of Prophet Isaiah,Use the Book of Isaiah to discuss the importance of repentance and living a holy life
2023-JSS045-Kidato V,Demonstrate mastery of the works of selected prophets and their relevance in daily life,"Demonstrate an understanding of the concepts of social justice, compassion and forgiveness as depicted in the books of prophets Amos and Hosea",Use the Book of Amos to discuss the concept of social justice and violation of community rights
2023-JSS045-Kidato V,Demonstrate mastery of the works of selected prophets and their relevance in daily life,"Demonstrate an understanding of the concepts of social justice, compassion and forgiveness as depicted in the books of prophets Amos and Hosea","Use the Book of Hosea to understand God’s compassion, mercy and the importance of forgiveness"
2023-JSS045-Kidato V,Demonstrate mastery of the works of selected prophets and their relevance in daily life,Demonstrate an understanding of the importance of responsibility as depicted in the books of prophets Haggai and Zechariah,Use the books of Haggai and Zechariah to discuss the importance of responsibility
2023-JSS045-Kidato V,Conduct a Project in Divinity,Conduct a project,Design and carry out a project on a relevant problem in Divinity
2023-JSS045-Kidato VI,Demonstrate mastery of selected works from the New Testament,Demonstrate an understanding of the Gospel according to Matthew,Use the writings of Matthew to discuss the concept of the Gospel
2023-JSS045-Kidato VI,Demonstrate mastery of selected works from the New Testament,Demonstrate an understanding of the Gospel according to Matthew,Discuss the ministry of Jesus as portrayed in the Gospel according to Matthew
2023-JSS045-Kidato VI,Demonstrate mastery of selected works from the New Testament,Demonstrate an understanding of the Gospel according to Matthew,Discuss the role of women in the Gospel according to Matthew
2023-JSS045-Kidato VI,Demonstrate mastery of selected works from the New Testament,Demonstrate an understanding of the Gospel according to John,Use the writings of John to discuss the concept of the Gospel
2023-JSS045-Kidato VI,Demonstrate mastery of selected works from the New Testament,Demonstrate an understanding of the Gospel according to John,Discuss the love of Jesus as portrayed in the Gospel according to John
2023-JSS045-Kidato VI,Demonstrate mastery of selected works from the New Testament,Demonstrate an understanding of the Gospel according to John,Discuss the love of God to others as portrayed in the Gospel according to John
2023-JSS045-Kidato VI,Demonstrate mastery of selected works from the New Testament,Demonstrate an understanding of the Epistle of Paul to the Romans,Discuss the reasons behind the Epistle of Paul to the Romans
2023-JSS045-Kidato VI,Demonstrate mastery of selected works from the New Testament,Demonstrate an understanding of the Epistle of Paul to the Romans,Discuss the rights and obligations of rulers and their subjects as portrayed in the Epistle of Paul to the Romans
2023-JSS045-Kidato VI,Demonstrate mastery of selected works from the New Testament,Demonstrate an understanding of the Epistle of James,Discuss the reasons behind the Epistle of James
2023-JSS045-Kidato VI,Demonstrate mastery of selected works from the New Testament,Demonstrate an understanding of the Epistle of James,"Discuss the various methods of maintaining communication, cooperation and good relations in society as expounded in the Epistle of James"
2023-JSS045-Kidato VI,Demonstrate mastery of selected works from the New Testament,Demonstrate an understanding of the Epistle of James,Discuss the importance of living the Faith in action as expounded in the Epistle of James
2023-JSS045-Kidato VI,Demonstrate mastery of selected works from the New Testament,Demonstrate an understanding of the Epistle of James,Use Epistle of James to discuss the evils of prejudice in society
2023-JSS045-Kidato VI,Conduct a Project in Divinity,Conduct a project,Complete and submit a report of the project started in Form Five
2023-JSS024-Kidato V,Demonstrate mastery of principles of business,Demonstrate an advanced understanding of the principles of business,Describe the basic aspects of business environment (stakeholders in business and agents supporting business start-ups)
2023-JSS024-Kidato V,Demonstrate mastery of principles of business,Demonstrate an advanced understanding of the principles of business,"Describe some advanced aspects of the business units (size classification, company and company’s management, franchise, joint ventures and cooperatives, formation and dissolution)"
2023-JSS024-Kidato V,Demonstrate mastery of principles of business,Demonstrate an advanced understanding of the principles of business,"Describe some advanced aspects of financing medium businesses (internal and external sources: retained earnings, sale and leaseback of non-current assets, share capital, venture capital, overdrafts, loans, debentures, crowd funding and government grants)"
2023-JSS024-Kidato V,Demonstrate an understanding of the business environment,Demonstrate an understanding of the policies and laws governing medium scale business,"Explore the basic aspects of the policy and regulatory environment governing medium businesses in Tanzania (roles of government and non-governmental agencies, policies, laws and by-laws)"
2023-JSS024-Kidato V,Demonstrate an understanding of the business environment,Demonstrate an understanding of the policies and laws governing medium scale business,"Describe procedures for registering medium businesses in Tanzania (types of licences, importance of registration and sanctions for non-compliance)"
2023-JSS024-Kidato V,Conduct a project in Business Studies,Prepare a medium scale business plan,Identify an appropriate business opportunity and develop its business plan
2023-JSS024-Kidato VI,Demonstrate mastery of principles of business,Demonstrate an advanced understanding of the principles of business,"Describe some basic aspects of operations management (methods of production, value addition and stock administration)"
2023-JSS024-Kidato VI,Demonstrate mastery of principles of business,Demonstrate an advanced understanding of the principles of business,Explain some aspects of insurance for medium businesses (choice of appropriate insurance plan and procedures for filing insurance claims)
2023-JSS024-Kidato VI,Demonstrate mastery of principles of business,Demonstrate an advanced understanding of the principles of business,"Describe some advanced aspects of marketing (marketing mix - 4Cs and 7Ps, market changes, market segmentation, marketing boards, market research, e-marketing)"
2023-JSS024-Kidato VI,Demonstrate mastery of principles of business,Demonstrate an advanced understanding of the principles of business,"Explore the basic aspects of law of contract (nature of contractual obligations, elements of a contract, formation of a contract, types of misrepresentation, forms and consequences of breach of contract and remedies for breach)"
2023-JSS024-Kidato VI,Demonstrate an understanding of the business environment,Demonstrate an understanding of the policies and laws governing medium scale businesses,Describe taxes and levies associated with medium businesses in Tanzania
2023-JSS024-Kidato VI,Conduct a project in Business Studies,Prepare a medium scale business plan,Complete and submit the business plan developed in Form Five
2023-JSS017-Kidato V,Demonstrate mastery of the structure of the Earth,Demonstrate an Advanced understanding of concepts and theories explaining the structure of the Earth and the interactions of earth systems,"Describe the theories (continental drift, Isostacy and plate tectonics) that explain the gross structure of the earth’s surface (continents, oceans, seas, ocean ridges, ocean trenches, Islands etc.)"
2023-JSS017-Kidato V,Demonstrate mastery of the structure of the Earth,Demonstrate an Advanced understanding of concepts and theories explaining the structure of the Earth and the interactions of earth systems,"Describe the interactions among the major earth systems (atmosphere, biosphere, hydrosphere, geosphere)"
2023-JSS017-Kidato V,Demonstrate mastery of the structure of the Earth,Demonstrate an understanding of the forces responsible for formation of the major relief features of the Earth,"Describe the internal forces responsible for the formation of the Earth’s major relief features (volcanoes, block mountains, fold mountains, faults, rift valleys, depressions/basin) and earthquakes"
2023-JSS017-Kidato V,Demonstrate mastery of the structure of the Earth,Demonstrate an understanding of the forces responsible for formation of the major relief features of the Earth,"Describe the external forces (waves, gravitational forces, wind and running water) that shape the Earth’s surface (valleys, gullies, dunes, deltas, flood plains, yardangs, zeugens etc.)"
2023-JSS017-Kidato V,Demonstrate mastery of skills and techniques in Geography,Demonstrate mastery of some advanced skills in land surveying,"Carry out some Advanced surveying activities (plane table, prismatic compass, leveling)"
2023-JSS017-Kidato V,Demonstrate mastery of skills and techniques in Geography,Demonstrate mastery of research skills in Geography,"Acquire, present and interpret geographical data through charts, graphs, maps and diagrams (choropleth, scatter plots, dot maps, flow line etc.) for planning and decision making"
2023-JSS017-Kidato V,Conduct a project in Geography,Conduct a project in Geography,Identify a geographical challenge in society and design a project to address it
2023-JSS017-Kidato VI,Demonstrate mastery of the structure of the Earth,Demonstrate an understanding of rocks and the rock cycle,"Describe rocks and the rock cycle (meaning, characteristics, types, formation, weathering and soil formation)"
2023-JSS017-Kidato VI,Demonstrate mastery of the structure of the Earth,Demonstrate an understanding of the basics of hydrology and the hydrological cycle,"Explain the basic concepts of hydrology (meaning, types and importance)"
2023-JSS017-Kidato VI,Demonstrate mastery of the structure of the Earth,Demonstrate an understanding of the basics of hydrology and the hydrological cycle,"Describe the hydrological cycle (Outputs, storages, flows and underground water)"
2023-JSS017-Kidato VI,Demonstrate mastery of skills and techniques in Geography,Interpret maps and photographs,"Use the principles of map interpretation (visualizing symbols, signs, understanding themes, direction and association) to infer geographical features"
2023-JSS017-Kidato VI,Demonstrate mastery of skills and techniques in Geography,Interpret maps and photographs,Apply the techniques of photograph interpretation to analyse geographical phenomena
2023-JSS017-Kidato VI,Conduct a project in Geography,Conduct a project in Geography,Complete and submit for assessment the project started in Form Five
2023-JSS036-Kidato I,Demonstrate mastery of the basic principles of Food and Nutrition,Demonstrate an understanding of the basic principles of Food and Nutrition,Describe the concept of food and nutrition (meaning and importance)
2023-JSS036-Kidato I,Demonstrate mastery of the basic principles of Food and Nutrition,Demonstrate an understanding of the basic principles of Food and Nutrition,Describe the relationship between Food and Human Nutrition with other subjects
2023-JSS036-Kidato I,Demonstrate mastery of the basic principles of Food and Nutrition,Demonstrate an understanding of the basic principles of Food and Nutrition,"Describe the different food groups (cereals, roots, tubers and green bananas; foods of animal origin, legumes and pulses; vegetables; fruits; sugar, honey, oils and fats)"
2023-JSS036-Kidato I,Demonstrate mastery of the basic principles of Food and Nutrition,Demonstrate an understanding of the basic principles of Food and Nutrition,"Describe the nutrient contents in different foods (types, functions and stability)"
2023-JSS036-Kidato I,Demonstrate mastery of the basic principles of Food and Nutrition,Demonstrate an understanding of the basic principles of Food and Nutrition,"Describe the concept of a balanced meal (meaning, importance and factors to consider when planning a balanced meal)"
2023-JSS036-Kidato I,Demonstrate mastery of the basic principles of Food and Nutrition,Demonstrate mastery of the principles of cookery,"Explore food, kitchen and personal hygiene in food preparation, cooking and serving"
2023-JSS036-Kidato I,Demonstrate mastery of the basic principles of Food and Nutrition,Demonstrate mastery of the principles of cookery,"Describe safety in the kitchen (safety precautions, common accidents)"
2023-JSS036-Kidato I,Demonstrate mastery of the basic principles of Food and Nutrition,Demonstrate mastery of the principles of cookery,Describe different fruits and vegetables
2023-JSS036-Kidato I,Demonstrate mastery of the basic principles of Food and Nutrition,Demonstrate mastery of the principles of cookery,Describe different beverages and appetizers (meaning and types)
2023-JSS036-Kidato I,Demonstrate mastery of the basic principles of Food and Nutrition,Demonstrate mastery of the principles of cookery,"Describe pulses, nuts and oil seeds (types, nutritive values and uses)"
2023-JSS036-Kidato I,Demonstrate mastery of the relationship between health and nutrition,Demonstrate an understanding of the relationship between health and nutrition,Describe the importance of proper nutrition on health
2023-JSS036-Kidato I,Demonstrate mastery of the relationship between health and nutrition,Demonstrate an understanding of the relationship between health and nutrition,"Explore the relationship between diet, health and physical activity"
2023-JSS036-Kidato I,Demonstrate mastery of the relationship between health and nutrition,Demonstrate an understanding of the relationship between health and nutrition,Describe eating disorders
2023-JSS036-Kidato I,Prepare different dishes,Prepare a balanced meal based on different foods,Describe different methods of preparing beverages and appetizers
2023-JSS036-Kidato I,Prepare different dishes,Prepare a balanced meal based on different foods,Prepare different beverages and appetizers
2023-JSS036-Kidato I,Prepare different dishes,Prepare a balanced meal based on different foods,Describe different methods of preparing pulses and nuts dishes
2023-JSS036-Kidato I,Prepare different dishes,Prepare a balanced meal based on different foods,Prepare dishes using pulses and nuts
2023-JSS036-Kidato II,Demonstrate mastery of the basic principles of Food and Nutrition,Demonstrate mastery of the principles of cookery,"Describe the different food additives (herbs, spices, food colours, flavourings, preservatives and condiments)"
2023-JSS036-Kidato II,Demonstrate mastery of the basic principles of Food and Nutrition,Demonstrate mastery of the principles of cookery,"Describe cereals (types, nutritive values, cereal products and uses)"
2023-JSS036-Kidato II,Demonstrate mastery of the relationship between health and nutrition,Demonstrate an understanding of the relationship between health and nutrition,"Explore the concept of malnutrition (meaning, types, causes, symptoms and prevention)"
2023-JSS036-Kidato II,Prepare different dishes,Prepare a balanced meal based on different foods,Apply different food and nutrition principles in planning balanced meals for different groups of people
2023-JSS036-Kidato II,Prepare different dishes,Prepare a balanced meal based on different foods,Describe different methods of preparing cereal dishes
2023-JSS036-Kidato II,Prepare different dishes,Prepare a balanced meal based on different foods,Prepare cereal dishes
2023-JSS036-Kidato III,Demonstrate mastery of the basic principles of Food and Nutrition,Demonstrate mastery of the principles of cookery,"Describe different types of food (eggs, fish, meat, milk and milk products)"
2023-JSS036-Kidato III,Demonstrate mastery of the basic principles of Food and Nutrition,Demonstrate mastery of the principles of cookery,Describe different raising agents and their application in cookery
2023-JSS036-Kidato III,Demonstrate mastery of the relationship between health and nutrition,Describe an understanding of the relationship between health and nutrition,Explore the effects of dietary habits on the nutritional status of different groups of people in the society
2023-JSS036-Kidato III,Prepare different dishes,Prepare a balanced meal based on different foods,"Describe different methods of preparing eggs, fish, meat, milk and milk products, vegetables and fruits dishes"
2023-JSS036-Kidato III,Prepare different dishes,Prepare a balanced meal based on different foods,"Prepare eggs, fish, meat, milk and milk products, vegetables and fruits dishes"
2023-JSS036-Kidato III,Prepare different dishes,Prepare a balanced meal based on different foods,"Describe different methods of preparing bread, cakes, biscuits and buns"
2023-JSS036-Kidato III,Prepare different dishes,Prepare a balanced meal based on different foods,"Use raising agents in preparing different types of dishes (bread, cakes, biscuits and buns)"
2023-JSS036-Kidato III,Prepare different dishes,Prepare a balanced meal for people with different nutritional needs,"Prepare balanced meals for people with different nutritional needs (children, expectant and lactating mothers, adolescents, invalids and convalescents, vegetarians and the elderly)"
2023-JSS036-Kidato III,Carry out a project in Food and Nutrition,Conduct a project in Food and Nutrition,Design and carry out a project in Food and Nutrition
2023-JSS036-Kidato IV,Demonstrate mastery of the basic principles of Food and Nutrition,Demonstrate mastery of the principles of cookery,"Describe the concept of packed meals (meaning, factors to consider when planning packed meals, packaging materials)"
2023-JSS036-Kidato IV,Demonstrate mastery of the basic principles of Food and Nutrition,Demonstrate mastery of the principles of cookery,"Describe pastries (meaning, types and uses)"
2023-JSS036-Kidato IV,Demonstrate mastery of the basic principles of Food and Nutrition,Demonstrate mastery of the principles of cookery,Describe the concept of convenience and leftover foods
2023-JSS036-Kidato IV,Prepare different dishes,Prepare a balanced meal based on different foods,Prepare dishes suitable for packing
2023-JSS036-Kidato IV,Prepare different dishes,Prepare a balanced meal based on different foods,Describe different methods of preparing pastries
2023-JSS036-Kidato IV,Prepare different dishes,Prepare a balanced meal based on different foods,Prepare pastry dishes
2023-JSS036-Kidato IV,Prepare different dishes,Prepare a balanced meal based on different foods,Prepare meals using convenience and leftover foods
2023-JSS036-Kidato IV,Prepare different dishes,Demonstrate mastery of cooking for large groups,"Describe the concept of catering (meaning, types, menu planning, economics of catering)"
2023-JSS036-Kidato IV,Prepare different dishes,Demonstrate mastery of cooking for large groups,"Describe the concept of time plan in cookery (meaning, importance, points to consider when preparing time plan and parts of the time plan)"
2023-JSS036-Kidato IV,Prepare different dishes,Demonstrate mastery of cooking for large groups,Prepare a banquet according to a time plan
2023-JSS036-Kidato IV,Demonstrate mastery of using technology to preserve food,Design and use simple technologies to preserve different types of food,"Describe basic methods of storage and preservation of common foods (meaning, importance, principles, and common practices)"
2023-JSS036-Kidato IV,Demonstrate mastery of using technology to preserve food,Design and use simple technologies to preserve different types of food,Develop and use simple technologies for the storage and preservation of food
2023-JSS036-Kidato IV,Carry out a project in Food and Nutrition,Conduct a project in Food and Nutrition,Complete and submit a report for assessment of the project initiated in Form Three
2023-JSS047-Kidato V,Demonstrate mastery of the principles of English language,"Demonstrate the understanding of basic principles and usage of English language (e.g., syntax, pronunciation, grammar, etc.)",Form words using word-formation processes that express clarity and fluency in oral and written communications
2023-JSS047-Kidato V,Demonstrate mastery of the principles of English language,"Demonstrate the understanding of basic principles and usage of English language (e.g., syntax, pronunciation, grammar, etc.)",Pronounce words correctly using stress and intonation in oral and written communications
2023-JSS047-Kidato V,Demonstrate mastery of the principles of English language,"Demonstrate the understanding of basic principles and usage of English language (e.g., syntax, pronunciation, grammar, etc.)",Interpret literal meanings of words and sentences in various contexts
2023-JSS047-Kidato V,Demonstrate mastery of the principles of English language,"Demonstrate the understanding of basic principles and usage of English language (e.g., syntax, pronunciation, grammar, etc.)",Evaluate the importance of stress and intonation in oral communications
2023-JSS047-Kidato V,Demonstrate mastery of the principles of English language,"Apply principles of language to construct sentences, paragraphs, and texts",Write different sentences using appropriate punctuation marks
2023-JSS047-Kidato V,Demonstrate mastery of the principles of English language,"Apply principles of language to construct sentences, paragraphs, and texts",Construct paragraphs using appropriate steps in writing texts
2023-JSS047-Kidato V,Demonstrate mastery of the principles of English language,"Apply principles of language to construct sentences, paragraphs, and texts",Compose essays using appropriate structure
2023-JSS047-Kidato V,Apply academic communication skills,Demonstrate mastery of the use of English in academic communication,"Participate in dialogues and debates to discuss discipline- specific matters (e.g., markets, politics, education, health, etc.)"
2023-JSS047-Kidato V,Apply academic communication skills,Demonstrate mastery of the use of English in academic communication,"Participate in formal and informal meetings (e.g., school, workplace, home, village, ward)"
2023-JSS047-Kidato V,Apply academic communication skills,Demonstrate mastery of the use of English in academic communication,Narrate diverse events/activities/ stories orally and in written communication
2023-JSS047-Kidato V,Apply academic communication skills,Prepare different documents in English,Prepare posters for academic presentations
2023-JSS047-Kidato V,Apply academic communication skills,Use ICT to search for academic information,Search for academic information from physical and online sources
2023-JSS047-Kidato V,Apply academic communication skills,Use ICT to search for academic information,Assess the importance of different basic databases in learning
2023-JSS047-Kidato V,Apply academic communication skills,Use ICT to search for academic information,Participate in face-to- face research interviews to collect information
2023-JSS047-Kidato V,Apply academic communication skills,Prepare and make academic presentations in English,Make classroom presentations
2023-JSS047-Kidato V,Apply academic communication skills,Demonstrate mastery of using illustrations in academic documents,Identify simple and complex illustrations from various documents
2023-JSS047-Kidato V,Apply academic communication skills,Demonstrate mastery of using illustrations in academic documents,Interpret simple illustrations used in documents
2023-JSS047-Kidato V,Apply academic communication skills,Demonstrate mastery of using illustrations in academic documents,Use simple illustrations to prepare academic documents
2023-JSS047-Kidato VI,Demonstrate mastery of principles of English language,"Demonstrate understanding of the basic principles and usage of English language (e.g., syntax, pronunciation, grammar, etc.)","Construct sentences (complex, compound, etc.) by observing subject-verb agreement and appropriate word order in oral and written communications"
2023-JSS047-Kidato VI,Demonstrate mastery of principles of English language,"Demonstrate understanding of the basic principles and usage of English language (e.g., syntax, pronunciation, grammar, etc.)",Justify the necessity of word order in sentence construction
2023-JSS047-Kidato VI,Demonstrate mastery of principles of English language,"Demonstrate understanding of the basic principles and usage of English language (e.g., syntax, pronunciation, grammar, etc.)","Use field- specific vocabularies (e.g., science, commerce, agriculture, etc.) in oral and written communication"
2023-JSS047-Kidato VI,Demonstrate mastery of principles of English language,"Demonstrate understanding of the basic principles and usage of English language (e.g., syntax, pronunciation, grammar, etc.)",Interpret implied meanings of words and sentences in various contexts
2023-JSS047-Kidato VI,Demonstrate mastery of principles of English language,"Apply principles of language to construct sentences, paragraphs and texts",Write various reports using appropriate procedures
2023-JSS047-Kidato VI,Apply academic communication skills,Demonstrate mastery of the use of English in academic communication,"Make presentations on diverse matters (e.g., health, death, celebration, etc.) and contexts (e.g., school, home, workplace, etc.) using informative skills"
2023-JSS047-Kidato VI,Apply academic communication skills,Prepare different documents in English,"Use e-mails, fax, online professional platforms (e.g., LinkedIn) and online portals (e.g., Ajira portal) to communicate information"
2023-JSS047-Kidato VI,Apply academic communication skills,Prepare different documents in English,Write project proposals and project reports
2023-JSS047-Kidato VI,Apply academic communication skills,Prepare different documents in English,"Write references and citations in academic documents manually and by using software (e.g., Mendeley, Endnote, etc.)"
2023-JSS047-Kidato VI,Apply academic communication skills,Use ICT to search for academic information,Conduct online research interviews to collect information
2023-JSS047-Kidato VI,Apply academic communication skills,Use ICT to search for academic information,Assess the importance of different basic databases in learning
2023-JSS047-Kidato VI,Apply academic communication skills,Prepare and make academic presentations in English,"Use multimedia devices (e.g., computer, projector, TV, etc.) in oral presentations"
2023-JSS047-Kidato VI,Apply academic communication skills,Prepare and make academic presentations in English,Present project proposals and project reports
2023-JSS047-Kidato VI,Apply academic communication skills,Demonstrate mastery of using illustrations in academic documents,Interpret complex illustrations used in various documents
2023-JSS047-Kidato VI,Apply academic communication skills,Demonstrate mastery of using illustrations in academic documents,Use complex illustrations to prepare academic documents
2023-JSS037-Kidato I,"Demonstrate mastery of concepts, theories and principles of music","Demonstrate an understanding of the concepts, theories, and principles of music","Explain the concept and scope of music (meaning, elements, functions, importance and relation of music to other fields)"
2023-JSS037-Kidato I,"Demonstrate mastery of concepts, theories and principles of music",Demonstrate an understanding of the principles of reading and writing music,"Describe the fundamentals of reading and writing music based on ABRSM Music Theory Grade I (Rhythm, staff notation, melody and harmony, and musical terms and signs)"
2023-JSS037-Kidato I,Create and perform music,Sing local and foreign songs,Sing simple melodies individually and in groups
2023-JSS037-Kidato I,Create and perform music,Play local and foreign musical instruments,Play selected local percussion instruments to accompany simple melodies and rhythms
2023-JSS037-Kidato II,"Demonstrate mastery of concepts, theories and principles of music",Demonstrate an understanding of the principles of reading and writing music,"Describe the fundamentals of reading and writing music based on ABRSM Music Theory Grade II (Rhythm, staff notation, melody and harmony, and musical terms and signs)"
2023-JSS037-Kidato II,"Demonstrate mastery of concepts, theories and principles of music","Demonstrate an understanding of the concepts, theories and principles of music",Explain theories related to the existence/source of musical sounds (Including the classification of musical instruments)
2023-JSS037-Kidato II,Create and perform music,Sing local and foreign songs,Compose short songs in Kiswahili
2023-JSS037-Kidato II,Create and perform music,Sing local and foreign songs,Sing short songs individually and in groups
2023-JSS037-Kidato II,Create and perform music,Play local and foreign musical instruments,Play selected foreign percussion instruments to accompany short songs
2023-JSS037-Kidato II,Demonstrate mastery of the use of ICT in music,Use ICT in musical production,Describe a music recording studio
2023-JSS037-Kidato II,Demonstrate mastery of the use of ICT in music,Use ICT in musical production,Identify equipment used in music recording
2023-JSS037-Kidato III,"Demonstrate mastery of concepts, theories and principles of music",Demonstrate an understanding of the principles of reading and writing music,"Describe the fundamentals of reading and writing music based on ABRSM Music Theory Grade III (Rhythm, staff notation, melody and harmony, and musical terms and signs)"
2023-JSS037-Kidato III,"Demonstrate mastery of concepts, theories and principles of music","Demonstrate an understanding of the concepts, theories and principles of music",Explain theories related to the existence of music in particular Tanzanian communities
2023-JSS037-Kidato III,Create and perform music,Sing local and foreign songs,Compose short songs in two-part harmony in English
2023-JSS037-Kidato III,Create and perform music,Sing local and foreign songs,Sing short songs in two-part harmony
2023-JSS037-Kidato III,Create and perform music,Play local and foreign musical instruments,Play selected local and foreign string instruments to accompany short songs
2023-JSS037-Kidato III,Create and perform music,Demonstrate an understanding of ethical conduct in the music industry,"Describe the basic tenets of the ethics, norms and values governing the music industry in Tanzania"
2023-JSS037-Kidato III,Demonstrate mastery of the use of ICT in music,Use ICT programmes to write music,Identify music notation software used in writing music
2023-JSS037-Kidato III,Demonstrate mastery of the use of ICT in music,Use ICT programmes to write music,Apply music notation software to write short songs in a single staff
2023-JSS037-Kidato III,Demonstrate mastery of the use of ICT in music,Use ICT in music production,Analyse recording procedures in a music studio
2023-JSS037-Kidato III,Demonstrate mastery of the use of ICT in music,Use ICT to store works of music,Describe the copyright laws of Tanzania pertaining to the music industry
2023-JSS037-Kidato III,Demonstrate mastery of the use of ICT in music,Use ICT to store works of music,Archive simple works of music while observing copyright laws of Tanzania
2023-JSS037-Kidato III,Demonstrate mastery of the use of ICT in music,Use ICT to market works of music,Use social media platforms to promote works of music
2023-JSS037-Kidato III,Carry out a project in Music,Conduct a research project on business opportunities in music,Design and carry out a research project on business opportunities in music
2023-JSS037-Kidato IV,"Demonstrate mastery of concepts, theories and principles of music",Demonstrate an understanding of the principles of reading and writing music,"Describe the fundamentals of reading and writing music based on ABRSM Music Theory Grade IV (Rhythm, scales and key signatures, melody and harmony, and musical terms and signs)"
2023-JSS037-Kidato IV,Create and perform music,Sing local and foreign songs,Compose short songs in three-part harmony in any language
2023-JSS037-Kidato IV,Create and perform music,Sing local and foreign songs,Compose short songs in four-part harmony in any language
2023-JSS037-Kidato IV,Create and perform music,Sing local and foreign songs,Sing short songs in three-part harmony
2023-JSS037-Kidato IV,Create and perform music,Sing local and foreign songs,Sing short songs in four-part harmony
2023-JSS037-Kidato IV,Create and perform music,Play local and foreign musical instruments,Play selected local and foreign wind instruments to accompany short songs
2023-JSS037-Kidato IV,Demonstrate mastery of the use of ICT in music,Use ICT programmes to write music,Apply music notation software to write short songs in two staff
2023-JSS037-Kidato IV,Demonstrate mastery of the use of ICT in music,Use ICT in musical production,Apply recording procedures to produce simple works of music
2023-JSS037-Kidato IV,Demonstrate mastery of the use of ICT in music,Use ICT in musical production,Describe procedures of establishing a music production business
2023-JSS037-Kidato IV,Demonstrate mastery of the use of ICT in music,Use ICT to market works of music,"Use online marketing strategies in the Tanzanian music industry (distribution, royalties and pricing)"
2023-JSS037-Kidato IV,Carry out a project in Music,Conduct a research project on business opportunities in music,Complete and submit a report on the research project started in Form Three
2023-JSS014-Kidato V,Demonstrate mastery of the advanced English language skills,"Automate the production of oral descriptions and conversations using standard pronunciation (e.g., phonemes, syllables, stress and intonation)","Articulate sentences in connected speech with standard pronunciation (e.g., phonemes, syllables, stress and intonation)"
2023-JSS014-Kidato V,Demonstrate mastery of the advanced English language skills,"Automate the production of oral descriptions and conversations using standard pronunciation (e.g., phonemes, syllables, stress and intonation)","Describe objects, events and situations with appropriate English expressions (e.g., level of formality, pre-supposition, time, audience and topics)"
2023-JSS014-Kidato V,Demonstrate mastery of the advanced English language skills,"Automate the production of oral descriptions and conversations using standard pronunciation (e.g., phonemes, syllables, stress and intonation)","Participate in discussions on various topical issues (e.g., entrepreneurship, corruption, taxation, child right and security, gender education, cyber security education, disaster management, health and productive education, drug abuse, life skills, financial management education and taxation) with a standard pronunciation"
2023-JSS014-Kidato V,Demonstrate mastery of the advanced English language skills,Develop vocabulary from conversations and written texts,Write unfamiliar vocabulary from given complex oral and written texts
2023-JSS014-Kidato V,Demonstrate mastery of the advanced English language skills,Develop vocabulary from conversations and written texts,"Discover the meanings of vocabulary using context, technical dictionary, thesaurus and encyclopaedia"
2023-JSS014-Kidato V,Demonstrate mastery of the advanced English language skills,Develop vocabulary from conversations and written texts,"Form new words through word formation processes (e.g., compounding, blending, clipping)"
2023-JSS014-Kidato V,Demonstrate mastery of the advanced English language skills,Use correct grammar and vocabulary in oral and written language tasks,Use the synonyms and antonyms of given words to compose a variety of texts
2023-JSS014-Kidato V,Demonstrate mastery of the advanced English language skills,Use correct grammar and vocabulary in oral and written language tasks,"Use advanced vocabulary and grammar (e.g., tenses and subject-verb agreement) to describe events, objects and situations"
2023-JSS014-Kidato V,Demonstrate mastery of the advanced English language skills,Use correct grammar and vocabulary in oral and written language tasks,"Prepare and deliver complex speeches on various topics including cross-cutting issues using appropriate vocabulary and grammar (e.g., tenses and cohesive devices)"
2023-JSS014-Kidato V,Demonstrate mastery of the advanced English language skills,Use correct grammar and vocabulary in oral and written language tasks,"Write articles (e.g., newspaper articles, magazine articles and journal articles) about events, objects and situations using advanced vocabulary and grammar"
2023-JSS014-Kidato V,Comprehend oral and written information,Comprehend oral messages with confidence and autonomy,"Explain different types of meanings from oral information (e.g., denotative, connotative and figurative)"
2023-JSS014-Kidato V,Comprehend oral and written information,Comprehend oral messages with confidence and autonomy,"Explain meanings of oral texts derived from different registers (e.g., journalism, law, medicine and religion)"
2023-JSS014-Kidato V,Comprehend oral and written information,Comprehend oral messages with confidence and autonomy,Describe rhetorical and implied meanings derived from conversations
2023-JSS014-Kidato V,Comprehend oral and written information,Comprehend oral messages with confidence and autonomy,"Respond to oral messages with confidence and autonomy (e.g., seeking clarifications, adding comments, arguing and summarising)"
2023-JSS014-Kidato V,Comprehend oral and written information,Construct complex and stylistic meanings from diverse and multiple texts,"Use complex stylistic features (e.g., dialects, registers and figures of speech) obtained from written texts to convey meanings"
2023-JSS014-Kidato V,Comprehend oral and written information,Construct complex and stylistic meanings from diverse and multiple texts,"Explain meaning of written texts derived from different registers (journalism, medicine and religion)"
2023-JSS014-Kidato V,Communicate effectively in different contexts,Manage conversations with a good command of pronunciation,Interpret information from spontaneous and non-spontaneous conversations
2023-JSS014-Kidato V,Communicate effectively in different contexts,Manage conversations with a good command of pronunciation,Apply pronunciation techniques in spontaneous and non-spontaneous conversations
2023-JSS014-Kidato V,Communicate effectively in different contexts,Manage conversations with a good command of pronunciation,Participate in spontaneous and non-spontaneous conversations with people using different dialects of the English language
2023-JSS014-Kidato V,Communicate effectively in different contexts,Create a variety of complex oral and written texts for different communicative purposes,Compare a variety of complex oral texts with appropriate prosodic features and correct grammar in different contexts.
2023-JSS014-Kidato V,Communicate effectively in different contexts,Create a variety of complex oral and written texts for different communicative purposes,"Compose a variety of complex texts (e.g., investigative reports, academic reports, contracts, wills and complex instructional manuals) with appropriate punctuation and style"
2023-JSS014-Kidato V,Communicate effectively in different contexts,Create a variety of complex oral and written texts for different communicative purposes,"Use prosodic features, punctuation and correct register to create a variety of complex oral and written texts for different communicative purposes"
2023-JSS014-Kidato V,Provide advanced English language services to the community,Apply principles of interpretation to provide complex and authentic interpretations,"Differentiate intralingua, interlingua and sign language interpretations"
2023-JSS014-Kidato V,Provide advanced English language services to the community,Apply principles of interpretation to provide complex and authentic interpretations,Analyse theories and principles of interpretation
2023-JSS014-Kidato V,Provide advanced English language services to the community,Apply principles of interpretation to provide complex and authentic interpretations,Discuss the ethics of interpretation
2023-JSS014-Kidato V,Provide advanced English language services to the community,Apply principles of interpretation to provide complex and authentic interpretations,Interpret conversations in a variety of settings
2023-JSS014-Kidato V,Provide advanced English language services to the community,Apply principles of translation to produce complex authentic translation,Analyse theories and principles of translation
2023-JSS014-Kidato V,Provide advanced English language services to the community,Apply principles of translation to produce complex authentic translation,Discuss the ethics of translation as a career
2023-JSS014-Kidato V,Provide advanced English language services to the community,Apply principles of translation to produce complex authentic translation,Translate a variety of general texts using Computer-Assisted Translation (CAT) tools
2023-JSS014-Kidato V,Provide advanced English language services to the community,Apply principles of editing and proofreading a variety of texts,Analyse the theories and principles of editing and proofreading
2023-JSS014-Kidato V,Provide advanced English language services to the community,Apply principles of editing and proofreading a variety of texts,Edit and proofread a variety of complex texts
2023-JSS014-Kidato V,Appreciate and create literary works,Appreciate the aesthetic and value of literature,"Assess the contribution of elements of form (e.g., plot, language and style) in shaping meanings of any literary work"
2023-JSS014-Kidato V,Appreciate and create literary works,Appreciate the aesthetic and value of literature,Relate the lesson from literary work to real life situations
2023-JSS014-Kidato V,Appreciate and create literary works,Appreciate the aesthetic and value of literature,Assess the contribution of Tanzanian literature in moulding a civilized society
2023-JSS014-Kidato V,Appreciate and create literary works,Analyse the genres of literature and appreciate their conventions,Explain the distinctive features of different genres of literature
2023-JSS014-Kidato V,Appreciate and create literary works,Analyse the genres of literature and appreciate their conventions,Apply the theories of literature in critiquing literary works
2023-JSS014-Kidato V,Appreciate and create literary works,Analyse the genres of literature and appreciate their conventions,Express a personal point of view after reading a literary work
2023-JSS014-Kidato VI,Demonstrate mastery of the advanced English language skills,Automate the production of oral descriptions and conversations using standard pronunciation,"Participate in oral conversations in advanced settings (e.g., airports, migration, diplomacy and diplomatic protocols etc)"
2023-JSS014-Kidato VI,Demonstrate mastery of the advanced English language skills,Automate the production of oral descriptions and conversations using standard pronunciation,"Narrate documentaries of events, and situations with a standard pronunciation in different contexts (e.g., history, religion and, medicine)"
2023-JSS014-Kidato VI,Demonstrate mastery of the advanced English language skills,Automate the production of oral descriptions and conversations using standard pronunciation,"Participate in dialogues, debates and meetings on topical and cross-cutting issues (e.g. debate, meeting, and presentations) with a standard pronunciation"
2023-JSS014-Kidato VI,Demonstrate mastery of the advanced English language skills,Use correct grammar and vocabulary in oral and written language tasks,"Use advanced vocabulary and grammar (e.g., adverbs, prepositions and conjunctions) to describe field specific past, present and future events"
2023-JSS014-Kidato VI,Demonstrate mastery of the advanced English language skills,Use correct grammar and vocabulary in oral and written language tasks,"Compose field specific texts using advanced vocabulary and grammar (e.g., therein, thereof, besides, in addition, although, and however) in different contexts"
2023-JSS014-Kidato VI,Demonstrate mastery of the advanced English language skills,Use correct grammar and vocabulary in oral and written language tasks,Evaluate the appropriateness of grammar and vocabulary used in speech and written texts in field specific contexts
2023-JSS014-Kidato VI,Comprehend oral and written information,Demonstrate advanced oral and written proficiency in a variety of communicative contexts,"Participate in complex conversations (e.g., death, violence, discrimination, accidents and poor results)"
2023-JSS014-Kidato VI,Comprehend oral and written information,Demonstrate advanced oral and written proficiency in a variety of communicative contexts,Respond to conversations using rhetorical devices
2023-JSS014-Kidato VI,Comprehend oral and written information,Demonstrate advanced oral and written proficiency in a variety of communicative contexts,Employ paralinguistic features to communicate information in a variety of settings
2023-JSS014-Kidato VI,Comprehend oral and written information,Read texts critically to recognise potential implications beyond the author’s explicit meaning,"Read a variety of texts and identifying the contextual clues (e.g., general context, co-text, punctuations) for understanding implied meanings"
2023-JSS014-Kidato VI,Comprehend oral and written information,Read texts critically to recognise potential implications beyond the author’s explicit meaning,"Read a variety of texts (e.g., letters, articles and newspapers) to obtain implied meanings"
2023-JSS014-Kidato VI,Comprehend oral and written information,Read texts critically to recognise potential implications beyond the author’s explicit meaning,Read a variety of texts and comment on the implied meanings from the author’s point of view
2023-JSS014-Kidato VI,Communicate effectively in different contexts,Develop advanced socio-cultural analysis of functional texts,Assess the appropriateness of the language and style used in functional texts
2023-JSS014-Kidato VI,Communicate effectively in different contexts,Develop advanced socio-cultural analysis of functional texts,Differentiate the structure and style of different functional texts
2023-JSS014-Kidato VI,Provide advanced English language services to the community,Apply principles of interpretation to provide complex and authentic interpretations,"Interpret conversations in field specific settings (e.g., legal, medicine, religion, science and technology)"
2023-JSS014-Kidato VI,Provide advanced English language services to the community,Apply principles of interpretation to provide complex and authentic interpretations,Solve the challenges that may arise when interpreting field specific conversations
2023-JSS014-Kidato VI,Provide advanced English language services to the community,Apply principles of translation to produce complex authentic translation,Translate a variety of complex technical texts using Computer-Assisted Translation (CAT) tools
2023-JSS014-Kidato VI,Provide advanced English language services to the community,Apply principles of translation to produce complex authentic translation,Address challenges that may arise during translation of technical texts
2023-JSS014-Kidato VI,Provide advanced English language services to the community,Apply principles of editing and proofreading a variety of texts,Edit and proofread complex field specific texts
2023-JSS014-Kidato VI,Provide advanced English language services to the community,Apply principles of editing and proofreading a variety of texts,Evaluate edited field specific texts with an editorial perspective
2023-JSS014-Kidato VI,Provide advanced English language services to the community,Manage complex translation and edit projects using Computer-Assisted tools,Explain the qualities of a translation project manager
2023-JSS014-Kidato VI,Provide advanced English language services to the community,Manage complex translation and edit projects using Computer-Assisted tools,"Use Computer-Assisted Translation (CAT) tools to manage translation projects (e.g., writing quotations, invoices and contracts)"
2023-JSS014-Kidato VI,Appreciate and create literary works,"Evaluate the context in which literary texts are written, read and understood",Analyse the settings of literary texts to show their contributions to the content
2023-JSS014-Kidato VI,Appreciate and create literary works,"Evaluate the context in which literary texts are written, read and understood",Relate the content of literary works to real life situations
2023-JSS014-Kidato VI,Appreciate and create literary works,"Evaluate the context in which literary texts are written, read and understood",Infer moral lessons from a variety of literary works
2023-JSS014-Kidato VI,Appreciate and create literary works,Create complex literary works,Formulate an idea for composing literary work of literature
2023-JSS014-Kidato VI,Appreciate and create literary works,Create complex literary works,"Develop plans of writing literary works (e.g., characters, themes, setting and plot)"
2023-JSS014-Kidato VI,Appreciate and create literary works,Create complex literary works,Apply literary skills in developing literary works
2023-JSS028-Kidato V,Demonstrate mastery of the concepts and principles of literature,Demonstrate a broad understanding of the concepts of literature,"Explain the aspects of society, artist, imagination, and literary language"
2023-JSS028-Kidato V,Demonstrate mastery of the concepts and principles of literature,Demonstrate a broad understanding of the concepts of literature,Explain the concept of folklore
2023-JSS028-Kidato V,Demonstrate mastery of the concepts and principles of literature,Demonstrate a broad understanding of the concepts of literature,Classify written literature in its genres
2023-JSS028-Kidato V,Demonstrate mastery of the concepts and principles of literature,Demonstrate a broad understanding of the concepts of literature,Examine the use of imagery in reflecting human experiences in a selected literary work
2023-JSS028-Kidato V,Demonstrate mastery of the concepts and principles of literature,Evaluate theories of the origin and development of literature nationally and internationally,"Explain mimetic (imitation), myth and ritual theories"
2023-JSS028-Kidato V,Demonstrate mastery of the concepts and principles of literature,Evaluate theories of the origin and development of literature nationally and internationally,"Examine the contribution of imitation, ritual and mythical elements (plot, setting, resolution, conflict and characters) in a selected literary work"
2023-JSS028-Kidato V,Demonstrate mastery of the concepts and principles of literature,Evaluate theories of the origin and development of literature nationally and internationally,"Apply mimetic, myth and ritual theories to trace the origin and development of various genres of folklore and written literature"
2023-JSS028-Kidato V,Demonstrate mastery of the concepts and principles of literature,Explain the origin and development of African literature in English,"Discuss the relationship between African oral traditions, Western literary conventions and African literature in English"
2023-JSS028-Kidato V,Demonstrate mastery of the concepts and principles of literature,Explain the origin and development of African literature in English,Discuss the contribution of African authors in the development of African literature in English
2023-JSS028-Kidato V,Demonstrate mastery of the concepts and principles of literature,Explain the origin and development of African literature in English,Explore the features of pre-colonial African literature in a selected literary work
2023-JSS028-Kidato V,Demonstrate mastery of the concepts and principles of literature,Explain the origin and development of African literature in English,Explore the features of colonial African literature in a selected literary work
2023-JSS028-Kidato V,Demonstrate mastery of the concepts and principles of literature,Explain the origin and development of African literature in English,Explore the features of post-colonial African literature in a selected literary work
2023-JSS028-Kidato V,Demonstrate mastery of the concepts and principles of literature,Analyse the relationship between folklore and written literature,"Describe the concepts of material culture, social folk custom and performing folk arts"
2023-JSS028-Kidato V,Demonstrate mastery of the concepts and principles of literature,Analyse the relationship between folklore and written literature,Identify various forms of folklore in a community (cultural context)
2023-JSS028-Kidato V,Demonstrate mastery of the concepts and principles of literature,Analyse the relationship between folklore and written literature,Identify various forms of folklore used in a selected literary work (created context)
2023-JSS028-Kidato V,Demonstrate mastery of the concepts and principles of literature,Analyse the relationship between folklore and written literature,Examine the relationship between folklore and written literature
2023-JSS028-Kidato V,Appreciate literary works,Exhibit an in-depth understanding of elements of literature,"Explain elements of literature (e.g. setting, theme, message, language, plot, style and character)"
2023-JSS028-Kidato V,Appreciate literary works,Exhibit an in-depth understanding of elements of literature,Discuss the significance of each element of literature in a selected literary work
2023-JSS028-Kidato V,Appreciate literary works,Exhibit an in-depth understanding of elements of literature,Examine the relationship between form and content in literature
2023-JSS028-Kidato V,Appreciate literary works,Analyse literary criticism theories,"Examine the four traditional critical theories (mimetic, pragmatic, objective and expressive)"
2023-JSS028-Kidato V,Appreciate literary works,Analyse literary criticism theories,"Explain modern theories of literary criticism (formalism, Marxism, post-colonial, feminism, eco-criticism and social learning theory)"
2023-JSS028-Kidato V,Appreciate literary works,Analyse literary criticism theories,Apply modern literary theories in critiquing a selected literary text
2023-JSS028-Kidato V,Appreciate literary works,"Analyse critically pre-colonial, colonial, liberation, and post-colonial literatures",Apply formalism theory in analysing a selected literary text
2023-JSS028-Kidato V,Appreciate literary works,"Analyse critically pre-colonial, colonial, liberation, and post-colonial literatures",Apply modern literary theories to discuss thematic representation in selected pre-colonial and colonial literary texts
2023-JSS028-Kidato V,Appreciate literary works,"Analyse critically pre-colonial, colonial, liberation, and post-colonial literatures",Relate issues represented in selected pre-colonial and colonial literary texts to real life experiences
2023-JSS028-Kidato V,Appreciate literary works,"Analyse critically pre-colonial, colonial, liberation, and post-colonial literatures",Discern lessons obtained in selected pre-colonial and colonial literary texts
2023-JSS028-Kidato V,Demonstrate mastery of argumentative skills,Use literary works to build rational arguments and judgment,Explain the principles for making rational argument and judgment in literature
2023-JSS028-Kidato V,Demonstrate mastery of argumentative skills,Use literary works to build rational arguments and judgment,Discuss the actions of the characters in a selected literary text
2023-JSS028-Kidato V,Demonstrate mastery of argumentative skills,Use literary works to build rational arguments and judgment,Analyse the themes portrayed in a selected literary text
2023-JSS028-Kidato V,Create literary works,Demonstrate mastery of the principles of composing literary works,Distinguish writing for children and writing for adults
2023-JSS028-Kidato V,Create literary works,Demonstrate mastery of the principles of composing literary works,"Discuss the principles of composing a work of literature (point of view, characterisation, plot and conflict)"
2023-JSS028-Kidato V,Create literary works,Demonstrate mastery of the principles of composing literary works,"Elaborate the steps for writing a short story (pre-writing, writing, revision, editing and publishing)"
2023-JSS028-Kidato V,Create literary works,Compose original literary works,"Develop a plan for composing a short story (idea, plot, setting and characterisation)"
2023-JSS028-Kidato V,Create literary works,Compose original literary works,Apply basic skills in creative writing to compose a short story
2023-JSS028-Kidato V,Create literary works,Compose original literary works,Use ICT tools and digital platforms to write and publish a short story
2023-JSS028-Kidato VI,Demonstrate mastery of the concepts and principles of literature,Assess the contribution of Tanzanian writers to the development of Tanzanian literature in English,"Discuss how the aspects of indigenous socio-cultural setting, Ujamaa and Pan-Africanism have influenced Tanzanian Literature in English"
2023-JSS028-Kidato VI,Demonstrate mastery of the concepts and principles of literature,Assess the contribution of Tanzanian writers to the development of Tanzanian literature in English,Survey the development of Tanzanian Literature in English
2023-JSS028-Kidato VI,Demonstrate mastery of the concepts and principles of literature,Assess the contribution of Tanzanian writers to the development of Tanzanian literature in English,"Use a selected literary text by a Tanzanian author to examine his/ her reflections on the national cultural, social and political heritage"
2023-JSS028-Kidato VI,Demonstrate mastery of the concepts and principles of literature,Assess the contribution of Tanzanian writers to the development of Tanzanian literature in English,"Discuss the contribution of Tanzanian authors in representing contemporary and topical issues (e.g. corruption, gender, taxation and development, and environmental health)"
2023-JSS028-Kidato VI,Appreciate literary works,"Analyse critically pre-colonial, colonial, liberation, and post-colonial literatures","Examine the effectiveness of narrative techniques, and literary devices in a selected literary text"
2023-JSS028-Kidato VI,Appreciate literary works,"Analyse critically pre-colonial, colonial, liberation, and post-colonial literatures",Apply modern literary theories to discuss thematic representation in selected liberation and post-colonial literary texts
2023-JSS028-Kidato VI,Appreciate literary works,"Analyse critically pre-colonial, colonial, liberation, and post-colonial literatures",Relate issues represented in selected liberation and post-colonial literary texts to real life experiences
2023-JSS028-Kidato VI,Appreciate literary works,"Analyse critically pre-colonial, colonial, liberation, and post-colonial literatures",Reflect on characters’ experiences in selected liberation and post-colonial literary texts
2023-JSS028-Kidato VI,Appreciate literary works,"Analyse the nexus between literature and politics, aesthetics and social inequalities","Examine the representation of political issues (human rights, good governance, election, etc) in a selected literary text"
2023-JSS028-Kidato VI,Appreciate literary works,"Analyse the nexus between literature and politics, aesthetics and social inequalities","Examine the depiction of social inequalities (racial discrimination, wage inequality, homelessness, inequality in education, etc) in a selected literary text"
2023-JSS028-Kidato VI,Appreciate literary works,"Analyse the nexus between literature and politics, aesthetics and social inequalities",Explore the use of stylistic features to create aesthetics in a selected literary text
2023-JSS028-Kidato VI,Demonstrate mastery of argumentative skills,Evaluate the effectiveness of various elements of form in shaping meaning,Discuss the author’s choice and use of setting in a selected literary work
2023-JSS028-Kidato VI,Demonstrate mastery of argumentative skills,Evaluate the effectiveness of various elements of form in shaping meaning,Examine the author’s development of plot and characterisation in a selected literary work
2023-JSS028-Kidato VI,Demonstrate mastery of argumentative skills,Evaluate the effectiveness of various elements of form in shaping meaning,Discuss the author’s choice and use of rhetorical devices in a selected literary work
2023-JSS028-Kidato VI,Demonstrate mastery of argumentative skills,Use literary works to build rational arguments and judgments,Assess moral dilemmas depicted in a literary text
2023-JSS028-Kidato VI,Demonstrate mastery of argumentative skills,Use literary works to build rational arguments and judgments,Discuss the conflicts portrayed in a literary text and how they are resolved
2023-JSS028-Kidato VI,Demonstrate mastery of argumentative skills,Use literary works to build rational arguments and judgments,Assess various interpretations of a literary text
2023-JSS028-Kidato VI,Demonstrate mastery of argumentative skills,Use literature to adapt and manage new communicative contexts,Explain different communicative contexts exhibited in a selected literary text
2023-JSS028-Kidato VI,Demonstrate mastery of argumentative skills,Use literature to adapt and manage new communicative contexts,Use a selected literary text to examine the communications of a given character in different contexts
2023-JSS028-Kidato VI,Create literary works,Identify opportunities created by literary works,"Survey various opportunities created by literature (writing, editing, publishing, printing, sales and marketing, and publicity)"
2023-JSS028-Kidato VI,Create literary works,Identify opportunities created by literary works,Identify various opportunities depicted in a selected literary text
2023-JSS028-Kidato VI,Create literary works,Identify opportunities created by literary works,"Design, write, revise, and edit a script for stage performance"
2023-JSS028-Kidato VI,Create literary works,Identify opportunities created by literary works,Adapt an episode or extract from a selected literary text on the stage
2023-JSS028-Kidato VI,Create literary works,Compose original literary works,"Develop a plan for composing a novel (idea, plot, setting and characterisation)"
2023-JSS028-Kidato VI,Create literary works,Compose original literary works,Apply basic skills in creative writing to compose a novel
2023-JSS028-Kidato VI,Create literary works,Compose original literary works,Use ICT tools and digital platforms to write and publish a novel
2023-JSS043-Kidato V,Use applied mathematical knowledge and skills,"Use some advanced skills in geometry, trigonometry, and vectors to solve problems in different contexts","Explore some advanced tenets of trigonometry (relationship of the secant, cosecant, and cotangent to the sine, cosine, and tangent, trigonometric identities: Pythagorean, compound and double angles)"
2023-JSS043-Kidato V,Use applied mathematical knowledge and skills,Use functions and calculus to solve problems in different contexts,"Explore some advanced tenets of functions (Properties, Domain and Range and graphs of cubic functions, rational functions with a constant numerator and a linear equation in the denominator, logarithmic, and exponential functions)"
2023-JSS043-Kidato V,Use applied mathematical knowledge and skills,Use functions and calculus to solve problems in different contexts,Solve real life problems involving growth and decay
2023-JSS043-Kidato V,Use applied mathematical knowledge and skills,Use functions and calculus to solve problems in different contexts,"Explore the basic tenets of calculus (Differentiation: first principles, power rule, chain rule, product rule, and quotient rule, Integration: substitution method)"
2023-JSS043-Kidato V,Use applied mathematical knowledge and skills,Use functions and calculus to solve problems in different contexts,"Use differentiation methods to solve real life problems (maximum and minimum, curve sketching, rate of change, marginal cost and marginal revenue functions)"
2023-JSS043-Kidato V,Use applied mathematical knowledge and skills,Use functions and calculus to solve problems in different contexts,"Use integration methods to solve real life problems (area under the curve, volume of solid of revolution, cost and revenue functions)"
2023-JSS043-Kidato V,"Use algebra, set theory, and logic to solve problems in different contexts",Apply knowledge of sequences and series in different contexts,Use sequences and series to determine simple and compound interest
2023-JSS043-Kidato V,"Use algebra, set theory, and logic to solve problems in different contexts",Apply knowledge of algebra and number theory in different contexts,"Explore some advanced tenets of algebra (solve simultaneous equations of one linear and one quadratic equation algebraically and graphically, graphs of direct and inverse variation)"
2023-JSS043-Kidato VI,Use applied mathematical knowledge and skills,"Use some advanced skills in geometry, trigonometry, and vectors to solve problems in different contexts","Explore some advanced tenets of coordinate geometry (area of a triangle, angle between two lines and perpendicular distance from a point to a line)"
2023-JSS043-Kidato VI,Use applied mathematical knowledge and skills,"Use some advanced skills in geometry, trigonometry, and vectors to solve problems in different contexts","Explore some advanced tenets of vectors (unit vector, scalar product, cross product, angle between two vectors and work done by a constant force, derivative and integration of vector functions)"
2023-JSS043-Kidato VI,Use applied mathematical knowledge and skills,Use statistics to solve problems in different contexts,"Explore some advanced tenets of statistics (measure of central tendency and dispersion: calculate mean by the coding method, variance, standard deviation, quartiles, and percentiles)"
2023-JSS043-Kidato VI,"Use algebra, set theory and logic to solve problems in different contexts",Use set theory and logic in argumentation and decision making,Explore advanced tenets of set theory (operations involving three sets and cardinality of a set)
2023-JSS043-Kidato VI,"Use algebra, set theory and logic to solve problems in different contexts",Use set theory and logic in argumentation and decision making,"Explore the basic tenets of logic (statements, connectives, truth table, arguments involving three propositions, electrical networks involving three propositions)"
2023-JSS043-Kidato VI,"Use algebra, set theory and logic to solve problems in different contexts",Use set theory and logic in argumentation and decision making,Use logic to analyse validity of arguments
2023-JSS032-Kidato I,Kuonesha uelewa wa stadi za msingi za lugha ya Kiarabu,Kukuza stadi za kusikiliza Kiarabu,Kusikiliza kwa ufahamu matini fupi sahili
2023-JSS032-Kidato I,Kuonesha uelewa wa stadi za msingi za lugha ya Kiarabu,Kukuza stadi za kusikiliza Kiarabu,Kujadili ujumbe unaopatikana katika matini fupi sahili
2023-JSS032-Kidato I,Kuonesha uelewa wa stadi za msingi za lugha ya Kiarabu,Kumudu msamiati kutokana na mazungumzo na maandishi,Kusikiliza na kubaini maneno mapya katika matini kuhusu haki za binadamu
2023-JSS032-Kidato I,Kuonesha uelewa wa stadi za msingi za lugha ya Kiarabu,Kumudu msamiati kutokana na mazungumzo na maandishi,Kutumia msamiati aliyobaini katika mazungumzo na maandishi
2023-JSS032-Kidato I,Kuonesha uelewa wa stadi za msingi za lugha ya Kiarabu,Kuwasilisha ujumbe fasaha mfupi wa maneno kwa kutumia matamshi sahihi,Kutoa maoni kwa mdomo katika miktadha mbalimbali
2023-JSS032-Kidato I,Kuonesha uelewa wa stadi za msingi za lugha ya Kiarabu,Kuwasilisha ujumbe fasaha mfupi wa maneno kwa kutumia matamshi sahihi,Kuelezea kwa ufasaha matukio mbalimbali aliyoyaona au kuyasikia
2023-JSS032-Kidato I,Kuonesha uelewa wa stadi za msingi za lugha ya Kiarabu,Kutumia msamiati na sarufi sahihi katika mazungumzo na maandishi,Kutumia aina mbalimbali za viarifu katika mazungumzo na maandishi katika miktadha mbalimbali
2023-JSS032-Kidato I,Kuonesha uelewa wa taarifa zilizowasilishwa kwa mdomo na kwa maandishi,Kukuza umahiri wa kusikiliza na kuelewa taarifa zinazowasilishwa kwa mdomo,Kueleza ujumbe uliomo katika matini ndefu sahili aliyosikiliza
2023-JSS032-Kidato I,Kuonesha uelewa wa taarifa zilizowasilishwa kwa mdomo na kwa maandishi,Kukuza umahiri wa kusoma na kuelewa matini mbalimbali,Kusoma kwa ufahamu matini mbalimbali
2023-JSS032-Kidato I,Kuonesha uelewa wa taarifa zilizowasilishwa kwa mdomo na kwa maandishi,Kukuza umahiri wa kusoma na kuelewa matini mbalimbali,Kueleza wazo kuu kutokana na matini alizosoma
2023-JSS032-Kidato I,Kuonesha uelewa wa taarifa zilizowasilishwa kwa mdomo na kwa maandishi,Kukuza umahiri wa kusoma na kuelewa matini mbalimbali,Kusoma na kufupisha matini kwa maandishi
2023-JSS032-Kidato II,Kuonesha uelewa wa stadi za msingi za lugha ya Kiarabu,Kukuza stadi za kusikiliza Kiarabu,Kusikiliza kwa ufahamu matini fupi changamani
2023-JSS032-Kidato II,Kuonesha uelewa wa stadi za msingi za lugha ya Kiarabu,Kukuza stadi za kusikiliza Kiarabu,Kujadili ujumbe unaopatikana katika matini fupi changamani
2023-JSS032-Kidato II,Kuonesha uelewa wa stadi za msingi za lugha ya Kiarabu,Kumudu msamiati kutokana na mazungumzo na maandishi,Kubaini maana ya maneno mapya kutoka katika matini zinazohusu utunzaji wa mazingira
2023-JSS032-Kidato II,Kuonesha uelewa wa stadi za msingi za lugha ya Kiarabu,Kumudu msamiati kutokana na mazungumzo na maandishi,Kutumia maneno mapya aliyobaini katika mazungumzo na maandishi
2023-JSS032-Kidato II,Kuonesha uelewa wa stadi za msingi za lugha ya Kiarabu,Kutumia msamiati na sarufi sahihi katika mazungumzo na maandishi,Kutumia nawaasikhi katika mazungumzo na maandishi katika miktadha mbalimbali
2023-JSS032-Kidato II,Kuonesha uelewa wa taarifa zilizowasilishwa kwa mdomo na kwa maandishi,Kukuza umahiri wa kusikiliza na kuelewa taarifa zinazowasilishwa kwa mdomo,Kubainisha mawazo makuu katika matini ndefu sahili aliyoisikiliza
2023-JSS032-Kidato II,Kuonesha uelewa wa taarifa zilizowasilishwa kwa mdomo na kwa maandishi,Kukuza umahiri wa kusikiliza na kuelewa taarifa zinazowasilishwa kwa mdomo,Kufupisha matini aliyoisikiliza
2023-JSS032-Kidato II,Kuonesha uelewa wa taarifa zilizowasilishwa kwa mdomo na kwa maandishi,Kukuza umahiri wa kusoma na kuelewa matini mbalimbali,Kusoma kwa ufahamu matini ndefu
2023-JSS032-Kidato II,Kuonesha uelewa wa taarifa zilizowasilishwa kwa mdomo na kwa maandishi,Kukuza umahiri wa kusoma na kuelewa matini mbalimbali,Kusoma matini ndefu na kuelezea kwa maneno mengine taarifa iliyomo
2023-JSS032-Kidato II,Kuwasiliana kwa ufanisi katika miktadha mbalimbali,Kuunda matini fasaha katika miktadha mbalimbali,Kuandika kadi za mwaliko mbalimbali
2023-JSS032-Kidato III,Kuonesha uelewa wa stadi za msingi za lugha ya Kiarabu,Kumudu msamiati kutokana na mazungumzo na maandishi,Kuelezea kwa mdomo na kwa maandishi vitu vilivyomo kwenye mazingira ya karibu kwa kutumia msamiati stahiki
2023-JSS032-Kidato III,Kuonesha uelewa wa stadi za msingi za lugha ya Kiarabu,Kumudu msamiati kutokana na mazungumzo na maandishi,Kusimulia kwa mdomo na kwa maandishi matukio yaliyotokea katika miktadha inayofahamika
2023-JSS032-Kidato III,Kuonesha uelewa wa stadi za msingi za lugha ya Kiarabu,Kutumia msamiati na sarufi sahihi katika mazungumzo na maandishi,Kutumia herufi-maana (nawaasibu na jawaazim) katika matini
2023-JSS032-Kidato III,Kuonesha uelewa wa taarifa zilizowasilishwa kwa mdomo na kwa maandishi,Kukuza umahiri wa kusikiliza na kuelewa taarifa zinazowasilishwa kwa mdomo,Kusikiliza na kubainisha mawazo makuu kutokana na mahojiano mbalimbali
2023-JSS032-Kidato III,Kuonesha uelewa wa taarifa zilizowasilishwa kwa mdomo na kwa maandishi,Kuonesha mwitiko sahihi katika miktadha mbalimbali ya kimawasiliano,Kutoa maoni katika miktadha ya mawasiliano isiyo rasmi
2023-JSS032-Kidato III,Kuonesha uelewa wa taarifa zilizowasilishwa kwa mdomo na kwa maandishi,Kuonesha mwitiko sahihi katika miktadha mbalimbali ya kimawasiliano,"Kuomba na kutoa huduma kwa kutumia lugha rahisi katika miktadha mbalimbali (ofisini, uhamiaji, dukani, ushauri na unasihi)"
2023-JSS032-Kidato III,Kuonesha uelewa wa taarifa zilizowasilishwa kwa mdomo na kwa maandishi,Kukuza umahiri wa kusoma na kuelewa matini mbalimbali kwa usahihi,Kusoma na kubainisha wazo kuu kutokana na matini fupi sahili
2023-JSS032-Kidato III,Kuonesha uelewa wa taarifa zilizowasilishwa kwa mdomo na kwa maandishi,Kukuza umahiri wa kusoma na kuelewa matini mbalimbali kwa usahihi,Kusoma na kufupisha matini sahili
2023-JSS032-Kidato III,Kuwasiliana kwa ufanisi katika miktadha mbalimbali,Kuunda matini fasaha katika miktadha mbalimbali,Kuandika nyaraka mbalimbali zisizo rasmi
2023-JSS032-Kidato III,"Kutafsiri, kuhariri na kukalimani taarifa sahili",Kutoa tafsiri sahili na sahihi,Kutafsiri aina mbalimbali za matini sahili
2023-JSS032-Kidato III,"Kutafsiri, kuhariri na kukalimani taarifa sahili",Kumudu ukalimani sahili kwa usahihi,Kukalimani ujumbe sahili kwenye mazingira yasiyo rasmi
2023-JSS032-Kidato III,"Kutafsiri, kuhariri na kukalimani taarifa sahili",Kumudu ukalimani sahili kwa usahihi,Kukalimani ujumbe sahili kwenye mazingira rasmi
2023-JSS032-Kidato IV,Kuonesha uelewa wa stadi za msingi za lugha ya Kiarabu,Kutumia msamiati na sarufi sahihi katika mazungumzo na maandishi,Kutumia mtenda na mtendwa katika mazungumzo na maandishi
2023-JSS032-Kidato IV,Kuonesha uelewa wa taarifa zilizowasilishwa kwa mdomo na kwa maandishi,Kukuza umahiri wa kusikiliza na kuelewa taarifa zinazowasilishwa kwa mdomo,"Kushiriki kikamilifu katika majadiliano, midahalo na usaili"
2023-JSS032-Kidato IV,Kuonesha uelewa wa taarifa zilizowasilishwa kwa mdomo na kwa maandishi,Kukuza umahiri wa kusikiliza na kuelewa taarifa zinazowasilishwa kwa mdomo,Kusikiliza na kuhusianisha taarifa zilizowasilishwa katika matini sahili
2023-JSS032-Kidato IV,Kuonesha uelewa wa taarifa zilizowasilishwa kwa mdomo na kwa maandishi,Kuonesha mwitiko sahihi katika miktadha mbalimbali ya kimawasiliano,Kutoa maoni katika miktadha rasmi ya kimawasiliano
2023-JSS032-Kidato IV,Kuonesha uelewa wa taarifa zilizowasilishwa kwa mdomo na kwa maandishi,Kuonesha mwitiko sahihi katika miktadha mbalimbali ya kimawasiliano,Kusikiliza na kufuata maelekezo katika viwanja vya ndege
2023-JSS032-Kidato IV,Kuonesha uelewa wa taarifa zilizowasilishwa kwa mdomo na kwa maandishi,Kukuza umahiri wa kusoma na kuelewa matini mbalimbali kwa usahihi,Kusoma na kubainisha wazo kuu kutokana na matini changamani
2023-JSS032-Kidato IV,Kuonesha uelewa wa taarifa zilizowasilishwa kwa mdomo na kwa maandishi,Kukuza umahiri wa kusoma na kuelewa matini mbalimbali kwa usahihi,Kusoma na kufupisha matini changamani
2023-JSS032-Kidato IV,Kuwasiliana kwa ufanisi katika miktadha mbalimbali,Kuunda matini fasaha katika miktadha mbalimbali,Kuandika nyaraka mbalimbali rasmi
2023-JSS032-Kidato IV,"Kutafsiri, kukalimani na kuhariri taarifa sahili",Kutoa tafsiri sahili na sahihi,Kutafsiri aina mbalimbali za matini ndefu sahili
2023-JSS032-Kidato IV,"Kutafsiri, kukalimani na kuhariri taarifa sahili",Kumudu uhariri wa matini sahili,Kuhariri matini ndefu katika mazingira ya nje ya shule
2023-JSS021-Kidato V,"Demonstrate mastery of the concepts, theories and principles in Chemistry","Demonstrate an advanced understanding of the concepts, theories and principles in Chemistry","Describe the concept of the atom (Dalton’s atomic theory, Bohr’s atomic theory, atomic mass and quantum theory)"
2023-JSS021-Kidato V,"Demonstrate mastery of the concepts, theories and principles in Chemistry","Demonstrate an advanced understanding of the concepts, theories and principles in Chemistry",Use different atomic theories to determine the electronic configuration of elements with different properties
2023-JSS021-Kidato V,"Demonstrate mastery of the concepts, theories and principles in Chemistry","Demonstrate an advanced understanding of the concepts, theories and principles in Chemistry",Explain the concept of chemical bonding and the interactions of atoms to form molecules
2023-JSS021-Kidato V,"Demonstrate mastery of the concepts, theories and principles in Chemistry","Demonstrate an advanced understanding of the concepts, theories and principles in Chemistry",Describe the concept of gases in terms of the gas laws and the kinetic theory of gases
2023-JSS021-Kidato V,"Demonstrate mastery of the concepts, theories and principles in Chemistry","Demonstrate an advanced understanding of the concepts, theories and principles in Chemistry","Appreciate the applications of gas laws in daily life such as in fire extinguishers, aerosols, inflating tyres, bakery, liquefaction of gases and helium balloons"
2023-JSS021-Kidato V,"Demonstrate mastery of the concepts, theories and principles in Chemistry",Demonstrate an understanding of changes in the physical and chemical properties of elements according to their positions in the periodic table,"Explore the periodic trends of elements in the modern periodic table (Electronegativity, ionisation energy, electron affinity, atomic radius, melting point, and metallic character)"
2023-JSS021-Kidato V,"Demonstrate mastery of the concepts, theories and principles in Chemistry",Demonstrate an understanding of changes in the physical and chemical properties of elements according to their positions in the periodic table,Analyse the periodic trends of elements in relation to their physical and chemical properties
2023-JSS021-Kidato V,"Demonstrate mastery of the concepts, theories and principles in Chemistry",Demonstrate an understanding of chemical concepts and principles and their applications in different contexts,"Describe the concept of colligative properties in understanding responses of the system towards changes in the environment (boiling point elevation, freezing point depression, osmotic pressure, relative lowering of vapour pressure and Raoult’s law)"
2023-JSS021-Kidato V,"Demonstrate mastery of the concepts, theories and principles in Chemistry",Demonstrate an understanding of chemical concepts and principles and their applications in different contexts,"Examine the applications of colligative properties in the purification of water, dialysis, preservation of food and in antifreeze and coolants"
2023-JSS021-Kidato V,"Demonstrate mastery of the concepts, theories and principles in Chemistry",Demonstrate an understanding of chemical concepts and principles and their applications in different contexts,"Describe the concept of two component liquid systems (immiscible liquid, completely miscible liquid and the distribution law)"
2023-JSS021-Kidato V,"Demonstrate mastery of the concepts, theories and principles in Chemistry",Demonstrate an understanding of chemical concepts and principles and their applications in different contexts,"Examine the applications of two component liquid systems in pharmaceutical industries and in the extraction of plant components, separation and purification of substances"
2023-JSS021-Kidato V,"Demonstrate mastery of the concepts, theories and principles in Chemistry",Demonstrate an understanding of chemical concepts and principles and their applications in different contexts,Describe the concept of energetics (Heat/enthalpy of reactions and Hess’s law)
2023-JSS021-Kidato V,"Demonstrate mastery of the concepts, theories and principles in Chemistry",Demonstrate an understanding of chemical concepts and principles and their applications in different contexts,"Examine the applications of energetics in daily life in combustion of fuel, cooking and human body metabolism"
2023-JSS021-Kidato V,"Demonstrate mastery of the concepts, theories and principles in Chemistry",Demonstrate an understanding of advanced concepts and principles in organic chemistry,"Describe the concepts of aromatic hydrocarbons, halogen derivatives of hydrocarbons, phenols, carbonyl compounds, carboxylic acids and their derivatives, amines and polymers"
2023-JSS021-Kidato V,"Demonstrate mastery of the concepts, theories and principles in Chemistry",Demonstrate an understanding of advanced concepts and principles in organic chemistry,"Apply IUPAC rules in naming of aromatic hydrocarbons, halohydrocarbons, phenols, carbonyl compounds, carboxylic acids and their derivatives, and amines"
2023-JSS021-Kidato V,"Demonstrate mastery of the concepts, theories and principles in Chemistry",Demonstrate an understanding of advanced concepts and principles in organic chemistry,"Examine reactions of aromatic hydrocarbons, phenols, carbonyl compounds, and carboxylic acids and their derivatives for preparation of useful organic products like soaps, perfumes and pesticides"
2023-JSS021-Kidato V,"Demonstrate mastery of the concepts, theories and principles in Chemistry",Demonstrate an understanding of advanced concepts and principles in organic chemistry,"Examine reactions of haloalkanes, amines and polymers for preparation of useful organic products like plastics, dyes, detergents and rubber"
2023-JSS021-Kidato V,Conduct experiments in chemistry,Conduct synthesis of selected organic compounds,"Synthesise aromatic hydrocarbons, haloalkanes, phenols, carbonyl compounds, carboxylic acids and their derivatives, amines and polymers"
2023-JSS021-Kidato V,Conduct a project in Chemistry,Conduct a project in Chemistry,Design and carry out a project in Chemistry
2023-JSS021-Kidato VI,"Demonstrate mastery of the concepts, theories and principles in Chemistry","Demonstrate an advanced understanding of the concepts, theories and principles of Chemistry","Describe the concept of chemical equilibria in predicting the direction of reactions for formation of desired products (dynamic equilibrium, ionic equilibrium and acid-base equilibrium)"
2023-JSS021-Kidato VI,"Demonstrate mastery of the concepts, theories and principles in Chemistry","Demonstrate an advanced understanding of the concepts, theories and principles of Chemistry",Perform experiments involving chemical equilibria and report the experimental results scientifically (preparation of buffer solutions and acid-base titrations)
2023-JSS021-Kidato VI,"Demonstrate mastery of the concepts, theories and principles in Chemistry","Demonstrate an advanced understanding of the concepts, theories and principles of Chemistry","Assess the applications of chemical equilibria in industries and daily life (manufacture of H2SO4, fertilizers, photochromic lenses, and acids, bases and salts in food industries)"
2023-JSS021-Kidato VI,"Demonstrate mastery of the concepts, theories and principles in Chemistry",Demonstrate an understanding of changes in the physical and chemical properties of elements according to their position in the periodic table,"Describe the physical and chemical properties of transition elements (variable oxidation states, catalytic properties, magnetic properties, alloy formation)"
2023-JSS021-Kidato VI,"Demonstrate mastery of the concepts, theories and principles in Chemistry",Demonstrate an understanding of changes in the physical and chemical properties of elements according to their position in the periodic table,Describe the concept of complex compounds (type of complexes and factors affecting complex formation)
2023-JSS021-Kidato VI,"Demonstrate mastery of the concepts, theories and principles in Chemistry",Demonstrate an understanding of changes in the physical and chemical properties of elements according to their position in the periodic table,Explore reactions of complex compounds
2023-JSS021-Kidato VI,"Demonstrate mastery of the concepts, theories and principles in Chemistry",Demonstrate an understanding of changes in the physical and chemical properties of elements according to their position in the periodic table,"Analyse the uses of transition elements and complex compounds in industries (as conductors, catalysts, alloys and ornaments)"
2023-JSS021-Kidato VI,"Demonstrate mastery of the concepts, theories and principles in Chemistry",Demonstrate an understanding of chemical concepts and principles and their application in different contexts,"Describe the concept of chemical kinetics (rate laws, activation energy, catalysis)"
2023-JSS021-Kidato VI,"Demonstrate mastery of the concepts, theories and principles in Chemistry",Demonstrate an understanding of chemical concepts and principles and their application in different contexts,"Investigate the applications of chemical kinetics in industries and real-life situation (catalyst in production, medical aspects, baking industries, food storage)"
2023-JSS021-Kidato VI,"Demonstrate mastery of the concepts, theories and principles in Chemistry",Demonstrate an understanding of chemical concepts and principles and their application in different contexts,Describe the concept of electrochemistry (electrochemical cells and electrode potentials)
2023-JSS021-Kidato VI,"Demonstrate mastery of the concepts, theories and principles in Chemistry",Demonstrate an understanding of chemical concepts and principles and their application in different contexts,"Investigate the applications of electrochemistry in industries and real life situation (corrosion inhibition, purification of metals and batteries productions)"
2023-JSS021-Kidato VI,Conduct a project in Chemistry,Conduct a project in Chemistry,Complete and submit for assessment a scientific report of the project started in Form Five
2023-JSS034-Kidato V,Maîtriser les compétences langagières du français au niveau avancé,"Développer la connaissance grammaticale (morphologie, phonologie, syntaxe, lexicologie, sémantique, et pragmatique)","Articuler des phrases dans l’enchaînement avec la phonétique et la phonologie standards (phonèmes, syllabes, accents, intonation, liaison et élision)"
2023-JSS034-Kidato V,Maîtriser les compétences langagières du français au niveau avancé,"Développer la connaissance grammaticale (morphologie, phonologie, syntaxe, lexicologie, sémantique, et pragmatique)","Utiliser le langage de manière appropriée dans de divers contextes des conversations (langage familier, standard et soutenu)"
2023-JSS034-Kidato V,Maîtriser les compétences langagières du français au niveau avancé,"Développer la connaissance grammaticale (morphologie, phonologie, syntaxe, lexicologie, sémantique, et pragmatique)",Composer des textes complexes logiques et cohérents
2023-JSS034-Kidato V,Maîtriser les compétences langagières du français au niveau avancé,Développer le vocabulaire à travers la conversation et à l’écrit,Construire les sens de nouveaux mots et expressions à partir des textes complexes présentés à l’oral et à l’écrit
2023-JSS034-Kidato V,Maîtriser les compétences langagières du français au niveau avancé,Développer le vocabulaire à travers la conversation et à l’écrit,"Chercher des sens de nouveaux mots et des expressions en utilisant des dictionnaires, des encyclopédies et des thésaurus"
2023-JSS034-Kidato V,Maîtriser les compétences langagières du français au niveau avancé,Utiliser le vocabulaire et la grammaire appropriés,Utiliser le vocabulaire et la grammaire avancés pour rédiger des textes des sujets variés
2023-JSS034-Kidato V,Démontrer le niveau avancé de comprendre en français,Développer la compréhension des conversations en français,Écouter et comprendre des informations complexes de différents contextes formels
2023-JSS034-Kidato V,Démontrer le niveau avancé de comprendre en français,Développer la compréhension des conversations en français,Écouter et répondre à des messages oraux avec plus de confiance et autonomie (demande une clarification et donne des commentaires)
2023-JSS034-Kidato V,Démontrer le niveau avancé de comprendre en français,Développer la compréhension des textes complexes en français,Lire la variété des textes pour identifier les caractéristiques de la langue écrite
2023-JSS034-Kidato V,Démontrer le niveau avancé de comprendre en français,Maîtriser la communication complexe orale et écrite,Expliquer des thèmes principaux présentés dans des textes complexes variés
2023-JSS034-Kidato V,Démontrer le niveau avancé de comprendre en français,Maîtriser la communication complexe orale et écrite,Participer à des discussions/ débats et prendre sa position
2023-JSS034-Kidato V,Démontrer le niveau avancé de comprendre en français,Maîtriser la communication complexe orale et écrite,Rédiger des biographies
2023-JSS034-Kidato V,"Traduire, éditer et interpréter",Traduire des textes complexes,Traduire des textes complexes du français vers le swahili et vice-versa sans machine
2023-JSS034-Kidato V,"Traduire, éditer et interpréter",Traduire des textes complexes,Traduire des textes variés en utilisant les outils de Traduction Assistée par Ordinateur (TAO)
2023-JSS034-Kidato V,"Traduire, éditer et interpréter",Interpréter,Interpréter des dialogues et des discours complexes de divers contextes de communication formelle de manière simultanée et consécutive
2023-JSS034-Kidato V,Apprécier et composer des œuvres littéraires,Lire et comprendre des œuvres littéraires des écrivains francophones,Connaître les grands auteurs de la littérature francophone et leurs œuvres
2023-JSS034-Kidato V,Apprécier et composer des œuvres littéraires,Lire et comprendre des œuvres littéraires des écrivains francophones,"Analyser de différents œuvres littéraires (récits, romans)"
2023-JSS034-Kidato V,Apprécier et composer des œuvres littéraires,Composer des œuvres littéraires,Composer un récit et un roman
2023-JSS034-Kidato VI,Maîtriser les compétences langagières du français au niveau avancé,"Développer la connaissance grammaticale (morphologie, phonologie, syntaxe, lexicologie, sémantique, et pragmatique)",Utiliser les règles de la phonétique et de la phonologie dans des mots isolés et dans l’enchaînement
2023-JSS034-Kidato VI,Maîtriser les compétences langagières du français au niveau avancé,"Développer la connaissance grammaticale (morphologie, phonologie, syntaxe, lexicologie, sémantique, et pragmatique)","Converser dans des contextes non familiers (à la douane, au tribunal, à des conférences, à des réunions)"
2023-JSS034-Kidato VI,Maîtriser les compétences langagières du français au niveau avancé,"Développer la connaissance grammaticale (morphologie, phonologie, syntaxe, lexicologie, sémantique, et pragmatique)",Rédiger des récits longs en utilisant le passé simple
2023-JSS034-Kidato VI,Maîtriser les compétences langagières du français au niveau avancé,Développer le vocabulaire à travers la conversation et à l’écrit,Donner des discours sur des sujets variés en utilisant le français avec efficacité et autonomie
2023-JSS034-Kidato VI,Maîtriser les compétences langagières du français au niveau avancé,Développer le vocabulaire à travers la conversation et à l’écrit,Utiliser des synonymes et des antonymes pour composer une variété de textes complexes
2023-JSS034-Kidato VI,Maîtriser les compétences langagières du français au niveau avancé,Développer le vocabulaire à travers la conversation et à l’écrit,"Composer des textes portant sur des domaines spécifiques (journalisme, droit, médicine) en utilisant le vocabulaire et la grammaire avancés"
2023-JSS034-Kidato VI,Démontrer le niveau avancé de comprendre en français,Développer la compréhension des conversations en français,Écouter et répondre oralement à des informations en utilisant les caractéristiques inhérentes de la langue parlée
2023-JSS034-Kidato VI,Démontrer le niveau avancé de comprendre en français,Maîtriser la communication complexe orale et écrite,Prendre part à des entretiens avec confiance et autonomie
2023-JSS034-Kidato VI,Démontrer le niveau avancé de comprendre en français,Maîtriser la communication complexe orale et écrite,Discuter des sujets transversaux en utilisant du vocabulaire avancé et des structures des phrases complexes
2023-JSS034-Kidato VI,Démontrer le niveau avancé de comprendre en français,Maîtriser la communication complexe orale et écrite,Rédiger des textes académiques avec les références (dissertations)
2023-JSS034-Kidato VI,"Traduire, éditer et interpréter",Traduire des textes complexes,Traduire la variété des textes complexes en utilisant des outils de TAO
2023-JSS034-Kidato VI,"Traduire, éditer et interpréter",Traduire des textes complexes,Créer des sous-titres pour les médias audio-visuels
2023-JSS034-Kidato VI,"Traduire, éditer et interpréter",Éditer des textes complexes,Éditer et relire de divers textes complexes
2023-JSS034-Kidato VI,"Traduire, éditer et interpréter",Interpréter,Interpréter la variété des médias audiovisuels en utilisant les techniques voix hors champ et doublage
2023-JSS034-Kidato VI,Apprécier et composer des œuvres littéraires,Lire et comprendre des œuvres littéraires des écrivains francophones,Analyser des différents œuvres littéraires (poèmes et théâtre)
2023-JSS034-Kidato VI,Apprécier et composer des œuvres littéraires,Composer des œuvres littéraires en français,Composer un poème et une pièce de théâtre en français
2023-JSS040-Kidato I,Demonstrate mastery of the fundamentals of garment construction,Demonstrate an understanding of the fundamentals of garment construction,"Describe basic garment construction (meaning, objectives and the sewing room)"
2023-JSS040-Kidato I,Demonstrate mastery of the fundamentals of garment construction,Demonstrate an understanding of the fundamentals of garment construction,Operate and care of the sewing machine
2023-JSS040-Kidato I,Demonstrate mastery of the fundamentals of garment construction,Demonstrate an understanding of the fundamentals of garment construction,"Describe basic garment making processes (structural, decorative and functional: stitches, seams, openings, fasteners, disposal of fullness, edge finishes)"
2023-JSS040-Kidato I,Demonstrate mastery of the fundamentals of garment construction,Demonstrate an understanding of the fundamentals of garment construction,"Make a portfolio of prototypes of garment-making processes (structural and functional: stitches, seams, openings, fastenings, disposal of fullness, edge finishes)"
2023-JSS040-Kidato I,Demonstrate mastery of the fundamentals of garment construction,Make sewing patterns,"Prepare patterns for a skirt or pyjamas (body measurements, drafting, adaption, lay and cut out)"
2023-JSS040-Kidato I,Demonstrate mastery of the fundamentals of garment construction,Sew simple styles of various garments,Assemble garment sections to make a skirt or pyjamas
2023-JSS040-Kidato II,Demonstrate mastery of the fundamentals of garment construction,Demonstrate an understanding of the fundamentals of garment construction,"Describe basic garment making processes (collars and cuffs, sleeves, pockets, facing, interfacing, lining, interlining, ruffles and trimmings)"
2023-JSS040-Kidato II,Demonstrate mastery of the fundamentals of garment construction,Demonstrate an understanding of the fundamentals of garment construction,"Make a portfolio of prototypes of garment-making processes (structural and functional: collars and cuffs, sleeves, pockets, facing, interfacing, lining, interlining, ruffles and trimmings)"
2023-JSS040-Kidato II,Demonstrate mastery of the fundamentals of garment construction,Make sewing patterns,"Prepare patterns for an apron, a shirt or blouse (body measurements, drafting, adaption, lay and cut out)"
2023-JSS040-Kidato II,Demonstrate mastery of the fundamentals of garment construction,Sew simple styles of various garments,"Assemble garment sections to make an apron, a shirt or blouse"
2023-JSS040-Kidato III,Demonstrate mastery of the fundamentals of garment construction,Demonstrate an understanding of the fundamentals of garment construction,"Describe elements and principles of design in garment construction (line, balance, texture, shape, space, colour, emphasis and alignment)"
2023-JSS040-Kidato III,Demonstrate mastery of the fundamentals of garment construction,Demonstrate an understanding of the fundamentals of garment construction,Prepare a portfolio of different garment designs
2023-JSS040-Kidato III,Demonstrate mastery of the fundamentals of garment construction,Choose the right fabric for different garments,"Analyse effect of body figure in choosing the right fabric for garment construction (patterns, line, colour and texture)"
2023-JSS040-Kidato III,Demonstrate mastery of the fundamentals of garment construction,Make sewing patterns,"Prepare patterns for a dress, a pair of shorts or trousers (body measurements, drafting, adaption, lay and cut out)"
2023-JSS040-Kidato III,Demonstrate mastery of the fundamentals of garment construction,Sew simple styles of various garments,"Make a dress, a pair of shorts or trousers"
2023-JSS040-Kidato III,Demonstrate mastery of the fundamentals of garment construction,Care for clothes,"Describe various practices for the care of clothes (daily, routine and preventative)"
2023-JSS040-Kidato IV,Demonstrate mastery of the fundamentals of garment construction,Demonstrate an understanding of the fundamentals of garment construction,"Describe principles for making decorative processes in garments (applique, scallops, smoking, faggoting, piping and binding)"
2023-JSS040-Kidato IV,Demonstrate mastery of the fundamentals of garment construction,Demonstrate an understanding of the fundamentals of garment construction,"Make a portfolio of prototypes of decorative processes in garments for children (embroidery stitches, applique, smoking, faggoting, piping and binding)"
2023-JSS040-Kidato IV,Demonstrate mastery of the fundamentals of garment construction,Choose the right fabric for different garments,Describe factors to consider when choosing fabric for making garments for children
2023-JSS040-Kidato IV,Demonstrate mastery of the fundamentals of garment construction,Make sewing patterns,Prepare patterns for a child’s garment
2023-JSS040-Kidato IV,Demonstrate mastery of the fundamentals of garment construction,Sew simple styles of various garments,Use decorative techniques in making a child’s garment
2023-JSS040-Kidato IV,Demonstrate mastery of the fundamentals of garment construction,Caring for clothes,"Develop a personal wardrobe plan (meaning, personal wardrobe inventory and wardrobe plan chart)"
2023-JSS040-Kidato IV,Demonstrate mastery of professionalism and ethics in garment construction,Demonstrate an understanding of professionalism and ethics in tailoring,"Describe the basic elements of professionalism, ethical conduct and customer care for the tailor"
2023-JSS032-Kidato V,Kumudu stadi za juu za lugha ya Kiarabu,Kukuza uelewa wa misingi na kanuni za lugha ya Kiarabu,"Kutunga matini kwa kutumia kauli ya utendwa, vielezi, viunganishi na kanuni za msingi za sarufi maumbo"
2023-JSS032-Kidato V,Kumudu stadi za juu za lugha ya Kiarabu,Kukuza uelewa wa misingi na kanuni za lugha ya Kiarabu,"Kutumia aina zote za mushtaqaat katika mawasiliano (mfano: kongamano, mahakama na mikutano)"
2023-JSS032-Kidato V,Kumudu stadi za juu za lugha ya Kiarabu,Kukuza msamiati kutokana na mazungumzo na maandishi changamani,Kubaini maana ya maneno mapya kutoka katika matini changamani kwa kutumia kamusi za kawaida na kamusi mtandao
2023-JSS032-Kidato V,Kumudu stadi za juu za lugha ya Kiarabu,Kukuza msamiati kutokana na mazungumzo na maandishi changamani,Kuunda maneno mapya kwa kutumia mnyambuliko na viambishi mbalimbali
2023-JSS032-Kidato V,Kumudu stadi za juu za lugha ya Kiarabu,Kutumia msamiati na sarufi stahiki,"Kuelezea vitu na matukio kwa kutumia Kiarabu fasaha (muda, hadhira na mada)"
2023-JSS032-Kidato V,Kumudu stadi za juu za lugha ya Kiarabu,Kutumia msamiati na sarufi stahiki,"Kutunga matini changamani kuhusu fani mbalimbali (tiba, ualimu) kwa kutumia msamiati mwafaka na sarufi sahihi"
2023-JSS032-Kidato V,Kuonesha kiwango cha juu cha uelewa wa Kiarabu katika mazungumzo na maandishi,Kukuza uelewa wa mazungumzo ya Kiarabu,Kusikiliza na kuelewa midahalo na matini mbalimbali
2023-JSS032-Kidato V,Kuonesha kiwango cha juu cha uelewa wa Kiarabu katika mazungumzo na maandishi,Kukuza uelewa wa mazungumzo ya Kiarabu,Kuibua maana iliyofichika katika midahalo na matini mbalimbali
2023-JSS032-Kidato V,Kuonesha kiwango cha juu cha uelewa wa Kiarabu katika mazungumzo na maandishi,Kukuza uelewa wa mazungumzo ya Kiarabu,Kusikiliza na kuibua maana ya istilahi za kibalagha katika midahalo na matini
2023-JSS032-Kidato V,"Kutafsiri, kuhariri na kukalimani",Kutafsiri matini changamani,Kutafsiri matini changamani kwa kutumia kamusi na vifaa mbalimbali vya teknolojia
2023-JSS032-Kidato V,"Kutafsiri, kuhariri na kukalimani",Kufanya ukalimani,Kukalimani mazungumzo na hotuba katika miktadha mbalimbali
2023-JSS032-Kidato V,Kuthamini na kubuni kazi za fasihi ya Kiarabu,Kutathmini maendeleo ya fasihi ya Kiarabu,Kuchambua maendeleo ya fasihi ya Kiarabu
2023-JSS032-Kidato V,Kuthamini na kubuni kazi za fasihi ya Kiarabu,Kuhakiki kazi za fasihi ya Kiarabu,Kuhakiki mashairi
2023-JSS032-Kidato VI,Kumudu stadi za juu za lugha ya Kiarabu,Kukuza uelewa wa misingi na kanuni za lugha ya Kiarabu,Kuchanganua sentensi zenye tawabii na istithnaai
2023-JSS032-Kidato VI,Kumudu stadi za juu za lugha ya Kiarabu,Kukuza uelewa wa misingi na kanuni za lugha ya Kiarabu,Kutunga matini kwa kuzingatia dhana za tawabii na istithnaai
2023-JSS032-Kidato VI,Kumudu stadi za juu za lugha ya Kiarabu,Kukuza msamiati kutokana na mazungumzo na maandishi changamani,Kubaini misemo mipya katika matini changamani
2023-JSS032-Kidato VI,Kumudu stadi za juu za lugha ya Kiarabu,Kukuza msamiati kutokana na mazungumzo na maandishi changamani,Kubaini maana ya misemo mipya kwa kutumia kamusi na rejea mbalimbali
2023-JSS032-Kidato VI,Kumudu stadi za juu za lugha ya Kiarabu,Kukuza msamiati kutokana na mazungumzo na maandishi changamani,Kubaini maneno yanayofanana lakini yana maana tofauti
2023-JSS032-Kidato VI,Kumudu stadi za juu za lugha ya Kiarabu,Kutumia msamiati na sarufi stahiki,Kutumia visawe kutunga matini changamani
2023-JSS032-Kidato VI,Kuonesha kiwango cha juu cha uelewa wa Kiarabu katika mazungumzo na maandishi,Kukuza uelewa wa mazungumzo ya Kiarabu,Kusikiliza na kuelewa matini changamani
2023-JSS032-Kidato VI,Kuonesha kiwango cha juu cha uelewa wa Kiarabu katika mazungumzo na maandishi,Kukuza uelewa wa mazungumzo ya Kiarabu,Kusikiliza mazungumzo na kuyafupisha
2023-JSS032-Kidato VI,Kuonesha kiwango cha juu cha uelewa wa Kiarabu katika mazungumzo na maandishi,Kukuza uelewa wa mazungumzo ya Kiarabu,Kusikiliza na kuelewa tamthilia za Kiarabu
2023-JSS032-Kidato VI,Kuonesha kiwango cha juu cha uelewa wa Kiarabu katika mazungumzo na maandishi,Kukuza uelewa wa matini andishi za Kiarabu,Kusoma matini changamani na kuelewa wazo kuu lililomo
2023-JSS032-Kidato VI,Kuonesha kiwango cha juu cha uelewa wa Kiarabu katika mazungumzo na maandishi,Kukuza uelewa wa matini andishi za Kiarabu,Kusoma matini changamani na kufupisha maudhui yaliyomo
2023-JSS032-Kidato VI,Kuonesha kiwango cha juu cha uelewa wa Kiarabu katika mazungumzo na maandishi,Kukuza stadi za mawasiliano,Kusimulia matukio mbalimbali kwa kutumia kinaya na isti’ara
2023-JSS032-Kidato VI,Kuonesha kiwango cha juu cha uelewa wa Kiarabu katika mazungumzo na maandishi,Kukuza stadi za mawasiliano,Kuandika taarifa za kitaaluma zikiambatana na marejeleo
2023-JSS032-Kidato VI,"Kutafsiri, kuhariri na kukalimani",Kuhariri matini changamani,Kuhariri matini changamani mbalimbali
2023-JSS032-Kidato VI,Kuthamini na kubuni kazi za fasihi ya Kiarabu,Kuhakiki kazi za fasihi ya Kiarabu,Kuhakiki riwaya za Kiarabu
2023-JSS032-Kidato VI,Kuthamini na kubuni kazi za fasihi ya Kiarabu,Kutunga kazi sahili za fasihi ya Kiarabu,Kutunga hadithi fupi kwa lugha ya Kiarabu
2023-JSS015-Kidato V,Kumudu stadi za juu za Kiswahili,Kukuza uelewa wa misingi na kanuni za Kiswahili,"Kufafanua dhana ya fonimu na alofoni za lugha ya Kiswahili (maana, aina, sifa bainifu, uhusiano wa fonimu na alofoni)"
2023-JSS015-Kidato V,Kumudu stadi za juu za Kiswahili,Kukuza uelewa wa misingi na kanuni za Kiswahili,Kueleza dhana na miundo ya silabi za Kiswahili
2023-JSS015-Kidato V,Kumudu stadi za juu za Kiswahili,Kukuza uelewa wa misingi na kanuni za Kiswahili,Kufafanua sifa na dhima za viarudhi vya lugha ya Kiswahili katika utamkaji
2023-JSS015-Kidato V,Kumudu stadi za juu za Kiswahili,Kukuza uelewa wa misingi na kanuni za Kiswahili,Kufafanua vipashio vinavyojenga neno (mofu na alomofu)
2023-JSS015-Kidato V,Kumudu stadi za juu za Kiswahili,Kukuza uelewa wa misingi na kanuni za Kiswahili,Kuchambua vipashio vinavyojenga neno na dhima zake
2023-JSS015-Kidato V,Kumudu stadi za juu za Kiswahili,Kukuza uelewa wa misingi na kanuni za Kiswahili,"Kuchanganua sentensi changamani na ambatani kwa kutumia mikabala ya kidhima na kimuundo (kwa njia ya matawi, jedwali, mishale na maelezo)"
2023-JSS015-Kidato V,Kumudu stadi za juu za Kiswahili,Kukuza msamiati kutokana na mazungumzo na maandishi changamani,"Kubaini msamiati mpya kutoka katika mazungumzo changamani na kawaida katika miktadha anuai (mfano: taarifa ya habari, midahalo, na mazungumzo ya watu sokoni)"
2023-JSS015-Kidato V,Kumudu stadi za juu za Kiswahili,Kukuza msamiati kutokana na mazungumzo na maandishi changamani,Kubaini msamiati mpya kutoka katika matini andishi za kawaida
2023-JSS015-Kidato V,Kumudu stadi za juu za Kiswahili,Kukuza msamiati kutokana na mazungumzo na maandishi changamani,Kutumia msamiati mpya katika kuzungumza na kuandika matini za kawaida na changamani
2023-JSS015-Kidato V,Kumudu stadi za juu za Kiswahili,Kutumia msamiati na sarufi stahiki katika miktadha mbalimbali,"Kutumia kanuni za kipragmatiki katika lugha (mfano: mada, wahusika, na miktadha)"
2023-JSS015-Kidato V,Kumudu stadi za juu za Kiswahili,Kutumia msamiati na sarufi stahiki katika miktadha mbalimbali,Kueleza dhana ya utata (maana na aina)
2023-JSS015-Kidato V,Kumudu stadi za juu za Kiswahili,Kutumia msamiati na sarufi stahiki katika miktadha mbalimbali,Kufafanua sababu za utata katika lugha
2023-JSS015-Kidato V,Kumudu stadi za juu za Kiswahili,Kutumia msamiati na sarufi stahiki katika miktadha mbalimbali,Kuondoa utata katika lugha
2023-JSS015-Kidato V,Kuthamini Kiswahili kama lugha ya taifa,Kutambua chimbuko na asili ya Kiswahili,Kujadili nadharia kuhusu chimbuko na asili ya lugha ya Kiswahili
2023-JSS015-Kidato V,Kuthamini Kiswahili kama lugha ya taifa,Kutambua chimbuko na asili ya Kiswahili,Kuthibitisha Ubantu wa lugha ya Kiswahili kiisimu
2023-JSS015-Kidato V,Kuthamini Kiswahili kama lugha ya taifa,Kutambua chimbuko na asili ya Kiswahili,Kuthibitisha Ubantu wa lugha ya Kiswahili kihistoria
2023-JSS015-Kidato V,Kuthamini Kiswahili kama lugha ya taifa,Kutathmini kukua na kuenea kwa Kiswahili,Kujadili kukua na kuenea kwa Kiswahili katika nchi za Afrika Mashariki kabla ya uhuru
2023-JSS015-Kidato V,Kuthamini Kiswahili kama lugha ya taifa,Kutathmini kukua na kuenea kwa Kiswahili,Kujadili kukua na kuenea kwa Kiswahili katika nchi za Afrika Mashariki baada ya uhuru
2023-JSS015-Kidato V,Kuthamini Kiswahili kama lugha ya taifa,Kutathmini kukua na kuenea kwa Kiswahili,Kujadili kukua na kuenea kwa Kiswahili kutokana na maendeleo ya sayansi na teknolojia
2023-JSS015-Kidato V,Kuthamini Kiswahili kama lugha ya taifa,"Kutambua matumizi ya lugha ya kwanza, pili, rasmi na lugha ya taifa",Kufafanua dhana na matumizi ya lugha ya kwanza na lugha ya pili
2023-JSS015-Kidato V,Kuthamini Kiswahili kama lugha ya taifa,"Kutambua matumizi ya lugha ya kwanza, pili, rasmi na lugha ya taifa",Kufafanua dhana na matumizi ya lugha rasmi na lugha ya taifa
2023-JSS015-Kidato V,Kuthamini Kiswahili kama lugha ya taifa,"Kutambua matumizi ya lugha ya kwanza, pili, rasmi na lugha ya taifa",Kujadili dhana na sifa ya lugha ya kimataifa
2023-JSS015-Kidato V,Kuthamini Kiswahili kama lugha ya taifa,"Kutambua matumizi ya lugha ya kwanza, pili, rasmi na lugha ya taifa",Kujadili sifa za Kiswahili kama lugha ya kimataifa
2023-JSS015-Kidato V,Kuhariri kazi mbalimbali,Kumudu stadi za uhariri,Kubainisha kanuni za uhariri
2023-JSS015-Kidato V,Kuhariri kazi mbalimbali,Kumudu stadi za uhariri,Kufafanua vipengele vya lugha na maudhui vinavyozingatiwa katika uhariri
2023-JSS015-Kidato V,Kuhariri kazi mbalimbali,Kumudu stadi za uhariri,Kufafanua alama za uhariri
2023-JSS015-Kidato V,Kuhariri kazi mbalimbali,Kumudu stadi za uhariri,Kuhariri matini za kawaida
2023-JSS015-Kidato V,Kuhariri kazi mbalimbali,Kumudu stadi za uhariri,Kutathmini matini za kawaida zilizohaririwa na wengine
2023-JSS015-Kidato V,Kutafsiri na kukalimani kazi mbalimbali,Kutafsiri matini mbalimbali,Kufafanua mbinu za tafsiri
2023-JSS015-Kidato V,Kutafsiri na kukalimani kazi mbalimbali,Kutafsiri matini mbalimbali,Kutafsiri matini za kawaida kwa mbinu ya tafsiri sisisi
2023-JSS015-Kidato V,Kutafsiri na kukalimani kazi mbalimbali,Kutafsiri matini mbalimbali,Kutafsiri matini za kawaida kwa mbinu ya tafsiri ya kisemantiki
2023-JSS015-Kidato V,Kutafsiri na kukalimani kazi mbalimbali,Kutafsiri matini mbalimbali,Kutafsiri matini za kawaida kwa mbinu ya tafsiri ya kimawasiliano
2023-JSS015-Kidato V,Kutafsiri na kukalimani kazi mbalimbali,Kukalimani mazungumzo mbalimbali,Kufafanua stadi ya kusikiliza huku ukinukuu kumbukumbu muhimu
2023-JSS015-Kidato V,Kutafsiri na kukalimani kazi mbalimbali,Kukalimani mazungumzo mbalimbali,Kufafanua aina za ukalimani
2023-JSS015-Kidato V,Kutafsiri na kukalimani kazi mbalimbali,Kukalimani mazungumzo mbalimbali,Kunukuu kumbukumbu muhimu katika mazungumzo mbalimbali wakati wa kukalimani
2023-JSS015-Kidato V,Kutafsiri na kukalimani kazi mbalimbali,Kukalimani mazungumzo mbalimbali,"Kukalimani mazungumzo kwa ukalimani fuatizi, nong’onezi na kiungo"
2023-JSS015-Kidato V,Kuthamini kazi za fasihi,Kutambua nadharia ya fasihi,Kujadili mitazamo kuhusu dhana ya fasihi
2023-JSS015-Kidato V,Kuthamini kazi za fasihi,Kutambua nadharia ya fasihi,Kutathmini nadharia za chimbuko la fasihi
2023-JSS015-Kidato V,Kuthamini kazi za fasihi,Kutathmini maendeleo ya fasihi,Kujadili maendeleo ya fasihi kabla ya ujio wa wageni
2023-JSS015-Kidato V,Kuthamini kazi za fasihi,Kutathmini maendeleo ya fasihi,Kujadili maendeleo ya fasihi baada ya ujio wa wageni
2023-JSS015-Kidato V,Kuthamini kazi za fasihi,Kutathmini maendeleo ya fasihi,Kujadili maendeleo ya fasihi baada ya uhuru
2023-JSS015-Kidato V,Kuthamini kazi za fasihi,Kuhakiki kazi za fasihi,Kuhakiki fani na maudhui katika riwaya
2023-JSS015-Kidato V,Kuthamini kazi za fasihi,Kuhakiki kazi za fasihi,Kuhusianisha ujumbe unaopatikana katika riwaya na maisha ya kila siku
2023-JSS015-Kidato V,Kuthamini kazi za fasihi,Kuhakiki kazi za fasihi,Kuhakiki fani na maudhui katika tamthiliya
2023-JSS015-Kidato V,Kuthamini kazi za fasihi,Kuhakiki kazi za fasihi,Kuhusianisha ujumbe unaopatikana katika tamthiliya na maisha ya kila siku
2023-JSS015-Kidato V,Kuthamini kazi za fasihi,Kutunga kazi za fasihi,Kubaini mbinu za utungaji wa riwaya na tamthiliya
2023-JSS015-Kidato V,Kuthamini kazi za fasihi,Kutunga kazi za fasihi,Kutunga riwaya
2023-JSS015-Kidato V,Kuthamini kazi za fasihi,Kutunga kazi za fasihi,Kutunga tamthiliya
2023-JSS015-Kidato VI,Kumudu stadi za juu za Kiswahili,Kukuza uelewa wa misingi na kanuni za Kiswahili,Kueleza dhana ya maana na aina zake
2023-JSS015-Kidato VI,Kumudu stadi za juu za Kiswahili,Kukuza uelewa wa misingi na kanuni za Kiswahili,Kubaini maneno yenye maana za msingi na za ziada katika matini mbalimbali
2023-JSS015-Kidato VI,Kumudu stadi za juu za Kiswahili,Kukuza uelewa wa misingi na kanuni za Kiswahili,Kutumia maneno yenye maana za msingi na ziada katika miktadha mbalimbali
2023-JSS015-Kidato VI,Kumudu stadi za juu za Kiswahili,Kukuza uelewa wa misingi na kanuni za Kiswahili,"Kufafanua uhusiano wa kimaana wa maneno (mfano: antonimia, homonimia, sinonimia, na polisemia)"
2023-JSS015-Kidato VI,Kumudu stadi za juu za Kiswahili,Kukuza uelewa wa misingi na kanuni za Kiswahili,"Kutumia kamusi kubainisha maana za antonimia, homonimia, sinonimia na polisemia"
2023-JSS015-Kidato VI,Kumudu stadi za juu za Kiswahili,Kukuza msamiati kutokana na mazungumzo na maandishi changamani,"Kubaini msamiati mpya kutoka katika mazungumzo changamani ya kiufundi (mfano: matini ya kisheria, sayansi na teknolojia, kitaaluma, na sera)"
2023-JSS015-Kidato VI,Kumudu stadi za juu za Kiswahili,Kukuza msamiati kutokana na mazungumzo na maandishi changamani,"Kubaini msamiati mpya kutoka katika matini andishi changamani ya kiufundi (mfano: kisheria, sayansi na teknolojia, kitaaluma, na sera)"
2023-JSS015-Kidato VI,Kumudu stadi za juu za Kiswahili,Kukuza msamiati kutokana na mazungumzo na maandishi changamani,"Kuandika matini kuhusu fani mahususi kwa kutumia msamiati mpya (mfano: kemia, fizikia, fasihi)"
2023-JSS015-Kidato VI,Kumudu stadi za juu za Kiswahili,Kutumia msamiati na sarufi stahiki katika miktadha mbalimbali,Kusahihisha makosa ya kisarufi na kimantiki katika matumizi ya lugha
2023-JSS015-Kidato VI,Kumudu stadi za juu za Kiswahili,Kutumia msamiati na sarufi stahiki katika miktadha mbalimbali,Kutofautisha lugha ya staha na isiyo ya staha
2023-JSS015-Kidato VI,Kuthamini Kiswahili kama lugha ya taifa,Kutambua chimbuko na asili ya Kiswahili,Kufafanua dhana na aina za lahaja
2023-JSS015-Kidato VI,Kuthamini Kiswahili kama lugha ya taifa,Kutambua chimbuko na asili ya Kiswahili,Kujadili sababu za kuibuka kwa lahaja za Kiswahili
2023-JSS015-Kidato VI,Kuthamini Kiswahili kama lugha ya taifa,Kutambua chimbuko na asili ya Kiswahili,Kujadili dhana na mchakato wa usanifishaji wa Kiswahili
2023-JSS015-Kidato VI,Kuthamini Kiswahili kama lugha ya taifa,Kutambua chimbuko na asili ya Kiswahili,Kujadili umuhimu wa lahaja katika ukuzaji na usanifishaji wa Kiswahili
2023-JSS015-Kidato VI,Kuthamini Kiswahili kama lugha ya taifa,Kutathmini kukua na kuenea kwa Kiswahili,Kujadili kukua na kuenea kwa Kiswahili kutokana na muamko wa utangamano wa nchi za Afrika
2023-JSS015-Kidato VI,Kuthamini Kiswahili kama lugha ya taifa,Kutathmini kukua na kuenea kwa Kiswahili,Kutathimini kukua na kuenea kwa Kiswahili duniani
2023-JSS015-Kidato VI,Kuthamini Kiswahili kama lugha ya taifa,Kutathmini kukua na kuenea kwa Kiswahili,Kujadili fursa mbalimbali za lugha ya Kiswahili
2023-JSS015-Kidato VI,Kuhariri kazi mbalimbali,Kumudu stadi za uhariri,Kuhariri matini changamani anuai za kiufundi
2023-JSS015-Kidato VI,Kuhariri kazi mbalimbali,Kumudu stadi za uhariri,Kutathmini matini za kiufundi zilizohaririwa na wengine
2023-JSS015-Kidato VI,Kutafsiri na kukalimani kazi mbalimbali,Kutafsiri matini mbalimbali,"Kutafsiri matini za fani mahususi kwa mbinu ya kisemantiki na kimawasiliano (mfano: kifasihi, kisayansi, na kisheria)"
2023-JSS015-Kidato VI,Kutafsiri na kukalimani kazi mbalimbali,Kukalimani mazungumzo mbalimbali,Kukalimani mazungumzo kwa ukalimani sawia/sambamba
2023-JSS015-Kidato VI,Kutafsiri na kukalimani kazi mbalimbali,Kukalimani mazungumzo mbalimbali,Kubaini changamoto zinazojitokeza katika ukalimani sawia/sambamba
2023-JSS015-Kidato VI,Kutafsiri na kukalimani kazi mbalimbali,Kukalimani mazungumzo mbalimbali,Kutatua changamoto zinazojitokeza katika ukalimani sawia/sambamba
2023-JSS015-Kidato VI,Kutafsiri na kukalimani kazi mbalimbali,Kutathmini kazi mbalimbali za tafsiri,"Kueleza dhana ya kutathmini tafsiri (maana, sababu, umuhimu na matokeo)"
2023-JSS015-Kidato VI,Kutafsiri na kukalimani kazi mbalimbali,Kutathmini kazi mbalimbali za tafsiri,Kufafanua mbinu za kutathmini tafsiri
2023-JSS015-Kidato VI,Kutafsiri na kukalimani kazi mbalimbali,Kutathmini kazi mbalimbali za tafsiri,Kutathmini matini mbalimbali zilizotafsiriwa
2023-JSS015-Kidato VI,Kutafsiri na kukalimani kazi mbalimbali,Kutathmini ukalimani,"Kueleza dhana ya kutathmini ukalimani (maana, sababu, umuhimu, na matokeo ya tathmini)"
2023-JSS015-Kidato VI,Kutafsiri na kukalimani kazi mbalimbali,Kutathmini ukalimani,Kubaini mbinu za kutathmini ukalimani
2023-JSS015-Kidato VI,Kutafsiri na kukalimani kazi mbalimbali,Kutathmini ukalimani,Kutathmini ukalimani
2023-JSS015-Kidato VI,Kutafsiri na kukalimani kazi mbalimbali,Kutathmini ukalimani,Kubainisha fursa mbalimbali za ukalimani
2023-JSS015-Kidato VI,Kuthamini kazi za fasihi,Kutathmini maendeleo ya fasihi,Kujadili maendeleo ya fasihi katika kipindi cha utandawazi
2023-JSS015-Kidato VI,Kuthamini kazi za fasihi,Kutathmini maendeleo ya fasihi,Kujadili nafasi ya uhuru wa mwandishi na udhamini katika maendeleo ya fasihi
2023-JSS015-Kidato VI,Kuthamini kazi za fasihi,Kuhakiki kazi za fasihi,Kuhakiki fani na maudhui katika mashairi
2023-JSS015-Kidato VI,Kuthamini kazi za fasihi,Kuhakiki kazi za fasihi,Kuhusianisha ujumbe unaopatikana katika mashairi na maisha ya kila siku
2023-JSS015-Kidato VI,Kuthamini kazi za fasihi,Kuhakiki kazi za fasihi,Kusanifu matini mbalimbali za kisanaa
2023-JSS015-Kidato VI,Kuthamini kazi za fasihi,Kutunga kazi za fasihi,Kubaini mbinu za utungaji wa mashairi
2023-JSS015-Kidato VI,Kuthamini kazi za fasihi,Kutunga kazi za fasihi,Kutunga mashairi anuai
2023-JSS015-Kidato VI,Kuthamini kazi za fasihi,Kutunga kazi za fasihi,Kujadili fursa za utungaji wa kazi za fasihi
2023-JSS033-Kidato I,Master basic Chinese language skills,"Develop awareness of Chinese phonemes, initial, final, tone and characters",Listen to different Chinese words while paying attention to Correct tones
2023-JSS033-Kidato I,Master basic Chinese language skills,"Develop awareness of Chinese phonemes, initial, final, tone and characters",Participate in simple conversation while observing Correct tones
2023-JSS033-Kidato I,Master basic Chinese language skills,"Develop awareness of Chinese phonemes, initial, final, tone and characters",Read Chinese words in pinyin while observing Correct tones
2023-JSS033-Kidato I,Master basic Chinese language skills,"Develop awareness of Chinese phonemes, initial, final, tone and characters",Write Chinese words in pinyin while observing the correct tones
2023-JSS033-Kidato I,Master basic Chinese language skills,"Develop awareness of Chinese phonemes, initial, final, tone and characters",Write Chinese characters with 9-11 strokes
2023-JSS033-Kidato I,Master basic Chinese language skills,Master the correct Chinese vocabulary in various contexts,Write new words associated with the school environment
2023-JSS033-Kidato I,Master basic Chinese language skills,Master the correct Chinese vocabulary in various contexts,Construct simple oral sentences using new words associated with the school environment
2023-JSS033-Kidato I,Master basic Chinese language skills,Master the correct Chinese vocabulary in various contexts,Write simple sentences using new words associated with the school environment
2023-JSS033-Kidato I,Master basic Chinese language skills,Develop the use of appropriate grammar and vocabulary in conversation and writing,"Use directional noun such as in front of, and behind to express locations"
2023-JSS033-Kidato I,Master basic Chinese language skills,Develop the use of appropriate grammar and vocabulary in conversation and writing,"Use conjunctions such as and, and but to construct simple oral sentences"
2023-JSS033-Kidato I,Master basic Chinese language skills,Develop the use of appropriate grammar and vocabulary in conversation and writing,"Write simple sentences using conjunctions such as and, and but"
2023-JSS033-Kidato I,Demonstrate understanding of information in conversation and writing,Develop the ability to listen and understand information,Practice pronunciation of words from oral and audio/visual sources
2023-JSS033-Kidato I,Demonstrate understanding of information in conversation and writing,Develop the ability to listen and understand information,Listen and respond to simple instructions
2023-JSS033-Kidato I,Demonstrate understanding of information in conversation and writing,Develop the ability to listen and understand information,Listen and reproduce simple sentences
2023-JSS033-Kidato I,Demonstrate understanding of information in conversation and writing,Develop the ability to read and understand various texts,Read and respond to instructions presented in a simple text
2023-JSS033-Kidato I,Demonstrate understanding of information in conversation and writing,Develop the ability to read and understand various texts,Read a simple text and answer questions based on it
2023-JSS033-Kidato I,Demonstrate understanding of information in conversation and writing,Show the right response in various communicative contexts,Listen and respond to complex orders given in a school setting
2023-JSS033-Kidato I,Demonstrate understanding of information in conversation and writing,Show the right response in various communicative contexts,Participate in simple discussions on topics associated with the school environment
2023-JSS033-Kidato I,Demonstrate understanding of information in conversation and writing,Show the right response in various communicative contexts,Read and respond to complex orders given in a school setting
2023-JSS033-Kidato I,Demonstrate understanding of information in conversation and writing,Develop the ability to read correctly various texts,"Read different words with the required speed, correct tone and pronunciation"
2023-JSS033-Kidato I,Communicate effectively in a variety of contexts,Develop an understanding of the characteristics of spoken and written language,"Use appropriately the four tones, the neutral/zero tone and their changes in oral communication"
2023-JSS033-Kidato I,Communicate effectively in a variety of contexts,Develop an understanding of the characteristics of spoken and written language,"Use punctuation marks correctly in writing simple texts (full stop, comma, apostrophe, question mark, exclamation mark etc)"
2023-JSS033-Kidato I,Communicate effectively in a variety of contexts,Developing the ability to communicate orally,Participate in simple conversation (e.g. greetings)
2023-JSS033-Kidato II,Master basic Chinese language skills,"Develop awareness of Chinese phonemes, initial, final, tone and characters",Listen to different Chinese words and mark tones on their positions
2023-JSS033-Kidato II,Master basic Chinese language skills,"Develop awareness of Chinese phonemes, initial, final, tone and characters",Write the Chinese words while observing tone positions
2023-JSS033-Kidato II,Master basic Chinese language skills,"Develop awareness of Chinese phonemes, initial, final, tone and characters",Write Chinese characters with 12-13 strokes
2023-JSS033-Kidato II,Master basic Chinese language skills,Master the correct Chinese vocabulary in various contexts,Write new words associated with the home environment
2023-JSS033-Kidato II,Master basic Chinese language skills,Master the correct Chinese vocabulary in various contexts,Construct simple oral sentences using new words associated with the home environment
2023-JSS033-Kidato II,Master basic Chinese language skills,Master the correct Chinese vocabulary in various contexts,Write simple sentences using new words associated with the home environment
2023-JSS033-Kidato II,Master basic Chinese language skills,Develop the use of appropriate grammar and vocabulary in conversation and writing,"Use appropriate preposition such as at, on, in, to express locations"
2023-JSS033-Kidato II,Master basic Chinese language skills,Develop the use of appropriate grammar and vocabulary in conversation and writing,Participate in conversations about telling time
2023-JSS033-Kidato II,Master basic Chinese language skills,Develop the use of appropriate grammar and vocabulary in conversation and writing,Write simple sentences about telling time
2023-JSS033-Kidato II,Demonstrate understanding of information in conversation and writing,Develop the ability to listen and understand information,Listen to a presentation and answer questions based on it
2023-JSS033-Kidato II,Demonstrate understanding of information in conversation and writing,Develop the ability to listen and understand information,Listen to complex sentences and construct simple sentences using new words derived from them
2023-JSS033-Kidato II,Demonstrate understanding of information in conversation and writing,Develop the ability to listen and understand information,Listen and reproduce complex sentences
2023-JSS033-Kidato II,Demonstrate understanding of information in conversation and writing,Develop the ability to read and understand various texts,Identify new words used in a simple written text
2023-JSS033-Kidato II,Demonstrate understanding of information in conversation and writing,Develop the ability to read and understand various texts,Sequence the events in a story in a logical order
2023-JSS033-Kidato II,Demonstrate understanding of information in conversation and writing,Show the right response in various communicative contexts,Listen and respond to complex orders given in a home setting
2023-JSS033-Kidato II,Demonstrate understanding of information in conversation and writing,Show the right response in various communicative contexts,Read and respond to complex orders given in a home setting
2023-JSS033-Kidato II,Demonstrate understanding of information in conversation and writing,Develop the ability to read correctly various texts,"Read accurately simple sentences using standard speed, correct tone, pronunciation and punctuation marks"
2023-JSS033-Kidato II,Communicate effectively in a variety of contexts,Develop the ability to communicate orally,Pronounce different phrases in various contexts
2023-JSS033-Kidato II,Communicate effectively in a variety of contexts,Develop the ability to communicate orally,Participate in a simple conversation (e.g. asking for permission)
2023-JSS033-Kidato II,Communicate effectively in a variety of contexts,Developing the ability to communicate accurately in writing in various contexts,"Communicate in chat groups using social media such as WeChat, Telegram and WhatsApp by using short messages"
2023-JSS033-Kidato III,Master basic Chinese language skills,"Develop awareness of Chinese phonemes, initial, final, tone and characters",Listen to Chinese words in pinyin while observing appropriate sequencing of tones
2023-JSS033-Kidato III,Master basic Chinese language skills,"Develop awareness of Chinese phonemes, initial, final, tone and characters",Participate in a conversation while observing appropriate sequencing of tones
2023-JSS033-Kidato III,Master basic Chinese language skills,"Develop awareness of Chinese phonemes, initial, final, tone and characters",Write Chinese characters with 14-15 strokes
2023-JSS033-Kidato III,Master basic Chinese language skills,Master the correct Chinese vocabulary in various contexts,Write new words associated with the market environment
2023-JSS033-Kidato III,Master basic Chinese language skills,Master the correct Chinese vocabulary in various contexts,Construct simple oral sentences using new words associated with the market environment
2023-JSS033-Kidato III,Master basic Chinese language skills,Master the correct Chinese vocabulary in various contexts,Write simple sentences using new words associated with the market environment
2023-JSS033-Kidato III,Master basic Chinese language skills,Develop the use of appropriate grammar and vocabulary in conversation and writing,Listen and respond to simple sentences
2023-JSS033-Kidato III,Master basic Chinese language skills,Develop the use of appropriate grammar and vocabulary in conversation and writing,Use different words to construct simple oral sentences
2023-JSS033-Kidato III,Master basic Chinese language skills,Develop the use of appropriate grammar and vocabulary in conversation and writing,Write simple sentences using different words
2023-JSS033-Kidato III,Demonstrate understanding of information in conversation and writing,Develop the ability to listen and understand information,Participate in a simple conversation in different communicative settings
2023-JSS033-Kidato III,Demonstrate understanding of information in conversation and writing,Develop the ability to listen and understand information,Listen to a simple text and identify new words used in it
2023-JSS033-Kidato III,Demonstrate understanding of information in conversation and writing,Develop the ability to read and understand various texts,Read a simple text and summarise the main ideas from it
2023-JSS033-Kidato III,Demonstrate understanding of information in conversation and writing,Develop the ability to read and understand various texts,Read a simple story and re-tell it using own words
2023-JSS033-Kidato III,Demonstrate understanding of information in conversation and writing,Show the right response in various communicative contexts,Listen and respond to complex orders in a market setting
2023-JSS033-Kidato III,Demonstrate understanding of information in conversation and writing,Show the right response in various communicative contexts,Read different posters in the market and react accordingly
2023-JSS033-Kidato III,Demonstrate understanding of information in conversation and writing,Develop the ability to read correctly various texts,"Read accurately complex sentences using standard speed, correct tone, pronunciation and punctuation marks"
2023-JSS033-Kidato III,Communicate effectively in a variety of contexts,Develop the ability to communicate orally,Read aloud simple sentences in various contexts
2023-JSS033-Kidato III,Communicate effectively in a variety of contexts,Develop the ability to communicate orally,Participate in a conversation about family relationships and occupations
2023-JSS033-Kidato III,Communicate effectively in a variety of contexts,Develop the ability to communicate accurately in writing in various contexts,Write simple guided paragraphs using appropriate punctuation marks
2023-JSS033-Kidato III,"Translate, and interpret simple information",Provide simple and accurate translation,Translate complex sentences
2023-JSS033-Kidato III,"Translate, and interpret simple information",Provide simple and accurate translation,Translate simple texts
2023-JSS033-Kidato III,"Translate, and interpret simple information",Provide simple and accurate translation,Translate simple sentences
2023-JSS033-Kidato IV,Master basic Chinese language skills,"Develop awareness of Chinese phonemes, initial, final, tone and characters",Read Chinese words in pinyin while observing appropriate sequencing of tones
2023-JSS033-Kidato IV,Master basic Chinese language skills,"Develop awareness of Chinese phonemes, initial, final, tone and characters",Write Chinese words in pinyin while observing appropriate sequencing of tones
2023-JSS033-Kidato IV,Master basic Chinese language skills,"Develop awareness of Chinese phonemes, initial, final, tone and characters",Write Chinese characters with 16-17 strokes
2023-JSS033-Kidato IV,Master basic Chinese language skills,Master the correct Chinese vocabulary in various contexts,Write new words associated with the hospital environment
2023-JSS033-Kidato IV,Master basic Chinese language skills,Master the correct Chinese vocabulary in various contexts,Construct simple oral sentences using new words associated with the hospital environment
2023-JSS033-Kidato IV,Master basic Chinese language skills,Master the correct Chinese vocabulary in various contexts,Write simple sentences using new words associated with the hospital environment
2023-JSS033-Kidato IV,Master basic Chinese language skills,Develop the use of appropriate grammar and vocabulary in conversation and writing,Listen and respond to complex sentences
2023-JSS033-Kidato IV,Master basic Chinese language skills,Develop the use of appropriate grammar and vocabulary in conversation and writing,Use different words to construct complex oral sentences
2023-JSS033-Kidato IV,Master basic Chinese language skills,Develop the use of appropriate grammar and vocabulary in conversation and writing,Write complex sentences using different words
2023-JSS033-Kidato IV,Demonstrate understanding of information in conversation and writing,Develop the ability to listen and understand information,Identify the main ideas from a brief oral presentation
2023-JSS033-Kidato IV,Demonstrate understanding of information in conversation and writing,Develop the ability to listen and understand information,Listen to a presentation and paraphrase its content
2023-JSS033-Kidato IV,Demonstrate understanding of information in conversation and writing,Develop the ability to listen and understand information,Listen to a presentation and write a summary of its content
2023-JSS033-Kidato IV,Demonstrate understanding of information in conversation and writing,Develop the ability to read and understand various texts,Read a simple text and identify the intended message
2023-JSS033-Kidato IV,Demonstrate understanding of information in conversation and writing,Develop the ability to read and understand various texts,Read a simple text and write a summary of its content
2023-JSS033-Kidato IV,Demonstrate understanding of information in conversation and writing,Show the right response in various communicative contexts,Listen and respond to complex orders in a hospital setting
2023-JSS033-Kidato IV,Demonstrate understanding of information in conversation and writing,Show the right response in various communicative contexts,Read different directions given in a hospital and react accordingly
2023-JSS033-Kidato IV,Demonstrate understanding of information in conversation and writing,Develop the ability to read correctly various texts,"Read accurately a simple text using standard speed, correct tone, pronunciation and punctuation marks"
2023-JSS033-Kidato IV,Communicate effectively in a variety of contexts,Develop the ability to communicate orally,Read aloud complex sentences in various contexts
2023-JSS033-Kidato IV,Communicate effectively in a variety of contexts,Develop the ability to communicate orally,"Respond to compliments, apologies, wishes and sympathy messages in different contexts"
2023-JSS033-Kidato IV,Communicate effectively in a variety of contexts,Develop the ability to communicate accurately in writing in various contexts,Write short stories and conversations on familiar topics using appropriate punctuation marks
2023-JSS033-Kidato IV,"Translate, and interpret simple information",Provide simple and accurate translation of spoken and written language,Translate complex sentences
2023-JSS033-Kidato IV,"Translate, and interpret simple information",Provide simple and accurate translation of spoken and written language,Translate simple texts
2023-JSS033-Kidato IV,"Translate, and interpret simple information",Provide simple and correct interpretation,Interpret simple sentences
2023-JSS033-Kidato IV,"Translate, and interpret simple information",Provide simple and correct interpretation,Interpret complex sentences
2023-JSS033-Kidato IV,"Translate, and interpret simple information",Provide simple and correct interpretation,Interpret simple conversations
2023-JSS019-Kidato V,Demonstrate mastery of the history of Pan-Africanism,Demonstrate an understanding of the concept of Pan-Africanism and its origins in the 15th Century,"Examine the concept of Pan-Africanism (meaning, objectives and importance)"
2023-JSS019-Kidato V,Demonstrate mastery of the history of Pan-Africanism,Demonstrate an understanding of the concept of Pan-Africanism and its origins in the 15th Century,Explain the origins of Pan-Africanism in the 15th Century (Trans-Atlantic Slave Trade and people of African origin in the New World)
2023-JSS019-Kidato V,Demonstrate mastery of the history of Pan-Africanism,Demonstrate an understanding of the development of Pan-Africanism from the 16th to 19th Century,"Discuss the development of Pan-Africanism from the 16th to 19th Century (slavery and colonial systems in the New World, Back to Africa Movement and Black Solidarity)"
2023-JSS019-Kidato V,Demonstrate mastery of the history of Pan-Africanism,Demonstrate an understanding of the history of Pan-Africanism during colonial time and during the struggle against colonialism from 1900 to 1960,Examine the development of Pan-Africanism during the first half of the 20th Century
2023-JSS019-Kidato V,Demonstrate mastery of the history of Pan-Africanism,Demonstrate an understanding of the history of Pan-Africanism during colonial time and during the struggle against colonialism from 1900 to 1960,Discuss the contribution of Pan-Africanism to anti-colonial struggles in Africa (conferences and their resolutions)
2023-JSS019-Kidato V,Demonstrate mastery of the history of Pan-Africanism,Demonstrate an understanding of the history of Pan-Africanism since 1960,"Analyse the development of Pan-Africanism since 1960s (African unity, struggles against neo-colonialism, Apartheid and globalization)"
2023-JSS019-Kidato V,Demonstrate mastery of the history of the industrial revolution,Demonstrate an understanding of the history of industrialisation in different nations during the 18th and 19th Centuries,"Explain the concept of industrial revolution (meaning, processes and characteristics)"
2023-JSS019-Kidato V,Demonstrate mastery of the history of the industrial revolution,Demonstrate an understanding of the history of industrialisation in different nations during the 18th and 19th Centuries,"Compare the Industrial Revolution of Britain with the revolutions in Belgium, France, Germany, USA and Japan"
2023-JSS019-Kidato V,Demonstrate mastery of the history of the industrial revolution,Demonstrate an understanding of the history of industrialisation in different nations during the 18th and 19th Centuries,Discuss the impacts of the 18th and 19th Centuries industrial revolutions on the world
2023-JSS019-Kidato V,Demonstrate mastery of the history of the industrial revolution,Demonstrate an understanding of the history of industrialisation in different nations from the 20th Century to the present,Discuss the rise of industrial revolutions of the 20th Century and their impacts on the world (industrial revolutions in Asia and Latin America)
2023-JSS019-Kidato V,Demonstrate mastery of the history of the industrial revolution,Demonstrate an understanding of the history of industrialisation in different nations from the 20th Century to the present,Discuss the changes and continuities between the industrial revolutions of the 18th and 19th Centuries and those of the 20th Century
2023-JSS019-Kidato V,Demonstrate mastery of the history of the industrial revolution,Demonstrate an understanding of the history of industrialisation in different nations from the 20th Century to the present,Discuss the nature and character of the Fourth Industrial Revolution evolving in the 21st Century
2023-JSS019-Kidato V,Demonstrate mastery of the history of the industrial revolution,Demonstrate an understanding of the history of industrialisation in different nations from the 20th Century to the present,"Discuss the impacts of the Fourth Industrial Revolution on global changes in socio-economic and political patterns (digital technology, smart economy, e-government, e-commerce) development patterns"
2023-JSS019-Kidato V,Demonstrate mastery of the history of the industrial revolution,Demonstrate an understanding of the history of industrialisation in Africa,Discuss the nature and character of industrial development in Africa from the 1960s to the present
2023-JSS019-Kidato V,Demonstrate mastery of the history of the industrial revolution,Demonstrate an understanding of the history of industrialisation in Africa,"Examine lessons learnt from the industrial revolutions of the 19th, 20th and 21st Centuries which can be applied to bring about industrial development in Africa"
2023-JSS019-Kidato V,Demonstrate mastery of the history of administrative systems in the world,Demonstrate an understanding of the origins of administrative systems in the ancient world,Discuss the concepts of administration and administrative systems
2023-JSS019-Kidato V,Demonstrate mastery of the history of administrative systems in the world,Demonstrate an understanding of the origins of administrative systems in the ancient world,"Examine indigenous concepts and practices of administration and administrative systems in different global contexts (pre-colonial Africa, Ancient Europe, South America, Asia and the Middle East)"
2023-JSS019-Kidato V,Demonstrate mastery of the history of administrative systems in the world,Demonstrate an understanding of the contribution of religion to the establishment of modern administrative systems,Discuss the conceptual relationship between religion and administration
2023-JSS019-Kidato V,Demonstrate mastery of the history of administrative systems in the world,Demonstrate an understanding of the contribution of religion to the establishment of modern administrative systems,"Discuss the extent to which religious principles led to changes in administrative systems in the world from the Middle Ages to the 18th Century (indigenous religions in different global contexts, Christianity, Islam, Buddhism, Confucianism, Shintoism Judaism, and African religions)"
2023-JSS019-Kidato V,Demonstrate mastery of the history of administrative systems in the world,Demonstrate an understanding of the contribution of religion to the establishment of modern administrative systems,Examine the transition from religious-based to secular administrative systems from the 15th to 19th Century
2023-JSS019-Kidato V,Demonstrate mastery of the history of administrative systems in the world,"Demonstrate an understanding of the contribution of slavery and feudalism to changes in the administrative systems in Western Europe, Asia and Africa",Examine slavery and feudalism as forms of socio-economic and political organisations
2023-JSS019-Kidato V,Demonstrate mastery of the history of administrative systems in the world,"Demonstrate an understanding of the contribution of slavery and feudalism to changes in the administrative systems in Western Europe, Asia and Africa","Assess the influence of slavery and feudalism on the development of new administrative systems in Western Europe, Asia and Africa up to the 19th Century"
2023-JSS019-Kidato V,Demonstrate mastery of the history of administrative systems in the world,Demonstrate an understanding of the contribution of political revolutions in Europe to the growth of current administrative systems,Discuss lessons learnt from European political revolutions on the rise of new administrative systems in the world (English and French revolutions)
2023-JSS019-Kidato V,Demonstrate mastery of the history of administrative systems in the world,Demonstrate an understanding of the contribution of political revolutions in Europe to the growth of current administrative systems,Examine the influence of the rise of capitalism on political revolutions and socio-economic and administrative changes up to the 19th Century
2023-JSS019-Kidato V,Demonstrate mastery of the history of administrative systems in the world,Demonstrate an understanding of the influence of the capitalist crises to the emergence of alternative ideologies and systems of governance in the 20th Century,Examine the contribution of crises in capitalism to the development of new reactionary and revolutionary systems in the 20th Century (Socialism and Fascism)
2023-JSS019-Kidato V,Demonstrate mastery of the history of administrative systems in the world,Demonstrate an understanding of the influence of the capitalist crises to the emergence of alternative ideologies and systems of governance in the 20th Century,"Assess the impacts of new reactionary and revolutionary systems of the 20th Century on development of new ideologies in the world (Apartheid, Zionism)"
2023-JSS019-Kidato V,Demonstrate mastery of the history of administrative systems in the world,Demonstrate an understanding of the administrative systems built in post-colonial Africa,Examine the changing nature and character of administrative systems which developed in Africa from the 1960s to the present
2023-JSS019-Kidato V,Conduct a project in History,Conduct a project in History,Design and carry out a project in any area of your competence
2023-JSS019-Kidato VI,Demonstrate mastery of the history of threats to world peace,Demonstrate an understanding of the history of the great wars of the 17th to 19th Century,Explain the concept of threats to world peace and security (meaning and features)
2023-JSS019-Kidato VI,Demonstrate mastery of the history of threats to world peace,Demonstrate an understanding of the history of the great wars of the 17th to 19th Century,"Analyse the great wars fought from the 17th to the 19th Century and their impacts on world peace and security (30 Years War, Napoleonic war, and Franco-Prussian war)"
2023-JSS019-Kidato VI,Demonstrate mastery of the history of threats to world peace,Demonstrate an understanding of the history of the great wars of the 17th to 19th Century,"Discuss the ways in which great wars fought from the 17th to the 19th Century generated new ideas on world peace and security (Westphalia Treaty, sovereignty, balance of power and military alliances)"
2023-JSS019-Kidato VI,Demonstrate mastery of the history of threats to world peace,Demonstrate an understanding of the history of conflicts and wars of the 20th Century,"Examine the contributions of world wars and tensions in undermining world peace and security from the late 19th Century to 1940s (Colonial rivalries, First World War, Manchuria crisis and Second World War)"
2023-JSS019-Kidato VI,Demonstrate mastery of the history of threats to world peace,Demonstrate an understanding of the history of conflicts and wars of the 20th Century,"Discuss changing efforts pursued to overcome threats to world peace from the late 19th Century to the 1940s (Berlin Conference, Versailles Peace Treaty, the League of Nations, and the United Nations)"
2023-JSS019-Kidato VI,Demonstrate mastery of the history of threats to world peace,Demonstrate an understanding of the history of conflicts and wars of the 20th Century,Examine the extent to which cold war politics and the arms race threatened world peace and security from the 1940s to the 1990s
2023-JSS019-Kidato VI,Demonstrate mastery of the history of threats to world peace,Demonstrate an understanding of the history of conflicts and wars of the 20th Century,"Examine the efforts made to overcome threats to world peace caused by cold war politics and the arms race (Nuclear Proliferation Treaties SALT I, SALT II, Camp David Peace Accord 1979 and Oslo Accord 1993)"
2023-JSS019-Kidato VI,Demonstrate mastery of the history of threats to world peace,Demonstrate an understanding of new threats to world peace and security,"Examine the rise of new threats to world peace and security (terrorism and asymmetric war, cyber security, radicalism)"
2023-JSS019-Kidato VI,Demonstrate mastery of the history of threats to world peace,Demonstrate an understanding of new threats to world peace and security,"Discuss the differences between traditional and new threats to world peace and security (nature, character and pattern)"
2023-JSS019-Kidato VI,Demonstrate mastery of the history of threats to world peace,Demonstrate an understanding of new threats to world peace and security,Discuss strategies to overcome new threats to world peace and security
2023-JSS019-Kidato VI,Demonstrate mastery of the history of threats to world peace,Demonstrate an understanding of the threats to world peace resulting from civil and ethnic wars,"Examine the nature and character of ethnic and civil wars and the threats they pose on world peace and security (Kosovo conflict, Rwanda and Burundi Civil Wars, Somalia, Central Africa Republic, Mali, Rohingya, Cambodia, Yemen, the Palestinian-Israel conflict)"
2023-JSS019-Kidato VI,Demonstrate mastery of the history of threats to world peace,Demonstrate an understanding of the threats to world peace resulting from civil and ethnic wars,Examine the extent to which ethnic and civil wars are connected to the global industrial-military complex
2023-JSS019-Kidato VI,Demonstrate mastery of the history of threats to world peace,Demonstrate an understanding of the threats to world peace resulting from civil and ethnic wars,Discuss peace building strategies in countries affected by ethnic and civil wars
2023-JSS019-Kidato VI,Demonstrate mastery of the history of development in Africa,Demonstrate an understanding of the history of development in post-colonial Africa,Explain the concept of development in post-colonial Africa (meaning and indicators)
2023-JSS019-Kidato VI,Demonstrate mastery of the history of development in Africa,Demonstrate an understanding of the history of development in post-colonial Africa,"Appraise political, economic, and social developments in different regions of Africa from the 1960 to present (Eastern, Western, Southern and Northern Africa)"
2023-JSS019-Kidato VI,Demonstrate mastery of the history of development in Africa,Demonstrate an understanding of the history of development in post-colonial Africa,"Discuss the internal and external factors hindering political, social, technological and economic development in Africa from the 1960s to the present"
2023-JSS019-Kidato VI,Conduct a project in History,Conduct a project in History,Complete and submit for assessment the project initiated in Form Five
2023-JSS044-Kidato V,"Demonstrate mastery of basic concepts, theories and principles in Economics","Demonstrate an understanding of the concepts, theories and principles used in Economics","Describe the concept and scope of economics (meaning and origin, importance, its relationship with other subjects, basic terminologies, branches, the central economic problem and fundamental economic questions)"
2023-JSS044-Kidato V,"Demonstrate mastery of basic concepts, theories and principles in Economics","Demonstrate an understanding of the concepts, theories and principles used in Economics","Describe economic systems (forms, features, advantages and disadvantages)"
2023-JSS044-Kidato V,"Demonstrate mastery of basic concepts, theories and principles in Economics","Demonstrate an understanding of the concepts, theories and principles used in Economics","Explore the basic tenets of microeconomics (meaning, scope and goals)"
2023-JSS044-Kidato V,"Demonstrate mastery of basic concepts, theories and principles in Economics","Demonstrate an understanding of the concepts, theories and principles used in Economics","Describe the price theory (demand, supply, market equilibrium and elasticity)"
2023-JSS044-Kidato V,"Demonstrate mastery of basic concepts, theories and principles in Economics","Demonstrate an understanding of the concepts, theories and principles used in Economics","Describe the theories of production and costs (factors of production, production function, objectives and profit of firms, scale and costs of production and revenue)"
2023-JSS044-Kidato V,"Demonstrate mastery of basic concepts, theories and principles in Economics","Demonstrate an understanding of the concepts, theories and principles used in Economics","Describe the concept of the market (meaning, types and structures)"
2023-JSS044-Kidato V,"Demonstrate mastery of basic concepts, theories and principles in Economics",Demonstrate mastery of economic analysis,Examine the influence of the economic system on resource allocation and distribution
2023-JSS044-Kidato V,"Demonstrate mastery of basic concepts, theories and principles in Economics",Demonstrate mastery of economic analysis,Use the price theory to explain the effects of pricing on consumer behaviour and business profits
2023-JSS044-Kidato V,"Demonstrate mastery of basic concepts, theories and principles in Economics",Demonstrate mastery of economic analysis,"Apply production, cost and market theories to make decisions on price and output"
2023-JSS044-Kidato V,Conduct a project in Economics,Design and carry out a project in Economics,Design and execute a research project on an appropriate economic problem
2023-JSS044-Kidato VI,"Demonstrate mastery of basic concepts, theories and principles in Economics","Demonstrate an understanding of the concepts, theories and principles used in Economics","Explore the basic tenets of macroeconomics (meaning, scope and goals)"
2023-JSS044-Kidato VI,"Demonstrate mastery of basic concepts, theories and principles in Economics","Demonstrate an understanding of the concepts, theories and principles used in Economics","Describe national income (key terms, approaches of measuring, determinants, importance, effect on standard of living and determination of equilibrium)"
2023-JSS044-Kidato VI,"Demonstrate mastery of basic concepts, theories and principles in Economics","Demonstrate an understanding of the concepts, theories and principles used in Economics","Describe unemployment (key terms, forms, causes, effects and control measures)"
2023-JSS044-Kidato VI,"Demonstrate mastery of basic concepts, theories and principles in Economics","Demonstrate an understanding of the concepts, theories and principles used in Economics","Describe money (key terms, the evolution of money, functions and monetary policies)"
2023-JSS044-Kidato VI,"Demonstrate mastery of basic concepts, theories and principles in Economics","Demonstrate an understanding of the concepts, theories and principles used in Economics","Describe inflation (meaning, types, causes, effects and control measures)"
2023-JSS044-Kidato VI,"Demonstrate mastery of basic concepts, theories and principles in Economics","Demonstrate an understanding of the concepts, theories and principles used in Economics","Describe public finance (key terms, government revenue and expenditure, public debt and fiscal policy)"
2023-JSS044-Kidato VI,"Demonstrate mastery of basic concepts, theories and principles in Economics","Demonstrate an understanding of the concepts, theories and principles used in Economics","Describe international trade (meaning, advantages, disadvantages, terms of trade, balance of payments, absolute and comparative advantage and protectionism)"
2023-JSS044-Kidato VI,"Demonstrate mastery of basic concepts, theories and principles in Economics",Demonstrate mastery of economic analysis,Apply macroeconomic theories to explain the state of national and international economies
2023-JSS044-Kidato VI,"Demonstrate mastery of basic concepts, theories and principles in Economics",Demonstrate mastery of economic analysis,Apply macroeconomic theories to explain the levels of socio-economic development of nations
2023-JSS044-Kidato VI,Conduct a project in Economics,Design and carry out a project in Economics,Complete and submit a report of the project developed in Form Five
2023-JSS020-Kidato V,"Demonstrate mastery of advanced concepts, theories and principles in Biology","Demonstrate an advanced understanding of concepts, theories and principles in Biology","Describe the concept of the cell (cell theory, organelles and biological molecules)"
2023-JSS020-Kidato V,"Demonstrate mastery of advanced concepts, theories and principles in Biology","Demonstrate an advanced understanding of concepts, theories and principles in Biology",Explain the physiology of photosynthesis (mechanism of light reaction and dark reaction in C3 and C4 plants)
2023-JSS020-Kidato V,"Demonstrate mastery of advanced concepts, theories and principles in Biology","Demonstrate an advanced understanding of concepts, theories and principles in Biology",Describe the structure of epithelial tissues in relation to its digestive role
2023-JSS020-Kidato V,"Demonstrate mastery of advanced concepts, theories and principles in Biology","Demonstrate an advanced understanding of concepts, theories and principles in Biology","Describe the physiology of gaseous exchange and respiration in mammals (transportation of gases, aerobic and anaerobic respiration mechanisms)"
2023-JSS020-Kidato V,"Demonstrate mastery of advanced concepts, theories and principles in Biology","Demonstrate an advanced understanding of concepts, theories and principles in Biology",Explain the concept of gaseous exchange in plants (mechanism and theories of stomata opening and closing)
2023-JSS020-Kidato V,"Demonstrate mastery of advanced concepts, theories and principles in Biology","Demonstrate an advanced understanding of concepts, theories and principles in Biology","Describe the physiology of coordination (mechanism of transmission of nerve impulse, seeing, hearing and body balance)"
2023-JSS020-Kidato V,"Demonstrate mastery of advanced concepts, theories and principles in Biology","Demonstrate an advanced understanding of concepts, theories and principles in Biology",Describe the application or role of synthetic phytohormones
2023-JSS020-Kidato V,"Demonstrate mastery of advanced concepts, theories and principles in Biology","Demonstrate an advanced understanding of concepts, theories and principles in Biology","Explain the concept of regulation in mammals (feedback mechanisms, urine formation and osmoregulation)"
2023-JSS020-Kidato V,Demonstrate mastery of taxonomic terminologies,Demonstrate an understanding of the principles of binomial nomenclature and classification,Explain classification systems and taxonomic rank
2023-JSS020-Kidato V,Demonstrate mastery of taxonomic terminologies,Demonstrate an understanding of the principles of binomial nomenclature and classification,"Describe principles of binomial nomenclature (rules of scientific naming, taxonomic and taxonomic hierarchy)"
2023-JSS020-Kidato V,Demonstrate mastery of taxonomic terminologies,Demonstrate an understanding of the principles of binomial nomenclature and classification,"Apply knowledge on binomial nomenclature in different fields (forestry, medicine and agriculture)"
2023-JSS020-Kidato V,Demonstrate mastery of taxonomic terminologies,Demonstrate an understanding of the principles of binomial nomenclature and classification,"Describe the distinctive characteristics of kingdoms, phyla/ divisions and class (Monera, Protoctista, Fungi, Plantae, and Animalia)"
2023-JSS020-Kidato V,Conduct biological investigations,Demonstrate mastery of advanced skills for conducting biological investigations,"Apply skills used in biological investigation (observation, measurement, data collection, and report writing skills)"
2023-JSS020-Kidato V,Conduct biological investigations,Demonstrate mastery of advanced skills for conducting biological investigations,Plan and execute in an independent biological investigation
2023-JSS020-Kidato V,Conduct biological investigations,Perform investigations on the anatomy and physiology of living organisms,"Design and carry out anatomical and physiological investigations related to digestive and excretory systems, photosynthesis, and gas exchange in living organisms"
2023-JSS020-Kidato V,Conduct a project in Biology,Conduct a project in Biology,Design and carry out a project in Biology
2023-JSS020-Kidato VI,"Demonstrate mastery of advanced concepts, theories and principles in Biology","Demonstrate an advanced understanding of concepts, theories and principles in Biology",Explain the physiology and theories underlying transportation of materials in plants
2023-JSS020-Kidato VI,"Demonstrate mastery of advanced concepts, theories and principles in Biology","Demonstrate an advanced understanding of concepts, theories and principles in Biology","Describe the mechanism of blood circulation in vertebrates (single, double and maternal-foetal circulation)"
2023-JSS020-Kidato VI,"Demonstrate mastery of advanced concepts, theories and principles in Biology","Demonstrate an advanced understanding of concepts, theories and principles in Biology","Explain growth process in plants (cell cycle, growth patterns, seed dormancy and viability, and primary and secondary growth)"
2023-JSS020-Kidato VI,"Demonstrate mastery of advanced concepts, theories and principles in Biology","Demonstrate an advanced understanding of concepts, theories and principles in Biology",Explain growth process in animals (growth patterns and metamorphosis)
2023-JSS020-Kidato VI,"Demonstrate mastery of advanced concepts, theories and principles in Biology","Demonstrate an advanced understanding of concepts, theories and principles in Biology","Describe the mechanism of reproduction in plants (gametogenesis, fertilisation, and life cycles of selected plants)"
2023-JSS020-Kidato VI,"Demonstrate mastery of advanced concepts, theories and principles in Biology","Demonstrate an advanced understanding of concepts, theories and principles in Biology","Describe the mechanism of reproduction in animals (gametogenesis, fertilisation and hormonal control of menstrual cycle, oestrus cycle and pregnancy)"
2023-JSS020-Kidato VI,"Demonstrate mastery of advanced concepts, theories and principles in Biology","Demonstrate an advanced understanding of concepts, theories and principles in Biology","Describe principles of inheritance in living organisms (hereditary materials, DNA replication, protein synthesis and dihybrid inheritance)"
2023-JSS020-Kidato VI,"Demonstrate mastery of advanced concepts, theories and principles in Biology","Demonstrate an advanced understanding of concepts, theories and principles in Biology","Describe theories and mechanism underlying evolution (theories of origin of life, organic evolution theory, evidence of evolution, and speciation)"
2023-JSS020-Kidato VI,"Demonstrate mastery of advanced concepts, theories and principles in Biology","Demonstrate an advanced understanding of concepts, theories and principles in Biology","Explain the concept of ecology (methods of studying, biodiversity, ecological succession, and conservation methods)"
2023-JSS020-Kidato VI,Conduct biological investigations,Demonstrate mastery of advanced skills for conducting biological investigations,Prepare and present a report based on the findings
2023-JSS020-Kidato VI,Conduct biological investigations,Perform investigations on the anatomy and physiology of living organisms,"Design and carry out anatomical and physiological investigations related to transportation in plants and animals, growth in plants and reproductive system"
2023-JSS020-Kidato VI,Conduct a project in Biology,Conduct a project in Biology,Complete and submit for assessment a scientific report of the project started in Form Five
2023-JSS031-Kidato I,"Kumtambua, kumpenda, kumtukuza na kumsifu Allaah (S.W)",Kutambua uwepo wa Allaah (S.W) na sifa zake,"Kufafanua ufahamu wa Elimu kwa mtazamo wa Uislamu. (Maana, lengo, chanzo na umuhimu wa elimu, sifa za mtu aliyeelimika, mgawanyo wa Elimu, umuhimu wa somo la Elimu ya Dini ya Kiislamu, uhusiano wa somo la Elimu ya Dini ya Kiislamu na masomo mengine)"
2023-JSS031-Kidato I,"Kumtambua, kumpenda, kumtukuza na kumsifu Allaah (S.W)",Kutambua uwepo wa Allaah (S.W) na sifa zake,"Kuchambua ufahamu wa dini kwa mujibu wa Qur’an na Sunnah. (Maana ya dini, aina za dini)"
2023-JSS031-Kidato I,"Kumtambua, kumpenda, kumtukuza na kumsifu Allaah (S.W)",Kutambua uwepo wa Allaah (S.W) na sifa zake,"Kuchambua ufahamu wa Imani kwa mujibu wa Qur’an na Sunnah. (Maana, nguzo za Imani na nguzo ya ihsani, sifa za muumini wa kweli katika aya za Quran; (49:15), (8:2 – 4), (2:2 – 5), (23:1-11))"
2023-JSS031-Kidato I,"Kumtambua, kumpenda, kumtukuza na kumsifu Allaah (S.W)",Kutambua uwepo wa Allaah (S.W) na sifa zake,"Kufafanua ufahamu wa Tawhiid na shirki. (Maana, namna ya kumpwekesha Allaah (SW), umuhimu wa Tawhiid, aina za shirki, madhara ya shirki)"
2023-JSS031-Kidato I,"Kumtambua, kumpenda, kumtukuza na kumsifu Allaah (S.W)",Kuisoma Qur’an kwa mazingatio ya hukumu na ujumbe,"Kuchambua ufahamu wa Qur’an. (Maana, kushuka, namna ilivyo hifadhiwa na misingi ya kuifahamu)"
2023-JSS031-Kidato I,"Kumtambua, kumpenda, kumtukuza na kumsifu Allaah (S.W)",Kuisoma Qur’an kwa mazingatio ya hukumu na ujumbe,"Kuchambua ufahamu wa usomaji wa Qur’an. (umuhimu wa kusoma Qur’an kwa kuzingatia hukumu za Tajwiid, hukumu za nun sakina na tanwin)"
2023-JSS031-Kidato I,"Kumtambua, kumpenda, kumtukuza na kumsifu Allaah (S.W)",Kuisoma Qur’an kwa mazingatio ya hukumu na ujumbe,"Kuchambua sura zilizoteuliwa: Al-Fat-ha (1); An-Naas (114); Al-Falaq (113); Ikhlas (112). (Kusoma kwa hukumu, kuhifadhi, kutafsiri na kueleza mafunzo ya kila sura)"
2023-JSS031-Kidato I,"Kumtambua, kumpenda, kumtukuza na kumsifu Allaah (S.W)",Kuishi kwa kuzingatia Sunnah ya Mtume Muhammad (S.A.W),"Kuchambua ufahamu wa Sunnah na Hadithi. (Maana, umuhimu na tofauti ya Sunnah na Hadithi, kazi ya Sunnah)"
2023-JSS031-Kidato I,"Kumtambua, kumpenda, kumtukuza na kumsifu Allaah (S.W)",Kuishi kwa kuzingatia Sunnah ya Mtume Muhammad (S.A.W),"Kuchambua Hadithi zilizoteuliwa kuhusu Ikhlas, kujiheshimu na kuheshimu wazazi, viongozi na wakubwa, kuwa mpole na mnyenyekevu, kuwa mkweli na kujiepusha na uongo, kuwa mwaminifu na mwadilifu, kuchunga ahadi, kujiepusha na maongezi ya kipuuzi, kuwa na upendo, adabu za kunyoa/kusuka nywele. (Kusoma kwa kuhifadhi, kuandika, kutafsiri na kubainisha mafunzo)"
2023-JSS031-Kidato I,Kumtumikia Allaah (S.W) katika kila kipengele cha maisha,Kutekeleza nguzo za Uislamu kwa kuzingatia lengo la kila nguzo,"Kufafanua ufahamu juu ya Uislamu na nguzo za Uislamu kwa mujibu wa Qur’an na Sunnah. (Maana, sifa za Muislamu, lengo, umuhimu wa kila nguzo)"
2023-JSS031-Kidato I,Kumtumikia Allaah (S.W) katika kila kipengele cha maisha,Kutekeleza nguzo za Uislamu kwa kuzingatia lengo la kila nguzo,"Kueleza ufahamu wa Shahada. (Kutamka shahada mbili kwa matini ya kiarabu, Tafsiri ya shahada, hatua za shahada, umuhimu wa shahada)"
2023-JSS031-Kidato I,Kumtumikia Allaah (S.W) katika kila kipengele cha maisha,Kutekeleza nguzo za Uislamu kwa kuzingatia lengo la kila nguzo,"Kufafanua utekelezaji wa swala za faradhi. (Sharti: twahara - udhu, josho, tayamamu, kuondoa najisi, kuelekea qibla, kujisitiri, kuingia kwa wakati; nguzo, Sunnah, Makruh na yanayobatilisha sala, namna ya kuswali swala za jamaa na swala ya ijumaa, kuswali nyakati za dharura safarini, mgonjwa na vitani)"
2023-JSS031-Kidato I,Kumtumikia Allaah (S.W) katika kila kipengele cha maisha,Kutekeleza nguzo za Uislamu kwa kuzingatia lengo la kila nguzo,"Kubainisha swala za sunnah. (Swala za Iddi, Tarawehe, witri, Qabliyyah na Ba’adiyyah, Dhuha, Tahiyyaatul masjid, Qiyaamullayl na Istikhara)"
2023-JSS031-Kidato I,Kumtumikia Allaah (S.W) katika kila kipengele cha maisha,Kutekeleza nguzo za Uislamu kwa kuzingatia lengo la kila nguzo,"Kufafanua mambo anayostahiki kufanyiwa maiti wa Kiislamu. (Kuoshwa, kuvishwa sanda, kuswaliwa na kuzikwa)"
2023-JSS031-Kidato I,Kumtumikia Allaah (S.W) katika kila kipengele cha maisha,Kuchunga mipaka ya Allaah (S.W) katika kuendesha maisha ya binafsi na jamii,"Kuchambua ufahamu wa Fiqh. (maana ya Fiqh, matapo ya Fiqh, chimbuko, na umuhimu wa fiqh)"
2023-JSS031-Kidato I,Kumtumikia Allaah (S.W) katika kila kipengele cha maisha,Kuchunga mipaka ya Allaah (S.W) katika kuendesha maisha ya binafsi na jamii,"Kufafanua misingi na vyanzo vya sharia ya Kiislamu. (Qur’an, Sunnah na Ijtihad)"
2023-JSS031-Kidato I,Kulingania na kusimamisha Haki na Uadilifu katika jamii,Kutumia Qur’an na Sunnah kulingania jamii,"Kuchambua ufahamu wa kulingania Uislamu katika jamii. (Maana, lengo, misingi, umuhimu na faida)"
2023-JSS031-Kidato I,Kulingania na kusimamisha Haki na Uadilifu katika jamii,Kutumia Qur’an na Sunnah kulingania jamii,"Kufafanua nguzo za da`awah. (Da`i, hadhira na ujumbe)"
2023-JSS031-Kidato I,Kulingania na kusimamisha Haki na Uadilifu katika jamii,Kutumia historia ya Uislamu kujenga mwenendo mwema wa jamii,"Kufafanua ufahamu wa historia ya mwanadamu kwa mujibu wa Uislamu. (Tofauti ya mtazamo wa Uislamu na ule wa makafiri juu ya maana, umuhimu wa historia, lengo la kuumbwa mwanadamu na hadhi yake hapa ulimwenguni)"
2023-JSS031-Kidato I,Kulingania na kusimamisha Haki na Uadilifu katika jamii,Kutumia historia ya Uislamu kujenga mwenendo mwema wa jamii,"Kuchambua historia ya nabii Adam (A.S). (Kuumbwa, maisha ya peponi, kuteremshwa ardhini na maisha ya watoto wake)"
2023-JSS031-Kidato I,Kulingania na kusimamisha Haki na Uadilifu katika jamii,Kutumia historia ya Uislamu kujenga mwenendo mwema wa jamii,"Kuchambua historia ya manabii kabla ya Mtume Muhammad (S.A.W): Nuhu (A.S), Ibrahim (A.S), Lut (A.S), Musa (A.S) na Isa (A.S). (wasifu, hali ya jamii zao, mbinu za kulingania na mafunzo yatokanayo katika kujenga jamii bora)"
2023-JSS031-Kidato II,"Kumtambua, kumpenda, kumtukuza na kumsifu Allaah (S.W)",Kutambua uwepo wa Allaah (S.W) na sifa zake,"Kufafanua ufahamu wa dini kwa mujibu wa Qur’an. (tofauti ya mtazamo wa Uislamu na ukafiri juu ya chanzo na kazi ya dini, sababu za hitajio la dini kwa mwanadamu)"
2023-JSS031-Kidato II,"Kumtambua, kumpenda, kumtukuza na kumsifu Allaah (S.W)",Kutambua uwepo wa Allaah (S.W) na sifa zake,"Kufafanua njia za kumjua Allaah (S.W) na kuthibitisha kuwepo kwake. (njia za kumjua Allaah, kumuamini Allah sio suala la kibubusa, udhaifu wa madai ya makafiri dhidi ya kuwepo Allaah (S.W), dalili za kuwepo Allaah (S.W), athari za kumuamini Allaah (S.W) katika maisha ya kila siku)"
2023-JSS031-Kidato II,"Kumtambua, kumpenda, kumtukuza na kumsifu Allaah (S.W)",Kutambua uwepo wa Allaah (S.W) na sifa zake,"Kuchambua sifa na majina 99 ya Allaah (S.W). (kuyasoma, kuyahifadhi na kuyazingatia)"
2023-JSS031-Kidato II,"Kumtambua, kumpenda, kumtukuza na kumsifu Allaah (S.W)",Kuisoma Qur’an kwa mazingatio ya hukumu na ujumbe,"Kuchambua ufahamu wa hukumu za usomaji wa Qur’an. (hukumu za mim na nuni zenye shadda, hukumu za mim sakina)"
2023-JSS031-Kidato II,"Kumtambua, kumpenda, kumtukuza na kumsifu Allaah (S.W)",Kuisoma Qur’an kwa mazingatio ya hukumu na ujumbe,"Kuchambua historia ya kushuka Qur’an. (Hatua za kushuka Qur’an, hekima ya Qur’an kushuka hatua kwa hatua, namna Qur’an ilivyohifadhiwa kuanzia wakati ikishuka hadi leo)"
2023-JSS031-Kidato II,"Kumtambua, kumpenda, kumtukuza na kumsifu Allaah (S.W)",Kuisoma Qur’an kwa mazingatio ya hukumu na ujumbe,"Kuchambua sura zilizoteuliwa: Lahab (111); Nasr (110); Kaafiruun (109); Maa’uun (107). (Kusoma kwa hukumu, kuhifadhi, kutafsiri na kutoa mafunzo)"
2023-JSS031-Kidato II,"Kumtambua, kumpenda, kumtukuza na kumsifu Allaah (S.W)",Kuishi kwa kuzingatia Sunnah ya Mtume Muhammad (S.A.W),"Kuchambua historia ya uandishi wa Hadithi za Mtume Muhammad (S.A.W). (Wakati wa uhai wa Mtume Muhammad (SAW), Maswahaba, Tabiina, Tabii Taabiina)"
2023-JSS031-Kidato II,"Kumtambua, kumpenda, kumtukuza na kumsifu Allaah (S.W)",Kuishi kwa kuzingatia Sunnah ya Mtume Muhammad (S.A.W),"Kufafanua Hadithi zilizoteuliwa kuhusu kuepuka usengenyaji, kujiepusha na dharau, kujiepusha na matusi, kuepuka mabishano, kuepuka kujisifu na kujitukuza, kuepukana na kibri na majivuno, kuepukana na kulaani ovyo, kujiepusha na viapo. (Kusoma kwa kuhifadhi, kuandika, kutafsiri na kubaini mafunzo)"
2023-JSS031-Kidato II,Kumtumikia Allaah (S.W) katika kila kipengele cha maisha,Kutekeleza nguzo za Uislamu kwa kuzingatia lengo la kila nguzo,"Kufafanua utekelezaji wa ibada ya Zakat. (Masharti, mali zinazopasa kutolewa Zakat, nisaabu na makundi ya watu wanaostahiki kupewa Zakat)"
2023-JSS031-Kidato II,Kumtumikia Allaah (S.W) katika kila kipengele cha maisha,Kutekeleza nguzo za Uislamu kwa kuzingatia lengo la kila nguzo,"Kufafanua utekelezaji wa ibada ya funga. (Maana, aina, umuhimu, nguzo za funga, sunnah na miiko ya funga, kubatilika kwa funga)"
2023-JSS031-Kidato II,Kumtumikia Allaah (S.W) katika kila kipengele cha maisha,Kuchunga mipaka ya Allaah (S.W) katika kuendesha maisha ya binafsi na jamii,"Kuchambua ufahamu wa familia ya Kiislamu. (Maana, umuhimu, na taratibu za ndoa katika Uislamu, umri wa kuoa na kuolewa, majukumu katika familia na ukewenza)"
2023-JSS031-Kidato II,Kumtumikia Allaah (S.W) katika kila kipengele cha maisha,Kuchunga mipaka ya Allaah (S.W) katika kuendesha maisha ya binafsi na jamii,"Kufafanua vipengele vya utamaduni wa Kiislamu. (maana, mavazi, sherehe, misiba, maamkizi, michezo)"
2023-JSS031-Kidato II,Kumtumikia Allaah (S.W) katika kila kipengele cha maisha,Kuchunga mipaka ya Allaah (S.W) katika kuendesha maisha ya binafsi na jamii,"Kufafanua adabu za matendo ya Muislamu ya kila siku. (kula, kwenda haja, kulala na kuamka, kuoga, kutoka na kurudi nyumbani, kupiga miayo na chafya, kuishi na watu kwa wema, kuwatembelea wagonjwa, kuingia na kutoka msikitini)"
2023-JSS031-Kidato II,Kulingania na kusimamisha Haki na Uadilifu katika jamii,Kutumia Qur’an na Sunnah kulingania jamii,"Kufafanua sifa za mlinganiaji. (Ujuzi sahihi, Imani thabiti, tabia njema, kuendeleza Uislamu kuwe ndio lengo kuu la maisha, kutaraji malipo kutoka kwa Allaah (S.W), kuwa na subira, kuwa na hekima)"
2023-JSS031-Kidato II,Kulingania na kusimamisha Haki na Uadilifu katika jamii,Kutumia Qur’an na Sunnah kulingania jamii,"Kuchambua sifa za kundi la walinganiaji. (Mshikamano wa udugu na upendo, kushauriana, nidhamu na utii, kukosoana kwa nia njema na njia nzuri, kujiepusha na kujiona na ria, kuwa na subira, kuwa na hekima)"
2023-JSS031-Kidato II,Kulingania na kusimamisha Haki na Uadilifu katika jamii,Kutumia historia ya Uislamu kujenga mwenendo mwema wa jamii,"Kufafanua hali ya jamii ya Bara Arabu zama za jahiliya (509 – 609A.D). (Utabiri wa ujio wa Mtume Muhammad (S.A.W), mifumo ya jamii kisiasa, kiuchumi, kiutamaduni na kimaadili, utukufu wa mji wa Makkah na kabila la Quraysh)"
2023-JSS031-Kidato II,Kulingania na kusimamisha Haki na Uadilifu katika jamii,Kutumia historia ya Uislamu kujenga mwenendo mwema wa jamii,"Kufafanua mbinu za ulinganiaji alizozitumia Mtume Muhammad (S.A.W) kipindi cha Makkah. (Kuzaliwa kwa Mtume (S.A.W), kulelewa, nasaba, makuzi, kuandaliwa, kupewa Utume, kulingania, upinzani wa Kureishi, isra na miiraji, hijra na mafunzo yatokanayo katika kujenga jamii)"
2023-JSS031-Kidato III,"Kumtambua, kumpenda, kumtukuza na kumsifu Allaah (S.W)",Kutambua uwepo wa Allaah (S.W) na sifa zake,"Kuchambua nguzo ya kuamini malaika wa Allaah (S.W). (maana, umuhimu, sifa, kazi na athari ya kuamini malaika katika maisha ya kila siku)"
2023-JSS031-Kidato III,"Kumtambua, kumpenda, kumtukuza na kumsifu Allaah (S.W)",Kutambua uwepo wa Allaah (S.W) na sifa zake,"Kuchambua nguzo ya kuamini vitabu vya Allaah (S.W). (Umuhimu wa kuamini vitabu vya Allaah (S.W), lengo la vitabu vya Allaah (S.W), tofauti ya Qur’an na vitabu vingine vya Allaah (S.W), Qur’an haipitwi na wakati, athari ya kuamini vitabu vya Allaah (S.W) katika maisha ya jamii)"
2023-JSS031-Kidato III,"Kumtambua, kumpenda, kumtukuza na kumsifu Allaah (S.W)",Kutambua uwepo wa Allaah (S.W) na sifa zake,"Kuchambua ufahamu wa kuamini mitume wa Allaah (S.W). (uwepo wa mitume, sifa zao, mafundisho yao, mwisho wa utume na taathira ya kuamini mitume katika maisha ya kila siku)"
2023-JSS031-Kidato III,"Kumtambua, kumpenda, kumtukuza na kumsifu Allaah (S.W)",Kutambua uwepo wa Allaah (S.W) na sifa zake,"Kuchambua ufahamu wa kuamini siku ya mwisho. (Mazingira ya siku ya mwisho, udhaifu wa madai ya makafiri dhidi ya siku ya mwisho, hoja za kuthibitisha kuwepo kwa siku ya mwisho, ufahamu wa shufaa, athari ya kuamini siku ya mwisho katika maisha ya kila siku)"
2023-JSS031-Kidato III,"Kumtambua, kumpenda, kumtukuza na kumsifu Allaah (S.W)",Kutambua uwepo wa Allaah (S.W) na sifa zake,"Kufafanua ufahamu wa kuamini Qadar ya Allaah (S.W). (Maana, tofauti ya Qadar na Qudra, umuhimu, na athari ya kuamini Qadar katika maisha ya kila siku)"
2023-JSS031-Kidato III,"Kumtambua, kumpenda, kumtukuza na kumsifu Allaah (S.W)",Kuisoma Qur’an kwa mazingatio ya hukumu na ujumbe,"Kuchambua ufahamu wa usomaji wa Qur’an. (Hukumu za lam, hukumu za qalqala, hukumu za mada, hukumu za waqfu)"
2023-JSS031-Kidato III,"Kumtambua, kumpenda, kumtukuza na kumsifu Allaah (S.W)",Kuisoma Qur’an kwa mazingatio ya hukumu na ujumbe,"Kuchambua ithibati ya Qur’an. (Tofauti kati ya sura za Makka na sura za Madina, ufahamu wa sababu nuzuli)"
2023-JSS031-Kidato III,"Kumtambua, kumpenda, kumtukuza na kumsifu Allaah (S.W)",Kuisoma Qur’an kwa mazingatio ya hukumu na ujumbe,"Kuchambua sura zilizoteuliwa: Quraysh (106), Fiil (105), Humazah (104), Asr (103). (Kusoma kwa hukumu, kuhifadhi na kutoa mafunzo)"
2023-JSS031-Kidato III,"Kumtambua, kumpenda, kumtukuza na kumsifu Allaah (S.W)",Kuishi kwa kuzingatia Sunnah ya Mtume Muhammad (S.A.W),"Kuchambua sayansi ya Hadithi za Mtume Muhammad (S.A.W). (Aina, tanzu na uhakiki wa Hadithi)"
2023-JSS031-Kidato III,"Kumtambua, kumpenda, kumtukuza na kumsifu Allaah (S.W)",Kuishi kwa kuzingatia Sunnah ya Mtume Muhammad (S.A.W),"Kuchambua Hadithi zilizoteuliwa kuhusu kujiepusha na ria na kujiona, kujiepusha na unafiki, kuwa mwenye huruma, kuwa na haya, kudhibiti hasira, kuwa mwenye subira na uvumilivu, kuwa mkarimu, kuepuka uchoyo na ubakhili, kuwa mwenye kutosheka, kuepuka husda. (Kusoma kwa kuhifadhi, kuandika, kutafsiri na kung’amua mafunzo)"
2023-JSS031-Kidato III,Kumtumikia Allaah (S.W) katika kila kipengele cha maisha,Kutekeleza nguzo za Uislamu kwa kuzingatia lengo la kila nguzo,"Kuchambua nguzo ya Hija. (maana, aina, umuhimu, masharti, nguzo na sunnah)"
2023-JSS031-Kidato III,Kumtumikia Allaah (S.W) katika kila kipengele cha maisha,Kutekeleza nguzo za Uislamu kwa kuzingatia lengo la kila nguzo,"Kutathmini malengo ya nguzo za Uislamu. (namna lengo la kila nguzo linavyofikiwa, sababu za baadhi ya Waislamu kutofikia malengo ya nguzo za Uislamu)"
2023-JSS031-Kidato III,Kumtumikia Allaah (S.W) katika kila kipengele cha maisha,Kutekeleza nguzo za Uislamu kwa kuzingatia lengo la kila nguzo,Kuchanganua faida za utekelezaji wa nguzo za Uislamu
2023-JSS031-Kidato III,Kumtumikia Allaah (S.W) katika kila kipengele cha maisha,Kuchunga mipaka ya Allaah (S.W) katika kuendesha maisha ya binafsi na jamii,"Kufafanua ufahamu wa talaka na eda katika Uislamu. (maana, hekima ya talaka, Sulhu kati ya mume na mke, aina za talaka, taratibu za talaka, aina za eda)"
2023-JSS031-Kidato III,Kumtumikia Allaah (S.W) katika kila kipengele cha maisha,Kuchunga mipaka ya Allaah (S.W) katika kuendesha maisha ya binafsi na jamii,"Kuchambua malezi ya watoto baada ya ndoa kuvunjika. (mwenye haki na wajibu wa kulea, ukomo wa kulelewa watoto na haki zao)"
2023-JSS031-Kidato III,Kumtumikia Allaah (S.W) katika kila kipengele cha maisha,Kuchunga mipaka ya Allaah (S.W) katika kuendesha maisha ya binafsi na jamii,"Kuchambua ufahamu wa wasia na mirathi katika Uislamu. (maana, taratibu, masharti ya wasia na mirathi, kanuni za kugawa mirathi na kukokotoa mafungu ya mirathi kwa kufuata sharia ya Kiislamu)"
2023-JSS031-Kidato III,Kulingania na kusimamisha Haki na Uadilifu katika jamii,Kutumia Qur’an na Sunnah kulingania jamii,"Kuchambua mipango katika Da`awah. (Maana, umuhimu, hatua, vigezo, mipango ya kistratejia)"
2023-JSS031-Kidato III,Kulingania na kusimamisha Haki na Uadilifu katika jamii,Kutumia Qur’an na Sunnah kulingania jamii,"Kuchambua ufahamu wa uongozi bora katika kulingania. (Maana, umuhimu, aina na sifa za kiongozi wa Kiislamu)"
2023-JSS031-Kidato III,Kulingania na kusimamisha Haki na Uadilifu katika jamii,Kutumia Qur’an na Sunnah kulingania jamii,"Kuchambua mafunzo na mazoezi ya kuwaandaa walinganiaji. (Kutoa elimu, kuilea nafsi, kujihusisha na masuala ya kijamii, kuandaa na kutoa darsa na dua)"
2023-JSS031-Kidato III,Kulingania na kusimamisha Haki na Uadilifu katika jamii,Kutumia Qur’an na Sunnah kulingania jamii,"Kuchambua hali ya Uislamu hivi leo. (Mtawanyo wa Waislamu na wasiokuwa Waislamu, mafanikio ya kielimu, kiuchumi, kisiasa na kijamii, vikwazo na utatuzi wake)"
2023-JSS031-Kidato III,Kulingania na kusimamisha Haki na Uadilifu katika jamii,Kutumia historia ya Uislamu kujenga mwenendo mwema wa jamii,"Kuchambua uanzishwaji na uendeshaji wa dola ya Kiislamu Madina. (Hali ya Madina kabla ya kuhamia Mtume Muhammad (S.A.W) kiuchumi na kisiasa, hatua alizochukua Mtume Muhammad (S.A.W) katika uanzishaji dola, mifumo ya kiuchumi, kisiasa, usalama na diplomasia)"
2023-JSS031-Kidato III,Kulingania na kusimamisha Haki na Uadilifu katika jamii,Kutumia historia ya Uislamu kujenga mwenendo mwema wa jamii,"Kuchambua upinzani dhidi ya Dola ya Kiislamu Madina. (vita vya Badri, vita vya Uhud, vita vya Ahzab, uadui wa Mayahudi, vita vya Hunein, hatua zilizochukuliwa na Mtume Muhammad (S.A.W) na mafunzo yatokanayo)"
2023-JSS031-Kidato III,Kulingania na kusimamisha Haki na Uadilifu katika jamii,Kutumia historia ya Uislamu kujenga mwenendo mwema wa jamii,"Kubainisha ushindi wa Waislamu (Fat-hu Makkah). (Mkataba wa Hudaybiyya, kukombolewa mji wa Makka, msafara wa Tabuuk, Hija ya kuaga na mafunzo yatokanayo)"
2023-JSS031-Kidato IV,"Kumtambua, kumpenda, kumtukuza na kumsifu Allaah (S.W)",Kutambua uwepo wa Allaah (S.W) na sifa zake,"Kueleza Itikadi, udhaifu na athari za dini zilizoundwa na watu. (Ukafiri, ushirikina - ukristo na uyahudi, utawa - ubudha, uhindu)"
2023-JSS031-Kidato IV,"Kumtambua, kumpenda, kumtukuza na kumsifu Allaah (S.W)",Kutambua uwepo wa Allaah (S.W) na sifa zake,Kujadili vigezo vya dini sahihi anayostahiki mwanadamu
2023-JSS031-Kidato IV,"Kumtambua, kumpenda, kumtukuza na kumsifu Allaah (S.W)",Kuisoma Qur’an kwa mazingatio ya hukumu na ujumbe,Kufafanua Ithibati ya Qur’an. (Hoja za kuthibitisha kuwa Qur’an ni Kitabu cha Allaah (S.W) na udhaifu wa madai ya wapinzani dhidi ya Qur’an)
2023-JSS031-Kidato IV,"Kumtambua, kumpenda, kumtukuza na kumsifu Allaah (S.W)",Kuisoma Qur’an kwa mazingatio ya hukumu na ujumbe,"Kuchambua sura zilizoteuliwa: Tyn (95), Nashrah (94), Takaathur (102), Al-Bayyinah (98), Adh Dhuhaa (93), Al-A’alaa (87). (Kusoma kwa kuhifadhi, kutafsiri, kutoa mafunzo yatokanayo)"
2023-JSS031-Kidato IV,"Kumtambua, kumpenda, kumtukuza na kumsifu Allaah (S.W)",Kuishi kwa kuzingatia Sunnah ya Mtume Muhammad (S.A.W),Kuchambua kukubalika kwa Hadithi. (Hoja za kukubalika na udhaifu wa hoja za wapinzani wa Hadithi)
2023-JSS031-Kidato IV,"Kumtambua, kumpenda, kumtukuza na kumsifu Allaah (S.W)",Kuishi kwa kuzingatia Sunnah ya Mtume Muhammad (S.A.W),"Kuchambua Hadithi zilizoteuliwa kuhusu kuwa na Hekima, kuepuka tamaa na kuombaomba, kumtegemea Allaah (S.W), kuepuka kukata tamaa, kuwa na Istiqama. (Kusoma kwa kuhifadhi, kuandika, kutafsiri na kubaini mafunzo)"
2023-JSS031-Kidato IV,Kumtumikia Allaah (S.W) katika kila kipengele cha maisha,Kutekeleza nguzo za Uislamu kwa kuzingatia lengo la kila nguzo,"Kuandaa na kutoa khutba za Ijumaa na Eid. (Maana, umuhimu, masharti, nguzo, sunnah na adabu)"
2023-JSS031-Kidato IV,Kumtumikia Allaah (S.W) katika kila kipengele cha maisha,Kutekeleza nguzo za Uislamu kwa kuzingatia lengo la kila nguzo,"Kuandaa na kutoa khutba ya ndoa. (Maana, umuhimu, masharti, nguzo, sunnah na adabu)"
2023-JSS031-Kidato IV,Kumtumikia Allaah (S.W) katika kila kipengele cha maisha,Kuchunga mipaka ya Allaah (S.W) katika kuendesha maisha ya binafsi na jamii,"Kufafanua ufahamu wa kudhibiti uzazi katika Uislamu. (Maana, udhaifu wa hoja za wanaoendesha kampeni ya kudhibiti uzazi, mtazamo wa Uislamu juu ya kudhibiti uzazi)"
2023-JSS031-Kidato IV,Kumtumikia Allaah (S.W) katika kila kipengele cha maisha,Kuchunga mipaka ya Allaah (S.W) katika kuendesha maisha ya binafsi na jamii,"Kuchambua hadhi na haki za mwanamke katika Uislamu. (tofauti ya hadhi na haki za mwanamke katika Uislamu na jamii za kijahili, hifadhi ya mwanamke katika Uislamu)"
2023-JSS031-Kidato IV,Kumtumikia Allaah (S.W) katika kila kipengele cha maisha,Kuchunga mipaka ya Allaah (S.W) katika kuendesha maisha ya binafsi na jamii,"Kuchambua ufahamu wa sharia za Kiislamu. (Maana ya sharia, tofauti kati ya sharia za Kiislamu na sheria za kikafiri, misingi ya halali na haramu katika Uislamu, makosa na adhabu katika Uislamu)"
2023-JSS031-Kidato IV,Kumtumikia Allaah (S.W) katika kila kipengele cha maisha,Kuchunga mipaka ya Allaah (S.W) katika kuendesha maisha ya binafsi na jamii,"Kufafanua ufahamu wa siasa na uchumi katika Uislamu. (tofauti kati ya Uislamu na ukafiri juu ya mtazamo wa siasa na dola, tofauti ya msonge wa uongozi wa Kiislamu na uongozi wa kikafiri, tofauti kati ya mfumo wa uchumi wa Kiislamu na mfumo wa uchumi wa kikafiri, uchumi halali na haramu, uharamu wa riba, misingi ya mifumo ya kifedha ya Kiislamu)"
2023-JSS031-Kidato IV,Kulingania na kusimamisha Haki na Uadilifu katika jamii,Kutumia Qur’an na Sunnah kulingania jamii,"Kuchambua nyanja za kulingania. (Uongozi, itikadi, tarbia, wito kwa wasiokuwa Waislamu na ulinzi)"
2023-JSS031-Kidato IV,Kulingania na kusimamisha Haki na Uadilifu katika jamii,Kutumia Qur’an na Sunnah kulingania jamii,"Kufafanua nyenzo za kulingania. (Qur’an na Hadithi, vyombo vya habari, mitandao ya kijamii, vitabu, nk)"
2023-JSS031-Kidato IV,Kulingania na kusimamisha Haki na Uadilifu katika jamii,Kutumia Qur’an na Sunnah kulingania jamii,"Kuchambua njia na mbinu za kulingania. (semina, itkaf, vituo vya elimu, vituo vya dhifa, mikutano)"
2023-JSS031-Kidato IV,Kulingania na kusimamisha Haki na Uadilifu katika jamii,Kutumia Qur’an na Sunnah kulingania jamii,"Kueleza mbinu zinazotumika kupiga vita Uislamu na namna Muislamu anavyotakiwa kuishi na wasiokuwa Waislamu. (kiuchumi, kiutamaduni, kijamii, kisiasa na kielimu)"
2023-JSS031-Kidato IV,Kulingania na kusimamisha Haki na Uadilifu katika jamii,Kutumia historia ya Uislamu kujenga mwenendo mwema wa jamii,"Kutathmini uendeshaji wa Dola ya Kiislamu wakati wa Makhalifa. (Taratibu zilizotumika kuwapata makhalifa, sababu za kupanuka Dola ya Kiislamu, sababu za Riddah, mfumo wa uongozi, uchumi, ulinzi na mahusiano ya kimataifa, sababu za kuporomoka dola ya Kiislamu na mafunzo yatokanayo katika kuimarisha umma)"
2023-JSS031-Kidato IV,Kulingania na kusimamisha Haki na Uadilifu katika jamii,Kutumia historia ya Uislamu kujenga mwenendo mwema wa jamii,"Kutathmini harakati za kuendeleza Uislamu baada ya makhalifa. (Banu Umayya, Abasid, Uthmaniyya, Mughals: mbinu, mafanikio, changamoto, mafunzo)"
2023-JSS031-Kidato IV,Kulingania na kusimamisha Haki na Uadilifu katika jamii,Kutumia historia ya Uislamu kujenga mwenendo mwema wa jamii,"Kufafanua kuenea kwa Uislamu Tanzania. (Njia zilizotumika, dola ya Kilwa, dola ya Zanzibar, Uislamu wakati na baada ya ukoloni hadi hivi leo)"
2023-JSS035-Kidato I,"Demonstrate mastery of concepts, theories and principles of Fine Art","Demonstrate an understanding of the concepts, theories and the principles of Fine Art","Explain the concept and principles of Fine Art. (meaning, principles, forms, elements, functions, and relationships with other disciplines)"
2023-JSS035-Kidato I,"Demonstrate mastery of concepts, theories and principles of Fine Art","Demonstrate an understanding of the concepts, theories and the principles of Fine Art","Describe the fundamentals of drawing, painting and printmaking"
2023-JSS035-Kidato I,"Demonstrate mastery of concepts, theories and principles of Fine Art",Demonstrate an understanding of the traditional forms of fine art in Tanzania,Describe the trends of Fine Art in Tanzania.
2023-JSS035-Kidato I,Create simple works of fine art,Make decorations,Create simple decorative drawings
2023-JSS035-Kidato I,Create simple works of fine art,Make decorations,Create simple decorative paintings
2023-JSS035-Kidato I,Create simple works of fine art,Make decorations,Create simple decorative monoprints
2023-JSS035-Kidato I,Create simple works of fine art,Use traditional and modern techniques to create works of art,Create simple drawings by using charcoal
2023-JSS035-Kidato I,Create simple works of fine art,Use traditional and modern techniques to create works of art,Create simple paintings by using colours from surrounding environment
2023-JSS035-Kidato I,Demonstrate mastery of the principles of occupational health and environmental care in fine art,Dispose waste from fine art activities,Describe and use different ways of disposing waste from fine art activities
2023-JSS035-Kidato II,"Demonstrate mastery of concepts, theories and principles of Fine Art","Demonstrate an understanding of the concepts, theories and the principles of Fine Art",Describe the basic tenets of still life composition
2023-JSS035-Kidato II,"Demonstrate mastery of concepts, theories and principles of Fine Art","Demonstrate an understanding of the concepts, theories and the principles of Fine Art","Explain theories of formalism and functionalism (meaning, purpose and uses)"
2023-JSS035-Kidato II,Create simple works of fine art,Make decorations,Create simple functional drawings
2023-JSS035-Kidato II,Create simple works of fine art,Make decorations,Create simple functional paintings
2023-JSS035-Kidato II,Create simple works of fine art,Make decorations,Create simple functional monoprints
2023-JSS035-Kidato II,Create simple works of fine art,Use traditional and modern techniques to create works of art,Create drawings by using pastels
2023-JSS035-Kidato II,Create simple works of fine art,Use traditional and modern techniques to create works of art,"Create paintings by using water colours, acrylics and oil paints"
2023-JSS035-Kidato III,"Demonstrate mastery of concepts, theories and principles of Fine Art","Demonstrate an understanding of the concepts, theories and the principles of Fine Art",Describe the basic tenets of perspective composition
2023-JSS035-Kidato III,"Demonstrate mastery of concepts, theories and principles of Fine Art","Demonstrate an understanding of the concepts, theories and the principles of Fine Art","Explain theories of imitationalism and emotionalism (meaning, purpose and uses)"
2023-JSS035-Kidato III,Create simple works of Fine Art,Make decorations,Create perspective drawings
2023-JSS035-Kidato III,Create simple works of Fine Art,Make decorations,Create perspective paintings
2023-JSS035-Kidato III,Create simple works of Fine Art,Make decorations,Create functional and decorative relief prints
2023-JSS035-Kidato III,Create simple works of Fine Art,Use traditional and modern techniques to create works of art,Create contemporary drawings by collaging
2023-JSS035-Kidato III,Create simple works of Fine Art,Use traditional and modern techniques to create works of art,Create contemporary paintings by collaging
2023-JSS035-Kidato III,Create simple works of Fine Art,Create realistic art content,Create realistic two-dimensional drawings
2023-JSS035-Kidato III,Create simple works of Fine Art,Create realistic art content,Create realistic two-dimensional paintings.
2023-JSS035-Kidato III,Demonstrate mastery of the principles of occupational health and environmental care in fine art,Demonstrate an understanding of ethical conduct in fine art,Describe the basic ethical norms and values governing creation of art works
2023-JSS035-Kidato III,Demonstrate mastery of the principles of occupational health and environmental care in fine art,Demonstrate an understanding of ethical conduct in fine art,Describing aspects of the copyright laws of Tanzania dealing with artworks
2023-JSS035-Kidato III,Demonstrate mastery of the principles of occupational health and environmental care in fine art,Demonstrate an understanding of ethical conduct in fine art,Describing the process of registering artworks according to the copyright laws of Tanzania
2023-JSS035-Kidato III,Use ICT to market works of fine art,Use ICT to market works of fine art,"Describe the basic strategies for marketing artworks (product, promotion, price and place)"
2023-JSS035-Kidato IV,"Demonstrate mastery of concepts, theories and principles of Fine Art","Demonstrate an understanding of the concepts, theories and principles of Fine Art",Describe the basic tenets of pictorial compositions
2023-JSS035-Kidato IV,Create simple works of fine art,Make decorations,Create drawing from pictorial compositions
2023-JSS035-Kidato IV,Create simple works of fine art,Make decorations,Create paintings from pictorial compositions
2023-JSS035-Kidato IV,Create simple works of fine art,Make decorations,Create monoprints and relief prints
2023-JSS035-Kidato IV,Create simple works of fine art,Use traditional and modern techniques to create works of art,Create simple digital drawings
2023-JSS035-Kidato IV,Create simple works of fine art,Use traditional and modern techniques to create works of art,Create simple digital paintings
2023-JSS035-Kidato IV,Create simple works of fine art,Create realistic art content,Create realistic three-dimensional drawings
2023-JSS035-Kidato IV,Create simple works of fine art,Create realistic art content,Create realistic three-dimensional paintings
2023-JSS035-Kidato IV,Demonstrate mastery of the principles of occupational health and environmental care in Fine Art,Demonstrate an understanding of ethical conduct in fine art,Describe the basic ethical considerations guiding the collection and display of artworks
2023-JSS035-Kidato IV,Demonstrate mastery of the principles of occupational health and environmental care in Fine Art,Demonstrate an understanding of ethical conduct in fine art,Describing the archiving of artworks while observing copyright laws of Tanzania
2023-JSS039-Kidato I,"Demonstrate mastery of concepts, theories, and principles of theatre arts",Demonstrate an understanding of the concept and history of theatre arts,"Explain the concept of theatre arts (meaning, forms, elements, functions and relationship with other disciplines)"
2023-JSS039-Kidato I,"Demonstrate mastery of concepts, theories, and principles of theatre arts",Demonstrate an understanding of the concept and history of theatre arts,Describe the relationship between theatre arts and culture
2023-JSS039-Kidato I,"Demonstrate mastery of concepts, theories, and principles of theatre arts",Demonstrate an understanding of the theories and principles of theatre arts,"Explain the fundamental principles of storytelling, rituals, drama, dance and recitations"
2023-JSS039-Kidato I,Perform theatre arts,Perform theatre arts for different audiences based on audience types,Communicate ideas using the elements of theatre arts in various forms
2023-JSS039-Kidato I,Perform theatre arts,Perform theatre arts for different audiences based on audience types,"Perform indigenous forms of theatre arts (storytelling, dance, rituals and recitations) for different of audience (children, youth and adults)"
2023-JSS039-Kidato II,"Demonstrate mastery of concepts, theories, and principles of theatre arts",Demonstrate an understanding of the concept and history of theatre arts,"Describe the historical trends of theatre arts in Africa (pre-colonial, colonial and post-independence)"
2023-JSS039-Kidato II,"Demonstrate mastery of concepts, theories, and principles of theatre arts",Demonstrate an understanding of the concept and history of theatre arts,"Describe theatre practices from selected traditions and their influences on contemporary practice (Greece, China, India and Japan)"
2023-JSS039-Kidato II,"Demonstrate mastery of concepts, theories, and principles of theatre arts",Demonstrate an understanding of the theories and principles of theatre arts,Explain the basic theories and fundamental principles of vichekesho and ngonjera
2023-JSS039-Kidato II,Perform theatre arts,Perform theatre arts for different audiences based on audience types,"Perform vichekesho and ngonjera for different audiences (children, youth and adults)"
2023-JSS039-Kidato II,Perform theatre arts,"Use ICT to produce simple film, television and radio drama",Use ICT to explore innovative alternatives in theatrical performances
2023-JSS039-Kidato III,"Demonstrate mastery of concepts, theories, and principles of theatre arts",Demonstrate an understanding of the concept and history of theatre arts,"Describe the concept of stage plays (meaning, characteristics, elements and functions)"
2023-JSS039-Kidato III,"Demonstrate mastery of concepts, theories, and principles of theatre arts",Demonstrate an understanding of the theories and principles of theatre arts,"Describe the basic theories and fundamental principles of written and improvised stage plays (Konstantin Stanislavsky, Augusto Boal and Aristotle)"
2023-JSS039-Kidato III,"Demonstrate mastery of concepts, theories, and principles of theatre arts",Demonstrate an understanding of the contribution of theatre arts to social development,"Discuss the contribution of theatrical forms (storytelling, rituals, dance, film, drama and recitations) to social development"
2023-JSS039-Kidato III,Perform theatre arts,Perform theatre arts for different audiences based on audience types,Perform written and improvised stage plays
2023-JSS039-Kidato III,Perform theatre arts,Organise theatre for social change,Organise theatre for social change addressing emerging social problems
2023-JSS039-Kidato III,Demonstrate mastery of the use of creative language in theatre arts,Use creative language to prepare theatrical works,Analyse creative use of language in theatrical production and performance (written and improvised stage plays)
2023-JSS039-Kidato III,Demonstrate mastery of the use of creative language in theatre arts,Use creative language to prepare theatrical works,Use language creatively in theatrical production and performance (written and improvised stage plays)
2023-JSS039-Kidato III,Demonstrate mastery of the application of business principles in theatre arts,Analyse the cost of producing and selling theatrical works,Analyse the production cost of a stage play
2023-JSS039-Kidato IV,"Demonstrate mastery of concepts, theories, and principles of theatre arts",Demonstrate an understanding of the concept and history of theatre arts,"Describe the origin of film, radio drama and television drama"
2023-JSS039-Kidato IV,"Demonstrate mastery of concepts, theories, and principles of theatre arts",Demonstrate an understanding of the theories and principles of theatre arts,"Describe basic theories and fundamental principles of radio drama, television drama and film"
2023-JSS039-Kidato IV,Perform theatre arts,Perform theatre arts for different audiences based on audience types,"Produce simple plot for film, radio drama and television drama"
2023-JSS039-Kidato IV,Perform theatre arts,"Use ICT to produce simple film, television and radio drama","Integrate ICT in the production of simple film, radio drama and television drama"
2023-JSS039-Kidato IV,Perform theatre arts,"Use ICT to produce simple film, television and radio drama","Use digital platforms to market and distribute theatrical works (film, radio and television drama)"
2023-JSS039-Kidato IV,Demonstrate mastery of the use of creative language in theatre arts,Use creative language to prepare theatrical works,"Analyse creative use of language in theatrical production and performance (film, radio drama and television drama)"
2023-JSS039-Kidato IV,Demonstrate mastery of the use of creative language in theatre arts,Use creative language to prepare theatrical works,"Use language creatively in theatrical production and performance (film, radio drama and television drama)"
2023-JSS039-Kidato IV,Demonstrate mastery of the use of creative language in theatre arts,Interpret theatrical works to suit different audiences,Analyse and interpret scripted scenes to communicate with varied audiences
2023-JSS039-Kidato IV,Demonstrate mastery of the application of business principles in theatre arts,Develop business ideas and opportunities in theatre arts,"Explore business opportunities in theatre locally and internationally (film, radio drama and television drama)"
2023-JSS039-Kidato IV,Demonstrate mastery of the application of business principles in theatre arts,Analyse the cost of producing and selling theatrical works,"Analyse the production cost of film, radio drama and television drama"
2023-JSS039-Kidato IV,Demonstrate mastery of the application of business principles in theatre arts,Design strategies for marketing theatrical works,Design marketing strategies for theatre arts products
2023-JSS048-Kidato I,"Kulinda historia ya Tanzania, urithi na maadili ya Taifa",Kuelezea chimbuko la jamii za Kitanzania na maadili yake,"Kueleza asili ya jamii za Kitanzania (Wabantu, Wanilo, Wakushito, Wakichembe)"
2023-JSS048-Kidato I,"Kulinda historia ya Tanzania, urithi na maadili ya Taifa",Kuelezea chimbuko la jamii za Kitanzania na maadili yake,Kubaini shughuli mbalimbali za makundi ya asili ya jamii za Kitanzania
2023-JSS048-Kidato I,"Kulinda historia ya Tanzania, urithi na maadili ya Taifa",Kuelezea chimbuko la jamii za Kitanzania na maadili yake,Kueleza maadili ya jamii za asili ya Kitanzania
2023-JSS048-Kidato I,"Kulinda historia ya Tanzania, urithi na maadili ya Taifa",Kumudu maarifa na ujuzi wa maadili na urithi wa jamii za Kitanzania,Kuchambua maadili na urithi wa jamii za Kitanzania
2023-JSS048-Kidato I,"Kulinda historia ya Tanzania, urithi na maadili ya Taifa",Kumudu maarifa na ujuzi wa maadili na urithi wa jamii za Kitanzania,Kueleza matendo ya msingi yanayokuza na kulinda maadili na urithi wa jamii za Kitanzania
2023-JSS048-Kidato I,"Kulinda historia ya Tanzania, urithi na maadili ya Taifa",Kutumia maarifa na ujuzi wa historia na urithi kubuni fursa mbalimbali zilizopo katika jamii za Kitanzania,Kubaini fursa mbalimbali zilizopo kwenye urithi wa jamii za Kitanzania
2023-JSS048-Kidato I,"Kulinda historia ya Tanzania, urithi na maadili ya Taifa",Kutumia maarifa na ujuzi wa historia na urithi kubuni fursa mbalimbali zilizopo katika jamii za Kitanzania,Kueleza namna fursa zilizopo kwenye urithi wa jamii za Kitanzania zinavyoweza kutumika kukuza uchumi binafsi na jamii
2023-JSS048-Kidato I,"Kulinda historia ya Tanzania, urithi na maadili ya Taifa",Kutumia maarifa na ujuzi wa historia na urithi kubuni fursa mbalimbali zilizopo katika jamii za Kitanzania,Kueleza njia mbalimbali za kutunza urithi wa jamii za Kitanzania
2023-JSS048-Kidato I,"Kulinda historia ya Tanzania, urithi na maadili ya Taifa",Kubaini fursa mbalimbali za kujenga ushirikiano na kukuza uchumi wa kitaifa,Kuainisha shughuli mbalimbali za kujenga ushirikiano na kukuza uchumi wa Taifa
2023-JSS048-Kidato I,"Kulinda historia ya Tanzania, urithi na maadili ya Taifa",Kubaini fursa mbalimbali za kujenga ushirikiano na kukuza uchumi wa kitaifa,Kufafanua namna shughuli mbalimbali zinavyochangia kujenga ushirikiano na kukuza uchumi wa Taifa
2023-JSS048-Kidato I,Kumudu historia ya Tanzania na maadili kabla ya ukoloni,"Kuchambua mifumo ya kijamii (elimu, afya, utamaduni) iliyokuza na kuendeleza maadili ya jamii za Kitanzania kabla ya ukoloni",Kubaini mifumo ya kijamii ya Tanzania kabla ya ukoloni
2023-JSS048-Kidato I,Kumudu historia ya Tanzania na maadili kabla ya ukoloni,"Kuchambua mifumo ya kijamii (elimu, afya, utamaduni) iliyokuza na kuendeleza maadili ya jamii za Kitanzania kabla ya ukoloni",Kueleza mifumo ya kijamii ya Tanzania ilivyokuza maadili kabla ya ukoloni
2023-JSS048-Kidato I,Kumudu historia ya Tanzania na maadili kabla ya ukoloni,Kuchambua mifumo iliyokuza na kuendeleza uchumi na siasa katika jamii za Kitanzania kabla ya ukoloni,Kubaini mifumo ya kiuchumi na kisiasa katika jamii za Kitanzania kabla ya ukoloni
2023-JSS048-Kidato I,Kumudu historia ya Tanzania na maadili kabla ya ukoloni,Kuchambua mifumo iliyokuza na kuendeleza uchumi na siasa katika jamii za Kitanzania kabla ya ukoloni,Kueleza jinsi mifumo ya kisiasa na kiuchumi ilivyokuza na kuendeleza shughuli za kiuchumi na kisiasa kabla ya ukoloni
2023-JSS048-Kidato I,Kumudu historia ya Tanzania na maadili kabla ya ukoloni,Kuchambua mifumo iliyokuza na kuendeleza uchumi na siasa katika jamii za Kitanzania kabla ya ukoloni,"Kufafanua uhusiano kati ya jamii za Kitanzania na za Mashariki ya Kati, Mashariki ya Mbali na Ulaya katika kuendeleza shughuli za kiuchumi na kisiasa kabla ya ukoloni"
2023-JSS048-Kidato I,Kumudu historia ya Tanzania na maadili kabla ya ukoloni,Kuchambua mifumo iliyokuza na kuendeleza uchumi na siasa katika jamii za Kitanzania kabla ya ukoloni,Kutathmini mchango wa mifumo ya kisiasa na kiuchumi katika kukuza maadili ya jamii za Kitanzania kabla ya ukoloni
2023-JSS048-Kidato I,Kumudu historia ya Tanzania na maadili kabla ya ukoloni,Kutathmini vichocheo vya mabadiliko ya sayansi na teknolojia katika jamii za Kitanzania kabla ya ukoloni,Kueleza hali ya sayansi na teknolojia katika jamii za Kitanzania kabla ya ukoloni
2023-JSS048-Kidato I,Kumudu historia ya Tanzania na maadili kabla ya ukoloni,Kutathmini vichocheo vya mabadiliko ya sayansi na teknolojia katika jamii za Kitanzania kabla ya ukoloni,Kubaini vichocheo vya mabadiliko ya sayansi na teknolojia katika jamii za Kitanzania kabla ya ukoloni
2023-JSS048-Kidato II,"Kumudu historia ya Tanzania na maadili wakati wa ukoloni, 1890-1960",Kutumia maarifa na ujuzi wa chimbuko na ukuaji wa mfumo wa ukoloni kuelewa uhusiano wa kihistoria kati ya Tanzania na mataifa yaliyoitawala,Kuchambua chimbuko la ukoloni
2023-JSS048-Kidato II,"Kumudu historia ya Tanzania na maadili wakati wa ukoloni, 1890-1960",Kutumia maarifa na ujuzi wa chimbuko na ukuaji wa mfumo wa ukoloni kuelewa uhusiano wa kihistoria kati ya Tanzania na mataifa yaliyoitawala,"Kubainisha mataifa yaliyoitawala Tanzania na mifumo yake ya kikoloni katika uchumi, utawala na utamaduni"
2023-JSS048-Kidato II,"Kumudu historia ya Tanzania na maadili wakati wa ukoloni, 1890-1960",Kutumia maarifa na ujuzi wa chimbuko na ukuaji wa mfumo wa ukoloni kuelewa uhusiano wa kihistoria kati ya Tanzania na mataifa yaliyoitawala,Kujadili mchango wa mifumo ya kikoloni katika uhusiano wa Tanzania na mataifa yaliyoitawala
2023-JSS048-Kidato II,"Kumudu historia ya Tanzania na maadili wakati wa ukoloni, 1890-1960",Kutathmini athari za mfumo wa ukoloni kwenye maadili ya jamii za Kitanzania,Kueleza hali ya maadili ya jamii za Kitanzania kipindi ukoloni unaingia
2023-JSS048-Kidato II,"Kumudu historia ya Tanzania na maadili wakati wa ukoloni, 1890-1960",Kutathmini athari za mfumo wa ukoloni kwenye maadili ya jamii za Kitanzania,Kuchambua athari za mfumo wa ukoloni katika maadili ya jamii za Kitanzania
2023-JSS048-Kidato II,"Kumudu historia ya Tanzania na maadili wakati wa ukoloni, 1890-1960",Kutathmini athari za mfumo wa ukoloni kwenye maadili ya jamii za Kitanzania,Kubaini maadili yaliyodumishwa na jamii za Kitanzania wakati wa ukoloni
2023-JSS048-Kidato II,"Kumudu historia ya Tanzania na maadili wakati wa ukoloni, 1890-1960",Kuchambua jitihada za jamii za Kitanzania kupinga ukoloni na maadili ya kikoloni,"Kubaini sababu za jamii za Kitanzania kupinga uvamizi wa kikoloni, ukoloni na maadili yake"
2023-JSS048-Kidato II,"Kumudu historia ya Tanzania na maadili wakati wa ukoloni, 1890-1960",Kuchambua jitihada za jamii za Kitanzania kupinga ukoloni na maadili ya kikoloni,"Kujadili njia mbalimbali zilizotumika na jamii za Kitanzania kupinga uvamizi wa kikoloni, ukoloni na maadili yake"
2023-JSS048-Kidato II,"Kumudu historia ya Tanzania na maadili wakati wa ukoloni, 1890-1960",Kuchambua jitihada za jamii za Kitanzania kupinga ukoloni na maadili ya kikoloni,Kufafanua misingi na mbinu zilizotumika kupigania Uhuru wa Tanganyika na Zanzibar
2023-JSS048-Kidato II,"Kumudu historia ya Tanzania na maadili wakati wa ukoloni, 1890-1960",Kuchambua jitihada za jamii za Kitanzania kupinga ukoloni na maadili ya kikoloni,Kutathmini mchango wa harakati za kupinga uvamizi na ukoloni katika kutunza maadili ya Kitanzania na kujenga uzalendo
2023-JSS048-Kidato II,Kumudu historia ya ujenzi wa Taifa na maadili yake katika kipindi cha 1961-1966,"Kuchambua mifumo ya uchumi, siasa, utamaduni, jamii na maadili iliyojengwa, 1961-1966","Kueleza hali ya uchumi, siasa, utamaduni, jamii na maadili mara baada ya uhuru"
2023-JSS048-Kidato II,Kumudu historia ya ujenzi wa Taifa na maadili yake katika kipindi cha 1961-1966,"Kuchambua mifumo ya uchumi, siasa, utamaduni, jamii na maadili iliyojengwa, 1961-1966","Kutathmini mikakati na changamoto za ujenzi wa Taifa kiuchumi, kisiasa, kiutamaduni, kijamii na kimaadili kipindi cha 1961-1966"
2023-JSS048-Kidato II,Kumudu historia ya ujenzi wa Taifa na maadili yake katika kipindi cha 1961-1966,Kumudu historia ya Mapinduzi Matukufu ya Zanzibar,Kueleza chimbuko la Mapinduzi Matukufu ya Zanzibar
2023-JSS048-Kidato II,Kumudu historia ya ujenzi wa Taifa na maadili yake katika kipindi cha 1961-1966,Kumudu historia ya Mapinduzi Matukufu ya Zanzibar,"Kubaini mchango wa Mapinduzi Matukufu ya Zanzibar katika kujenga umoja, mshikamano na maadili miongoni mwa Wazanzibari"
2023-JSS048-Kidato III,Kumudu historia ya ujenzi wa Taifa na maadili yake katika kipindi cha 1961-1966,Kumudu historia ya Muungano wa Tanganyika na Zanzibar,Kufafanua chimbuko la Muungano wa Tanganyika na Zanzibar
2023-JSS048-Kidato III,Kumudu historia ya ujenzi wa Taifa na maadili yake katika kipindi cha 1961-1966,Kumudu historia ya Muungano wa Tanganyika na Zanzibar,Kueleza muundo na misingi ya Muungano wa Tanganyika na Zanzibar
2023-JSS048-Kidato III,Kumudu historia ya ujenzi wa Taifa na maadili yake katika kipindi cha 1961-1966,Kumudu historia ya Muungano wa Tanganyika na Zanzibar,Kutathimini Muungano wa Tanganyika na Zanzibar katika kujenga umoja na maadili ya Kitaifa
2023-JSS048-Kidato III,"Kutathmini ujenzi wa Taifa na maadili wakati wa Azimio la Arusha, 1967-1985","Kuchambua chimbuko la Azimio la Arusha na matokeo yake kiuchumi, kisiasa, kiutamaduni na kimaadili",Kujadili chimbuko la Azimio la Arusha
2023-JSS048-Kidato III,"Kutathmini ujenzi wa Taifa na maadili wakati wa Azimio la Arusha, 1967-1985","Kuchambua chimbuko la Azimio la Arusha na matokeo yake kiuchumi, kisiasa, kiutamaduni na kimaadili","Kufafanua misingi na mchango wa Azimio la Arusha katika ujenzi wa Taifa kiuchumi, kisiasa, kijamii na kimaadili"
2023-JSS048-Kidato III,"Kutathmini ujenzi wa Taifa na maadili wakati wa Azimio la Arusha, 1967-1985","Kuchambua chimbuko la Azimio la Arusha na matokeo yake kiuchumi, kisiasa, kiutamaduni na kimaadili","Kutathmini changamoto za Azimio la Arusha kiuchumi, kisiasa, kijamii na kimaadili"
2023-JSS048-Kidato III,"Kutathmini ujenzi wa Taifa na maadili wakati wa Azimio la Arusha, 1967-1985",Kueleza nafasi ya Tanzania katika kujenga uhusiano wa kikanda,Kufafanua dhana ya uhusiano wa kikanda na ujenzi wa Taifa
2023-JSS048-Kidato III,"Kutathmini ujenzi wa Taifa na maadili wakati wa Azimio la Arusha, 1967-1985",Kueleza nafasi ya Tanzania katika kujenga uhusiano wa kikanda,Kueleza mchango wa Tanzania katika kukuza uhusiano wa kikanda na kujenga utaifa (EAC & SADC)
2023-JSS048-Kidato III,"Kutathmini ujenzi wa Taifa na maadili wakati wa Azimio la Arusha, 1967-1985",Kueleza nafasi ya Tanzania katika kujenga uhusiano wa kikanda,Kubaini changamoto za uhusiano wa kikanda katika ujenzi wa Taifa
2023-JSS048-Kidato III,Kufanya utafiti wa historia na maadili ya Tanzania,Kumudu misingi ya utafiti wa kihistoria,"Kueleza dhana, misingi na maadili ya utafiti wa kihistoria"
2023-JSS048-Kidato III,Kufanya utafiti wa historia na maadili ya Tanzania,Kumudu misingi ya utafiti wa kihistoria,Kuchambua hatua na mchakato wa utafiti wa kihistoria
2023-JSS048-Kidato III,Kufanya utafiti wa historia na maadili ya Tanzania,Kutumia misingi ya utafiti wa kihistoria kufanya kazi mradi,Kubuni na kufanya kazimradi kuhusu historia ya Tanzania na maadili
2023-JSS048-Kidato IV,"Kutathmini historia ya Tanzania na maadili wakati wa uliberali, 1986 hadi sasa",Kuchambua chimbuko la uliberali na utandawazi,Kufafanua dhana ya uliberali na utandawazi
2023-JSS048-Kidato IV,"Kutathmini historia ya Tanzania na maadili wakati wa uliberali, 1986 hadi sasa",Kuchambua chimbuko la uliberali na utandawazi,Kubaini vichocheo vilivyosababisha Tanzania kuingia katika mfumo wa uliberali na utandawazi
2023-JSS048-Kidato IV,"Kutathmini historia ya Tanzania na maadili wakati wa uliberali, 1986 hadi sasa",Kuchambua chimbuko la uliberali na utandawazi,"Kueleza athari za uliberali na utandawazi katika mifumo ya uchumi, utamaduni, siasa na maadili"
2023-JSS048-Kidato IV,"Kutathmini historia ya Tanzania na maadili wakati wa uliberali, 1986 hadi sasa",Kuchambua chimbuko la uliberali na utandawazi,Kubaini jitihada zinazochukuliwa na Tanzania kudhibiti athari mbaya za uliberali na utandawazi
2023-JSS048-Kidato IV,"Kutathmini historia ya Tanzania na maadili wakati wa uliberali, 1986 hadi sasa",Kuishi maadili mema ya Kitanzania wakati wa uliberali na utandawazi,Kujadili matendo ya uadilifu katika muktadha wa uliberali na utandawazi
2023-JSS048-Kidato IV,"Kutathmini historia ya Tanzania na maadili wakati wa uliberali, 1986 hadi sasa",Kuishi maadili mema ya Kitanzania wakati wa uliberali na utandawazi,Kujadili mikakati mbalimbali ya kuhamasisha na kuelimisha jamii kuhusu maadili ya Kitanzania
2023-JSS048-Kidato IV,Kumudu muundo na kazi za Serikali ya Jamhuri ya Muungano wa Tanzania,Kueleza muundo na kazi za Serikali ya Jamhuri ya Muungano wa Tanzania na Serikali ya Mapinduzi ya Zanzibar,Kuchambua muundo na kazi za mhimili tendaji (Executive) ya Serikali ya Jamhuri ya Muungano wa Tanzania na Serikali ya Mapinduzi Zanzibar
2023-JSS048-Kidato IV,Kumudu muundo na kazi za Serikali ya Jamhuri ya Muungano wa Tanzania,Kueleza muundo na kazi za Serikali ya Jamhuri ya Muungano wa Tanzania na Serikali ya Mapinduzi ya Zanzibar,Kuchambua muundo na kazi za Bunge la Jamhuri na za Baraza la Wawakilishi Zanzibar
2023-JSS048-Kidato IV,Kumudu muundo na kazi za Serikali ya Jamhuri ya Muungano wa Tanzania,Kueleza muundo na kazi za Serikali ya Jamhuri ya Muungano wa Tanzania na Serikali ya Mapinduzi ya Zanzibar,Kuchambua muundo na kazi za Mahakama katika pande zote za Muungano
2023-JSS048-Kidato IV,Kumudu muundo na kazi za Serikali ya Jamhuri ya Muungano wa Tanzania,Kubaini muundo na kazi za Serikali za Mitaa,Kueleza dhana na chimbuko la serikali za mitaa
2023-JSS048-Kidato IV,Kumudu muundo na kazi za Serikali ya Jamhuri ya Muungano wa Tanzania,Kubaini muundo na kazi za Serikali za Mitaa,Kuchambua muundo na kazi za serikali za mitaa katika ngazi mbalimbali za Jamhuri ya Muungano
2023-JSS048-Kidato IV,Kufanya utafiti wa historia ya Tanzania na maadili,Kutumia misingi ya utafiti wa kihistoria kufanya kazimradi,Kukamilisha kazimradi iliyoanza Kidato cha III na kuiwasilisha kwa tathmini
2023-JSS048-Kidato V,"Kulinda historia ya Tanzania, urithi na maadili ya taifa","Kumudu historia, utambulisho na maadili ya taifa","Kueleza dhana na uhusiano wa kinadharia uliopo kati ya historia, utambulisho na maadili ya taifa"
2023-JSS048-Kidato V,"Kulinda historia ya Tanzania, urithi na maadili ya taifa","Kumudu historia, utambulisho na maadili ya taifa",Kujadili misingi ya kihistoria iliyounda utambulisho na maadili ya taifa
2023-JSS048-Kidato V,"Kulinda historia ya Tanzania, urithi na maadili ya taifa","Kumudu historia, utambulisho na maadili ya taifa",Kuchambua nafasi ya historia na maadili katika kujenga fahari ya taifa
2023-JSS048-Kidato V,"Kulinda historia ya Tanzania, urithi na maadili ya taifa","Kumudu historia, utambulisho na maadili ya taifa",Kutathmini nafasi ya Tunu za taifa na maadili katika kujenga misingi ya uongozi bora
2023-JSS048-Kidato V,"Kulinda historia ya Tanzania, urithi na maadili ya taifa","Kumudu historia, utambulisho na maadili ya taifa","Kubaini mikakati ya kulinda historia, utambulisho na maadili ya taifa"
2023-JSS048-Kidato V,"Kulinda historia ya Tanzania, urithi na maadili ya taifa",Kutathmini mchango wa historia na urithi katika kuchangia maendeleo ya taifa,Kufafanua dhana ya urithi wa taifa
2023-JSS048-Kidato V,"Kulinda historia ya Tanzania, urithi na maadili ya taifa",Kutathmini mchango wa historia na urithi katika kuchangia maendeleo ya taifa,Kubaini historia na urithi wa taifa katika maeneo mbalimbali nchini
2023-JSS048-Kidato V,"Kulinda historia ya Tanzania, urithi na maadili ya taifa",Kutathmini mchango wa historia na urithi katika kuchangia maendeleo ya taifa,Kujadili mchango wa historia na urithi katika maendeleo ya taifa
2023-JSS048-Kidato V,"Kulinda historia ya Tanzania, urithi na maadili ya taifa",Kutathmini mchango wa historia na urithi katika kuchangia maendeleo ya taifa,Kuchambua uhusiano uliopo kati ya maadili na urithi katika kuleta maendeleo ya taifa
2023-JSS048-Kidato V,"Kulinda historia ya Tanzania, urithi na maadili ya taifa",Kutathmini mchango wa historia na urithi katika kuchangia maendeleo ya taifa,Kujadili njia bora za uhifadhi wa urithi ili kuleta maendeleo endelevu kwa taifa
2023-JSS048-Kidato V,"Kulinda historia ya Tanzania, urithi na maadili ya taifa",Kutumia fursa mbalimbali zitokanazo na historia na urithi wa Tanzania kujenga ushirikiano na kukuza biashara ya kimataifa,Kubaini fursa za kiuwekezaji zitokanazo na vivutio vya kihistoria na urithi wa Tanzania
2023-JSS048-Kidato V,"Kulinda historia ya Tanzania, urithi na maadili ya taifa",Kutumia fursa mbalimbali zitokanazo na historia na urithi wa Tanzania kujenga ushirikiano na kukuza biashara ya kimataifa,Kujadili nafasi ya historia na urithi wa Tanzania katika kujenga ushirikiano na kukuza biashara ya kimataifa
2023-JSS048-Kidato V,"Kulinda historia ya Tanzania, urithi na maadili ya taifa",Kutumia fursa mbalimbali zitokanazo na historia na urithi wa Tanzania kujenga ushirikiano na kukuza biashara ya kimataifa,Kubaini vitendo vya kimaadili na visivyo vya kimaadili vinavyoweza kukuza au kudumaza fursa zitokanazo na historia na urithi
2023-JSS048-Kidato V,Kumudu historia ya Tanzania na maadili kabla ya ukoloni,Kutathmini vichocheo vya maendeleo ya jamii za Kitanzania na maadili yake kabla ya ukoloni,Kueleza vichocheo vya maendeleo ya jamii za Kitanzania kabla ya ukoloni
2023-JSS048-Kidato V,Kumudu historia ya Tanzania na maadili kabla ya ukoloni,Kutathmini vichocheo vya maendeleo ya jamii za Kitanzania na maadili yake kabla ya ukoloni,Kutathmini maadili ya jamii za Kitanzania na namna yalivyochochea maendeleo kabla ya ukoloni
2023-JSS048-Kidato V,Kumudu historia ya Tanzania na maadili kabla ya ukoloni,Kutathmini vichocheo vya maendeleo ya jamii za Kitanzania na maadili yake kabla ya ukoloni,Kuchambua mifumo ya kusimamia maadili katika jamii za Kitanzania kabla ya ukoloni
2023-JSS048-Kidato V,Kumudu historia ya Tanzania na maadili kabla ya ukoloni,Kuelezea uhusiano wa jamii za Kitanzania na jamii nyingine duniani kabla ya ukoloni,Kuchambua uhusiano wa jamii za Kitanzania na jamii nyingine za Kiafrika kabla ya ukoloni
2023-JSS048-Kidato V,Kumudu historia ya Tanzania na maadili kabla ya ukoloni,Kuelezea uhusiano wa jamii za Kitanzania na jamii nyingine duniani kabla ya ukoloni,"Kuchambua uhusiano baina ya jamii za Kitanzania na zile za Ulaya, Mashariki ya Kati na Mashariki ya Mbali"
2023-JSS048-Kidato V,Kumudu historia ya Tanzania na maadili kabla ya ukoloni,Kuelezea uhusiano wa jamii za Kitanzania na jamii nyingine duniani kabla ya ukoloni,Kuhusianisha mifumo ya maadili ya jamii nyingine duniani na jamii za Kitanzania kabla ya ukoloni
2023-JSS048-Kidato V,Kumudu historia ya Tanzania na maadili kabla ya ukoloni,Kuhusianisha mapokeo ya mifumo ya kihistoria katika kuelezea maadili ya Kitanzania,Kujadili mabadiliko katika historia na maadili yaliyotokana na uhusiano wa kihistoria
2023-JSS048-Kidato V,Kumudu historia ya Tanzania na maadili kabla ya ukoloni,Kuhusianisha mapokeo ya mifumo ya kihistoria katika kuelezea maadili ya Kitanzania,Kuchambua matokeo ya mapokeo ya mifumo ya kihistoria na maadili ya Kitanzania kabla ya ukoloni
2023-JSS048-Kidato V,Kumudu historia ya Tanzania na maadili kabla ya ukoloni,Kuhusianisha mapokeo ya mifumo ya kihistoria katika kuelezea maadili ya Kitanzania,Kujadili mapokeo ya kidini na namna yalivyochangia katika kujenga maadili ya jamii za Kitanzania kabla ya ukoloni
2023-JSS048-Kidato V,"Kumudu historia ya Tanzania na maadili wakati wa ukoloni, 1890-1960",Kutathmini ukoloni kama nguvu laini (soft power) ya kujenga mwelekeo mpya wa jamii,Kueleza dhana ya ukoloni kama nguvu laini (soft power) na nguvu ngumu (hard power)
2023-JSS048-Kidato V,"Kumudu historia ya Tanzania na maadili wakati wa ukoloni, 1890-1960",Kutathmini ukoloni kama nguvu laini (soft power) ya kujenga mwelekeo mpya wa jamii,Kueleza chimbuko la ukoloni na kuenea kwake Tanzania
2023-JSS048-Kidato V,"Kumudu historia ya Tanzania na maadili wakati wa ukoloni, 1890-1960",Kutathmini ukoloni kama nguvu laini (soft power) ya kujenga mwelekeo mpya wa jamii,"Kuchambua athari za ukoloni kisiasa, kiuchumi, kijamii, kiutamaduni na maadili"
2023-JSS048-Kidato V,"Kumudu historia ya Tanzania na maadili wakati wa ukoloni, 1890-1960",Kutathmini ukoloni kama nguvu laini (soft power) ya kujenga mwelekeo mpya wa jamii,Kujadili uzalendo na ujasiri wa Watanzania waliopinga mfumo wa ukoloni na maadili ya utamaduni
2023-JSS048-Kidato V,"Kumudu historia ya Tanzania na maadili wakati wa ukoloni, 1890-1960",Kuchambua mchango wa ukoloni katika mfumo wa maadili ya Kitanzania,Kueleza maadili na mfumo wa usimamizi uliojengwa wakati wa ukoloni
2023-JSS048-Kidato V,"Kumudu historia ya Tanzania na maadili wakati wa ukoloni, 1890-1960",Kuchambua mchango wa ukoloni katika mfumo wa maadili ya Kitanzania,Kuhusianisha maadili yaliyojengwa kabla ya ukoloni na yale ya wakati wa ukoloni
2023-JSS048-Kidato V,"Kumudu historia ya Tanzania na maadili wakati wa ukoloni, 1890-1960",Kuchambua mchango wa ukoloni katika mfumo wa maadili ya Kitanzania,Kuchambua athari za ukoloni katika mfumo wa maadili ya Kitanzania
2023-JSS048-Kidato V,Kufanya kazi mradi ya historia ya Tanzania na maadili,Kufanya kazi mradi ya historia ya Tanzania na maadili,"Bainisha changamoto yoyote ya kihistoria iliyopo katika jamii, kisha andaa kazi mradi ili kupata ufumbuzi."
2023-JSS048-Kidato VI,Kumudu historia ya ujenzi wa taifa na maadili yake katika kipindi cha 1961-1966,Kumudu chimbuko la ukoloni mamboleo,Kueleza dhana na chimbuko la ukoloni mamboleo
2023-JSS048-Kidato VI,Kumudu historia ya ujenzi wa taifa na maadili yake katika kipindi cha 1961-1966,Kumudu chimbuko la ukoloni mamboleo,"Kuchambua athari za ukoloni mamboleo kwa Tanzania kiuchumi, kisiasa, kijamii kiutamaduni na kimaadili"
2023-JSS048-Kidato VI,Kumudu historia ya ujenzi wa taifa na maadili yake katika kipindi cha 1961-1966,Kumudu chimbuko la ukoloni mamboleo,Kutathmini mikakati ya kitaifa katika kupambana na ukoloni mamboleo
2023-JSS048-Kidato VI,Kumudu historia ya ujenzi wa taifa na maadili yake katika kipindi cha 1961-1966,Kutathmini mabadiliko ya mifumo ya ulinzi na usalama wa taifa,Kueleza chimbuko la mifumo ya ulinzi na usalama wa taifa
2023-JSS048-Kidato VI,Kumudu historia ya ujenzi wa taifa na maadili yake katika kipindi cha 1961-1966,Kutathmini mabadiliko ya mifumo ya ulinzi na usalama wa taifa,Kuchambua hatua za mabadiliko ya mifumo ya ulinzi na usalama wa taifa baada ya uhuru
2023-JSS048-Kidato VI,Kumudu historia ya ujenzi wa taifa na maadili yake katika kipindi cha 1961-1966,Kutathmini mabadiliko ya mifumo ya ulinzi na usalama wa taifa,Kutathmini nafasi ya maadili katika kujenga mifumo imara ya ulinzi na usalama wa taifa
2023-JSS048-Kidato VI,Kumudu historia ya ujenzi wa taifa na maadili yake katika kipindi cha 1961-1966,Kutathmini mabadiliko ya mifumo ya ulinzi na usalama wa taifa,Kujadili umuhimu wa wananchi kushiriki katika shughuli za ulinzi na usalama
2023-JSS048-Kidato VI,Kumudu historia ya ujenzi wa taifa na maadili yake katika kipindi cha 1961-1966,Kuchambua visababishi vya mabadiliko ya sera ya mambo ya nje na uhusiano ya kimataifa,Kueleza chimbuko na misingi ya Sera ya mambo ya nje ya Jamhuri ya Muungano wa Tanzania
2023-JSS048-Kidato VI,Kumudu historia ya ujenzi wa taifa na maadili yake katika kipindi cha 1961-1966,Kuchambua visababishi vya mabadiliko ya sera ya mambo ya nje na uhusiano ya kimataifa,Kujadili mabadiliko ya Sera ya mambo ya nje na uhusiano wa kimataifa tangu 1964
2023-JSS048-Kidato VI,Kumudu historia ya ujenzi wa taifa na maadili yake katika kipindi cha 1961-1966,Kuchambua visababishi vya mabadiliko ya sera ya mambo ya nje na uhusiano ya kimataifa,Kuchambua nafasi ya Sera ya mambo ya nje na uhusiano wa kimataifa katika kudumisha na kulinda maadili ya Kitanzania
2023-JSS048-Kidato VI,Kumudu historia ya ujenzi wa taifa na maadili yake katika kipindi cha 1961-1966,"Kutathmini mchango wa Mapinduzi Matukufu ya Zanzibar katika kudumisha uhuru, umoja, na amani ya kitaifa.",Kueleza falsafa ya Mapinduzi Matukufu ya Zanzibar
2023-JSS048-Kidato VI,Kumudu historia ya ujenzi wa taifa na maadili yake katika kipindi cha 1961-1966,"Kutathmini mchango wa Mapinduzi Matukufu ya Zanzibar katika kudumisha uhuru, umoja, na amani ya kitaifa.","Kujadili mchango wa Mapinduzi Matukufu ya Zanzibar katika kudumisha uhuru, umoja na amani ya kitaifa"
2023-JSS048-Kidato VI,Kumudu historia ya ujenzi wa taifa na maadili yake katika kipindi cha 1961-1966,"Kutathmini mchango wa Mapinduzi Matukufu ya Zanzibar katika kudumisha uhuru, umoja, na amani ya kitaifa.",Kuchambua matendo ya kimaadili katika kuenzi Mapinduzi Matukufu ya Zanzibar
2023-JSS048-Kidato VI,"Kutathmini ujenzi wa Taifa na maadili yake wakati wa Azimio la Arusha, 1967-1985","Kuchambua chimbuko la Azimio la Arusha na matokeo yake kiuchumi, kisiasa, kiutamaduni na kimaadili.",Kufafanua falsafa ya Azimio la Arusha
2023-JSS048-Kidato VI,"Kutathmini ujenzi wa Taifa na maadili yake wakati wa Azimio la Arusha, 1967-1985","Kuchambua chimbuko la Azimio la Arusha na matokeo yake kiuchumi, kisiasa, kiutamaduni na kimaadili.",Kutathmini mifumo na misingi mipya ya kimaadili iliyoanzishwa na Azimio la Arusha
2023-JSS048-Kidato VI,"Kutathmini ujenzi wa Taifa na maadili yake wakati wa Azimio la Arusha, 1967-1985","Kuchambua chimbuko la Azimio la Arusha na matokeo yake kiuchumi, kisiasa, kiutamaduni na kimaadili.","Kuchambua athari za Azimio la Arusha kiuchumi, kisiasa, kijamii, kimaadili, kiutamaduni na katika uhusiano wa kimataifa"
2023-JSS048-Kidato VI,"Kutathmini ujenzi wa Taifa na maadili yake wakati wa Azimio la Arusha, 1967-1985","Kuchambua chimbuko la Azimio la Arusha na matokeo yake kiuchumi, kisiasa, kiutamaduni na kimaadili.",Kutathmini umuhimu (relevance) wa Azimio la Arusha katika mazingira ya sasa
2023-JSS048-Kidato VI,"Kutathmini ujenzi wa Taifa na maadili yake wakati wa Azimio la Arusha, 1967-1985",Kutathmini nafasi ya Tanzania katika kujenga uhusiano wa kikanda,Kueleza mchango wa Tanzania katika kuundwa na kukua (evolution) kwa jumuiya za kikanda
2023-JSS048-Kidato VI,"Kutathmini ujenzi wa Taifa na maadili yake wakati wa Azimio la Arusha, 1967-1985",Kutathmini nafasi ya Tanzania katika kujenga uhusiano wa kikanda,Kuchambua fursa zitokanazo na ushiriki wa Tanzania katika uhusiano wa kikanda
2023-JSS048-Kidato VI,"Kutathmini ujenzi wa Taifa na maadili yake wakati wa Azimio la Arusha, 1967-1985",Kutathmini nafasi ya Tanzania katika kujenga uhusiano wa kikanda,Kutathmini mchango wa lugha ya Kiswahili katika uhusiano wa kikanda
2023-JSS048-Kidato VI,"Kutathmini ujenzi wa Taifa na maadili yake wakati wa Azimio la Arusha, 1967-1985",Kutathmini nafasi ya Tanzania katika kujenga uhusiano wa kikanda,Kutathmini ushiriki wa Tanzania katika mapambano dhidi ya rushwa na ujenzi wa utawala bora kikanda
2023-JSS048-Kidato VI,"Kutathmini historia ya Tanzania na maadili wakati wa uliberali, 1986 hadi sasa","Kutafsiri mabadiliko ya kiuchumi, kisiasa, kiutamaduni na kimaadili katika kipindi cha uliberali na utandawazi kuanzia 1986 hadi sasa","Kueleza falsafa ya mabadiliko ya kiuchumi, kisiasa, kiutamaduni, na kimaadili katika kipindi cha uliberali hadi sasa"
2023-JSS048-Kidato VI,"Kutathmini historia ya Tanzania na maadili wakati wa uliberali, 1986 hadi sasa","Kutafsiri mabadiliko ya kiuchumi, kisiasa, kiutamaduni na kimaadili katika kipindi cha uliberali na utandawazi kuanzia 1986 hadi sasa","Kujadili athari za mfumo wa kiliberali kiuchumi, kisiasa, kiutamaduni na kimaadili"
2023-JSS048-Kidato VI,"Kutathmini historia ya Tanzania na maadili wakati wa uliberali, 1986 hadi sasa","Kutafsiri mabadiliko ya kiuchumi, kisiasa, kiutamaduni na kimaadili katika kipindi cha uliberali na utandawazi kuanzia 1986 hadi sasa","Kuchambua mifumo ya kitaasisi iliyoundwa kuratibu, kulinda na kuzuia vitendo vya ukiukwaji wa maadili ya Taifa katika kipindi cha uliberali hadi sasa"
2023-JSS048-Kidato VI,Kufanya kazi mradi ya historia ya Tanzania na maadili,Kufanya kazi mradi ya historia ya Tanzania na maadili,Kukamilisha na kuwasilisha taarifa ya kazi mradi kuhusu historia ya Tanzania na maadili ulioianza kidato cha tano
2023-JSS046-Kidato V,Demonstrate mastery in principles and practice of tourism,"Demonstrate an understanding of concepts, components and impacts of tourism operations","Describe the concepts of tourism (meaning, trends and patterns, forms, types and motivational factors)"
2023-JSS046-Kidato V,Demonstrate mastery in principles and practice of tourism,"Demonstrate an understanding of concepts, components and impacts of tourism operations",Explain components and characteristics of tourism products and services
2023-JSS046-Kidato V,Demonstrate mastery in principles and practice of tourism,"Demonstrate an understanding of concepts, components and impacts of tourism operations","Explain the impacts of tourism (economic, social-cultural and environmental)"
2023-JSS046-Kidato V,Demonstrate mastery in principles and practice of tourism,"Demonstrate an understanding of concepts, components and impacts of tourism operations",Explore internal and external factors affecting tourism
2023-JSS046-Kidato V,Demonstrate mastery in principles and practice of tourism,"Demonstrate an understanding of concepts, components and impacts of tourism operations",Explain organisations responsible for tourism development
2023-JSS046-Kidato V,Demonstrate mastery in principles and practice of tourism,Apply basic hospitality and customer service in tourism operations,"Explain the concepts of hospitality industry (meaning, hospitality personnel, importance)"
2023-JSS046-Kidato V,Demonstrate mastery in principles and practice of tourism,Apply basic hospitality and customer service in tourism operations,Describe concept of accommodation (meaning and types)
2023-JSS046-Kidato V,Demonstrate mastery in principles and practice of tourism,Apply basic hospitality and customer service in tourism operations,Describe hotel departments (core and supportive)
2023-JSS046-Kidato V,Demonstrate mastery in principles and practice of tourism,Apply basic hospitality and customer service in tourism operations,"Explain concepts of customer service (Meaning, types, roles, customer expectations, importance and professional customer service skills)"
2023-JSS046-Kidato V,Demonstrate mastery in principles and practice of tourism,Apply basic hospitality and customer service in tourism operations,"Practice and procedures for handling customers’ complaints (causes, techniques and importance)"
2023-JSS046-Kidato V,Demonstrate mastery in principles and practice of tourism,Demonstrate an understanding of travel and tourism operation,Explain basic concepts of travel and tourism operation (meaning and functions of tour intermediaries)
2023-JSS046-Kidato V,Demonstrate mastery in principles and practice of tourism,Demonstrate an understanding of travel and tourism operation,"Describe the tourism transportation systems (modes and means, entry and exit points)"
2023-JSS046-Kidato V,Demonstrate mastery in principles and practice of tourism,Demonstrate an understanding of travel and tourism operation,Describe basics of travel procedures and formalities
2023-JSS046-Kidato V,Demonstrate mastery in principles and practice of tourism,Apply tour guiding in tour operations,"Explain basic concepts of tour guiding (meaning, categories, ethics, roles)"
2023-JSS046-Kidato V,Demonstrate mastery in principles and practice of tourism,Apply tour guiding in tour operations,"Explain process for organising and conducting tour (pre-tour arrangement, on-tour arrangement and post-tour arrangement)"
2023-JSS046-Kidato V,Demonstrate mastery in principles and practice of tourism,Apply tour guiding in tour operations,"Identify and interpret biotic resources by characteristic and behaviour (mammals, birds, fish, reptiles, amphibians and plants)"
2023-JSS046-Kidato V,Demonstrate mastery in principles and practice of tourism,Apply tour guiding in tour operations,Conducting tours in cultural and natural resources
2023-JSS046-Kidato V,Demonstrate mastery in principles and practice of tourism,Apply tour guiding in tour operations,"Explain tour guiding technology, challenges and resilience"
2023-JSS046-Kidato V,Demonstrate mastery in principles and practice of tourism,Apply safety and security measures in tourism operations,"Describe basic concepts of safety and security (Meaning, and importance)"
2023-JSS046-Kidato V,Demonstrate mastery in principles and practice of tourism,Apply safety and security measures in tourism operations,"Manage crises and risks in tourism operations, (types, impacts and strategies)"
2023-JSS046-Kidato V,Demonstrate mastery in principles and practice of tourism,Apply safety and security measures in tourism operations,"Employ emergency care and first aid techniques in tourism operations (emergency care, first aid kit and techniques, institutions responsible for first aid, emergency and security )"
2023-JSS046-Kidato V,Demonstrate mastery in principles of sustainable tourism,Demonstrate sustainable tourism,"Describe concepts of sustainable tourism (meaning, principles, pillars and impacts)"
2023-JSS046-Kidato V,Demonstrate mastery in principles of sustainable tourism,Demonstrate sustainable tourism,Describe the roles of stakeholders in sustainable tourism
2023-JSS046-Kidato V,Demonstrate mastery in principles of sustainable tourism,Demonstrate sustainable tourism,Discuss challenges for implementing sustainable tourism practices
2023-JSS046-Kidato V,Conduct a project in tourism,Conduct a project in tourism .,Design and carry out a project on tourism/ hospitality
2023-JSS046-Kidato VI,Demonstrate mastery in principles of sustainable tourism,"Understand the concept of conservation, management and protection of tourism resources","Describe basic concepts of tourism resources (natural and cultural resources focusing on significance, threats and mitigation measures)"
2023-JSS046-Kidato VI,Demonstrate mastery in principles of sustainable tourism,"Understand the concept of conservation, management and protection of tourism resources","Describe protected areas (categories, importance, challenges and management strategies)"
2023-JSS046-Kidato VI,Demonstrate mastery in principles of sustainable tourism,Understand global and national trends in tourism geography and statistics,Explain concepts of tourism geography (meaning and linkage between geographical aspects and tourism).
2023-JSS046-Kidato VI,Demonstrate mastery in principles of sustainable tourism,Understand global and national trends in tourism geography and statistics,"Describe tourism statistics (sources, types importance and relations to the country’s economy)."
2023-JSS046-Kidato VI,Demonstrate mastery of tourism marketing and innovation,Demonstrate an understanding of the principles of marketing in the travel and tourism industry,"Describe the concept of tourism marketing products and services (meaning, principles and importance)"
2023-JSS046-Kidato VI,Demonstrate mastery of tourism marketing and innovation,Demonstrate an understanding of the principles of marketing in the travel and tourism industry,"Describe tourism market segmentation (meaning, types, characteristics, segmentation based on destination, and importance)"
2023-JSS046-Kidato VI,Demonstrate mastery of tourism marketing and innovation,Demonstrate an understanding of the principles of marketing in the travel and tourism industry,Describe the basic concepts of the tourism marketing mix (4Ps)
2023-JSS046-Kidato VI,Demonstrate mastery of tourism marketing and innovation,Apply marketing strategy and digital techniques to promote tourism products and services,Describe the digital marketing approach of the tourism products and services
2023-JSS046-Kidato VI,Demonstrate mastery of tourism marketing and innovation,Apply innovation and entrepreneurship skills in tourism businesses,"Describe the concepts of innovation and entrepreneurship in tourism (meaning, principles, types, characteristics, and importance)"
2023-JSS046-Kidato VI,Demonstrate mastery of tourism marketing and innovation,Apply innovation and entrepreneurship skills in tourism businesses,"Develop tourism and hospitality business ideas (types, motivation, requirements, and challenges)"
2023-JSS046-Kidato VI,Demonstrate mastery of tourism marketing and innovation,Apply innovation and entrepreneurship skills in tourism businesses,Describe digital tools for enhancing the marketing of tourism products and services
2023-JSS046-Kidato VI,Conduct a project in tourism,Conduct a project in tourism,Complete and submit the project report initiated in form V
2023-JSS033-Kidato V,Master advanced Chinese language skills,Develop the understanding of Chinese language basics and principles,Pronounce simple minimal pair sentences (example tongue twisters and couplet)
2023-JSS033-Kidato V,Master advanced Chinese language skills,Develop the understanding of Chinese language basics and principles,Identify words with the same meanings but different orthography
2023-JSS033-Kidato V,Master advanced Chinese language skills,Develop the understanding of Chinese language basics and principles,Identify words with the same orthography but different meanings
2023-JSS033-Kidato V,Master advanced Chinese language skills,Develop the understanding of Chinese language basics and principles,Write the Chinese character with 18- 19 strokes
2023-JSS033-Kidato V,Master advanced Chinese language skills,Develop Chinese language vocabulary,Infer meaning of unfamiliar words from a complex oral text
2023-JSS033-Kidato V,Master advanced Chinese language skills,Develop Chinese language vocabulary,Infer meaning of unfamiliar words from a complex written text
2023-JSS033-Kidato V,Master advanced Chinese language skills,Use appropriate vocabulary and grammar in different contexts,Express simple ideas orally using appropriate vocabulary and grammar
2023-JSS033-Kidato V,Master advanced Chinese language skills,Use appropriate vocabulary and grammar in different contexts,"Use advanced grammar and vocabulary (tenses and subject-verb agreement) to describe events, objects and situations"
2023-JSS033-Kidato V,Master advanced Chinese language skills,Use appropriate vocabulary and grammar in different contexts,Express simple ideas in writing using appropriate vocabulary and grammar
2023-JSS033-Kidato V,Demonstrate higher understanding of Chinese language in conversation and written texts,Develop understanding of Chinese language conversations and texts,Listen and comprehend simple oral texts from different contexts
2023-JSS033-Kidato V,Demonstrate higher understanding of Chinese language in conversation and written texts,Develop understanding of Chinese language conversations and texts,"Read and understand authentic texts on familiar topics and situations (e.g. email messages, blogs, letters, newspaper)"
2023-JSS033-Kidato V,Demonstrate higher understanding of Chinese language in conversation and written texts,Develop understanding of Chinese language conversations and texts,Respond to complex oral messages with confidence and autonomy
2023-JSS033-Kidato V,Demonstrate higher understanding of Chinese language in conversation and written texts,Develop understanding of Chinese language conversations and texts,"Deduce meaning of unknown words and expressions from different oral and written texts (e.g. announcements, news items, dialogues)"
2023-JSS033-Kidato V,Communicate effectively in conversations and written texts,Demonstrate the ability to communicate orally,Pronounce words correctly
2023-JSS033-Kidato V,Communicate effectively in conversations and written texts,Demonstrate the ability to communicate orally,Deliver short speeches and announcements on various events
2023-JSS033-Kidato V,Communicate effectively in conversations and written texts,Demonstrate the ability to communicate orally,Narrate past and future events
2023-JSS033-Kidato V,Communicate effectively in conversations and written texts,Demonstrate ability to communicate in writing,"Prepare different documents such as announcements, official and non-official letters, resume/ curriculum vitae (CV), vote of thanks/welcoming remarks, invitation Cards/ letters, speeches and filling in forms"
2023-JSS033-Kidato V,Translate and interpret,Translate complex texts,"Translate a variety of documents (e.g. fliers, brochures, posters, banners, speeches, invitation Cards/ letters, resume/ curriculum vitae (CV), reports, contracts, and wills)"
2023-JSS033-Kidato VI,Master advanced Chinese language skills,Develop the understanding of Chinese language basics and principles,Pronounce complex minimal pair sentences (example tongue twisters)
2023-JSS033-Kidato VI,Master advanced Chinese language skills,Develop the understanding of Chinese language basics and principles,Construct sentences with complex structure
2023-JSS033-Kidato VI,Master advanced Chinese language skills,Develop the understanding of Chinese language basics and principles,Write the Chinese character with 20-21 strokes
2023-JSS033-Kidato VI,Master advanced Chinese language skills,Develop Chinese language vocabulary,"Form new word through word formation processes eg (compounding, blending, clipping)"
2023-JSS033-Kidato VI,Master advanced Chinese language skills,Develop Chinese language vocabulary,"Infer the meanings of new words using context, technical dictionary, thesaurus and encyclopaedia"
2023-JSS033-Kidato VI,Master advanced Chinese language skills,Use appropriate vocabulary and grammar in different contexts,"Use advanced vocabulary and grammar ( e.g. adverbs, prepositions, conjunctions and measure words) to describe field specific past, present and future events"
2023-JSS033-Kidato VI,Master advanced Chinese language skills,Use appropriate vocabulary and grammar in different contexts,"Compose a passage using appropriate vocabulary and grammar themed on a particular context (e.g. school, home, hospital, national park, museum, gym/playground)"
2023-JSS033-Kidato VI,Master advanced Chinese language skills,Use appropriate vocabulary and grammar in different contexts,"Write an essay using appropriate vocabulary and grammar based on a particular topic (e.g environmental pollution, diseases, corruption)"
2023-JSS033-Kidato VI,Demonstrate higher understanding of Chinese language in conversation and written texts,Develop understanding of Chinese language conversations and texts,"Infer different kinds of meanings of words e.g. (denotative, connotative, figurative) from oral information and written texts"
2023-JSS033-Kidato VI,Demonstrate higher understanding of Chinese language in conversation and written texts,Develop understanding of Chinese language conversations and texts,"Recognize the main ideas, opinions, emotions and attitudes from oral and written texts themed on daily routine (e.g. personal, family, shopping and leisure activities)"
2023-JSS033-Kidato VI,Demonstrate higher understanding of Chinese language in conversation and written texts,Develop understanding of Chinese language conversations and texts,"Retell, rewrite and summarize the story heard from oral presentation or read text"
2023-JSS033-Kidato VI,Demonstrate higher understanding of Chinese language in conversation and written texts,Develop understanding of Chinese language conversations and texts,Deduce rhetorical and implied meanings from conversations
2023-JSS033-Kidato VI,Communicate effectively in conversations and written texts,Demonstrate the ability to communicate orally,Participate in debate and interview on various topics
2023-JSS033-Kidato VI,Communicate effectively in conversations and written texts,Demonstrate the ability to communicate orally,"Act in roles that involve different verbal expressions (shouting, yelling, crying out, speaking up, and talking through)"
2023-JSS033-Kidato VI,Communicate effectively in conversations and written texts,Demonstrate ability to communicate in writing,"Compose a variety of complex texts (e.g. investigative reports, academic reports, contracts, wills, complex instructional manuals) with appropriate punctuation and style"
2023-JSS033-Kidato VI,Translate and interpret,Translate complex texts,Translate a variety of texts using Computer-Assisted Translation (CAT) tools
2023-JSS033-Kidato VI,Translate and interpret,Provide Interpretation,"Interpret complex oral texts (e.g. speeches, announcement, classroom conversations/dialogues, and interview)"
2023-JSS039-Kidato V,"Demonstrate mastery of some advanced concepts, theories and principles of theatre arts",Demonstrate an understanding of the development of theatre arts and its major trends,"Describe the major trends in the development of theatre worldwide (naturalism, realism, symbolism, expressionism and theatre of the absurd)"
2023-JSS039-Kidato V,"Demonstrate mastery of some advanced concepts, theories and principles of theatre arts",Demonstrate an understanding of the development of theatre arts and its major trends,Explain the major trends in the development of theatre in Africa (theatre for social change)
2023-JSS039-Kidato V,"Demonstrate mastery of some advanced concepts, theories and principles of theatre arts","Demonstrate an understanding of the history and principles of scriptwriting, acting and directing","Explain the emergence and development of scriptwriting for stage, film, radio and television"
2023-JSS039-Kidato V,"Demonstrate mastery of some advanced concepts, theories and principles of theatre arts","Demonstrate an understanding of the history and principles of scriptwriting, acting and directing","Describe principles of scriptwriting for stage, film, radio and television"
2023-JSS039-Kidato V,"Demonstrate mastery of some advanced concepts, theories and principles of theatre arts","Demonstrate an understanding of the history and principles of scriptwriting, acting and directing","Describe various software used for scriptwriting (Celtx, Movie Magic screenwriter)"
2023-JSS039-Kidato V,"Demonstrate mastery of some advanced concepts, theories and principles of theatre arts",Demonstrate mastery of the methods of identifying an ideal performing space,Describe the methods and techniques of identifying an ideal performing space
2023-JSS039-Kidato V,"Demonstrate mastery of some advanced concepts, theories and principles of theatre arts",Demonstrate mastery of the methods of identifying an ideal performing space,Design an area for staging a theatrical performance
2023-JSS039-Kidato V,Perform theatre arts,"Compose theatrical works for stage, film, radio and television","Write script for stage, film, radio and television"
2023-JSS039-Kidato V,Perform theatre arts,"Perform and direct theatrical works for stage, film, radio and television",Perform for stage and film
2023-JSS039-Kidato V,Perform theatre arts,"Perform and direct theatrical works for stage, film, radio and television",Perform for radio drama and television drama
2023-JSS039-Kidato V,Perform theatre arts,Use ICT in theatre arts,Use digital technology to produce stage and film programmes
2023-JSS039-Kidato V,Perform theatre arts,Demonstrate an understanding of ethics and professional conduct in theatre arts,Describe the rights and responsibilities of an artist
2023-JSS039-Kidato V,Perform theatre arts,Demonstrate an understanding of ethics and professional conduct in theatre arts,Identify the regulatory institutions and organisations dealing with the rights of an artist
2023-JSS039-Kidato V,Perform theatre arts,Demonstrate an understanding of ethics and professional conduct in theatre arts,Discuss ethical issues in theatrical productions focusing on mise- en-scene (stage and film)
2023-JSS039-Kidato V,Demonstrate mastery of the creative use of language in theatre,Demonstrate an understanding of the theories and principles related to the use of body language in theatrical works,Explain principles of using body language
2023-JSS039-Kidato V,Demonstrate mastery of the creative use of language in theatre,Demonstrate an understanding of the theories and principles related to the use of body language in theatrical works,Describe theories of using body language
2023-JSS039-Kidato V,Demonstrate mastery of the creative use of language in theatre,Use body language to prepare and present theatrical works,Produce a mimetic play
2023-JSS039-Kidato VI,"Demonstrate mastery of some advanced concepts, theories and principles of theatre arts","Demonstrate an understanding of the history and principles of scriptwriting, acting and directing","Explain the emergence and development of directing for stage, film, radio and television"
2023-JSS039-Kidato VI,"Demonstrate mastery of some advanced concepts, theories and principles of theatre arts","Demonstrate an understanding of the history and principles of scriptwriting, acting and directing","Describe principles of directing for stage, film, radio and television"
2023-JSS039-Kidato VI,"Demonstrate mastery of some advanced concepts, theories and principles of theatre arts",Demonstrate mastery of the principles of managing theatrical events,Explain principles and processes for preparing and managing a theatrical event
2023-JSS039-Kidato VI,"Demonstrate mastery of some advanced concepts, theories and principles of theatre arts",Demonstrate mastery of the principles of managing theatrical events,Manage a theatrical event
2023-JSS039-Kidato VI,Perform theatre arts,"Perform and direct theatrical works for stage, film, radio and television",Direct for stage and film
2023-JSS039-Kidato VI,Perform theatre arts,"Perform and direct theatrical works for stage, film, radio and television",Direct for radio and television
2023-JSS039-Kidato VI,Perform theatre arts,Use ICT in theatre arts,Use digital technology to produce radio and television programmes
2023-JSS039-Kidato VI,Perform theatre arts,Demonstrate an understanding of ethics and professional conduct in theatre arts,Describe ethical issues in theatrical productions by focusing on mise- en-scene (radio and television)
2023-JSS029-Kidato V,Kumudu dhana na misingi ya fasihi,Kukuza uelewa wa dhana ya fasihi,Kufafanua dhana ya fasihi kwa kurejelea wataalamu mbalimbali
2023-JSS029-Kidato V,Kumudu dhana na misingi ya fasihi,Kukuza uelewa wa dhana ya fasihi,Kujadili mitazamo mbalimbali kuhusu dhana ya fasihi
2023-JSS029-Kidato V,Kumudu dhana na misingi ya fasihi,Kukuza uelewa wa dhana ya fasihi,Kujadili ubora na udhaifu kuhusu mitazamo ya dhana ya fasihi
2023-JSS029-Kidato V,Kumudu dhana na misingi ya fasihi,Kutathmini nadharia za chimbuko la fasihi,Kujadili nadharia za chimbuko la fasihi
2023-JSS029-Kidato V,Kumudu dhana na misingi ya fasihi,Kuchambua uhusiano kati ya fasihi simulizi na fasihi andishi,Kufafanua tanzu na vipera vya fasihi simulizi na fasihi andishi
2023-JSS029-Kidato V,Kumudu dhana na misingi ya fasihi,Kuchambua uhusiano kati ya fasihi simulizi na fasihi andishi,Kueleza mchango wa fasihi simulizi katika maendeleo ya fasihi andishi
2023-JSS029-Kidato V,Kumudu dhana na misingi ya fasihi,Kuchambua uhusiano kati ya fasihi simulizi na fasihi andishi,Kutathmini athari za sayansi na teknolojia katika maendeleo ya fasihi simulizi na fasihi andishi
2023-JSS029-Kidato V,Kumudu dhana na misingi ya fasihi,Kuchambua uhusiano kati ya fasihi simulizi na fasihi andishi,Kujadili mchango wa fasihi simulizi na fasihi andishi katika maendeleo ya jamii
2023-JSS029-Kidato V,Kumudu dhana na misingi ya fasihi,Kuchambua uhusiano kati ya fasihi simulizi na fasihi andishi,Kuhusianisha fasihi simulizi na fasihi andishi
2023-JSS029-Kidato V,Kuthamini kazi za fasihi,Kuonesha uelewa wa misingi ya kutathmini kazi za fasihi,Kujadili mitazamo inayohusu fani na maudhui
2023-JSS029-Kidato V,Kuthamini kazi za fasihi,Kuonesha uelewa wa misingi ya kutathmini kazi za fasihi,Kuhusianisha fani na maudhui katika kazi za fasihi
2023-JSS029-Kidato V,Kuthamini kazi za fasihi,Kuonesha uelewa wa misingi ya kutathmini kazi za fasihi,Kueleza dhima za vipengele vya fani na maudhui katika kazi za fasihi
2023-JSS029-Kidato V,Kuthamini kazi za fasihi,Kutathmini nadharia za uhakiki wa kazi za fasihi,Kuchambua nadharia za uhakiki wa kazi za fasihi
2023-JSS029-Kidato V,Kuthamini kazi za fasihi,Kuhakiki kazi za fasihi kwa kutumia misingi na nadharia mbalimbali,Kutumia nadharia kuhakiki kazi za fasihi simulizi (maigizo) na fasihi andishi (mashairi na tamthiliya) za waandishi wakongwe na chipukizi walioteuliwa
2023-JSS029-Kidato V,Kuthamini kazi za fasihi,Kuhakiki kazi za fasihi kwa kutumia misingi na nadharia mbalimbali,Kutathmini mchango wa nadharia za uhakiki katika maendeleo ya ushairi na tamthiliya
2023-JSS029-Kidato V,Kuthamini kazi za fasihi,Kutumia fasihi kutathmini maadili na mitazamo katika jamii,"Kueleza maadili yaliyomo katika nyimbo za bongo fleva, mashairi na tamthiliya"
2023-JSS029-Kidato V,Kuthamini kazi za fasihi,Kutumia fasihi kutathmini maadili na mitazamo katika jamii,"Kulinganisha maadili yaliyomo katika bongo fleva, mashairi, tamthiliya na imani za jamii"
2023-JSS029-Kidato V,Kuthamini kazi za fasihi,Kutumia fasihi kutathmini maadili na mitazamo katika jamii,"Kueleza mitazamo iliyomo katika bongo fleva, mashairi na tamthiliya"
2023-JSS029-Kidato V,Kuthamini kazi za fasihi,Kutumia fasihi kutathmini maadili na mitazamo katika jamii,"Kuhusianisha mitazamo iliyomo katika nyimbo za bongo fleva, mashairi na tamthiliya na matendo ya jamii"
2023-JSS029-Kidato V,Kuthamini kazi za fasihi,Kutumia fasihi kutathmini maadili na mitazamo katika jamii,"Kujadili namna athari za kiimani na kimitazamo katika bongo fleva, mashairi na tamthiliya zinavyojidhihirisha katika jamii"
2023-JSS029-Kidato V,Kujenga ujumi,Kumudu mbinu zinazotumika kujenga ujumi katika kazi za fasihi,Kueleza mbinu zinazotumika kujenga ujumi katika kazi za fasihi
2023-JSS029-Kidato V,Kujenga ujumi,Kumudu mbinu zinazotumika kujenga ujumi katika kazi za fasihi,"Kuchambua mbinu zilizotumika kujenga ujumi katika kazi teule za majigambo, mashairi na tamthiliya"
2023-JSS029-Kidato V,Kujenga ujumi,Kutathmini maana mbalimbali za kazi za fasihi,"Kuibua maana mbalimbali zinazopatikana katika matini/ insha za kifasihi, mashairi na tamthiliya"
2023-JSS029-Kidato V,Kujenga ujumi,Kutathmini maana mbalimbali za kazi za fasihi,Kujadili namna mbinu za kifasihi zinavyoathiri kupatikana kwa maana katika mashairi na tamthiliya
2023-JSS029-Kidato V,Kujenga ujumi,Kutumia fasihi kujenga hoja zenye mantiki na ushawishi,Kufafanua misingi ya ujenzi wa hoja zenye mantiki na ushawishi katika fasihi
2023-JSS029-Kidato V,Kujenga ujumi,Kutumia fasihi kujenga hoja zenye mantiki na ushawishi,Kutumia misingi ya ujenzi wa hoja zenye mantiki na ushawishi katika kutathmini matendo ya wahusika wa kazi za fasihi
2023-JSS029-Kidato V,Kujenga ujumi,Kutumia fasihi kujenga hoja zenye mantiki na ushawishi,Kuwasilisha hoja zenye mantiki na ushawishi katika miktadha mbalimbali kwa kutumia maarifa ya kifasihi
2023-JSS029-Kidato V,Kubuni kazi changamani za fasihi,Kutambua fursa zinazotokana na kazi za fasihi ya Kiswahili,Kueleza miktadha inayochagiza utunzi wa kazi za fasihi
2023-JSS029-Kidato V,Kubuni kazi changamani za fasihi,Kutambua fursa zinazotokana na kazi za fasihi ya Kiswahili,Kujadili fursa zinazotokana na kazi za fasihi
2023-JSS029-Kidato V,Kubuni kazi changamani za fasihi,Kutambua fursa zinazotokana na kazi za fasihi ya Kiswahili,Kufafanua mchango wa TEHAMA katika kutambua fursa zinazotokana na kazi za fasihi
2023-JSS029-Kidato V,Kubuni kazi changamani za fasihi,Kumudu kanuni za utunzi wa kazi za fasihi,Kueleza hatua za utunzi wa kazi za fasihi simulizi (maigizo) na fasihi andishi (mashairi na hadithi za watoto)
2023-JSS029-Kidato V,Kubuni kazi changamani za fasihi,Kutunga kazi za fasihi,Kutunga kazi za fasihi simulizi (maigizo) na fasihi andishi (mashairi na hadithi za watoto) kwa kuzingatia kanuni
2023-JSS029-Kidato VI,Kumudu dhana na misingi ya fasihi,Kuhusianisha fasihi ya Kiswahili na fasihi kwa Kiswahili,Kufafanua dhana ya fasihi ya Kiswahili na fasihi kwa Kiswahili
2023-JSS029-Kidato VI,Kumudu dhana na misingi ya fasihi,Kuhusianisha fasihi ya Kiswahili na fasihi kwa Kiswahili,Kuchambua sifa za fasihi ya Kiswahili na fasihi kwa Kiswahili kwa kurejelea kazi teule
2023-JSS029-Kidato VI,Kumudu dhana na misingi ya fasihi,Kuhusianisha fasihi ya Kiswahili na fasihi kwa Kiswahili,Kujadili mchango wa fasihi ya Kiswahili katika maendeleo ya fasihi kwa Kiswahili
2023-JSS029-Kidato VI,Kumudu dhana na misingi ya fasihi,Kuhusianisha fasihi ya Kiswahili na fasihi kwa Kiswahili,Kujadili mchango wa fasihi kwa Kiswahili katika maendeleo ya fasihi ya Kiswahili
2023-JSS029-Kidato VI,Kumudu dhana na misingi ya fasihi,Kutathmini maendeleo ya fasihi ya Kiswahili kitaifa na kimataifa,Kufafanua maendeleo ya fasihi ya Kiswahili kitaifa na kimataifa kabla ya uhuru
2023-JSS029-Kidato VI,Kumudu dhana na misingi ya fasihi,Kutathmini maendeleo ya fasihi ya Kiswahili kitaifa na kimataifa,Kuchambua maendeleo ya fasihi ya Kiswahili kitaifa na kimataifa baada ya uhuru
2023-JSS029-Kidato VI,Kumudu dhana na misingi ya fasihi,Kutathmini maendeleo ya fasihi ya Kiswahili kitaifa na kimataifa,Kujadili athari za sayansi na teknolojia katika maendeleo ya fasihi ya Kiswahili kitaifa na kimataifa
2023-JSS029-Kidato VI,Kuthamini kazi za fasihi,Kuhakiki kazi za fasihi kwa kutumia misingi na nadharia mbalimbali,Kutumia nadharia kuchambua kazi za fasihi simulizi (hadithi simulizi) na fasihi andishi (hadithi fupi na riwaya) za waandishi wakongwe na chipukizi walioteuliwa
2023-JSS029-Kidato VI,Kuthamini kazi za fasihi,Kuhakiki kazi za fasihi kwa kutumia misingi na nadharia mbalimbali,Kujadili mchango wa nadharia za uhakiki katika maendeleo ya hadithi fupi na riwaya
2023-JSS029-Kidato VI,Kuthamini kazi za fasihi,Kutumia fasihi kutathmini maadili na mitazamo katika jamii,"Kufafanua maadili yaliyomo katika semi, hadithi fupi na riwaya"
2023-JSS029-Kidato VI,Kuthamini kazi za fasihi,Kutumia fasihi kutathmini maadili na mitazamo katika jamii,"Kulinganisha maadili yaliyomo katika semi, hadithi fupi na riwaya na imani za jamii"
2023-JSS029-Kidato VI,Kuthamini kazi za fasihi,Kutumia fasihi kutathmini maadili na mitazamo katika jamii,"Kuchambua mitazamo iliyomo katika semi, hadithi fupi na riwaya"
2023-JSS029-Kidato VI,Kuthamini kazi za fasihi,Kutumia fasihi kutathmini maadili na mitazamo katika jamii,"Kulinganisha mitazamo iliyomo katika semi, hadithi fupi na riwaya na matendo ya jamii"
2023-JSS029-Kidato VI,Kuthamini kazi za fasihi,Kutumia fasihi kutathmini maadili na mitazamo katika jamii,"Kujadili namna athari za kiimani na kimitazamo zilizomo katika semi, hadithi fupi na riwaya zinavyojidhihirisha katika jamii"
2023-JSS029-Kidato VI,Kujenga ujumi,Kumudu mbinu zinazotumika kujenga ujumi katika kazi za fasihi,"Kuchambua mbinu zinazotumika kujenga ujumi katika ngonjera, hadithi fupi na riwaya"
2023-JSS029-Kidato VI,Kujenga ujumi,Kumudu mbinu zinazotumika kujenga ujumi katika kazi za fasihi,Kutumia mbinu za ujumi kusimulia na kutunga matini/ insha za kisanaa
2023-JSS029-Kidato VI,Kujenga ujumi,Kutathmini maana mbalimbali za kazi za kifasihi,Kuibua maana mbalimbali zinazopatikana katika fasihi simulizi (semi) na fasihi andishi (hadithi fupi na riwaya)
2023-JSS029-Kidato VI,Kujenga ujumi,Kutathmini maana mbalimbali za kazi za kifasihi,"Kujadili namna mbinu za kifasihi zinavyoathiri kupatikana kwa maana katika masimulizi, hadithi fupi na riwaya"
2023-JSS029-Kidato VI,Kujenga ujumi,Kutumia fasihi kujenga hoja zenye mantiki na ushawishi,Kuwasilisha hoja zenye mantiki na ushawishi kuhusu maudhui yanayojitokeza katika kazi za fasihi
2023-JSS029-Kidato VI,Kujenga ujumi,Kutumia fasihi kujenga hoja zenye mantiki na ushawishi,"Kutumia maarifa ya fasihi kutunga matini zenye hoja, mantiki na ushawishi"
2023-JSS029-Kidato VI,Kubuni kazi changamani za fasihi,Kumudu kanuni za utunzi wa kazi za fasihi,Kufafanua hatua za utunzi wa kazi za fasihi andishi (tamthiliya na riwaya)
2023-JSS029-Kidato VI,Kubuni kazi changamani za fasihi,Kutunga kazi za fasihi,Kutunga tamthiliya na riwaya kwa kuzingatia kanuni za utunzi
2023-JSS029-Kidato VI,Kubuni kazi changamani za fasihi,Kutunga kazi za fasihi,Kuigiza tamthiliya mbalimbali
2023-JSS029-Kidato VI,Kubuni kazi changamani za fasihi,Kutunga kazi za fasihi,"Kujadili mchango wa TEHAMA katika uchapaji, uchapishaji na usambazaji wa kazi za fasihi"
2023-JSS041-Kidato V,"Demonstrate mastery of the concepts, theories and principles of Accounting","Demonstrate an understanding of concepts, theories and principles of Accounting","Describe the conceptual framework of accounting (objectives of general-purpose financial statements, users and qualitative characteristics of useful accounting information)"
2023-JSS041-Kidato V,"Demonstrate mastery of the concepts, theories and principles of Accounting","Demonstrate an understanding of concepts, theories and principles of Accounting","Describe the concepts and principles applied in the accounting for inventories (meaning, types, valuation methods, stock estimation and insurance claims)"
2023-JSS041-Kidato V,"Demonstrate mastery of the concepts, theories and principles of Accounting","Demonstrate an understanding of concepts, theories and principles of Accounting","Describe the concepts and principles applied in the accounting of payroll (meaning, forms and methods of employees’ remuneration and deductions)"
2023-JSS041-Kidato V,"Demonstrate mastery of the concepts, theories and principles of Accounting","Demonstrate an understanding of concepts, theories and principles of Accounting","Describe the concepts and principles applied in the accounting of investments (meaning, types and terminologies)"
2023-JSS041-Kidato V,"Demonstrate mastery of the concepts, theories and principles of Accounting","Demonstrate an understanding of concepts, theories and principles of Accounting","Describe the concepts and principles applied in the accounting of businesses operating with branches (meaning and nature, types and transactions involved)"
2023-JSS041-Kidato V,"Demonstrate mastery of the concepts, theories and principles of Accounting","Demonstrate an understanding of concepts, theories and principles of Accounting","Describe the concepts and principles applied in the accounting of royalties (meaning, types and terminologies)"
2023-JSS041-Kidato V,"Demonstrate mastery of the concepts, theories and principles of Accounting","Demonstrate an understanding of concepts, theories and principles of Accounting","Describe the concepts and principles applied in the accounting of non-current assets (nature, types, valuation and measurement methods, depreciation and disposal)"
2023-JSS041-Kidato V,"Demonstrate mastery of the concepts, theories and principles of Accounting","Demonstrate an understanding of concepts, theories and principles of Accounting","Describe the concepts and principles applied in the accounting of hire purchases (meaning, nature and terminologies)"
2023-JSS041-Kidato V,"Demonstrate mastery of the concepts, theories and principles of Accounting",Preparing an accounting work plan,Describe how to develop an accounting action plan
2023-JSS041-Kidato V,"Demonstrate mastery of the concepts, theories and principles of Accounting",Preparing an accounting work plan,Develop an accounting action plan
2023-JSS041-Kidato V,Preparing accounting reports,Prepare and maintain accounting records,"Prepare and maintain accounting records related to inventories (using: different stock- taking systems (perpetual and periodic) and using different inventory valuation methods (FIFO, LIFO and weighted average))"
2023-JSS041-Kidato V,Preparing accounting reports,Prepare and maintain accounting records,"Prepare and maintain accounting records related to payroll (computations of gross pay and net pay, payroll summary for remunerations and deductions, and journal entries)"
2023-JSS041-Kidato V,Preparing accounting reports,Prepare and maintain accounting records,Prepare and maintain accounting records related to equity-based investments (acquisition and disposal using different price quotations; returns on investments)
2023-JSS041-Kidato V,Preparing accounting reports,Prepare and maintain accounting records,Prepare and maintain accounting records related to businesses operating with branches (ledger accounts for dependent and independent branches)
2023-JSS041-Kidato V,Preparing accounting reports,Prepare and maintain accounting records,Prepare and maintain accounting records related to royalties (in the books of the lessor and lessee when the contract provides minimum rent and when it does not provide minimum rent)
2023-JSS041-Kidato V,Preparing accounting reports,Prepare and maintain accounting records,"Prepare and maintain accounting records related to non-current assets (valuation, depreciation and disposal)"
2023-JSS041-Kidato V,Preparing accounting reports,Prepare and maintain accounting records,Prepare and maintain accounting records related to hire purchases (in the books of hire vendors and hire purchasers)
2023-JSS041-Kidato V,Preparing accounting reports,Prepare and maintain accounting records,Evaluate the impact of using different inventory valuation methods on reported profits/ losses and the financial position of a business
2023-JSS041-Kidato V,Preparing accounting reports,Adjust records in financial statements,Perform relevant computations to correct various accounting errors using a suspense account
2023-JSS041-Kidato V,Preparing accounting reports,Adjust records in financial statements,"Analyse the impact of various accounting errors (commission, principle, original entry and transposition) on the reported profit/loss and the financial position of a business"
2023-JSS041-Kidato VI,"Demonstrate mastery of the concepts, theories and principles of accounting","Demonstrate an understanding of concepts, theories and principles of accounting","Describe the concepts and principles applied in preparing records and financial statements relating to dissolution and amalgamation of partnerships (meaning, reasons/causes, procedures and realisation)"
2023-JSS041-Kidato VI,"Demonstrate mastery of the concepts, theories and principles of accounting","Demonstrate an understanding of concepts, theories and principles of accounting","Describe the concepts and principles applied in preparing records and financial statements relating to companies (meaning, types, reserves, retained earnings, dividends and procedures for raising share capital)"
2023-JSS041-Kidato VI,"Demonstrate mastery of the concepts, theories and principles of accounting","Demonstrate an understanding of concepts, theories and principles of accounting","Describe the concepts and principles of cost and management accounting (Cost accounting: meaning, importance and classification of costs; Cost-Volume-Profit model: meaning, assumptions and limitations, contribution margin and break-even point; Budgeting: meaning, objectives and types)"
2023-JSS041-Kidato VI,"Demonstrate mastery of the concepts, theories and principles of accounting","Demonstrate an understanding of concepts, theories and principles of accounting","Describe the concepts and principles relating to the analysis and interpretation of financial statements (meaning, objectives, techniques, categories of ratios and limitations)"
2023-JSS041-Kidato VI,Prepare accounting reports,Prepare and maintain accounting records,Prepare and maintain accounting records and financial statements relating to dissolution and amalgamation of partnerships (accounts and statements before and after dissolution and amalgamation)
2023-JSS041-Kidato VI,Prepare accounting reports,Prepare and maintain accounting records,"Prepare and maintain accounting records and financial statements relating to limited companies (ledger accounts for issue of shares, statements of profit/loss and other comprehensive income, financial position, cash flows and changes in equity excluding debentures, forfeiture and reissue of shares and redemption of preference shares)"
2023-JSS041-Kidato VI,Prepare accounting reports,Use accounting principles,"Classify costs by behaviour and perform Cost-Volume-Profit (CVP) analysis (compute the break-even quantity and revenue, target quantity and revenue excluding multiple products)"
2023-JSS041-Kidato VI,Prepare accounting reports,Use accounting principles,"Prepare operating budgets (sales, production, purchases, direct labour, overheads and master budget excluding credit sales and credit purchases)"
2023-JSS041-Kidato VI,Demonstrate mastery of professional ethics in Accountancy,Demonstrate an understanding of the principles and practice of professional ethics in Accountancy,"Describe the professional code of ethics for Accountants (integrity, objectivity, professional competence and due care, confidentiality and professional behaviour)"
2023-JSS041-Kidato VI,Use ICT to analyse financial statements,Use computer programmes in financial analysis,"Use accounting packages to analyse financial statements (profitability, liquidity, efficiency and financial leverage ratios excluding market- based ratios)"
2023-JSS031-Kidato V,Kuishi kwa mujibu wa itikadi ya Uislamu,Kuchambua dhana ya Elimu kwa mtazamo wa Uislamu,Kutofautisha maana na malengo ya elimu baina ya Uislamu na itikadi nyingine
2023-JSS031-Kidato V,Kuishi kwa mujibu wa itikadi ya Uislamu,Kuchambua dhana ya Elimu kwa mtazamo wa Uislamu,Kubainisha nafasi na umuhimu wa elimu
2023-JSS031-Kidato V,Kuishi kwa mujibu wa itikadi ya Uislamu,Kuchambua dhana ya Elimu kwa mtazamo wa Uislamu,Kubainisha dhana potofu kuhusu elimu na athari zake
2023-JSS031-Kidato V,Kuishi kwa mujibu wa itikadi ya Uislamu,Kuchambua dhana ya Elimu kwa mtazamo wa Uislamu,Kuchambua mchango wa Waislamu katika fani za sayansi na teknolojia
2023-JSS031-Kidato V,Kuishi kwa mujibu wa itikadi ya Uislamu,Kuthibitisha usahihi wa Itikadi ya Uislamu,Kubainisha tofauti kati ya itikadi ya Uislamu na itikadi nyingine na athari zake
2023-JSS031-Kidato V,Kuishi kwa mujibu wa itikadi ya Uislamu,Kuthamini nguzo za Imani ya Kiislamu,Kuchambua nguzo za Imani
2023-JSS031-Kidato V,Kuishi kwa mujibu wa itikadi ya Uislamu,Kuthamini nguzo za Imani ya Kiislamu,Kupambanua athari za nguzo za Imani katika maisha
2023-JSS031-Kidato V,Kuthamini Qur’an na Sunnah,Kuthibitisha kuwa Qur’an ni maneno ya Allah (S.W),Kuchambua hoja potofu zinazoelezwa dhidi ya Qur’an
2023-JSS031-Kidato V,Kuthamini Qur’an na Sunnah,Kuthibitisha kuwa Qur’an ni maneno ya Allah (S.W),Kuonesha hoja zinazothibitisha kuwa Qur’an ni maneno ya Allah (S.W)
2023-JSS031-Kidato V,Kuthamini Qur’an na Sunnah,Kuchambua misingi ya kufasiri Qur’an,Kufafanua dhana ya tafsiri ya Qur’an
2023-JSS031-Kidato V,Kuthamini Qur’an na Sunnah,Kuchambua misingi ya kufasiri Qur’an,Kufafanua ngazi za tafsiri ya Qur’an
2023-JSS031-Kidato V,Kuthamini Qur’an na Sunnah,Kuchambua misingi ya kufasiri Qur’an,Kufafanua dhana ya Sababun Nuzul katika kufasiri Qur’an
2023-JSS031-Kidato V,Kuthamini Qur’an na Sunnah,Kuchambua misingi ya kufasiri Qur’an,Kufafanua masharti ya mfasiri wa Qur’an
2023-JSS031-Kidato V,Kuthamini Qur’an na Sunnah,Kuchambua misingi ya kufasiri Qur’an,Kubainisha dhana ya Nasikh na Mansukh
2023-JSS031-Kidato V,Kuthamini Qur’an na Sunnah,Kuchambua dhana ya Sunnah,Kuchambua hoja potofu zinazonasibishwa na Sunnah
2023-JSS031-Kidato V,Kuthamini Qur’an na Sunnah,Kuchambua dhana ya Sunnah,Kuchambua hoja za ukubalifu wa Hadithi
2023-JSS031-Kidato V,Kuthamini Qur’an na Sunnah,Kuchambua dhana ya Sunnah,Kubainisha umuhimu wa kutekeleza Sunnah
2023-JSS031-Kidato V,Kumtumikia Allah (S.W) katika nyanja zote za maisha,Kutathmini utekelezaji wa nguzo za Uislamu,Kuonesha kutegemeana kwa nguzo za Uislamu katika utekelezaji wake
2023-JSS031-Kidato V,Kumtumikia Allah (S.W) katika nyanja zote za maisha,Kutathmini utekelezaji wa nguzo za Uislamu,Kubainisha masharti na matendo ya nguzo za Uislamu yanavyofanikisha malengo yake
2023-JSS031-Kidato V,Kumtumikia Allah (S.W) katika nyanja zote za maisha,Kutathmini mifumo ya maisha kwa mujibu wa Uislamu,Kubainisha dhana ya mfumo wa maisha
2023-JSS031-Kidato V,Kumtumikia Allah (S.W) katika nyanja zote za maisha,Kutathmini mifumo ya maisha kwa mujibu wa Uislamu,Kujadili mifumo ya maisha iliyopo na athari zake
2023-JSS031-Kidato V,Kumtumikia Allah (S.W) katika nyanja zote za maisha,Kutathmini mifumo ya maisha kwa mujibu wa Uislamu,Kuthibitisha mfumo sahihi anaostahiki mwanadamu kuufuata
2023-JSS031-Kidato V,Kuthamini historia katika kuimarisha Haki na Uadilifu katika jamii,Kufafanua dhana ya Historia kwa mujibu wa Uislamu,Kubainisha dhana ya historia katika Uislamu
2023-JSS031-Kidato V,Kuthamini historia katika kuimarisha Haki na Uadilifu katika jamii,Kufafanua dhana ya Historia kwa mujibu wa Uislamu,Kufafanua historia ya mwanadamu
2023-JSS031-Kidato V,Kuthamini historia katika kuimarisha Haki na Uadilifu katika jamii,Kutathmini historia ya Uislamu kabla ya Mtume Muhammad (S.A.W) hadi hivi sasa,Kufafanua historia ya maisha ya mwanadamu kabla ya Mtume Muhammad (S.A.W)
2023-JSS031-Kidato V,Kuthamini historia katika kuimarisha Haki na Uadilifu katika jamii,Kutathmini historia ya Uislamu kabla ya Mtume Muhammad (S.A.W) hadi hivi sasa,Kufafanua ustawi wa Uislamu wakati wa Mtume Muhammad (S.A.W)
2023-JSS031-Kidato V,Kuthamini historia katika kuimarisha Haki na Uadilifu katika jamii,Kutathmini historia ya Uislamu kabla ya Mtume Muhammad (S.A.W) hadi hivi sasa,Kubainisha ustawi wa Uislamu wakati wa Makhalifa waongofu
2023-JSS031-Kidato VI,Kuishi kwa mujibu wa itikadi ya Uislamu,Kuthibitisha usahihi wa itikadi ya Uislamu,Kuchambua uhusiano wa kiitikadi baina ya Uislamu na itikadi nyingine
2023-JSS031-Kidato VI,Kuishi kwa mujibu wa itikadi ya Uislamu,Kuthibitisha usahihi wa itikadi ya Uislamu,Kuonesha kuwa Uislamu ni dini anayostahiki kuifuata mwanadamu
2023-JSS031-Kidato VI,Kuishi kwa mujibu wa itikadi ya Uislamu,Kuthamini nguzo za Imani ya Kiislamu,Kuchambua nguzo za Imani
2023-JSS031-Kidato VI,Kuishi kwa mujibu wa itikadi ya Uislamu,Kuthamini nguzo za Imani ya Kiislamu,Kufafanua nguzo ya Ihsan
2023-JSS031-Kidato VI,Kuthamini Qur’an na Sunnah,Kuchambua mambo mtambuka katika jamii kwa mujibu wa Qur’an na Sunnah,Kufafanua mwongozo wa Uislamu kuhusu mambo mtambuka
2023-JSS031-Kidato VI,Kuthamini Qur’an na Sunnah,Kuchambua mambo mtambuka katika jamii kwa mujibu wa Qur’an na Sunnah,Kuchambua mambo mtambuka
2023-JSS031-Kidato VI,Kumtumikia Allah (S.W) katika nyanja zote za maisha,Kufafanua misingi ya Sharia,Kueleza dhana ya Maqasid sharia
2023-JSS031-Kidato VI,Kumtumikia Allah (S.W) katika nyanja zote za maisha,Kufafanua misingi ya Sharia,Kubainisha matumizi ya misingi ya kiada na ziada ya sharia
2023-JSS031-Kidato VI,Kumtumikia Allah (S.W) katika nyanja zote za maisha,Kufafanua misingi ya Sharia,Kubainisha uthabiti wa sharia na unyumbufu wa fat-wa na rai
2023-JSS031-Kidato VI,Kumtumikia Allah (S.W) katika nyanja zote za maisha,Kuthamini matumizi ya Sharia katika miamala,Kubainisha mfumo wa kiuchumi katika Uislamu
2023-JSS031-Kidato VI,Kumtumikia Allah (S.W) katika nyanja zote za maisha,Kuthamini matumizi ya Sharia katika miamala,Kufafanua mfumo wa kijamii katika Uislamu
2023-JSS031-Kidato VI,Kumtumikia Allah (S.W) katika nyanja zote za maisha,Kuthamini matumizi ya Sharia katika miamala,Kubainisha mfumo wa kisiasa katika Uislamu
2023-JSS031-Kidato VI,Kumtumikia Allah (S.W) katika nyanja zote za maisha,Kuthamini matumizi ya Sharia katika miamala,Kubainisha mfumo wa kielimu katika Uislamu
2023-JSS031-Kidato VI,Kumtumikia Allah (S.W) katika nyanja zote za maisha,Kuthamini matumizi ya Sharia katika miamala,Kufafanua mfumo wa kimahakama katika Uislamu
2023-JSS031-Kidato VI,Kuthamini historia katika kuimarisha Haki na Uadilifu katika jamii,Kutathmini historia ya Uislamu kabla ya Mtume Muhammad (S.A.W) hadi hivi sasa,Kufafanua ustawi wa Uislamu wakati wa dola ya Banu Umayyah na Banu Abbas
2023-JSS031-Kidato VI,Kuthamini historia katika kuimarisha Haki na Uadilifu katika jamii,Kutathmini historia ya Uislamu kabla ya Mtume Muhammad (S.A.W) hadi hivi sasa,Kufafanua ustawi wa Uislamu Wakati na Baada ya dola ya Uthmaniyyah
2023-JSS031-Kidato VI,Kuthamini historia katika kuimarisha Haki na Uadilifu katika jamii,Kutathmini historia ya Uislamu kabla ya Mtume Muhammad (S.A.W) hadi hivi sasa,Kufafanua ustawi wa Uislamu Afrika
2023-JSS031-Kidato VI,Kuthamini historia katika kuimarisha Haki na Uadilifu katika jamii,Kujenga mwenendo mwema wa jamii,Kutathmini mbinu za da’awah kulingana na wakati
2023-JSS031-Kidato VI,Kuthamini historia katika kuimarisha Haki na Uadilifu katika jamii,Kujenga mwenendo mwema wa jamii,Kujihusisha na da’awah
2023-JSS037-Kidato V,Demonstrate mastery of some advanced theories and principles of music,Demonstrate an understanding of the fundamentals of music theory,"Describe the fundamentals of reading and writing music based on ABRSM Music Theory Grade V (Rhythm, scales and key signatures, and melody and harmony)"
2023-JSS037-Kidato V,Demonstrate mastery of some advanced theories and principles of music,Demonstrate an understanding of some advanced theories of music,Describe theories related to the origins of different music traditions in East Africa
2023-JSS037-Kidato V,Perform music,Sing local and foreign songs,Sing extended local and foreign songs
2023-JSS037-Kidato V,Perform music,Play local and foreign musical instruments,Use music notation software to write music for pitched musical instruments
2023-JSS037-Kidato V,Perform music,Play local and foreign musical instruments,"Use local and foreign musical instruments (strings, percussion and wind) to accompany songs in an ensemble"
2023-JSS037-Kidato V,Perform music,Demonstrate an understanding of the principles of professional ethical conduct in the music industry,"Discuss the ethics, norms and values governing the music industry in Tanzania (things that are acceptable, and tolerable against the things that are taboo)."
2023-JSS037-Kidato V,Use ICT in the music industry,Use ICT to produce and master music,Mix different song productions using ICT
2023-JSS037-Kidato V,Use ICT in the music industry,Use ICT to produce and master music,Perform the mastering (finishing) of different song productions using ICT
2023-JSS037-Kidato V,Conduct a project in music,Design and conduct a project in music,Design and carry out a project in music
2023-JSS037-Kidato VI,Demonstrate mastery of some advanced theories and principles of music,Demonstrate an understanding of the fundamentals of music theory,"Describe the fundamentals of reading and writing music based on ABRSM Music Theory Grade VI (Rhythm, and melody and harmony)"
2023-JSS037-Kidato VI,Demonstrate mastery of some advanced theories and principles of music,Demonstrate an understanding of some advanced theories of music,Describe the theories related to origins of different music traditions in Africa
2023-JSS037-Kidato VI,Perform music,Compose music in different languages,Transpose various song compositions
2023-JSS037-Kidato VI,Perform music,Compose music in different languages,Modulate songs composed in various languages
2023-JSS037-Kidato VI,Perform music,Compose music in different languages,Transcribe various song compositions
2023-JSS037-Kidato VI,Perform music,Sing local and foreign songs,Sing various multi-part songs using relevant techniques
2023-JSS037-Kidato VI,Perform music,Play local and foreign musical instruments,Use notation software to write music for unpitched musical instruments
2023-JSS037-Kidato VI,Perform music,Play local and foreign musical instruments,"Use local and foreign musical instruments (strings, percussion and wind) to accompany contemporary songs in an ensemble"
2023-JSS037-Kidato VI,Conduct a project in music,Design and conduct a project in music,Complete and submit a report on the project started in Form Five
2023-JSS035-Kidato V,Demonstrate mastery of some advanced theories and principles of Fine Art,Demonstrate an understanding of forms of Fine Art in East and West Africa,Analyse forms of Fine Art in East and West African societies
2023-JSS035-Kidato V,Demonstrate mastery of some advanced theories and principles of Fine Art,Demonstrate an understanding of basic principles of curating works of Fine Art,"Describe the basic principles of curating drawings, paintings and prints"
2023-JSS035-Kidato V,Create works of Fine Art,Create still and moving images,Create single object still images using drawing and painting methods
2023-JSS035-Kidato V,Create works of Fine Art,Create still and moving images,Create thematic compositions of still images using drawing and painting methods
2023-JSS035-Kidato V,Create works of Fine Art,Create artistic works using various techniques,Create prints of various motifs
2023-JSS035-Kidato V,Create works of Fine Art,Create artistic works using various techniques,Create relief detailed realistic sculptures
2023-JSS035-Kidato V,Create works of Fine Art,Create real and abstract drawings and paintings,Create various sketches from observation
2023-JSS035-Kidato V,Create works of Fine Art,Create real and abstract drawings and paintings,Compose sceneries from observation by drawing and painting
2023-JSS035-Kidato V,Use ICT in Fine Art,Use ICT to design and create works of Fine Art,"Use computer software to create drawings, paintings and prints"
2023-JSS035-Kidato V,Conduct a project in Fine Art,Prepare a portfolio of Fine Art works,Create a portfolio of the best artworks created during the year
2023-JSS035-Kidato VI,Demonstrate mastery of some advanced theories and principles of Fine Art,Demonstrate an understanding of forms of Fine Art in East and West Africa,Analyse forms of sculpture and animation in East and West African societies
2023-JSS035-Kidato VI,Demonstrate mastery of some advanced theories and principles of Fine Art,Demonstrate an understanding of basic principles of curating works of Fine Art,Describe the basic principles of curating sculpture and animation artworks
2023-JSS035-Kidato VI,Create works of Fine Art,Create still and video images,Create and animate illustrations using computer software
2023-JSS035-Kidato VI,Create works of Fine Art,Create artistic works using various techniques,Print patterns of themes for specific purposes
2023-JSS035-Kidato VI,Create works of Fine Art,Create artistic works using various techniques,Create detailed 3-dimensional abstract sculptures
2023-JSS035-Kidato VI,Create works of Fine Art,Create real and abstract drawings and paintings,Create various sketches from imagination
2023-JSS035-Kidato VI,Create works of Fine Art,Create real and abstract drawings and paintings,Compose sceneries from imagination by drawing and painting
2023-JSS035-Kidato VI,Conducting a project in Fine Art,Prepare a portfolio of Fine Art works,Create a portfolio of the best artworks created during the year
2023-JSS036-Kidato V,Demonstrate mastery of principles of Food and Nutrition,Demonstrate an understanding of the dietary needs for different groups of people,"Explain the concept of groups with special dietary needs (meaning, category and reasons)"
2023-JSS036-Kidato V,Demonstrate mastery of principles of Food and Nutrition,Demonstrate an understanding of the dietary needs for different groups of people,"Analyse the nutritional requirements for each special group (children, adolescents, elders, vegetarians, pregnant women and lactating mothers, invalids and convalescents)"
2023-JSS036-Kidato V,Demonstrate mastery of principles of Food and Nutrition,Demonstrate an understanding of the dietary needs for different groups of people,"Explain the concept of Nutrients values (meaning, types, uses and major factors considered in developing nutrient values)"
2023-JSS036-Kidato V,Demonstrate mastery of principles of Food and Nutrition,Demonstrate an understanding of the dietary needs for different groups of people,Use RDA/NRV’s tables to determine nutritional requirements of individuals
2023-JSS036-Kidato V,Demonstrate mastery of principles of Food and Nutrition,Demonstrate an understanding of the dietary needs for different groups of people,Compute the nutrients intake for different groups using food composition tables and compare with RDA
2023-JSS036-Kidato V,Demonstrate mastery of principles of Food and Nutrition,Demonstrate an understanding of the dietary needs for different groups of people,"Plan meals for each group of individual with special dietary needs based on RDA, food composition table and Tanzania food based dietary guidelines"
2023-JSS036-Kidato V,Demonstrate mastery of principles of Food and Nutrition,Demonstrate an understanding of the dietary needs for different groups of people,Describe energy balance (meaning and components of energy expenditure)
2023-JSS036-Kidato V,Demonstrate mastery of principles of Food and Nutrition,Conduct experiments on the nutrient present in different types of foods,"Extract nutrients from selected foods (cereals, milk, coconut, seeds and nuts)"
2023-JSS036-Kidato V,Demonstrate mastery of principles of Food and Nutrition,Conduct experiments on the nutrient present in different types of foods,Carry out microscopic observations to examine the structures of different foods
2023-JSS036-Kidato V,Demonstrate mastery of principles of Food and Nutrition,Conduct experiments on the nutrient present in different types of foods,"Conduct laboratory analysis of selected foods to determine nutrient present. (protein, starch, fats)"
2023-JSS036-Kidato V,Demonstrate mastery of principles of Food and Nutrition,Demonstrate an understanding of the determinants of good nutrition and intra-household food distribution,"Describe determinants of good nutrition (biological, economic, physical and social) and intra-household food distribution"
2023-JSS036-Kidato V,Demonstrate mastery of the principles and practices of nutritional assessment,Conduct nutritional assessment,"Describe the methodology used in nutritional assessment (study design, ethics, data collection, analysis and report writing)"
2023-JSS036-Kidato V,Demonstrate mastery of the principles and practices of nutritional assessment,Conduct nutritional assessment,Carry out nutritional assessment in a selected community
2023-JSS036-Kidato V,Carry out a project in Food and Nutrition,Conduct a project in Food and Nutrition,Design and carry out a project in Food and Nutrition
2023-JSS036-Kidato VI,Demonstrate mastery of principles of Food and Nutrition,Demonstrate an understanding of the dietary needs for different groups of people,"Describe nutritional intervention programmes (the concept, reasons and examples: Vitamin A supplementation, iron and folic acid supplementation, food fortification, exclusive breastfeeding, nutritional education, deworming and HIV and AIDS interventions)"
2023-JSS036-Kidato VI,Demonstrate mastery of principles of Food and Nutrition,Conduct experiments on the nutrient content of different types of food,Carry out laboratory analysis to determine minerals in foods
2023-JSS036-Kidato VI,Demonstrate mastery of the technology for processing and preserving food,Process and preserve different types of food,"Apply modern methods to process food (milling, canning and bottling, fermentation, pasteurization, sterilization, dehydration, pickling)"
2023-JSS036-Kidato VI,Demonstrate mastery of the technology for processing and preserving food,Process and preserve different types of food,Conduct laboratory analysis to determine the effect of heat and air on selected foods
2023-JSS036-Kidato VI,Demonstrate mastery of the technology for processing and preserving food,Process and preserve different types of food,Carry out laboratory analysis to determine the actions of raising agents
2023-JSS036-Kidato VI,Demonstrate mastery of the technology for processing and preserving food,Process and preserve different types of food,Describe the biochemistry of food preservation (principles and modern methods of food preservation)
2023-JSS036-Kidato VI,Demonstrate mastery of the technology for processing and preserving food,Process and preserve different types of food,"Apply modern methods to preserve food (addition of chemicals, freezing, canning and bottling),"
2023-JSS036-Kidato VI,Demonstrate mastery of the technology for processing and preserving food,Process and preserve different types of food,Conduct laboratory analysis to determine the effects of preservation on selected foods
2023-JSS036-Kidato VI,Demonstrate mastery of the technology for processing and preserving food,Process and preserve different types of food,Conduct laboratory analysis to identify effect of acids and alkali on food
2023-JSS036-Kidato VI,Demonstrate mastery of the technology for processing and preserving food,Process and preserve different types of food,Carry out laboratory analysis to determine spoilage microorganisms in food
2023-JSS036-Kidato VI,Carry out a project in Food and Nutrition,Conduct a project in Food and Nutrition,Complete and submit for assessment the project initiated in Form V
2023-JSS040-Kidato V,"Demonstrate mastery of the properties of textile fibres, yarn and fabric",Demonstrate an understanding of the basic properties of fabrics used in cloth and garment construction,"Describe textile fibres, yarn and fabric (meaning, classification and properties)"
2023-JSS040-Kidato V,"Demonstrate mastery of the properties of textile fibres, yarn and fabric",Demonstrate an understanding of the basic properties of fabrics used in cloth and garment construction,"Perform different tests to identify types of fibres using different methods (physical inspection, microscope, burning, chemical)"
2023-JSS040-Kidato V,"Demonstrate mastery of the properties of textile fibres, yarn and fabric",Decorate fabrics for garment construction,Describe different methods of fabric and garment decoration
2023-JSS040-Kidato V,"Demonstrate mastery of the properties of textile fibres, yarn and fabric",Decorate fabrics for garment construction,"Decorate fabrics, using dyeing, printing and painting techniques"
2023-JSS040-Kidato V,"Demonstrate mastery of the properties of textile fibres, yarn and fabric",Decorate fabrics for garment construction,Use decorated fabric to construct own garment taking into consideration elements and principles of design
2023-JSS040-Kidato V,"Demonstrate mastery of the properties of textile fibres, yarn and fabric",Design and construct traditional clothing from selected ethnic groups in Tanzania,Explore traditional garments from selected ethnic groups in Tanzania (materials and designs used)
2023-JSS040-Kidato V,"Demonstrate mastery of the properties of textile fibres, yarn and fabric",Design and construct traditional clothing from selected ethnic groups in Tanzania,Construct selected traditional garment
2023-JSS040-Kidato V,Use ICT in textile design and garment construction,Use ICT in textile design and garment construction,"Create fabric design patterns using CAD/CAM/CIM (graphic representation, regular repeating patterns and colour design)"
2023-JSS040-Kidato V,Use ICT in textile design and garment construction,Use ICT in textile design and garment construction,Produce prototypes of various fabrics designs
2023-JSS040-Kidato V,Conduct a project in Textile and Garment Construction,Prepare a portfolio of prototypes of textile products,"Make a portfolio of prototypes of textile products (fibres, yarns, print and dyed sample, fabric design pattern, garment patterns)"
2023-JSS040-Kidato VI,"Demonstrate mastery of the properties of textile fibres, yarn and fabric",Demonstrate an understanding of the basic properties of fabrics used in cloth and garment construction,"Perform different tests on fabrics (tensile strength, tear strength, pilling, colourfastness, dimensional stability)"
2023-JSS040-Kidato VI,"Demonstrate mastery of the properties of textile fibres, yarn and fabric",Demonstrate an understanding of the basic properties of fabrics used in cloth and garment construction,Make informed decision on fabric type for different purposes basing on their properties
2023-JSS040-Kidato VI,"Demonstrate mastery of the properties of textile fibres, yarn and fabric",Decorate fabrics for garment construction,"Design and make household articles using embroidery, applique and quilt techniques"
2023-JSS040-Kidato VI,"Demonstrate mastery of the properties of textile fibres, yarn and fabric",Design and construct traditional clothing from selected ethnic groups in Tanzania,Design a potential Tanzanian national dress basing on traditional designs
2023-JSS040-Kidato VI,Use ICT in textile design and garment construction,Use ICT in textile design and garment construction,Design garment parts using CAD/CAM software (design and draft)
2023-JSS040-Kidato VI,Conduct a project in Textile and Garment Construction,Prepare a portfolio of prototypes of textile products,"Make a portfolio of prototypes of textile products (embroidered, applique and quilt samples, garment patterns)"
