subject_version_code,main_competence_name,specific_competence_name,learning_activity_name,sla_name,sla_periods,sla_method,sla_leading,sla_assessment_criteria,sla_teaching_aids,sla_references,sla_notes_intro,sla_notes_details,sla_notes_illustrations,sla_notes_daily_life,sla_exercise,sla_diagram_type
2023-JSS015-DRS III,Kuwasiliana katika miktadha mbalimbali,"Kutambua matamshi ya sauti mbalimbali katika silabi, maneno, sentensi na habari","Kutamka sauti za herufi mwambatano ngw, ndw, njw, mbw na nzw",Kutamka sauti ya herufi mwambatano ngw katika silabi na maneno,3,Oneshombinu,Kuwaongoza Wanafunzi,Mwanafunzi anatamka kwa usahihi sauti ngw katika silabi na maneno yaliyotolewa.,Kitabu cha mwanafunzi|Ubao|Chati ya maneno yenye sauti ngw,"TET(2023), KISWAHILI, KITABU CHA MWANAFUNZI, DARASA LA TATU, TET, DAR ES SALAAM","Sauti ngw ni sauti mwambatano inayotokana na uunganisho wa herufi n, g na w inayotamkwa kwa pamoja kama sauti moja, k.m. katika neno 'pangwa'.",Mwalimu anaonesha matamshi sahihi ya silabi zenye ngw kisha wanafunzi wanarudia kwa kufuatana na kwa vikundi kabla ya kutamka peke yao.,"Maneno: pangwa, chungwa, fungwa, tingwa, pingwa yaliyoko katika Zoezi la 3(A) pamoja na jina la mwanafunzi 'Ngwile' aliyechaguliwa kuwa kaka wa darasa katika habari ya 'Darasa jipya'.",Mwanafunzi hutumia sauti ngw anapotamka majina ya matunda kama 'chungwa' anaponunua au kula tunda hilo nyumbani.,Tamka silabi 'ngwa' kwa sauti kubwa::Mwanafunzi anatamka 'ngwa' kwa usahihi||Taja neno lenye sauti ngw katika 'chungwa'::Sauti ngw imo katika 'chu-ngwa'||Nani alichaguliwa kuwa kaka wa darasa katika habari ya Darasa jipya?::Ngwile alichaguliwa kuwa kaka wa darasa,
2023-JSS015-DRS III,Kuwasiliana katika miktadha mbalimbali,"Kutambua matamshi ya sauti mbalimbali katika silabi, maneno, sentensi na habari","Kutamka sauti za herufi mwambatano ngw, ndw, njw, mbw na nzw",Kutamka sauti ya herufi mwambatano ndw katika silabi na maneno,2,Maswali na majibu,Kuwaongoza Wanafunzi,Mwanafunzi anatamka kwa ufasaha sauti ndw katika majina na maneno mengine.,Kitabu cha mwanafunzi|Ubao|Kadi za majina,"TET(2023), KISWAHILI, KITABU CHA MWANAFUNZI, DARASA LA TATU, TET, DAR ES SALAAM","Sauti ndw hutokana na uunganisho wa herufi n, d na w, kama inavyojitokeza katika majina 'Ndwamila' na 'Ndwalima' katika habari ya 'Darasa jipya'.",Wanafunzi wanafundishwa kutenganisha silabi zenye ndw kutoka kwenye maneno kisha kuzitamka mara kwa mara mpaka waelewe vizuri.,"Maneno: shindwa, tendwa, undwa, pendwa, lindwa kutoka Zoezi la 3(A), na sentensi 'Wafungwa hulindwa popote wanapokuwa' kutoka Zoezi la 3(B).",Mwanafunzi hutamka sauti ndw anapotaja majina ya marafiki wenye majina kama Ndwamila au anaposema neno 'kulindwa' anapozungumzia usalama wake nyumbani.,Taja marafiki wawili wenye majina yenye sauti ndw katika habari ya Darasa jipya::Ndwamila na Ndwalima||Tamka neno 'lindwa' ukisisitiza sauti ndw::Mwanafunzi anatamka 'li-ndwa' kwa usahihi||Kamilisha: 'Wafungwa hu______ popote wanapokuwa'::lindwa,
2023-JSS015-DRS III,Kuwasiliana katika miktadha mbalimbali,"Kutambua matamshi ya sauti mbalimbali katika silabi, maneno, sentensi na habari","Kutamka sauti za herufi mwambatano ngw, ndw, njw, mbw na nzw",Kutamka sauti za herufi mwambatano njw na mbw katika silabi na maneno,3,Mchezo,Kuwaongoza Wanafunzi,Mwanafunzi anatofautisha na kutamka kwa usahihi sauti njw na mbw katika maneno tofauti.,Kitabu cha mwanafunzi|Ubao|Picha za mtumbwi na dimbwi,"TET(2023), KISWAHILI, KITABU CHA MWANAFUNZI, DARASA LA TATU, TET, DAR ES SALAAM","Sauti njw hutokana na herufi n, j na w kama katika 'chinjwa', na sauti mbw hutokana na herufi m, b na w kama katika 'mbwembwe' na jina la mwalimu 'Mbwete'.",Wanafunzi wanachezeshwa mchezo wa kubadilishana kutamka maneno yenye njw na mbw kwa zamu ili kujenga ufasaha na kutofautisha sauti hizo mbili.,"Maneno: chanjwa, chinjwa, vunjwa, kunjwa (njw) na mbwembwe, mtumbwi, dimbwi, Mbwete (mbw) kutoka habari ya 'Darasa jipya' na Zoezi la 3.","Mwanafunzi hutumia sauti mbw anapoongea kuhusu mbwa wa nyumbani, na sauti njw anaposema neno 'kuchinjwa' kwa mnyama anayeandaliwa chakula.",Taja mwalimu wa zamu aliyewasalimia wanafunzi siku ya kufungua shule::Mwalimu Mbwete||Tamka neno 'chinjwa' kwa kusisitiza sauti njw::Mwanafunzi anatamka 'chi-njwa' kwa usahihi||Wanafunzi waliingia madarasani kwa namna gani kulingana na habari?::Waliingia madarasani kwa mbwembwe,
2023-JSS015-DRS III,Kuwasiliana katika miktadha mbalimbali,"Kutambua matamshi ya sauti mbalimbali katika silabi, maneno, sentensi na habari","Kutamka sauti za herufi mwambatano ngw, ndw, njw, mbw na nzw",Kutamka sauti ya herufi mwambatano nzw katika silabi na maneno,2,Oneshombinu,Kuwaongoza Wanafunzi,Mwanafunzi anatamka kwa usahihi sauti nzw katika silabi na maneno yaliyotolewa.,Kitabu cha mwanafunzi|Ubao|Chati ya maneno yenye sauti nzw,"TET(2023), KISWAHILI, KITABU CHA MWANAFUNZI, DARASA LA TATU, TET, DAR ES SALAAM","Sauti nzw hutokana na uunganisho wa herufi n, z na w, kama inavyojitokeza katika maneno 'funzwa' na 'kutunzwa'.",Mwalimu anaandika maneno yenye nzw ubaoni na kuyatamka kwa kasi ya kawaida kisha wanafunzi wanaigiza matamshi hayo kwa zamu.,"Maneno: funzwa, tanzwa kutoka Zoezi la 3(A) na neno 'kutunzwa' linalotumika katika Zoezi la 4 la utungaji.",Mwanafunzi hutumia sauti nzw anaposema neno 'kutunzwa' kuhusiana na jinsi anavyotunzwa na wazazi wake nyumbani.,Tamka silabi 'nzwa' kwa sauti ya wazi::Mwanafunzi anatamka 'nzwa' kwa usahihi||Taja neno lenye sauti nzw kutoka 'funzwa'::Sauti nzw imo katika 'fu-nzwa'||Kamilisha: 'Kaka alikwenda kwa jirani kuchukua mifupa kwa ajili ya ______ wetu'::kutunzwa,
2023-JSS015-DRS III,Kuwasiliana katika miktadha mbalimbali,"Kutambua matamshi ya sauti mbalimbali katika silabi, maneno, sentensi na habari","Kutamka sauti mwambatano katika silabi, maneno, sentensi na habari",Kusoma na kuelewa habari ya 'Darasa jipya' yenye sauti mwambatano,3,Maswali na majibu,Kuwaongoza Wanafunzi,Mwanafunzi anasoma na kuelewa habari ya 'Darasa jipya' kisha anajibu maswali ya ufahamu kwa usahihi.,Kitabu cha mwanafunzi|Ubao,"TET(2023), KISWAHILI, KITABU CHA MWANAFUNZI, DARASA LA TATU, TET, DAR ES SALAAM","Habari ya 'Darasa jipya' inaeleza kuhusu Ndwamila na Ndwalima, marafiki wanaosoma Shule ya Msingi Pongwe, waliovyoingia Darasa la Tatu na maandalizi ya siku ya kufungua shule.","Wanafunzi wanasoma habari kimya kisha kwa sauti, na mwalimu anawaongoza kujibu maswali ya Zoezi la kwanza kuhusiana na habari hiyo.",Habari inaeleza: 'Shule ya Msingi Pongwe ilifunguliwa wiki ya kwanza ya mwezi Januari' na 'Ndwamila alichaguliwa kuwa dada wa darasa na Ngwile kaka wa darasa'.,Mwanafunzi anahusisha habari hii na uzoefu wake wa siku ya kufungua shule na uchaguzi wa viranja darasani kwake.,Ndwamila na Ndwalima wanasoma shule gani?::Wanasoma Shule ya Msingi Pongwe||Shule ilifunguliwa lini?::Ilifunguliwa wiki ya kwanza ya mwezi Januari||Nani alichaguliwa kuwa dada wa darasa?::Ndwamila alichaguliwa kuwa dada wa darasa,
2023-JSS015-DRS III,Kuwasiliana katika miktadha mbalimbali,"Kutambua matamshi ya sauti mbalimbali katika silabi, maneno, sentensi na habari","Kutamka sauti mwambatano katika silabi, maneno, sentensi na habari",Kutumia msamiati wenye sauti mwambatano katika sentensi,2,Maswali na majibu,Kuwaongoza Wanafunzi,Mwanafunzi anaeleza maana za maneno yenye sauti mwambatano na kuyatumia katika sentensi sahihi.,Kitabu cha mwanafunzi|Ubao|Kamusi ya Kiswahili,"TET(2023), KISWAHILI, KITABU CHA MWANAFUNZI, DARASA LA TATU, TET, DAR ES SALAAM","Msamiati ni maneno maalumu yanayotumika katika habari, ikiwemo maneno yenye sauti mwambatano kama 'mbwembwe' na 'kiranja'.","Mwalimu anatoa mfano wa neno 'chumba' na maana yake, kisha wanafunzi wanaeleza maana za maneno mengine na kutunga sentensi mbili kwa kila neno.",Mfano wa kitabu: 'chumba - sehemu iliyogawanywa ndani ya jengo' na sentensi 'Chumba cha darasa letu kimedekiwa'.,Mwanafunzi hutumia neno 'kiranja' anapozungumzia kiongozi wa darasa lake shuleni kila siku.,Eleza maana ya neno 'bidii'::Ni juhudi kubwa katika kufanya jambo||Eleza maana ya neno 'mbwembwe'::Ni maonesho ya majivuno au fahari||Tunga sentensi kwa neno 'kiranja'::Kiranja wa darasa letu anasaidia mwalimu kudumisha nidhamu,
2023-JSS015-DRS III,Kuwasiliana katika miktadha mbalimbali,"Kutambua matamshi ya sauti mbalimbali katika silabi, maneno, sentensi na habari","Kutamka sauti mwambatano katika silabi, maneno, sentensi na habari",Kusoma sentensi zenye sauti mwambatano kwa ufasaha,3,Oneshombinu,Kuwaongoza Wanafunzi,Mwanafunzi anasoma sentensi zenye sauti mwambatano kwa kasi na usahihi.,Kitabu cha mwanafunzi|Ubao|Kadi za sentensi,"TET(2023), KISWAHILI, KITABU CHA MWANAFUNZI, DARASA LA TATU, TET, DAR ES SALAAM",Kusoma sentensi zenye sauti mwambatano kwa kasi na usahihi husaidia kuboresha ufasaha wa matamshi.,"Mwalimu anasoma sentensi kwanza kama mfano, kisha wanafunzi wanasoma kwa zamu na kwa vikundi mpaka wafikie ufasaha unaotakiwa.",Sentensi kutoka Zoezi la 3(B): 'Timu ya Kimbwe ilifungwa magoli mawili kwa moja' na 'Mtumbwi wa babu umegongwa na ngalawa'.,Mwanafunzi husoma sentensi kama hizi anapoongea kuhusu mchezo wa mpira au safari za mtumbwi anazoziona nyumbani kwao.,Soma kwa sauti: 'Wafungwa hulindwa popote wanapokuwa'::Mwanafunzi anasoma sentensi kwa usahihi na kwa kasi||Nani alishindwa kula machungwa kulingana na sentensi ya (v)?::Mgonjwa alishindwa kula machungwa||Taja chombo kilichogongwa na ngalawa katika sentensi (iv)::Mtumbwi wa babu,
2023-JSS015-DRS III,Kuwasiliana katika miktadha mbalimbali,"Kutambua matamshi ya sauti mbalimbali katika silabi, maneno, sentensi na habari","Kutamka sauti mwambatano katika silabi, maneno, sentensi na habari",Kutunga na kukamilisha sentensi na habari kwa maneno yenye sauti mwambatano,3,Zoezi la vitendo,Kuwaongoza Wanafunzi,Mwanafunzi anakamilisha aya na kutunga sentensi kwa kutumia maneno yenye sauti mwambatano kwa usahihi.,Kitabu cha mwanafunzi|Ubao|Kadi za maneno,"TET(2023), KISWAHILI, KITABU CHA MWANAFUNZI, DARASA LA TATU, TET, DAR ES SALAAM",Kutunga sentensi na kukamilisha aya kwa maneno yaliyopewa husaidia mwanafunzi kutumia sauti mwambatano katika muktadha halisi.,"Wanafunzi wanajaza nafasi zilizoachwa wazi katika aya ya Zoezi la 4 kwa maneno kama 'mtumbwi', 'machungwa' na 'kutunzwa', kisha wanaigiza igizo la 'Kazi ya kufanya' wakitumia maneno yenye sauti mwambatano.","Aya: 'Siku moja baba alielekea ziwani akapanda ______ kwenda kuvua dagaa' inayohitaji neno 'mtumbwi', na igizo la mashabiki wa mpira lenye neno 'mbwembwe'.",Mwanafunzi hutunga sentensi kama hizi anapoeleza matukio ya nyumbani kwake kama uvuvi au michezo ya mpira anayoshuhudia.,"Jaza nafasi: 'Baba alielekea ziwani akapanda ______ kwenda kuvua dagaa'::mtumbwi||Jaza nafasi: 'Baada ya kutoka ziwani alinunua ______ akayapeleka nyumbani'::machungwa||Katika igizo la mashabiki wa mpira, ni nani aliyeponza timu kwa mbwembwe nyingi?::Mlinda lango",
2023-JSS015-DRS III,Kuwasiliana katika miktadha mbalimbali,Kuendeleza mazungumzo katika miktadha mbalimbali,Kutumia msamiati unaohusiana na maisha ya kila siku katika kuanzisha na kuendeleza mazungumzo kwa kujiamini katika miktadha mbalimbali,Kusoma na kuigiza mazungumzo ya Sungura na Chui kwa kujiamini,2,Igizodhima; Mazungumzo,Kuwaongoza Wanafunzi,Mwanafunzi anasoma na kuigiza mazungumzo kwa sauti ya kujiamini na kujibu maswali ya ufahamu kwa usahihi.,Kitabu cha mwanafunzi|Kadi za majina ya wahusika|Ubao,"TET(2023), KISWAHILI, KITABU CHA MWANAFUNZI, DARASA LA TATU, TET, DAR ES SALAAM","Kuzungumza kwa kujiamini ni uwezo wa kuanzisha na kuendeleza mazungumzo bila woga, kama inavyoonekana katika mazungumzo ya Sungura na Chui kuhusu maji.","Wanafunzi wanagawanywa jozi jozi, mmoja anakuwa Sungura na mwingine Chui, kisha wanasoma mazungumzo yote kwa zamu na kuigiza hisia za wahusika.",Mfano kutoka kitabuni: Sungura anamuuliza Chui 'Leo umekunywa maji?' na Chui anajibu 'Hapana! Sijanywa.' Baadaye wanakubaliana kuagiza maji kutoka kwa Kyando.,Mwanafunzi anatumia stadi hii anapozungumza na wenzake au wazazi nyumbani kuhusu mambo ya kila siku kama chakula na maji.,Sungura anamwitaje Chui?::Sungura anamwita Chui 'kaka Chui'.||Chui anamjibu nini Sungura anapomuuliza 'Habari za leo kaka Chui'?::Chui anajibu 'Nzuri!'||Kwa nini Chui alikataa kunywa maji ya baharini?::Kwa sababu maji ya baharini si safi kwa kunywa.||Hatimaye Sungura na Chui walikubaliana kuagiza maji kutoka kwa nani?::Walikubaliana kuagiza maji kutoka kwa Kyando kwa sababu ni safi sana.,
2023-JSS015-DRS III,Kuwasiliana katika miktadha mbalimbali,Kuendeleza mazungumzo katika miktadha mbalimbali,Kutumia msamiati unaohusiana na maisha ya kila siku katika kuanzisha na kuendeleza mazungumzo kwa kujiamini katika miktadha mbalimbali,"Kutumia msamiati agiza, pweza, shwari, adui, fikiri na kubali katika mazungumzo",2,Maswali na majibu; Mazoezi ya msamiati,Kuwaongoza Wanafunzi,"Mwanafunzi anaeleza maana za maneno agiza, pweza, shwari, adui, fikiri na kubali na kuyatumia kwa usahihi katika sentensi na mazungumzo.",Kitabu cha mwanafunzi|Kadi za msamiati|Ubao,"TET(2023), KISWAHILI, KITABU CHA MWANAFUNZI, DARASA LA TATU, TET, DAR ES SALAAM",Msamiati sahihi humwezesha mzungumzaji kuwasiliana kwa ufasaha; kitabu kinatoa mfano wa neno 'kubali' - kitendo cha kuridhia au kuafiki.,"Kila neno linafafanuliwa kisha wanafunzi wanatunga sentensi mbili kwa kila neno kama zoezi la pili la sura linavyoelekeza, wakiiga mfano wa 'kubali' kilichotolewa kitabuni.",Mfano kutoka kitabuni: 'Bibi alikubali kutusimulia hadithi baada ya chakula cha jioni.' na 'Mwalimu alikubali kwenda kuwasalimu wazazi wetu.',"Mwanafunzi anatumia maneno haya anapozungumza nyumbani, mfano kumuomba mzazi 'kukubali' ombi au kueleza hali ya hewa 'shwari'.","Maana ya neno 'shwari' ni nini?::Ni hali ya utulivu, mfano bahari isiyokuwa na mawimbi makali.||Tumia neno 'kubali' katika sentensi.::Mwalimu alikubali kuwafundisha wanafunzi mchezo mpya.||Maana ya neno 'adui' ni nini?::Ni mtu asiyependa au anayepingana na mwingine.||Tunga sentensi kwa neno 'agiza'.::Mama aliniagiza nimletee chumvi dukani.",
2023-JSS015-DRS III,Kuwasiliana katika miktadha mbalimbali,Kuendeleza mazungumzo katika miktadha mbalimbali,Kuelezea vitu vilivyomo kwenye mazingira katika umoja na wingi,Kutaja majina ya vitu vinavyopatikana mazingirani katika umoja na wingi,2,Maswali na majibu; Uchunguzi wa picha,Kuwaongoza Wanafunzi,"Mwanafunzi anataja vitu vinavyopatikana mazingirani (sokoni, shuleni) na kubainisha umoja na wingi wake kwa usahihi.",Picha za vitu mbalimbali|Vitu halisi darasani|Ubao,"TET(2023), KISWAHILI, KITABU CHA MWANAFUNZI, DARASA LA TATU, TET, DAR ES SALAAM","Vitu vilivyomo mazingirani, kama sokoni au shuleni, vina majina ya umoja na wingi vinavyopaswa kutambulika, mfano kiti - viti.","Wanafunzi wanatazama picha za vitu namba 1 hadi 5 kama zoezi la 3(A) linavyoelekeza, wanataja mahali vinapopatikana na kueleza umoja na wingi wake.",Mfano kutoka kitabuni: 'Namba 4 machungwa yanapatikana sokoni.' na 'kiti - viti'.,Mwanafunzi anatumia stadi hii kutaja vitu vya nyumbani na shuleni kwa usahihi wa umoja na wingi anapozungumza na wenzake.,"Taja vitu vitano vinavyopatikana shuleni.::Kwa mfano: kiti, meza, kitabu, ubao, dirisha.||Kiti kimoja ukiwa na vingi huitwaje?::Viti.||Chungwa moja likiwa mengi huitwaje?::Machungwa.||Kiti hutumika kufanya nini?::Kiti hutumika kukalia.",
2023-JSS015-DRS III,Kuwasiliana katika miktadha mbalimbali,Kuendeleza mazungumzo katika miktadha mbalimbali,Kuelezea vitu vilivyomo kwenye mazingira katika umoja na wingi,Kuandika wingi na umoja wa majina ya vitu,1,Mazoezi ya maandishi; Maswali na majibu,Kuwaongoza Wanafunzi,Mwanafunzi anaandika kwa usahihi wingi wa vitu vilivyo katika umoja na umoja wa vitu vilivyo katika wingi.,Kitabu cha mwanafunzi|Ubao|Daftari,"TET(2023), KISWAHILI, KITABU CHA MWANAFUNZI, DARASA LA TATU, TET, DAR ES SALAAM","Kila nomino ya kitu ina umbo la umoja na wingi ambalo hubadilika kulingana na ngeli yake, mfano gari - magari.","Wanafunzi wanafanya zoezi la 3(C) la kuandika wingi wa vitu kama gari, simu, mti na zoezi la 3(D) la kuandika umoja wa vitu kama mayai, mifuko, miguu.",Mfano kutoka kitabuni: gari (umoja) - magari (wingi); miguu (wingi) - mguu (umoja).,"Mwanafunzi anatumia stadi hii anapozungumzia idadi ya vitu nyumbani, mfano 'viatu vyangu' au 'kiatu changu kimoja'.",Wingi wa 'gari' ni nini?::Magari.||Wingi wa 'mti' ni nini?::Miti.||Umoja wa 'mayai' ni nini?::Yai.||Umoja wa 'vidole' ni nini?::Kidole.,
2023-JSS015-DRS III,Kuwasiliana katika miktadha mbalimbali,Kuendeleza mazungumzo katika miktadha mbalimbali,Kuelezea vitu vilivyomo kwenye mazingira katika umoja na wingi,Kubadili sentensi kutoka umoja kwenda wingi na kinyume chake,1,Mazoezi ya maandishi; Mazungumzo,Kuwaongoza Wanafunzi,Mwanafunzi anabadili sentensi zenye nomino za umoja kuwa wingi na sentensi za wingi kuwa umoja bila kubadili maana.,Kitabu cha mwanafunzi|Ubao|Daftari,"TET(2023), KISWAHILI, KITABU CHA MWANAFUNZI, DARASA LA TATU, TET, DAR ES SALAAM","Sentensi nzima, ikiwemo vivumishi na vitenzi, hubadilika inapohamishwa kutoka umoja kwenda wingi au kinyume chake.","Wanafunzi wanafanya zoezi la 3(E) la kubadili sentensi za umoja kuwa wingi na zoezi la 3(F) la kubadili sentensi za wingi kuwa umoja, wakifuata mfano uliotolewa kitabuni.",Mfano kutoka kitabuni: 'Rangi hii ni nzuri.' inakuwa 'Rangi hizi ni nzuri.'; 'Walimu wanafundisha vizuri.' inakuwa 'Mwalimu anafundisha vizuri.',Mwanafunzi anatumia stadi hii anapoeleza kwa usahihi idadi ya vitu au watu katika mazungumzo ya kila siku nyumbani na shuleni.,Badili sentensi 'Mfuko huu ni mkubwa' iwe wingi.::Mifuko hii ni mikubwa.||Badili sentensi 'Jiwe hili ni kubwa' iwe wingi.::Mawe haya ni makubwa.||Badili sentensi 'Miti mirefu imeanguka' iwe umoja.::Mti mrefu umeanguka.||Badili sentensi 'Walimu wanafundisha vizuri' iwe umoja.::Mwalimu anafundisha vizuri.,
2023-JSS015-DRS III,Kuwasiliana katika miktadha mbalimbali,Kuendeleza mazungumzo katika miktadha mbalimbali,Kuuliza na kujibu maswali,Kuuliza na kujibu maswali ya ufahamu kutokana na mazungumzo ya Sungura na Chui,2,Maswali na majibu; Mazungumzo,Kuwaongoza Wanafunzi,Mwanafunzi anaunda maswali sahihi kuhusu mazungumzo aliyosoma na kutoa majibu yanayoendana na maudhui ya mazungumzo hayo.,Kitabu cha mwanafunzi|Ubao|Kadi za maswali,"TET(2023), KISWAHILI, KITABU CHA MWANAFUNZI, DARASA LA TATU, TET, DAR ES SALAAM",Kuuliza na kujibu maswali ni njia ya kuthibitisha uelewa wa mazungumzo yaliyosomwa au kusikilizwa.,Wanafunzi wanajibu maswali ya zoezi la kwanza (ufahamu) kisha wanabuni maswali yao wenyewe kuhusu mazungumzo ya Sungura na Chui na kuulizana kwa jozi.,Mfano kutoka kitabuni: swali 'Leo umekunywa maji?' na jibu 'Hapana! Sijanywa.',Mwanafunzi anatumia stadi hii anapouliza na kujibu maswali na wazazi au wenzake kuhusu mambo yanayotokea nyumbani na shuleni.,Uliza swali kuhusu tabia ya Chui kwa kutumia neno 'Kwa nini'.::Kwa nini Chui hakukubali kunywa maji ya baharini?||Sungura aliuliza Chui swali gani kuhusu maji?::Aliuliza 'Leo umekunywa maji?'||Umejifunza nini kutokana na mazungumzo ya Sungura na Chui?::Umuhimu wa kunywa maji safi na salama.,
2023-JSS015-DRS III,Kuwasiliana katika miktadha mbalimbali,Kuendeleza mazungumzo katika miktadha mbalimbali,Kuuliza na kujibu maswali,Kuuliza na kujibu maswali kuhusu vitu vinavyopatikana shuleni,1,Maswali na majibu; Igizodhima,Kuwaongoza Wanafunzi,Mwanafunzi anauliza na kujibu maswali kuhusu matumizi na idadi ya vitu vinavyopatikana shuleni kwa ufasaha.,Vitu halisi darasani|Picha za vitu|Ubao,"TET(2023), KISWAHILI, KITABU CHA MWANAFUNZI, DARASA LA TATU, TET, DAR ES SALAAM",Maswali kuhusu vitu vinavyotuzunguka humsaidia mwanafunzi kufafanua matumizi na sifa za vitu hivyo.,"Wanafunzi wanafanya kazi kwa jozi kama zoezi la 3(B) linavyoelekeza, mmoja anauliza kuhusu kitu kimoja shuleni na mwenzake anajibu kwa kueleza matumizi yake.",Mfano kutoka kitabuni: 'Kiti hutumika kukalia.',"Mwanafunzi anatumia stadi hii anapouliza mwenzake kuhusu matumizi ya vifaa vya darasani kama kalamu, ubao na dawati.","Uliza mwenzako swali kuhusu kifaa kimoja kinachopatikana darasani.::Je, kiti hutumika kufanya nini?||Jibu swali: Kiti hutumika kufanya nini?::Kiti hutumika kukalia.||Uliza na ujibu swali kuhusu dirisha.::Dirisha hutumika kufanya nini? Dirisha hutumika kuingiza mwanga na hewa darasani.",
2023-JSS015-DRS III,Kuwasiliana katika miktadha mbalimbali,Kuendeleza mazungumzo katika miktadha mbalimbali,Kubadili kiimbo kulingana na hisia au muktadha wa mazungumzo,Kutambua kupanda na kushuka kwa sauti katika mazungumzo ya Sungura na Chui,2,Mazungumzo; Uigaji wa sauti,Kuwaongoza Wanafunzi,Mwanafunzi anatambua na kueleza mahali sauti inapopanda au kushuka katika mazungumzo kulingana na hisia za msemaji.,Kitabu cha mwanafunzi|Kinasa sauti (kama kipo)|Ubao,"TET(2023), KISWAHILI, KITABU CHA MWANAFUNZI, DARASA LA TATU, TET, DAR ES SALAAM","Kiimbo ni kupanda na kushuka kwa sauti wakati wa kuzungumza, ambako hubeba hisia mbalimbali kama mshangao, kukanusha au kukubali.","Mwalimu anasoma mazungumzo ya Sungura na Chui akionesha kiimbo tofauti, kisha wanafunzi wanatambua sehemu zenye mshangao ('Ooh!'), ukanushaji ('Hapana!') na makubaliano ('Sawa mdogo wangu.').",Mfano kutoka kitabuni: 'Ooh! Itabidi nimuagize Pweza atuletee maji kutoka baharini.' - neno 'Ooh!' linaonesha mshangao.,"Mwanafunzi anatumia kiimbo sahihi anapoeleza hisia zake za mshangao, furaha au kukataa katika mazungumzo ya kila siku nyumbani.",Neno 'Ooh!' katika mazungumzo linaonesha hisia gani?::Linaonesha mshangao.||Neno 'Hapana!' husemwa kwa kiimbo gani?::Kiimbo cha ukanushaji au msisitizo.||Sentensi 'Sawa mdogo wangu' husomwa kwa kiimbo gani?::Kiimbo cha upole na makubaliano.,
2023-JSS015-DRS III,Kuwasiliana katika miktadha mbalimbali,Kuendeleza mazungumzo katika miktadha mbalimbali,Kubadili kiimbo kulingana na hisia au muktadha wa mazungumzo,Kuigiza mazungumzo kwa kubadili kiimbo kulingana na hisia,1,Igizodhima,Kuwaongoza Wanafunzi,Mwanafunzi anaigiza sehemu za mazungumzo akibadili kiimbo kulingana na hisia za mhusika kwa kujiamini.,Kitabu cha mwanafunzi|Kadi za wahusika|Ubao,"TET(2023), KISWAHILI, KITABU CHA MWANAFUNZI, DARASA LA TATU, TET, DAR ES SALAAM",Kubadili kiimbo kulingana na hisia huongeza uwazi na maana ya ujumbe kwa msikilizaji wakati wa mazungumzo.,"Wanafunzi wanaigiza mazungumzo ya Sungura na Chui wakibadilisha kiimbo kila hisia inapobadilika, kisha wanaeleza umuhimu wa kufanya hivyo.",Mfano kutoka kitabuni: Chui anaposema 'Hapana! Sijanywa.' anatumia kiimbo cha ukanushaji wa haraka.,Mwanafunzi anatumia kiimbo sahihi anapoigiza michezo ya kubuni au anapoeleza hadithi kwa wenzake nyumbani na shuleni.,Igiza sehemu ya Chui anaposema 'Hapana! Sijanywa' kwa kiimbo cha kukanusha.::Mwanafunzi anaigiza kwa sauti ya msisitizo inayoonesha kukanusha.||Igiza sehemu ya Sungura anaposema 'Ooh!' kwa kiimbo cha mshangao.::Mwanafunzi anaigiza kwa sauti ya juu inayoonesha mshangao.||Kwa nini ni muhimu kubadili kiimbo unapozungumza?::Ili kuwasilisha hisia na maana sahihi kwa msikilizaji.,
2023-JSS015-DRS III,Kuwasiliana katika miktadha mbalimbali,Kuendeleza mazungumzo katika miktadha mbalimbali,Kubaini maneno yenye maana sawa na kinyume katika mazungumzo,Kubaini visawe vya maneno katika hadithi na mazungumzo,2,Maswali na majibu,Kuwaongoza Wanafunzi,Mwanafunzi anaweza kutaja visawe vitatu vya maneno kutoka katika hadithi ya Ndovu na Mbogo kwa usahihi,"Kitabu cha mwanafunzi|Picha za gari, tembo na pipi|Ubao na chaki|Kadi za maneno","TET(2023), KISWAHILI, KITABU CHA MWANAFUNZI, DARASA LA TATU, TET, DAR ES SALAAM","Visawe ni maneno yenye maana sawa au inayokaribiana, mfano shangilia na furahia, adabu na heshima. Visawe hutumika kuepuka kurudiarudia neno lile lile katika mazungumzo.","Baadhi ya visawe muhimu vilivyojitokeza kitabuni: motokaa - gari, ndovu - tembo, peremende - pipi, pesa - fedha - hela, peni - kalamu, panda - kwea, chumvi - munyu, ada - karo, tisa - kenda","Katika hadithi ya Ndovu na Mbogo, maneno kama 'shangilia' na 'furahia' yana maana sawa. Pia zoezi la kuoanisha maneno yenye visawe kama chumvi - munyu, ada - karo na tisa - kenda linaonesha visawe halisi kutoka kitabuni",Mwanafunzi anaweza kutumia visawe anapozungumza na wenzake nyumbani na shuleni ili mazungumzo yake yasiwe ya kuchosha kwa kurudia neno moja tu,Toa kisawe cha neno 'motokaa'::gari||Toa kisawe cha neno 'peremende'::pipi||Toa kisawe cha neno 'pesa'::fedha au hela,
2023-JSS015-DRS III,Kuwasiliana katika miktadha mbalimbali,Kuendeleza mazungumzo katika miktadha mbalimbali,Kubaini maneno yenye maana sawa na kinyume katika mazungumzo,Kubaini na kutumia vinyume vya maneno katika hadithi ya Mfalme mjinga,2,Igizo,Kuwaongoza Wanafunzi,Mwanafunzi anaweza kutaja kinyume cha maneno matatu yaliyotumika katika hadithi ya Mfalme mjinga kwa usahihi,Kitabu cha mwanafunzi|Picha za tembea/kimbia na panda/shuka|Ubao na chaki,"TET(2023), KISWAHILI, KITABU CHA MWANAFUNZI, DARASA LA TATU, TET, DAR ES SALAAM","Vinyume ni maneno yanayopingana kimaana, mfano mfupi na mrefu, simama na kaa. Kujua vinyume huongeza uwezo wa mwanafunzi kueleza mawazo yake vizuri zaidi","Mifano ya vinyume iliyojitokeza kitabuni: mbali-karibu, maskini-tajiri, kumbuka-sahau, amka-lala, ziba-zibua, ingia-toka, kusanya-tawanya","Katika hadithi ya Mfalme mjinga, maneno kama 'maskini' na 'kuvunjwa' hubadilishwa kwa vinyume vyake ili kuunda hadithi mpya iitwayo 'Mfalme Mwerevu' kama zoezi la utungaji kitabuni","Mwanafunzi anaweza kutumia vinyume vya maneno anapoeleza tofauti za vitu katika mazingira yake, mfano ukubwa au urefu wa vitu shuleni na nyumbani",Toa kinyume cha neno 'maskini'::tajiri||Toa kinyume cha neno 'kumbuka'::sahau||Toa kinyume cha neno 'amka'::lala,
2023-JSS015-DRS III,Kuwasiliana katika miktadha mbalimbali,Kuendeleza mazungumzo katika miktadha mbalimbali,"Kuanzisha na kumalizia vitendawili, methali na nahau katika mazungumzo",Kuanzisha na kumalizia methali kwa kuzingatia habari ya Rushwa ni adui wa haki,2,Hadithi,Kuwaongoza Wanafunzi,Mwanafunzi anaweza kuanzisha na kumalizia methali mbili kwa usahihi akitumia mifano kutoka habari ya Rushwa ni adui wa haki,Kitabu cha mwanafunzi|Kadi za methali|Ubao na chaki,"TET(2023), KISWAHILI, KITABU CHA MWANAFUNZI, DARASA LA TATU, TET, DAR ES SALAAM","Methali ni misemo mifupi yenye mafunzo inayotumika katika mazungumzo, ina sehemu ya kuanzisha na sehemu ya kumalizia","Methali huakisi hekima ya jamii, mfano 'Umoja ni nguvu, utengano ni udhaifu', 'Haraka haraka haina baraka' na 'Asiyefunzwa na mamaye, hufunzwa na ulimwengu'","Katika habari ya Rushwa ni adui wa haki, viongozi walitumia methali 'kidole kimoja hakivunji chawa', 'usipoziba ufa utajenga ukuta', 'ndege mjanja hunaswa kwenye tundu bovu' na 'kila mchuma janga hula na wa kwao' kuwasihi wananchi kupambana na rushwa",Mwanafunzi anaweza kutumia methali anapotoa ushauri kwa wenzake au familia yake katika matukio ya kila siku,Malizia methali: Kidole kimoja...::hakivunji chawa||Malizia methali: Usipoziba ufa...::utajenga ukuta||Malizia methali: Umoja ni nguvu...::utengano ni udhaifu,
2023-JSS015-DRS III,Kuwasiliana katika miktadha mbalimbali,Kuendeleza mazungumzo katika miktadha mbalimbali,"Kuanzisha na kumalizia vitendawili, methali na nahau katika mazungumzo",Kueleza maana ya nahau zinazotumika katika mazungumzo ya kila siku,1,Maswali na majibu,Kuwaongoza Wanafunzi,Mwanafunzi anaweza kueleza maana ya nahau mbili zilizotumika katika habari ya Rushwa ni adui wa haki,Kitabu cha mwanafunzi|Kadi za nahau|Ubao na chaki,"TET(2023), KISWAHILI, KITABU CHA MWANAFUNZI, DARASA LA TATU, TET, DAR ES SALAAM","Nahau ni fungu la maneno lenye maana tofauti na maana za kawaida za maneno yanayolitunga, hutumika kupamba lugha ya mzungumzaji","Mifano ya nahau iliyojitokeza kitabuni: kata shauri - amua, bega kwa bega - kwa kushirikiana, kupata jiko - kuoa, mkono wa birika - ni mchoyo","Katika habari ya Rushwa ni adui wa haki, kijana mwenye 'mkono mrefu' ni mwizi, na Chausiku mwenye 'mkono wa birika' ni mchoyo",Mwanafunzi anaweza kutumia nahau anapoeleza tabia za watu anaowajua bila kuwakwaza moja kwa moja,Mkono mrefu maana yake nini?::ni mwizi||Mkono wa birika maana yake nini?::ni mchoyo||Kata shauri maana yake nini?::amua,
2023-JSS015-DRS III,Kuwasiliana katika miktadha mbalimbali,Kuendeleza mazungumzo katika miktadha mbalimbali,"Kuanzisha na kumalizia vitendawili, methali na nahau katika mazungumzo",Kutega na kutegua vitendawili katika mazingira yanayomzunguka mwanafunzi,1,Mchezo,Kuwaongoza Wanafunzi,Mwanafunzi anaweza kutega kitendawili kimoja na kutegua vitendawili viwili kwa usahihi,Kitabu cha mwanafunzi|Kadi za vitendawili|Vitu halisi vya darasani,"TET(2023), KISWAHILI, KITABU CHA MWANAFUNZI, DARASA LA TATU, TET, DAR ES SALAAM","Kitendawili ni usemi wa kubuni unaotolewa kwa lengo la kupima akili, huanza kwa mtegaji kusema 'Kitendawili!' na wenzake kujibu 'Tega!'","Vitendawili hutumia lugha ya mafumbo kuelezea vitu vinavyojulikana katika mazingira, majibu hupatikana kwa kufikiri kwa makini",Mfano kutoka kitabuni: 'Kuku wangu katagia mibani' - jibu ni anga na nyota; 'Kila niendako ananifuata' - jibu ni kivuli; 'Nyanya yako ana huruma hukubeba ulalapo' - jibu ni kitanda,Mwanafunzi anaweza kucheza mchezo wa vitendawili na wenzake nyumbani jioni kama burudani na njia ya kujifunza,"Kuku wangu katagia mibani, tegua kitendawili hiki::anga na nyota||Kila niendako ananifuata, tegua kitendawili hiki::kivuli||Nyanya yako ana huruma hukubeba ulalapo, tegua kitendawili hiki::kitanda",
2023-JSS015-DRS III,Kuwasiliana katika miktadha mbalimbali,Kutumia maandishi katika mawasiliano kulingana na miktadha mbalimbali,"Kuandika kifungu cha habari kwa kutumia alama za uakifishaji: nukta (.), mshangao (!), kiulizo (?) na mkato (,)","Kutambua alama za uakifishaji: nukta, mkato, mshangao na kiulizo",2,Maswali na majibu,Kuwaongoza Wanafunzi,"Mwanafunzi anatambua na kutaja kwa usahihi alama za uakifishaji: nukta, mkato, mshangao na kiulizo katika kifungu cha habari.",Kitabu cha mwanafunzi|Chati ya alama za uakifishaji|Ubao,"TET(2023), KISWAHILI, KITABU CHA MWANAFUNZI, DARASA LA TATU, TET, DAR ES SALAAM","Alama za uandishi ni alama zinazotumika katika maandishi kusaidia msomaji kuelewa vizuri maana ya sentensi na kupumzika mahali panapostahili. Nukta (.) huweka mwisho wa sentensi ya kawaida; mkato (,) huonesha mapumziko madogo; mshangao (!) huonesha hisia kali; kiulizo (?) huonesha swali.","Mwalimu asome habari ya 'Kituo cha afya' kwa sauti akisisitiza sauti anapofika kwenye kila alama, kisha awaulize wanafunzi watambue alama hizo walizozisikia.","Katika habari ya Kituo cha afya: Baba aliniuliza, 'Umeanza lini kukohoa?' (kiulizo); 'Lo! Kumbe unaumwa sana?' (mshangao na kiulizo).","Mwanafunzi hutumia alama hizi anapoandika barua, ujumbe au hadithi fupi za maisha yake ya kila siku ili maandishi yake yaeleweke vizuri.",Nukta hutumika wapi?::Mwishoni mwa sentensi ya kawaida||Alama ya (?) huitwaje?::Kiulizo||Toa mfano wa sentensi yenye mshangao kutoka habari ya Kituo cha afya::Lo! Kumbe unaumwa sana?,
2023-JSS015-DRS III,Kuwasiliana katika miktadha mbalimbali,Kutumia maandishi katika mawasiliano kulingana na miktadha mbalimbali,"Kuandika kifungu cha habari kwa kutumia alama za uakifishaji: nukta (.), mshangao (!), kiulizo (?) na mkato (,)",Kuandika sentensi kwa herufi kubwa na alama sahihi za uakifishaji,2,Zoezi la maandishi,Kuwaongoza Wanafunzi,Mwanafunzi anaandika upya sentensi zilizotolewa kwa kutumia herufi kubwa mwanzoni na alama sahihi za uakifishaji mwishoni.,Kitabu cha mwanafunzi|Ubao|Kalamu na daftari,"TET(2023), KISWAHILI, KITABU CHA MWANAFUNZI, DARASA LA TATU, TET, DAR ES SALAAM","Kila sentensi lazima ianze kwa herufi kubwa na iishie kwa alama sahihi ya uakifishaji kulingana na aina yake: nukta kwa sentensi ya kawaida, kiulizo kwa swali na mshangao kwa mshangao.",Wanafunzi waandike upya sentensi kama 'sebo anaishi mkoa wa morogoro' kuwa 'Sebo anaishi mkoa wa Morogoro.' na 'shambani kwenu kuna mazao gani' kuwa 'Shambani kwenu kuna mazao gani?',Mfano: 'lo mtoto ameanguka' kuwa 'Lo! Mtoto ameanguka.',"Mwanafunzi hutumia stadi hii kila anapoandika kazi za darasani, barua au ujumbe ili maandishi yake yasomeke kwa usahihi na kueleweka.","Andika kwa usahihi: wanafunzi walitembelea mbuga za wanyama za mikumi serengeti na ruaha::Wanafunzi walitembelea mbuga za wanyama za Mikumi, Serengeti na Ruaha.||Andika kwa usahihi: lo mtoto ameanguka::Lo! Mtoto ameanguka.||Andika kwa usahihi: shambani kwenu kuna mazao gani::Shambani kwenu kuna mazao gani?",
2023-JSS015-DRS III,Kuwasiliana katika miktadha mbalimbali,Kutumia maandishi katika mawasiliano kulingana na miktadha mbalimbali,"Kuandika kifungu cha habari kwa kutumia alama za uakifishaji: nukta (.), mshangao (!), kiulizo (?) na mkato (,)",Kuandika kifungu cha habari kifupi kwa kutumia alama nne za uakifishaji,2,Utungaji,Kuwaongoza Wanafunzi,"Mwanafunzi anaandika kifungu cha habari cha sentensi tano hadi saba akitumia kwa usahihi nukta, mkato, mshangao na kiulizo.",Daftari|Kalamu|Mifano ya vifungu vya habari kutoka kitabuni,"TET(2023), KISWAHILI, KITABU CHA MWANAFUNZI, DARASA LA TATU, TET, DAR ES SALAAM","Kifungu cha habari kizuri huchanganya aina mbalimbali za sentensi: za kawaida, za swali na za mshangao, kila moja ikiwa na alama yake sahihi ya uakifishaji.","Wanafunzi wapewe mada kama 'Siku yangu shuleni' na waandike habari fupi wakichanganya sentensi za kawaida, maswali na mshangao.","Kutoka habari ya Kituo cha afya: mchanganyiko wa maswali ('Ulianza kukohoa lini?'), mshangao ('Lo!') na sentensi za kawaida zenye nukta.","Ujuzi huu humsaidia mwanafunzi kuandika habari za matukio ya kila siku, kama ugonjwa, michezo au safari, kwa njia inayoeleweka.","Kifungu cha habari kizuri kinapaswa kuwa na aina ngapi za sentensi zenye alama tofauti?::Aina tatu au zaidi (za kawaida, za swali, za mshangao)||Taja alama inayotumika mwishoni mwa swali::Kiulizo (?)||Andika sentensi moja ya mshangao kuhusu shuleni::Mfano: Tumeshinda mechi! (majibu huweza kutofautiana)",
2023-JSS015-DRS III,Kuwasiliana katika miktadha mbalimbali,Kutumia maandishi katika mawasiliano kulingana na miktadha mbalimbali,Kuandika kifungu cha habari kwa kutumia viunganishi vya ushikamani,Kutambua viunganishi vya ushikamani katika kifungu cha habari,2,Majadiliano,Kuwaongoza Wanafunzi,Mwanafunzi anatambua na kutaja viunganishi vya ushikamani vinavyounganisha mawazo katika habari ya Kituo cha afya.,Kitabu cha mwanafunzi|Ubao|Chati ya viunganishi,"TET(2023), KISWAHILI, KITABU CHA MWANAFUNZI, DARASA LA TATU, TET, DAR ES SALAAM","Viunganishi vya ushikamani ni maneno yanayounganisha sentensi au mawazo ili habari isomeke kwa mtiririko mzuri, mfano: vilevile, ingawa, hata hivyo, isipokuwa, na, lakini, kisha.","Mwalimu awaongoze wanafunzi kusoma tena habari ya Kituo cha afya na kutafuta maneno yanayounganisha mawazo kama 'Hata hivyo' katika sentensi 'Hata hivyo, kaka aliponiona alishangaa...'","Mfano: 'Hata hivyo, kaka aliponiona alishangaa akasema...' - kiunganishi 'Hata hivyo' kinaonesha mabadiliko ya wazo.",Mwanafunzi hutumia viunganishi hivi anapoeleza matukio yaliyofuatana nyumbani au shuleni ili wasikilizaji waelewe uhusiano wa mawazo.,"Taja kiunganishi kilichotumika: 'Hata hivyo, kaka aliponiona alishangaa'::Hata hivyo||Kiunganishi 'vilevile' kinamaanisha nini?::Vilevile huonesha jambo la ziada linalofanana na lililotangulia||Taja kiunganishi kingine chochote cha ushikamani::Mfano: ingawa, isipokuwa, na, lakini (majibu huweza kutofautiana)",
2023-JSS015-DRS III,Kuwasiliana katika miktadha mbalimbali,Kutumia maandishi katika mawasiliano kulingana na miktadha mbalimbali,Kuandika kifungu cha habari kwa kutumia viunganishi vya ushikamani,Kutumia viunganishi vya ushikamani kujaza mapengo katika habari,2,Zoezi la kujaza mapengo,Kuwaongoza Wanafunzi,"Mwanafunzi anajaza mapengo katika kifungu cha habari kwa kuchagua kiunganishi sahihi cha ushikamani kati ya vilevile, ingawa, hata hivyo na isipokuwa.","Kitabu cha mwanafunzi|Kadi za maneno (vilevile, ingawa, hata hivyo, isipokuwa)|Ubao","TET(2023), KISWAHILI, KITABU CHA MWANAFUNZI, DARASA LA TATU, TET, DAR ES SALAAM",Kila kiunganishi kina matumizi tofauti: 'ingawa' na 'isipokuwa' huonesha mkinzano au tofauti; 'vilevile' huongeza wazo linalofanana; 'hata hivyo' huonesha mabadiliko ya hali.,Wanafunzi wafanye zoezi la kujaza mapengo katika habari ya 'Amani anaishi na bibi yake katika kijiji cha Kilole...' kwa kutumia maneno yaliyopo kwenye kiboksi.,"Amani anamsaidia bibi yake kusafisha nyumba. ______, anamsaidia kupika na kuosha vyombo. (jibu: Vilevile)",Stadi hii humsaidia mwanafunzi kueleza kazi za nyumbani anazomsaidia mzazi au mlezi wake kwa mtiririko mzuri wa mawazo.,"Amani anamsaidia bibi yake kusafisha nyumba. ______, anamsaidia kupika. Jaza pengo::Vilevile||Amani hufanya hivyo kila mara ______ siku ya Jumamosi tu. Jaza pengo::isipokuwa||Amani hushinda kwenye michezo ______ jioni hupika chakula. Jaza pengo::hata hivyo",
2023-JSS015-DRS III,Kuwasiliana katika miktadha mbalimbali,Kutumia maandishi katika mawasiliano kulingana na miktadha mbalimbali,Kuandika kifungu cha habari kwa kutumia viunganishi vya ushikamani,Kuandika kifungu cha habari fupi kwa kutumia viunganishi vya ushikamani,1,Utungaji,Kuwaongoza Wanafunzi,Mwanafunzi anaandika kifungu cha habari cha sentensi nne hadi tano akitumia angalau viunganishi viwili vya ushikamani kwa usahihi.,Daftari|Kalamu|Orodha ya viunganishi,"TET(2023), KISWAHILI, KITABU CHA MWANAFUNZI, DARASA LA TATU, TET, DAR ES SALAAM",Kuandika habari yenye mtiririko mzuri kunahitaji matumizi sahihi ya viunganishi vinavyounganisha wazo moja na lingine kimantiki.,"Wanafunzi wapewe mada kama 'Kazi ninazomfanyia mzazi wangu' na waandike wakitumia viunganishi kama vilevile, hata hivyo, ingawa.","Mfano: 'Kila siku namsaidia mama kufagia. Vilevile, namsaidia kuosha vyombo. Hata hivyo, siku ya Jumapili napumzika.'",Mwanafunzi hutumia stadi hii kuandika insha au barua fupi kuhusu maisha yake ya kila siku kwa mtiririko mzuri unaoeleweka.,"Toa mfano wa kiunganishi kinachoongeza wazo linalofanana::Vilevile||Toa mfano wa kiunganishi kinachoonesha mkinzano::Ingawa au hata hivyo||Andika sentensi mbili zenye kiunganishi kimoja cha ushikamani::Majibu huweza kutofautiana, mfano: Ninapenda kusoma. Vilevile, ninapenda kucheza mpira.",
2023-JSS015-DRS III,Kuwasiliana katika miktadha mbalimbali,Kutumia maandishi katika mawasiliano kulingana na miktadha mbalimbali,Kutumia alama za uakifishaji kwa usahihi wakati wa kuandika imla,Imla ya sentensi fupi zenye alama za uakifishaji,2,Imla,Kuwaongoza Wanafunzi,Mwanafunzi anaandika kwa usahihi sentensi za imla akizingatia herufi kubwa na alama za uakifishaji zinazosomwa na mwalimu.,Kitabu cha mwanafunzi|Ubao|Daftari na kalamu,"TET(2023), KISWAHILI, KITABU CHA MWANAFUNZI, DARASA LA TATU, TET, DAR ES SALAAM","Imla ni zoezi la kuandika maneno au sentensi zinazosomwa kwa sauti na mwalimu. Wakati wa imla, mwanafunzi lazima azingatie herufi kubwa mwanzoni mwa sentensi na alama sahihi ya uakifishaji mwishoni.",Mwalimu asome sentensi fupi kutoka habari ya Kituo cha afya kama 'Umeanza lini kukohoa?' na 'Lo! Kumbe unaumwa sana?' huku akisisitiza sauti ya swali au mshangao ili wanafunzi wabaini alama sahihi.,"Sentensi ya imla: 'Baba aliniuliza, Umeanza lini kukohoa?' - mwanafunzi lazima aweke alama ya kiulizo (?) na alama za mnyumbulizo.","Zoezi la imla humzoesha mwanafunzi kusikiliza kwa makini na kuandika kwa usahihi, stadi inayomsaidia katika mawasiliano ya kila siku ya maandishi.",Andika kwa imla: Umeanza lini kukohoa?::Umeanza lini kukohoa?||Andika kwa imla: Lo! Kumbe unaumwa sana?::Lo! Kumbe unaumwa sana?||Alama gani huwekwa mwishoni mwa sentensi ya swali wakati wa imla?::Kiulizo (?),
2023-JSS015-DRS III,Kuwasiliana katika miktadha mbalimbali,Kutumia maandishi katika mawasiliano kulingana na miktadha mbalimbali,Kutumia alama za uakifishaji kwa usahihi wakati wa kuandika imla,Imla ya kifungu cha habari kwa kuzingatia herufi kubwa na alama nne,2,Imla,Kuwaongoza Wanafunzi,"Mwanafunzi anaandika kwa usahihi kifungu cha habari cha sentensi tatu hadi nne wakati wa imla, akitumia herufi kubwa na alama nne za uakifishaji kwa usahihi.",Kitabu cha mwanafunzi|Ubao|Daftari na kalamu,"TET(2023), KISWAHILI, KITABU CHA MWANAFUNZI, DARASA LA TATU, TET, DAR ES SALAAM","Kuandika imla ya kifungu kizima kunahitaji umakini wa hali ya juu kuliko sentensi moja, kwani mwanafunzi lazima abaini alama tofauti katika kila sentensi anavyoendelea kusikiliza.","Mwalimu asome sehemu ya habari ya Kituo cha afya taratibu, akisitisha kidogo kuonesha mkato na kubadilisha sauti kuonesha kiulizo au mshangao, wanafunzi waandike wanachosikia.",Kifungu cha imla: 'Nilianza kukohoa tangu jana jioni. Twende kwenye kituo cha afya ukatibiwe.',Stadi hii humsaidia mwanafunzi kuandika ujumbe au taarifa anazoambiwa na wazazi au walimu kwa usahihi kamili.,"Kabla ya kuandika imla, mwanafunzi anapaswa kufanya nini kwanza?::Kusikiliza kwa makini sentensi nzima||Herufi ya kwanza ya kila sentensi huandikwaje?::Kwa herufi kubwa||Ni alama ngapi za uakifishaji zinazofundishwa katika somo hili?::Nne (nukta, mkato, mshangao, kiulizo)",
2023-JSS015-DRS III,Kuwasiliana katika miktadha mbalimbali,Kutumia maandishi katika mawasiliano kulingana na miktadha mbalimbali,Kutumia alama za uakifishaji kwa usahihi wakati wa kuandika imla,Kuhariri na kusahihisha imla ya mwenzako kwa kuzingatia alama za uakifishaji,2,Kazi ya vikundi,Kuwaongoza Wanafunzi,Mwanafunzi anasoma imla iliyoandikwa na mwenzake na kubainisha pamoja kusahihisha makosa ya herufi kubwa na alama za uakifishaji.,Daftari za wanafunzi|Kalamu nyekundu|Ubao,"TET(2023), KISWAHILI, KITABU CHA MWANAFUNZI, DARASA LA TATU, TET, DAR ES SALAAM","Uhariri ni zoezi la kusoma tena maandishi na kubaini na kurekebisha makosa, ikiwemo makosa ya herufi kubwa na alama za uakifishaji, ili maandishi yaeleweke vizuri.","Wanafunzi wabadilishane madaftari kwa jozi baada ya zoezi la imla, kila mmoja asome kazi ya mwenzake na azungushie mahali penye kosa la alama za uakifishaji au herufi kubwa, kisha warejeshe kusahihishana.",Mfano wa kosa: 'nilianza kukohoa jana jioni' bila herufi kubwa mwanzoni na bila nukta mwishoni - lisahihishwe kuwa 'Nilianza kukohoa jana jioni.',"Kuhariri kazi za wenzao humsaidia mwanafunzi kujenga tabia ya kusoma tena kazi yake mwenyewe kabla ya kuiwasilisha, jambo muhimu katika masomo yote.",Uhariri ni nini?::Kusoma tena maandishi na kurekebisha makosa yaliyomo||Taja kosa lililopo: 'nilianza kukohoa jana jioni'::Kukosa herufi kubwa mwanzoni na nukta mwishoni||Andika kwa usahihi: 'nilianza kukohoa jana jioni'::Nilianza kukohoa jana jioni.,
2023-JSS015-DRS III,Kuwasiliana katika miktadha mbalimbali,Kutumia maandishi katika mawasiliano kulingana na miktadha mbalimbali,"Kutumia vihusishi (nyuma ya, mbele ya, juu ya, kando ya, chini ya, katikati ya na pembeni ya) katika uandishi",Kutambua vihusishi vinavyoonesha mahali kwa kutumia sentensi na picha,2,Oneshombinu,Kuwaongoza Wanafunzi,"Mwanafunzi anatambua na kujaza pengo kwa kihusishi sahihi kinachoonesha mahali kati ya nyuma ya, mbele ya, juu ya, kando ya, chini ya, katikati ya na pembeni ya.",Kitabu cha mwanafunzi|Picha za vitu katika mazingira|Ubao,"TET(2023), KISWAHILI, KITABU CHA MWANAFUNZI, DARASA LA TATU, TET, DAR ES SALAAM","Vihusishi ni maneno yanayoonesha uhusiano wa mahali, muda au hali baina ya vitu au watu, mfano: mbele ya, nyuma ya, juu ya, chini ya, kando ya, katikati ya na pembeni ya.",Mwalimu awaonyeshe wanafunzi vitu halisi darasani (mfano kiti na meza) na kuwauliza waeleze mahali kimoja kilipo kuhusiana na kingine kwa kutumia vihusishi.,Mfano kutoka kitabuni: 'Msichana amesimama mbele ya ndoo.' 'Kikombe kipo juu ya kabati.' 'Basi lipo nyuma ya lori.',"Mwanafunzi hutumia vihusishi hivi kila siku kuelezea mahali vitu au watu walipo nyumbani, darasani au njiani.",Msichana amesimama _____ ya ndoo. Jaza pengo::mbele||Kikombe kipo _____ ya kabati. Jaza pengo::juu||Basi lipo _____ ya lori. Jaza pengo::nyuma,
2023-JSS015-DRS III,Kuwasiliana katika miktadha mbalimbali,Kutumia maandishi katika mawasiliano kulingana na miktadha mbalimbali,"Kutumia vihusishi (nyuma ya, mbele ya, juu ya, kando ya, chini ya, katikati ya na pembeni ya) katika uandishi",Kutumia vihusishi kusimulia habari ya Amosi na mti wa maembe,2,Simulizi,Kuwaongoza Wanafunzi,"Mwanafunzi anasimulia upya habari ya Amosi na mti wa maembe akitumia kwa usahihi vihusishi juu ya, kando ya, chini ya na ndani ya.",Kitabu cha mwanafunzi|Picha ya mti wa maembe|Ubao,"TET(2023), KISWAHILI, KITABU CHA MWANAFUNZI, DARASA LA TATU, TET, DAR ES SALAAM",Vihusishi hutumika kuunganisha maelezo ya mahali katika hadithi ili msimulizi aeleweke vizuri anapoelezea mfuatano wa matukio.,"Wanafunzi wasome tena habari ya Amosi aliyekuwa juu ya mti akichuma maembe, mti uliokuwa kando ya nyumba, na maembe yaliyodondoka chini ya mti kisha kutiwa ndani ya ndoo, kisha wajibu maswali kwa kutumia vihusishi hivyo.",Mfano: 'Amosi alikuwa juu ya mti akichuma maembe. Mti wa maembe ulikuwa kando ya nyumba yao.',"Mwanafunzi anaweza kutumia vihusishi hivi kusimulia matukio ya nyumbani, kama kuchuma matunda au kufanya kazi za shambani.",Amosi alikuwa _____ ya mti akichuma maembe. Jaza pengo::juu||Mti wa maembe ulikuwa _____ ya nyumba. Jaza pengo::kando||Lulu na Kiba waliyatia maembe _____ ya ndoo. Jaza pengo::ndani,
2023-JSS015-DRS III,Kuwasiliana katika miktadha mbalimbali,Kutumia maandishi katika mawasiliano kulingana na miktadha mbalimbali,"Kutumia vihusishi (nyuma ya, mbele ya, juu ya, kando ya, chini ya, katikati ya na pembeni ya) katika uandishi",Kuandika sentensi kwa kutumia vihusishi vyote saba vya mahali,1,Utungaji,Kuwaongoza Wanafunzi,"Mwanafunzi anaandika sentensi saba sahihi, kila moja ikitumia kihusishi kimoja tofauti kati ya nyuma ya, mbele ya, juu ya, kando ya, chini ya, katikati ya na pembeni ya.",Daftari|Kalamu|Orodha ya vihusishi,"TET(2023), KISWAHILI, KITABU CHA MWANAFUNZI, DARASA LA TATU, TET, DAR ES SALAAM",Kutunga sentensi kwa kutumia vihusishi mbalimbali humsaidia mwanafunzi kuonesha uhusiano sahihi wa mahali kati ya vitu katika maandishi yake.,"Wanafunzi watunge sentensi moja kwa kila kihusishi kwa kutumia mazingira wanayoyafahamu, kama darasa, nyumbani au uwanjani.",Mifano: 'Mwalimu amesimama mbele ya darasa.' 'Ng'ombe hukaa chini ya mti wakati wa jua kali.',"Mwanafunzi hutumia vihusishi hivi kila siku anapoeleza mahali vitu vilivyopo nyumbani au shuleni, hivyo kuboresha mawasiliano yake ya maandishi na mazungumzo.","Andika sentensi yenye kihusishi 'katikati ya'::Mfano: Mtoto amesimama katikati ya wazazi wake.||Andika sentensi yenye kihusishi 'pembeni ya'::Mfano: Kalamu iko pembeni ya kitabu.||Taja vihusishi vyote saba vinavyoonesha mahali vilivyofundishwa::nyuma ya, mbele ya, juu ya, kando ya, chini ya, katikati ya, pembeni ya",
2023-JSS015-DRS III,Kuonesha uelewa wa jambo alilolisikiliza au kulisoma,Kuonesha stadi za kusikiliza na kuelewa,Kusikiliza mazungumzo kwa kuzingatia mambo ya msingi katika miktadha mbalimbali,Kusikiliza hadithi ya Kusoma ni haki yetu na kubaini wahusika na tukio kuu,3,Masimulizi,Kuwaongoza Wanafunzi,Mwanafunzi anataja wahusika na tukio kuu la hadithi aliyoisikiliza kwa usahihi,Kitabu cha mwanafunzi|Redio|Kadi za picha,"TET(2023), KISWAHILI, KITABU CHA MWANAFUNZI, DARASA LA TATU, TET, DAR ES SALAAM","Kusikiliza ni stadi muhimu inayomwezesha mwanafunzi kuelewa mambo ya msingi yanayozungumzwa, kama vile wahusika, mahali na tukio.","Mwalimu anasoma kwa sauti hadithi ya Kusoma ni haki yetu wakati wanafunzi wakisikiliza kwa makini bila kuangalia maandishi, kisha wanaeleza kwa maneno yao waliyoyasikia.","Katika hadithi, Kayande anakutana na Jema na Furaha njiani wakichunga ng'ombe badala ya kwenda shuleni; wanafunzi wanasikiliza na kubaini tukio hilo.",Mwanafunzi anatumia stadi ya kusikiliza anaposikiliza maelekezo ya mzazi nyumbani au mwalimu darasani ili aelewe na kutenda ipasavyo.,Nani alikutana na Jema na Furaha njiani?::Kayande alikutana na Jema na Furaha njiani||Jema na Furaha walikuwa wakifanya nini badala ya kwenda shuleni?::Walikuwa wakichunga ng'ombe||Hadithi hii inatokea shuleni gani?::Shule ya Msingi Juhudi,
2023-JSS015-DRS III,Kuonesha uelewa wa jambo alilolisikiliza au kulisoma,Kuonesha stadi za kusikiliza na kuelewa,Kusikiliza mazungumzo kwa kuzingatia mambo ya msingi katika miktadha mbalimbali,Kusikiliza mazungumzo ya mwalimu na wanafunzi kuhusu haki za mtoto,3,Majadiliano,Kuwaongoza Wanafunzi,Mwanafunzi anaeleza kwa usahihi mambo ya msingi aliyoyasikia katika mazungumzo ya darasani kuhusu haki za mtoto,Kitabu cha mwanafunzi|Kadi za maswali|Ubao,"TET(2023), KISWAHILI, KITABU CHA MWANAFUNZI, DARASA LA TATU, TET, DAR ES SALAAM","Katika mazungumzo, mzungumzaji na msikilizaji hubadilishana ujumbe; msikilizaji makini huzingatia maswali na majibu yanayotolewa ili kupata ujumbe kamili.","Wanafunzi wanasikiliza mazungumzo baina ya mwalimu na wanafunzi darasani kuhusu jina la Jema kutoitikia mwito na maelezo ya mwalimu kuhusu haki za mtoto kupata elimu, kupendwa na kusikilizwa.","Mwalimu anasema, 'Kila mtoto ana haki ya kupata elimu, kupendwa na kusikilizwa,' na wanafunzi wanasikiliza kisha wanarudia mambo ya msingi waliyoyasikia.",Mwanafunzi anatumia usikivu anaposikiliza mazungumzo ya wazazi au walimu kuhusu haki na wajibu wake nyumbani na shuleni.,"Kwa mujibu wa mwalimu, kila mtoto ana haki gani?::Ana haki ya kupata elimu, kupendwa na kusikilizwa||Wanafunzi wakizuiwa kwenda shuleni wanatakiwa kufanya nini?::Kutoa taarifa shuleni||Wazazi wanaozuia watoto kwenda shule watafanywa nini?::Wataitwa shuleni kujieleza na kuelezwa umuhimu wa elimu",
2023-JSS015-DRS III,Kuonesha uelewa wa jambo alilolisikiliza au kulisoma,Kuonesha stadi za kusikiliza na kuelewa,Kutumia maneno aliyoyasikia katika miktadha mingine ya mazungumzo,Kutambua maana za msamiati uliosikika katika hadithi ya Kusoma ni haki yetu,2,Majadiliano,Kuwaongoza Wanafunzi,Mwanafunzi anaoanisha kwa usahihi maneno aliyoyasikia na maana zake,Kitabu cha mwanafunzi|Kadi za msamiati|Ubao,"TET(2023), KISWAHILI, KITABU CHA MWANAFUNZI, DARASA LA TATU, TET, DAR ES SALAAM","Baada ya kusikiliza mazungumzo, mwanafunzi hujifunza maneno mapya na kuyatumia sahihi kwa kuelewa maana zake katika muktadha aliousikia.","Wanafunzi wanaoanisha maneno shule, chunga na haki yaliyosikika katika hadithi na maana zake sahihi, kwa mfano shule ni mahali wanafunzi hupata elimu.","Neno chunga lina maana ya kupeleka mifugo malishoni na kuwalinda, kama alivyofanya Jema alipochunga ng'ombe badala ya kwenda shuleni.","Mwanafunzi anatumia msamiati huu anapoeleza kazi za nyumbani, kama kuchunga wanyama kabla au baada ya shule.",Neno shule lina maana gani?::Ni mahali ambapo wanafunzi hupata elimu||Neno chunga lina maana gani?::Peleka mifugo malishoni na kuwalinda||Neno haki lina maana gani?::Kitu ambacho mtu anastahili kukipata,
2023-JSS015-DRS III,Kuonesha uelewa wa jambo alilolisikiliza au kulisoma,Kuonesha stadi za kusikiliza na kuelewa,Kutumia maneno aliyoyasikia katika miktadha mingine ya mazungumzo,Kutunga sentensi kwa kutumia msamiati uliosikika katika miktadha mingine,3,Zoezi la vitendo,Kuwaongoza Wanafunzi,"Mwanafunzi anatunga sentensi sahihi akitumia maneno mjinga, hudhuria, zuia na sikitika",Kitabu cha mwanafunzi|Daftari|Kalamu,"TET(2023), KISWAHILI, KITABU CHA MWANAFUNZI, DARASA LA TATU, TET, DAR ES SALAAM",Maneno yaliyosikika katika mazungumzo yanaweza kutumika tena katika miktadha mingine ya mazungumzo au maandishi ili kuwasilisha ujumbe.,"Wanafunzi wanatunga sentensi mbili kwa kila neno kama mjinga, hudhuria na zuia, wakifuata mfano wa neno rafiki ulioonyeshwa kitabuni.",Mwalimu alisema mwanafunzi asipofika shuleni atakuwa mjinga; wanafunzi wanatumia neno hilo kutunga sentensi mpya kama 'Ukiacha kusoma utabaki mjinga.',Mwanafunzi anatumia maneno haya anapozungumza na wazazi au marafiki kuhusu kuhudhuria shule kila siku bila kuzuiwa.,Tunga sentensi kwa neno hudhuria::Mwanafunzi anatakiwa kuhudhuria shuleni kila siku||Tunga sentensi kwa neno zuia::Mzazi asimzuie mtoto kwenda shuleni||Tunga sentensi kwa neno sikitika::Mwalimu alisikitika Jema alipokosa shule,
2023-JSS015-DRS III,Kuonesha uelewa wa jambo alilolisikiliza au kulisoma,Kuonesha stadi za kusikiliza na kuelewa,Kutumia kamusi kupata maana ya msamiati mpya uliojitokeza katika matini fupi sahili,Kusoma mpangilio wa herufi za alfabeti ya Kiswahili kama msingi wa kutumia kamusi,2,Wimbo,Kuwaongoza Wanafunzi,Mwanafunzi anataja herufi za alfabeti ya Kiswahili kwa mfuatano sahihi kuanzia a hadi z,Chati ya alfabeti|Ubao|Kadi za herufi,"TET(2023), KISWAHILI, KITABU CHA MWANAFUNZI, DARASA LA TATU, TET, DAR ES SALAAM",Kutumia kamusi kunahitaji kujua mpangilio wa herufi za alfabeti ya Kiswahili: a b ch d e f g h i j k l m n o p r s t u v w y z.,"Wanafunzi wanaimba wimbo wa alfabeti ya Kiswahili pamoja kisha wanataja herufi ya mwanzo, ya mwisho na zile zilizopo kati ya herufi nyingine.","Herufi iliyopo kabla ya o ni n, na herufi inayofuata baada ya t ni u, kama inavyoonekana katika mfuatano wa alfabeti ya Kiswahili.","Mwanafunzi anatumia mpangilio wa alfabeti anapotafuta jina lake au majina ya marafiki katika orodha, kamusi au kitabu cha simu.",Herufi ya mwanzo ya alfabeti ya Kiswahili ni ipi?::Ni herufi a||Herufi ya mwisho ya alfabeti ya Kiswahili ni ipi?::Ni herufi z||Herufi iliyopo kati ya k na m ni ipi?::Ni herufi l,
2023-JSS015-DRS III,Kuonesha uelewa wa jambo alilolisikiliza au kulisoma,Kuonesha stadi za kusikiliza na kuelewa,Kutumia kamusi kupata maana ya msamiati mpya uliojitokeza katika matini fupi sahili,Kutumia kamusi kutafuta maana za maneno adabu na mzigo,2,Zoezi la vitendo,Kuwaongoza Wanafunzi,Mwanafunzi anatumia kamusi kupata maana sahihi ya neno alilopewa kwa kufuata herufi zake kwa mfuatano,Kamusi ya Kiswahili|Kitabu cha mwanafunzi,"TET(2023), KISWAHILI, KITABU CHA MWANAFUNZI, DARASA LA TATU, TET, DAR ES SALAAM","Kamusi ni kitabu chenye maneno yaliyopangwa kwa alfabeti, kinachoeleza maana za maneno; kutafuta neno hufuata herufi zake moja baada ya nyingine.","Kama ilivyofanywa darasani na Subira, Raya, Neema na Roda, wanafunzi wanafungua kamusi ukurasa wa herufi a kutafuta adabu, kisha ukurasa wa herufi m kutafuta mzigo.","Adabu ni tabia njema, nidhamu na heshima; mzigo ni kitu chochote kinachofungwa na kubebwa, kama walivyoeleza wanafunzi darasani.","Mwanafunzi anatumia kamusi anapokutana na neno geni analolisikia nyumbani, redioni au shuleni ili aelewe maana yake.","Adabu ina maana gani kwa mujibu wa kamusi?::Ni tabia njema, nidhamu na heshima||Mzigo una maana gani kwa mujibu wa kamusi?::Ni kitu chochote kinachofungwa na kubebwa||Kamusi ni kitu gani?::Ni kitabu chenye maneno yaliyopangwa kwa alfabeti kinachoeleza maana za maneno",
2023-JSS015-DRS III,Kuonesha uelewa wa jambo alilolisikiliza au kulisoma,Kuonesha stadi za kusikiliza na kuelewa,Kutumia kamusi kupata maana ya msamiati mpya uliojitokeza katika matini fupi sahili,"Kutumia kamusi kutafuta maana za maneno mbuga, dereva, kivuli, ghala na samani",2,Kazi ya kikundi,Kuwaongoza Wanafunzi,Mwanafunzi anaandika kwa usahihi maana za maneno mapya aliyoyapata kwa kutumia kamusi,Kamusi ya Kiswahili|Daftari|Kalamu,"TET(2023), KISWAHILI, KITABU CHA MWANAFUNZI, DARASA LA TATU, TET, DAR ES SALAAM","Baada ya kujua namna ya kutafuta neno kamusini, mwanafunzi anaweza kutumia stadi hiyo kupata maana za maneno mengine mapya anayokutana nayo.","Kwa kufuata mfano wa maneno adabu na mzigo, wanafunzi wanagawanyika makundi na kila kundi linatafuta maana za maneno mbuga, dereva, kivuli, ghala na samani kwa kutumia kamusi.","Mwalimu aliwaagiza wanafunzi kutafuta maana za maneno mbuga, dereva, kivuli, ghala na samani baada ya kufanikiwa kutafuta adabu na mzigo.",Mwanafunzi anatumia kamusi nyumbani anaposoma gazeti au kitabu na kukuta neno jipya asilolijua maana yake.,Neno mbuga linaanza na herufi gani kamusini?::Linaanza na herufi m||Neno dereva linatafutwa kwenye ukurasa wa herufi gani?::Ukurasa wa herufi d||Kwa nini tunatumia kamusi?::Ili kupata maana sahihi za maneno mapya,
2023-JSS015-DRS III,Kuonesha uelewa wa jambo alilolisikiliza au kulisoma,Kuonesha stadi za kusikiliza na kuelewa,Kujibu kwa usahihi maswali yanayotokana na matini,Kujibu maswali ya ufahamu kutoka hadithi ya Kusoma ni haki yetu,3,Maswali na majibu,Kuwaongoza Wanafunzi,Mwanafunzi anajibu kwa usahihi maswali ya ufahamu yanayotokana na hadithi aliyoisoma au kuisikiliza,Kitabu cha mwanafunzi|Daftari|Kalamu,"TET(2023), KISWAHILI, KITABU CHA MWANAFUNZI, DARASA LA TATU, TET, DAR ES SALAAM",Kujibu maswali ya ufahamu kunamsaidia mwanafunzi kuonesha kiwango cha uelewa wake wa matini aliyoisikiliza au kuisoma.,"Wanafunzi wanajibu maswali kama vile nani anasoma Darasa la Tatu, kwa nini Jema na Furaha hawakwenda shuleni, na watoto wana haki gani.","Kwa swali 'Watoto wana haki gani?' jibu sahihi ni haki ya kupata elimu, kupendwa na kusikilizwa, kama alivyoeleza mwalimu katika hadithi.",Mwanafunzi anatumia stadi hii anapoulizwa maswali na wazazi au walimu kuhusu habari aliyosikia redioni au televisheni.,"Nani anasoma Darasa la Tatu katika hadithi?::Kayande anasoma Darasa la Tatu||Kwa nini Jema na Furaha hawakwenda shuleni?::Kwa sababu walikwenda kuchunga ng'ombe||Mwanafunzi akienda shuleni kila siku atapata faida gani?::Atajifunza mambo mengi, atajiamini na kufanikiwa maishani",
2023-JSS015-DRS III,Kuonesha uelewa wa jambo alilolisikiliza au kulisoma,Kuonesha stadi za kusikiliza na kuelewa,Kujibu kwa usahihi maswali yanayotokana na matini,Kujibu maswali ya ufahamu kutoka habari ya Tutumie kamusi na shairi la Kamusi ya Kiswahili,2,Maswali na majibu,Kuwaongoza Wanafunzi,Mwanafunzi anajibu kwa usahihi maswali yanayotokana na habari na shairi kuhusu matumizi ya kamusi,Kitabu cha mwanafunzi|Kamusi ya Kiswahili|Daftari,"TET(2023), KISWAHILI, KITABU CHA MWANAFUNZI, DARASA LA TATU, TET, DAR ES SALAAM","Baada ya kusoma au kusikiliza matini kuhusu kamusi, mwanafunzi anatakiwa kujibu maswali yanayoonesha uelewa wake wa jinsi kamusi inavyotumika.","Wanafunzi wanajibu maswali kama vile neno mzigo linapatikana kwenye ukurasa unaoanza na herufi gani, na shairi la Kamusi ya Kiswahili linahusu nini.","Katika habari ya Tutumie kamusi, wanafunzi Subira, Raya, Neema na Roda walijibu maswali ya mwalimu kwa usahihi wakitumia kamusi walichogawiwa kwa vikundi.",Mwanafunzi anatumia stadi hii anapojibu maswali darasani kuhusu vitabu na kamusi anazozitumia shuleni na nyumbani.,Neno mzigo linapatikana kwenye ukurasa unaoanza na herufi gani?::Herufi m||Shairi la Kamusi ya Kiswahili linahusu nini?::Linahusu faida na matumizi ya kamusi||Kamusi ina faida gani?::Husaidia kupata maana sahihi za maneno mapya,
2023-JSS015-DRS III,Kuonesha uelewa wa jambo alilolisikiliza au kulisoma,Kusoma matini kwa ufasaha na ufahamu,Kusoma matini fupi na sahili kwa kasi mwafaka na matamshi sahihi,Kusoma aya za matini 'Mtoto mwema' kwa kasi mwafaka,3,Oneshombinu,Kuwaongoza Wanafunzi,Mwanafunzi anasoma aya ya matini 'Mtoto mwema' kwa kasi isiyo ya haraka wala ya polepole kupita kiasi.,Kitabu cha mwanafunzi|Ubaoni|Kadi za maneno,"TET(2023), KISWAHILI, KITABU CHA MWANAFUNZI, DARASA LA TATU, TET, DAR ES SALAAM","Kusoma kwa kasi mwafaka ni kusoma pasipo kwenda mbio mno wala kukokota maneno, huku maneno yote yakisikika wazi.",Mwalimu asome kwanza aya ya kwanza ya matini 'Mtoto mwema' kwa mfano kisha wanafunzi wafuatie wakisoma kimoja baada ya kingine.,Aya: 'Fikiri ni mwanafunzi wa Darasa la Tatu. Anasoma katika Shule ya Msingi Kiegea. Fikiri ana dada mmoja na kaka wawili.',"Mwanafunzi anapokuwa akisoma kitabu cha hadithi nyumbani au shuleni, huhitaji kusoma kwa kasi mwafaka ili wenzake wamwelewe.",Fikiri anasoma shule gani?::Anasoma katika Shule ya Msingi Kiegea||Fikiri ana ndugu wangapi?::Ana dada mmoja na kaka wawili||Fikiri anaishi na nani?::Anaishi na shangazi yake Neema,
2023-JSS015-DRS III,Kuonesha uelewa wa jambo alilolisikiliza au kulisoma,Kusoma matini kwa ufasaha na ufahamu,Kusoma matini fupi na sahili kwa kasi mwafaka na matamshi sahihi,Kusoma matini 'Mtoto mwema' kwa matamshi sahihi ya maneno magumu,3,Maswali na majibu,Kuwaongoza Wanafunzi,"Mwanafunzi anatamka kwa usahihi maneno kama 'kitindamimba', 'njiapanda' na 'shangazi' anapokuwa akisoma.",Kitabu cha mwanafunzi|Kadi za maneno magumu|Ubaoni,"TET(2023), KISWAHILI, KITABU CHA MWANAFUNZI, DARASA LA TATU, TET, DAR ES SALAAM",Matamshi sahihi ni kutamka kila herufi na silabi ya neno bila kuacha au kubadilisha sauti yake.,"Mwalimu aandike maneno magumu ubaoni: kitindamimba, njiapanda, shangazi, akamwambia; awasomeshe wanafunzi mara kwa mara hadi watamke sawasawa kabla ya kusoma aya nzima.",Sentensi: 'Fikiri ni kitindamimba katika familia yao.' na 'Walipofika njiapanda Fikiri akamwambia bibi...',"Mwanafunzi anahitaji kutamka vizuri majina ya ndugu zake kama shangazi, mjomba au babu wanapoongea nyumbani.",Fikiri anaishi na nani Mkoa wa Morogoro?::Anaishi na shangazi yake Neema||Neno 'kitindamimba' lina maana gani?::Mtoto wa mwisho kuzaliwa katika familia||Fikiri alikutana na nani njiani akitoka shuleni?::Alikutana na bibi mmoja,
2023-JSS015-DRS III,Kuonesha uelewa wa jambo alilolisikiliza au kulisoma,Kusoma matini kwa ufasaha na ufahamu,Kusoma matini fupi na sahili kwa kasi mwafaka na matamshi sahihi,Kusoma kwa ufasaha mazungumzo ya Fikiri na bibi,2,Uigizaji,Kuwaongoza Wanafunzi,Mwanafunzi anasoma kwa ufasaha sehemu ya mazungumzo kati ya Fikiri na bibi bila kusita sita.,Kitabu cha mwanafunzi|Kadi za mazungumzo,"TET(2023), KISWAHILI, KITABU CHA MWANAFUNZI, DARASA LA TATU, TET, DAR ES SALAAM","Kusoma kwa ufasaha ni kusoma pasipo kusitasita, ukizingatia alama za uandishi kama vile alama za mazungumzo na nukta.","Wanafunzi wagawanyike wawiliwawili, mmoja awe Fikiri na mwingine awe bibi, kisha wasomeane mazungumzo yaliyopo katika aya ya sita na ya saba ya matini.","'Fikiri alimsalimia kisha akamwambia, ""Bibi naomba nikusaidie kubeba kikapu.""' na jibu la bibi, 'Asante sana mjukuu wangu.'",Mwanafunzi anaweza kutumia ufasaha huu anaposoma mazungumzo katika vitabu vya hadithi vya nyumbani au maktabani.,Fikiri alimsaidia bibi kubeba nini?::Alimsaidia kubeba kikapu||Bibi alimwita Fikiri nani?::Alimwita mjukuu wake||Bibi alikuwa amebeba nini kichwani?::Alikuwa amebeba kuni,
2023-JSS015-DRS III,Kuonesha uelewa wa jambo alilolisikiliza au kulisoma,Kusoma matini kwa ufasaha na ufahamu,Kusoma sentensi kwa kuzingatia kupanda na kushuka kwa mawimbi ya sauti,Kusoma sentensi za taarifa kwa kiimbo cha kushuka,3,Oneshombinu,Kuwaongoza Wanafunzi,Mwanafunzi anasoma sentensi za taarifa akishusha sauti mwishoni mwa sentensi kama inavyotakiwa.,Kitabu cha mwanafunzi|Ubaoni|Kadi za sentensi,"TET(2023), KISWAHILI, KITABU CHA MWANAFUNZI, DARASA LA TATU, TET, DAR ES SALAAM",Sentensi za taarifa husomwa kwa kupandisha sauti kidogo katikati kisha kuishusha mwishoni pale palipo na nukta.,"Mwalimu asome sentensi 'Nyumba yao inapendeza sana.' akionesha jinsi sauti inavyoshuka mwishoni, kisha wanafunzi warudie wakifuata mfano huo.",Sentensi kutoka matini: 'Fikiri anampenda sana shangazi yake.' na 'Walimu na wanafunzi wanampenda sana Fikiri.',"Mwanafunzi hutumia kiimbo cha kushuka anapotoa taarifa nyumbani, kwa mfano anapomwambia mzazi jambo alilofanya shuleni.",Sentensi za taarifa husomwaje mwishoni?::Sauti hushushwa mwishoni mwa sentensi||Fikiri anafanya nini kwa shangazi yake?::Anamsaidia kazi za nyumbani kama kuosha vyombo na kufua||Nyumba ya Fikiri na shangazi ikoje?::Inapendeza sana,
2023-JSS015-DRS III,Kuonesha uelewa wa jambo alilolisikiliza au kulisoma,Kusoma matini kwa ufasaha na ufahamu,Kusoma sentensi kwa kuzingatia kupanda na kushuka kwa mawimbi ya sauti,Kusoma sentensi za maulizo kwa kupandisha sauti,2,Maswali na majibu,Kuwaongoza Wanafunzi,Mwanafunzi anasoma sentensi za maulizo akipandisha sauti mwishoni mwa sentensi kuonesha swali.,Kitabu cha mwanafunzi|Ubaoni|Kadi za maswali,"TET(2023), KISWAHILI, KITABU CHA MWANAFUNZI, DARASA LA TATU, TET, DAR ES SALAAM",Sentensi za maulizo husomwa kwa kupandisha sauti mwishoni ili kuonesha kuwa swali linaulizwa.,"Mwalimu aandike maswali ya Zoezi la kwanza ubaoni, mfano 'Fikiri anasoma shule gani?', asome kwa kupandisha sauti, kisha wanafunzi wafuatie kwa zamu.",Maswali ya zoezi la ufahamu: 'Nani alimsaidia Tumaini kujua kuhesabu?' na 'Kwa nini bibi alimshukuru Fikiri?',"Mwanafunzi hutumia kiimbo hiki anapouliza maswali darasani au nyumbani, mfano 'Chakula kiko tayari?'",Sentensi za maulizo husomwaje?::Kwa kupandisha sauti mwishoni mwa sentensi||Nani alimsaidia Tumaini kuhesabu vizuri?::Fikiri alimsaidia Tumaini||Rafiki yake Fikiri anaitwa nani?::Anaitwa Tumaini,
2023-JSS015-DRS III,Kuonesha uelewa wa jambo alilolisikiliza au kulisoma,Kusoma matini kwa ufasaha na ufahamu,Kusoma sentensi kwa kuzingatia kupanda na kushuka kwa mawimbi ya sauti,Kusoma sentensi za mshangao na amri kwa kuzingatia kiimbo,2,Uigizaji,Kuwaongoza Wanafunzi,Mwanafunzi anasoma sentensi za mshangao na amri akitumia mkazo wa sauti unaoendana na hisia inayoonyeshwa.,Kitabu cha mwanafunzi|Ubaoni|Kadi za sentensi za mshangao,"TET(2023), KISWAHILI, KITABU CHA MWANAFUNZI, DARASA LA TATU, TET, DAR ES SALAAM","Sentensi za mshangao na amri husomwa kwa mkazo wa sauti unaoonesha hisia kama furaha, mshangao au maelekezo.","Mwalimu aoneshe usomaji wa sentensi 'Asante sana mjukuu wangu!' kwa mkazo unaoonesha furaha ya bibi, kisha wanafunzi waige jinsi ya kusoma.",Sentensi: 'Bibi alifurahi sana.' na neno la shukrani la bibi kwa Fikiri baada ya kupewa msaada wa kubeba kikapu.,"Mwanafunzi hutumia kiimbo cha mshangao anapofurahi au kushangaa jambo nyumbani, mfano akimwambia rafiki 'Nimefaulu mtihani!'",Bibi alimwambiaje Fikiri baada ya kusaidiwa?::Alimwambia asante sana mjukuu wangu||Sentensi za mshangao husomwaje?::Kwa mkazo wa sauti unaoonesha hisia||Fikiri alimpa bibi nini?::Alimsaidia kubeba kikapu chake,
2023-JSS015-DRS III,Kuonesha uelewa wa jambo alilolisikiliza au kulisoma,Kusoma matini kwa ufasaha na ufahamu,Kueleza ujumbe mkuu uliomo katika matini fupi aliyoisoma,Kueleza ujumbe mkuu wa matini 'Mtoto mwema',3,Maswali na majibu,Kuwaongoza Wanafunzi,Mwanafunzi anaeleza kwa usahihi ujumbe mkuu unaopatikana katika matini 'Mtoto mwema'.,Kitabu cha mwanafunzi|Ubaoni|Chati ya maswali,"TET(2023), KISWAHILI, KITABU CHA MWANAFUNZI, DARASA LA TATU, TET, DAR ES SALAAM",Ujumbe mkuu wa matini ni fundisho kuu linalopatikana baada ya kusoma na kuelewa habari nzima.,"Baada ya wanafunzi kusoma matini 'Mtoto mwema', mwalimu awaulize wanafunzi wafupishe kwa maneno yao wenyewe habari hiyo inasema nini kwa ujumla.","Fikiri ni mtoto mwenye tabia njema: humsaidia shangazi yake kazi za nyumbani, huwasaidia wenzake shuleni na humsaidia bibi njiani.",Mwanafunzi anaweza kuiga tabia ya Fikiri kwa kuwasaidia wazazi kazi za nyumbani na kuwasaidia wenzake wanapopata ugumu masomoni.,"Habari ya 'Mtoto mwema' inaeleza nini kwa ujumla?::Inaeleza tabia njema ya Fikiri ya kusaidia na kutii||Kwa nini Fikiri ni mfano wa kuigwa?::Kwa sababu ni mtiifu, anasaidia na kuheshimu wengine||Fikiri huwasaidiaje wanafunzi wenzake?::Huwasaidia wanaohitaji msaada kama Tumaini",
2023-JSS015-DRS III,Kuonesha uelewa wa jambo alilolisikiliza au kulisoma,Kusoma matini kwa ufasaha na ufahamu,Kueleza ujumbe mkuu uliomo katika matini fupi aliyoisoma,Kujibu maswali ya ufahamu kutoka matini 'Mtoto mwema',2,Zoezi la maandishi,Kuwaongoza Wanafunzi,Mwanafunzi anajibu kwa usahihi maswali ya ufahamu yanayotokana na matini aliyoisoma.,Kitabu cha mwanafunzi|Daftari|Kalamu,"TET(2023), KISWAHILI, KITABU CHA MWANAFUNZI, DARASA LA TATU, TET, DAR ES SALAAM",Kujibu maswali ya ufahamu humsaidia mwanafunzi kuonesha kiwango cha uelewa wake juu ya matini aliyosoma.,"Mwalimu awape wanafunzi maswali ya Zoezi la kwanza kutoka matini, wayasome kwa makini kisha wayaandike majibu yao kwenye daftari.",Swali: 'Kwa nini Fikiri ni mfano wa kuigwa?' na 'Kwa nini bibi alimshukuru Fikiri?' kutoka Zoezi la kwanza.,Mwanafunzi hutumia stadi hii anaposoma hadithi na kuulizwa maswali na mzazi au ndugu kuhusu alichosoma.,"Habari hii inatufundisha nini?::Kusaidiana, kutii na kuheshimu wazazi na wenzetu||Nani alikutana na Fikiri njiani?::Bibi mmoja aliyekuwa amebeba kuni na kikapu||Fikiri alimtendea nini bibi aliyekutana naye njiani?::Alimsaidia kubeba kikapu chake",
2023-JSS015-DRS III,Kuonesha uelewa wa jambo alilolisikiliza au kulisoma,Kusoma matini kwa ufasaha na ufahamu,Kueleza ujumbe mkuu uliomo katika matini fupi aliyoisoma,Kueleza mafunzo yanayopatikana katika matini 'Mtoto mwema',2,Mjadala,Kuwaongoza Wanafunzi,Mwanafunzi anataja angalau mafunzo mawili anayoyapata baada ya kusoma matini 'Mtoto mwema'.,Kitabu cha mwanafunzi|Ubaoni,"TET(2023), KISWAHILI, KITABU CHA MWANAFUNZI, DARASA LA TATU, TET, DAR ES SALAAM",Mafunzo ni mambo mema tunayojifunza kutoka katika habari na kuweza kuyatumia katika maisha yetu ya kila siku.,"Mwalimu awaongoze wanafunzi kwa njia ya mjadala mfupi kutaja mafunzo wanayoyapata kutoka matini, kama vile kusaidiana, utii na heshima.","Fikiri hutii maelekezo ya wazazi na walezi wake, huwaheshimu walimu na viongozi, na humsaidia bibi asiyemfahamu njiani.",Mwanafunzi anaweza kutumia mafunzo haya kwa kuwasaidia wazee wa mtaani wake na kutii maelekezo ya walimu na wazazi.,"Taja mafunzo mawili unayoyapata kutoka matini 'Mtoto mwema'::Kusaidiana na wengine, na kutii wazazi na walimu||Fikiri ni mwanafunzi wa aina gani?::Ni mwanafunzi mtiifu na mwenye tabia njema||Bibi alikuwa akielekea barabara gani?::Alikuwa akielekea barabara iendayo kushoto",
2023-JSS015-DRS III,Kuwasilisha hoja kwa mazungumzo na kwa maandishi kulingana na muktadha,Kuandika matini mbalimbali,Kuandika sentensi mbalimbali kwa usahihi,Kutunga sentensi kwa kutumia msamiati wa habari 'Siku ambayo sitaisahau',2,Majadiliano,Kuwaongoza Wanafunzi,Mwanafunzi anaweza kutunga sentensi mbili sahihi kwa kila neno la msamiati kutoka habari aliyosoma.,Kitabu cha mwanafunzi|Ubao|Chaki|Kadi za maneno,"TET(2023), KISWAHILI, KITABU CHA MWANAFUNZI, DARASA LA TATU, TET, DAR ES SALAAM",Msamiati ni maneno muhimu yanayojitokeza katika habari ambayo mwanafunzi anapaswa kuyafahamu maana yake kabla ya kuyatumia katika kutunga sentensi sahihi.,"Katika habari 'Siku ambayo sitaisahau' yamejitokeza maneno kama mahafali, balaa, kasi, abiria, ajali na maisha. Kila neno lina maana yake na mwanafunzi anapaswa kulitumia kwa usahihi katika sentensi mbalimbali.",Mfano kutoka kitabuni: 'abiria - mtu/watu wanaosafiri kwa chombo cha usafiri.' Sentensi: 'Abiria wote waliambiwa wafunge mikanda.' na 'Abiria waliopanda treni ya mwendokasi walifika haraka.',"Mwanafunzi hutumia maneno kama haya anapoeleza safari za kwenda shuleni, sokoni au matukio anayoyaona nyumbani kwa wazazi na marafiki zake.",Eleza maana ya neno 'abiria'::Mtu/watu wanaosafiri kwa chombo cha usafiri||Tunga sentensi moja kwa neno 'ajali'::Gari lililokuwa likienda Manyovu lilipata ajali njiani||Tunga sentensi moja kwa neno 'kasi'::Dereva aliendesha gari kwa kasi kubwa bila tahadhari,
2023-JSS015-DRS III,Kuwasilisha hoja kwa mazungumzo na kwa maandishi kulingana na muktadha,Kuandika matini mbalimbali,Kuandika sentensi mbalimbali kwa usahihi,Kutunga sentensi sahihi kwa kutumia jedwali la maneno,2,Kazi ya kikundi,Kuwaongoza Wanafunzi,Mwanafunzi anaweza kutunga sentensi kumi sahihi kwa kutumia maneno yaliyopo katika jedwali alilopewa.,Kadi za maneno|Ubao|Chaki|Jedwali la maneno,"TET(2023), KISWAHILI, KITABU CHA MWANAFUNZI, DARASA LA TATU, TET, DAR ES SALAAM",Jedwali la maneno ni chombo kinachomsaidia mwanafunzi kuchagua maneno mbalimbali na kuyaunganisha ili kutunga sentensi zenye maana kamili.,"Mwanafunzi hutakiwa kuchagua nomino, kitenzi na maneno mengine kutoka safu tofauti za jedwali na kuyapanga kwa mpangilio unaoleta maana.","Kwa mfano, kutoka jedwali lenye maneno 'Mwalimu', 'anafundisha', 'wanafunzi' na 'darasani', mwanafunzi anaweza kutunga sentensi 'Mwalimu anafundisha wanafunzi darasani.'","Ustadi huu humsaidia mwanafunzi kutunga sentensi sahihi anapoandika barua, hadithi au taarifa fupi shuleni na nyumbani.",Tunga sentensi kwa maneno 'mwanafunzi' na 'kusoma'::Mwanafunzi anapenda kusoma vitabu vya hadithi||Tunga sentensi kwa maneno 'dereva' na 'gari'::Dereva aliendesha gari kwa uangalifu barabarani||Tunga sentensi kwa maneno 'polisi' na 'usalama'::Polisi wanawaelimisha wananchi kuhusu usalama barabarani,
2023-JSS015-DRS III,Kuwasilisha hoja kwa mazungumzo na kwa maandishi kulingana na muktadha,Kuandika matini mbalimbali,Kuandika sentensi mbalimbali kwa usahihi,Kuunganisha herufi zilizochanganyika kuunda maneno sahihi kisha kuyatumia katika sentensi,2,Mchezo,Kuwaongoza Wanafunzi,Mwanafunzi anaweza kupanga herufi zilizochanganyika kupata neno sahihi na kulitumia katika sentensi moja.,Kadi za herufi|Ubao|Chaki|Saa ya mchezo,"TET(2023), KISWAHILI, KITABU CHA MWANAFUNZI, DARASA LA TATU, TET, DAR ES SALAAM","Herufi za neno zinaweza kuchanganywa kimakusudi, na mwanafunzi hutakiwa kuzipanga kwa mpangilio sahihi ili kupata neno lenye maana.",Zoezi hili humjengea mwanafunzi umahiri wa kutambua tahajia sahihi ya maneno na kumsaidia kuandika kwa usahihi zaidi.,Mfano kutoka kitabuni: herufi 'SHOEK' zikipangwa vizuri hutoa neno 'KESHO'. Mwanafunzi hutumia mbinu hii kutambua maneno sahihi kutoka herufi zilizochanganywa.,Mwanafunzi hutumia ustadi huu anapocheza michezo ya maneno na wenzake au anaposahihisha tahajia katika kazi zake za shule.,Panga herufi 'SHOEK' kupata neno sahihi::KESHO||Tunga sentensi kwa neno 'KESHO'::Kesho tutakwenda shuleni asubuhi||Panga herufi za neno 'TABIA' na tunga sentensi::TABIA - Tabia njema humfanya mtu apendwe na watu wengine,
2023-JSS015-DRS III,Kuwasilisha hoja kwa mazungumzo na kwa maandishi kulingana na muktadha,Kuandika matini mbalimbali,Kuandika sentensi mbalimbali kwa usahihi,Kutunga sentensi kumi zinazoeleza matukio ya kila siku kwa usahihi wa kisarufi,1,Zoezi la maandishi,Kuwaongoza Wanafunzi,Mwanafunzi anaweza kuandika sentensi kumi sahihi kuhusu matukio ya kila siku bila makosa ya kisarufi.,Kitabu cha zoezi|Kalamu|Ubao|Chaki,"TET(2023), KISWAHILI, KITABU CHA MWANAFUNZI, DARASA LA TATU, TET, DAR ES SALAAM","Sentensi sahihi huwa na kiima, kiarifu na muundo unaofuata kanuni za sarufi ya Kiswahili.",Mwanafunzi anapaswa kuhakikisha kila sentensi anayoiandika ina maana kamili na inaanza na herufi kubwa na kuishia na alama sahihi ya uakifishaji.,Mfano: 'Tuliondoka Dumila asubuhi na mapema.' ni sentensi sahihi yenye kiima 'Tuliondoka' na taarifa kamili.,Mwanafunzi hutumia sentensi sahihi anapoandika shajara ya matukio ya siku yake nyumbani na shuleni.,Andika sentensi moja kuhusu safari::Tulisafiri kutoka Dumila kwenda Manyovu kwa gari||Andika sentensi moja kuhusu shule::Ninafika shuleni kila siku saa moja asubuhi||Andika sentensi moja kuhusu familia::Familia yangu hukaa pamoja jioni kuzungumza,
2023-JSS015-DRS III,Kuwasilisha hoja kwa mazungumzo na kwa maandishi kulingana na muktadha,Kuandika matini mbalimbali,Kupanga katika mtiririko sahihi sentensi zilizochanganywa,Kupanga maneno yaliyochanganyika ili kupata sentensi sahihi,2,Zoezi la kikundi,Kuwaongoza Wanafunzi,Mwanafunzi anaweza kupanga maneno yaliyochanganywa na kuunda sentensi yenye maana sahihi.,Kadi za maneno|Ubao|Chaki,"TET(2023), KISWAHILI, KITABU CHA MWANAFUNZI, DARASA LA TATU, TET, DAR ES SALAAM","Wakati mwingine maneno ya sentensi huchanganywa mpangilio wake, hivyo mwanafunzi anahitajika kuyapanga upya ili yalete maana sahihi.","Sentensi sahihi hufuata mpangilio wa kiima kisha kiarifu, na maneno mengine hupangwa kulingana na kazi yake katika sentensi.",Mfano kutoka kitabuni: 'mwerevu mwalimu darasani mwanafunzi humwelewa' hupangwa kuwa 'Mwanafunzi mwerevu humwelewa mwalimu darasani.',Ustadi huu humsaidia mwanafunzi kusahihisha sentensi zake mwenyewe anapoona hazieleweki vizuri anapoandika insha au barua.,Panga maneno 'bidii kwa mtihani tutafaulu tukisoma' kupata sentensi sahihi::Tukisoma kwa bidii tutafaulu mtihani||Panga maneno 'mnyama porini ni anayeishi mbweha' kupata sentensi sahihi::Mbweha ni mnyama anayeishi porini||Panga maneno 'saba ina siku moja wiki' kupata sentensi sahihi::Wiki moja ina siku saba,
2023-JSS015-DRS III,Kuwasilisha hoja kwa mazungumzo na kwa maandishi kulingana na muktadha,Kuandika matini mbalimbali,Kupanga katika mtiririko sahihi sentensi zilizochanganywa,Kupanga sentensi za hadithi katika mtiririko sahihi,2,Majadiliano,Kuwaongoza Wanafunzi,Mwanafunzi anaweza kupanga sentensi za hadithi zilizochanganywa katika mtiririko unaofaa wa matukio.,Kadi za sentensi|Ubao|Chaki|Kitabu cha mwanafunzi,"TET(2023), KISWAHILI, KITABU CHA MWANAFUNZI, DARASA LA TATU, TET, DAR ES SALAAM","Hadithi huwa na mtiririko wa matukio unaoanzia mwanzo, kati na mwisho, hivyo sentensi zake zinapaswa kupangwa kwa utaratibu unaoeleweka.","Ili kupanga sentensi za hadithi kwa usahihi, mwanafunzi anapaswa kutambua tukio linaloanza hadithi, linalofuata na linaloimalizia.","Mfano kutoka kitabuni kuhusu Lipake: 'Lipake ni mwanafunzi anayesoma Darasa la Tatu' huwa sentensi ya kwanza, ikifuatiwa na 'Anaishi na wazazi wake katika Kijiji cha Lihole', kisha matukio mengine hadi mwishoni 'Waliwahi zahanati ya karibu kupatiwa matibabu.'",Mwanafunzi hutumia ustadi huu anapoandika habari za matukio yake kwa mtiririko unaoeleweka kwa msomaji.,Ni sentensi gani inayoanza hadithi ya Lipake?::Lipake ni mwanafunzi anayesoma Darasa la Tatu||Nini kilitokea baada ya mama na Lipake kwenda shambani?::Walikutana na nyuki waliowavamia na kuwajeruhi||Hadithi ya Lipake inaishaje?::Waliwahi zahanati ya karibu kupatiwa matibabu,
2023-JSS015-DRS III,Kuwasilisha hoja kwa mazungumzo na kwa maandishi kulingana na muktadha,Kuandika matini mbalimbali,Kupanga katika mtiririko sahihi sentensi zilizochanganywa,Kupanga sentensi za habari 'Siku ambayo sitaisahau' katika mtiririko wa tukio,2,Kazi ya kikundi,Kuwaongoza Wanafunzi,Mwanafunzi anaweza kupanga sentensi kuhusu tukio la ajali katika mtiririko sahihi wa matukio kutoka mwanzo hadi mwisho.,Kitabu cha mwanafunzi|Kadi za sentensi|Ubao,"TET(2023), KISWAHILI, KITABU CHA MWANAFUNZI, DARASA LA TATU, TET, DAR ES SALAAM","Tukio lolote linaloandikwa huwa na mwanzo, kati na mwisho, hivyo sentensi zinazolieleza hupangwa kwa mfuatano wa wakati tukio lilivyotokea.","Katika habari 'Siku ambayo sitaisahau', tukio huanza na safari, kisha ajali inatokea, na mwishoni watu huokolewa na kupatiwa matibabu.","Mfano wa mpangilio: (1) Tulisafiri kutoka Dumila kwenda Manyovu. (2) Tulipofika Urambo, gari letu liligongwa na lori. (3) Polisi na raia wema walisaidia kuwaokoa majeruhi. (4) Tulipatiwa matibabu na kuruhusiwa.",Mwanafunzi hutumia mpangilio huu anapoeleza matukio aliyoyaona au kuyapitia kwa mtiririko unaoeleweka kwa wenzake.,Tukio la kwanza katika safari ni lipi?::Kuondoka Dumila kwenda Manyovu||Nini kilitokea baada ya kufika Urambo?::Gari liligongwa na lori kubwa la mchanga||Tukio la mwisho ni lipi?::Kupatiwa matibabu na kuruhusiwa hospitalini,
2023-JSS015-DRS III,Kuwasilisha hoja kwa mazungumzo na kwa maandishi kulingana na muktadha,Kuandika matini mbalimbali,Kupanga katika mtiririko sahihi sentensi zilizochanganywa,Kutambua na kurekebisha mpangilio usio sahihi wa sentensi katika aya,1,Zoezi la maandishi,Kuwaongoza Wanafunzi,Mwanafunzi anaweza kutambua sentensi isiyo katika mpangilio sahihi ndani ya aya na kuirekebisha.,Kitabu cha zoezi|Kalamu|Ubao,"TET(2023), KISWAHILI, KITABU CHA MWANAFUNZI, DARASA LA TATU, TET, DAR ES SALAAM",Aya iliyopangwa vibaya husababisha maana ya habari kutoeleweka vizuri kwa msomaji.,"Mwanafunzi anapaswa kusoma aya kwa makini, kutambua sentensi iliyowekwa mahali pasipofaa na kuipanga upya.","Mfano: badala ya kuanza kwa 'Tuliruhusiwa kutoka hospitalini' na kumaliza kwa 'Tuliondoka Dumila', mpangilio sahihi ni kuanza na kuondoka Dumila na kumaliza na kuruhusiwa hospitalini.",Ustadi huu humsaidia mwanafunzi kuhariri kazi zake mwenyewe kabla ya kuzikabidhi kwa mwalimu.,Kwa nini aya inahitaji mpangilio sahihi wa sentensi?::Ili maana ya habari ieleweke vizuri kwa msomaji||Nini hufanyika sentensi zikiwa katika mpangilio mbaya?::Habari huwa ngumu kueleweka||Nani anayeweza kusahihisha mpangilio wa sentensi zake?::Mwandishi mwenyewe baada ya kusoma tena kazi yake,
2023-JSS015-DRS III,Kuwasilisha hoja kwa mazungumzo na kwa maandishi kulingana na muktadha,Kuandika matini mbalimbali,Kuandika matini fupi kwa kuzingatia mpangilio sahihi wa maneno na alama za uakifishaji,Kuandika muhtasari wa habari 'Siku ambayo sitaisahau' kwa sentensi tano,2,Zoezi la maandishi,Kuwaongoza Wanafunzi,Mwanafunzi anaweza kuandika muhtasari wa habari aliyosoma kwa sentensi tano sahihi.,Kitabu cha mwanafunzi|Daftari|Kalamu,"TET(2023), KISWAHILI, KITABU CHA MWANAFUNZI, DARASA LA TATU, TET, DAR ES SALAAM",Muhtasari ni maelezo mafupi yanayobeba mambo makuu ya habari iliyosomwa bila kuacha maana muhimu.,"Mwanafunzi anapaswa kusoma habari nzima, kutambua mambo makuu, kisha kuyaandika kwa maneno yake mwenyewe kwa sentensi chache.",Mfano wa muhtasari: 'Tulisafiri kutoka Dumila kwenda Manyovu kwa gari. Njiani tulipata ajali karibu na Urambo. Gari letu liligongwa na lori la mchanga. Polisi na raia wema walitusaidia. Tulipatiwa matibabu hospitalini na kuruhusiwa.',Mwanafunzi hutumia ustadi wa kuandika muhtasari anapoeleza kwa ufupi habari alizosikia redioni au alizoziona nyumbani.,Muhtasari huandikwa kwa sentensi ngapi kwa mujibu wa zoezi?::Sentensi tano||Ni nini kinapaswa kuepukwa unapoandika muhtasari?::Kuacha mambo makuu ya habari au kuongeza mambo yasiyokuwepo||Andika sentensi moja ya muhtasari kuhusu ajali::Gari letu liligongwa na lori la mchanga karibu na Urambo,
2023-JSS015-DRS III,Kuwasilisha hoja kwa mazungumzo na kwa maandishi kulingana na muktadha,Kuandika matini mbalimbali,Kuandika matini fupi kwa kuzingatia mpangilio sahihi wa maneno na alama za uakifishaji,Kuzingatia alama za uakifishaji katika uandishi wa sentensi na aya,2,Maelezo na mazoezi,Kuwaongoza Wanafunzi,Mwanafunzi anaweza kutumia alama za uakifishaji kwa usahihi anapoandika sentensi na aya.,Ubao|Chaki|Kitabu cha mwanafunzi|Chati ya alama za uakifishaji,"TET(2023), KISWAHILI, KITABU CHA MWANAFUNZI, DARASA LA TATU, TET, DAR ES SALAAM","Alama za uakifishaji ni alama zinazotumika kuonesha mahali pa kusitisha, kuuliza au kuonesha mshangao katika maandishi, kama vile nukta, mkato, alama ya kuuliza na alama ya mshangao.",Kila sentensi lazima ianze na herufi kubwa na kuishia na alama sahihi ya uakifishaji ili kubeba maana iliyokusudiwa. Kutokutumia alama sahihi kunaweza kubadilisha maana ya sentensi.,Mfano kutoka kitabuni: 'Ajaliii!!' na 'Mungu wangu!' ni sentensi zenye alama ya mshangao zinazoonesha hisia kali za watu waliokutana na ajali.,"Mwanafunzi hutumia alama za uakifishaji kila anapoandika barua, ujumbe mfupi au insha ili maandishi yake yaeleweke vizuri.",Alama gani hutumika mwishoni mwa sentensi ya kawaida?::Nukta (.)||Alama gani hutumika mwishoni mwa sentensi ya kuuliza?::Alama ya kuuliza (?)||Alama gani hutumika kuonesha mshangao mkubwa kama 'Ajaliii!!'?::Alama ya mshangao (!),
2023-JSS015-DRS III,Kuwasilisha hoja kwa mazungumzo na kwa maandishi kulingana na muktadha,Kuandika matini mbalimbali,Kuandika matini fupi kwa kuzingatia mpangilio sahihi wa maneno na alama za uakifishaji,Kuandika habari fupi yenye kichwa 'Chakula ninachokipenda' kwa mpangilio sahihi,2,Zoezi la maandishi,Kuwaongoza Wanafunzi,Mwanafunzi anaweza kuandika habari fupi yenye kichwa maalum kwa kuzingatia mpangilio sahihi wa maneno na alama za uakifishaji.,Daftari|Kalamu|Kitabu cha mwanafunzi,"TET(2023), KISWAHILI, KITABU CHA MWANAFUNZI, DARASA LA TATU, TET, DAR ES SALAAM","Kuandika habari fupi kunahitaji kichwa cha habari, mwanzo, kiini na hitimisho, huku maneno yakiwa katika mpangilio sahihi.","Mwanafunzi anapaswa kuchagua chakula anachokipenda, kueleza kwa nini anakipenda na jinsi kinavyoandaliwa, akitumia sentensi zenye alama sahihi za uakifishaji.","Mfano: Kichwa cha habari 'Chakula ninachokipenda' kikifuatiwa na aya inayoeleza, mfano: 'Chakula ninachokipenda zaidi ni wali na maharage. Mama yangu huniandalia kila Jumapili.'","Mwanafunzi hutumia ustadi huu anapoandika kuhusu vitu anavyovipenda katika maisha yake ya kila siku kama michezo, marafiki au chakula.",Habari fupi inapaswa kuwa na kichwa cha habari kwa madhumuni gani?::Kumfahamisha msomaji habari inahusu nini||Taja kipengele kimoja kinachopaswa kuzingatiwa unapoandika habari fupi::Mpangilio sahihi wa maneno na alama za uakifishaji||Andika sentensi moja kuhusu chakula unachokipenda::Ninapenda ugali na mchicha kwa sababu ni mtamu na wenye lishe,
2023-JSS015-DRS III,Kuwasilisha hoja kwa mazungumzo na kwa maandishi kulingana na muktadha,Kuandika matini mbalimbali,Kuandika matini fupi kwa kuzingatia mpangilio sahihi wa maneno na alama za uakifishaji,Kuandika hadithi fupi kuhusu tukio muhimu maishani kwa kuzingatia alama za uakifishaji,2,Zoezi la maandishi,Kuwaongoza Wanafunzi,Mwanafunzi anaweza kuandika hadithi fupi kuhusu tukio muhimu maishani mwake kwa kutumia alama sahihi za uakifishaji.,Daftari|Kalamu|Kitabu cha mwanafunzi,"TET(2023), KISWAHILI, KITABU CHA MWANAFUNZI, DARASA LA TATU, TET, DAR ES SALAAM","Hadithi fupi huelezea tukio moja muhimu kwa mpangilio wa mwanzo, kati na mwisho, ikizingatia matumizi sahihi ya alama za uakifishaji.","Mwanafunzi anapaswa kukumbuka tukio alilolipitia au kulisikia, kisha kulieleza kwa sentensi zenye mpangilio mzuri na alama sahihi za uakifishaji kama zilivyotumika katika habari 'Siku ambayo sitaisahau'.","Mfano kutoka kitabuni: Mwandishi anaeleza tukio la ajali ya gari kwa mpangilio wa matukio tangu safari ilivyoanza hadi walivyopatiwa matibabu, akitumia alama za uakifishaji kuonesha hisia na mtiririko wa tukio.","Mwanafunzi anaweza kuandika hadithi kuhusu tukio la kwanza la kwenda shuleni, likizo au tukio jingine muhimu maishani mwake.","Hadithi fupi kuhusu tukio muhimu inapaswa kuwa na sehemu gani kuu tatu?::Mwanzo, kati na mwisho||Kwa nini ni muhimu kutumia alama za uakifishaji katika hadithi?::Ili msomaji aelewe vizuri hisia na mtiririko wa tukio||Taja tukio moja unaloweza kuliandika kama hadithi fupi::Siku ya kwanza kuingia shuleni",
2023-JSS015-DRS III,Kuwasilisha hoja kwa mazungumzo na kwa maandishi kulingana na muktadha,Kuchanganua mawazo yaliyowasilishwa katika matini mbalimbali,Kubainisha msamiati uliojitokeza katika matini fupi sahili,Kubainisha maana ya msamiati wa mazingira katika shairi na habari,3,Majadiliano,Kuwaongoza Wanafunzi,"Mwanafunzi anabainisha kwa usahihi maana za maneno mazingira, faida na maradhi kama yalivyotumika katika shairi na habari.",Kitabu cha mwanafunzi|Ubao|Chaki|Kadi za maneno,"TET(2023), KISWAHILI, KITABU CHA MWANAFUNZI, DARASA LA TATU, TET, DAR ES SALAAM","Katika shairi 'Tuyatunze mazingira' na habari inayofuata, kuna msamiati muhimu unaohusu utunzaji wa mazingira kama vile mazingira, faida na maradhi. Mfano katika kitabu: mazingira - ni jumla ya vitu vinavyomzunguka mtu katika makazi yake.","Mwalimu anawaongoza wanafunzi kusoma shairi na habari kwa sauti, kisha kubainisha maneno magumu na kuyaelezea kwa lugha rahisi wanayoifahamu.",Mfano wa kitabuni: 'mazingira - ni jumla ya vitu vinavyomzunguka mtu katika makazi yake' pamoja na sentensi 'Mazingira machafu huleta magonjwa' na 'Shule yetu ina mazingira mazuri'.,"Mwanafunzi anatumia neno 'mazingira' anapoeleza usafi wa nyumbani au shuleni kwake, na neno 'maradhi' anapozungumzia afya yake ya kila siku.",Toa maana ya neno mazingira::Mazingira ni jumla ya vitu vinavyomzunguka mtu katika makazi yake||Toa maana ya neno faida::Faida ni manufaa yanayopatikana kwa kufanya jambo fulani||Toa maana ya neno maradhi::Maradhi ni hali ya mtu kuwa mgonjwa au kuugua,
2023-JSS015-DRS III,Kuwasilisha hoja kwa mazungumzo na kwa maandishi kulingana na muktadha,Kuchanganua mawazo yaliyowasilishwa katika matini mbalimbali,Kubainisha msamiati uliojitokeza katika matini fupi sahili,Kubainisha maana ya msamiati wa mmomonyoko na madhara katika matini,3,Maswali na majibu,Kuwaongoza Wanafunzi,Mwanafunzi anaeleza kwa usahihi maana za maneno mmomonyoko na madhara kama yanavyohusiana na utunzaji wa mazingira.,Kitabu cha mwanafunzi|Ubao|Chaki|Picha za mmomonyoko wa udongo,"TET(2023), KISWAHILI, KITABU CHA MWANAFUNZI, DARASA LA TATU, TET, DAR ES SALAAM","Katika habari, imeelezwa kuwa miti huzuia mmomonyoko wa udongo, na kutokutunza mazingira huleta madhara kwa binadamu na viumbe wengine.","Mwalimu anasoma sehemu ya habari inayosema 'Vilevile, miti huzuia mmomonyoko wa udongo' na kuwauliza wanafunzi maana ya mmomonyoko na madhara.","Mfano kutoka Zoezi la 3A: '________ ni hali ya kuondolewa kwa udongo kunakosababishwa na maji au upepo' (mmomonyoko), na '________ ni matokeo yanayosababishwa na uharibifu wa kitu fulani' (madhara).",Mwanafunzi anaona mmomonyoko wa udongo kwenye njia za mvua kijijini au mjini na kuelewa madhara ya kukata miti ovyo.,Toa maana ya neno mmomonyoko::Mmomonyoko ni hali ya kuondolewa kwa udongo kunakosababishwa na maji au upepo||Toa maana ya neno madhara::Madhara ni matokeo mabaya yanayosababishwa na uharibifu wa kitu fulani||Kitu gani huzuia mmomonyoko wa udongo kwa mujibu wa habari?::Miti huzuia mmomonyoko wa udongo,
2023-JSS015-DRS III,Kuwasilisha hoja kwa mazungumzo na kwa maandishi kulingana na muktadha,Kuchanganua mawazo yaliyowasilishwa katika matini mbalimbali,Kubainisha msamiati uliojitokeza katika matini fupi sahili,"Kutunga sentensi kwa kutumia msamiati wa ardhi, kivuli, hewa, matunda na afya",3,Zoezi la vitendo,Kuwaongoza Wanafunzi,"Mwanafunzi anatunga sentensi sahihi za Kiswahili akitumia kila neno kati ya ardhi, kivuli, hewa, matunda na afya.",Kitabu cha mwanafunzi|Daftari|Kalamu|Ubao,"TET(2023), KISWAHILI, KITABU CHA MWANAFUNZI, DARASA LA TATU, TET, DAR ES SALAAM","Habari inaeleza kuwa miti hutupatia mbao, matunda, kivuli na mvua, na kutunza mazingira kunatuletea hewa safi na afya bora.",Mwalimu anawaongoza wanafunzi kutunga sentensi mbili kwa kila neno kama ilivyoelekezwa katika Zoezi la 3B la kitabu.,"Mfano wa kitabuni: 'Tutapata afya bora, hewa safi nakwambia' (ubeti wa pili wa shairi) na 'Miti hutusaidia, kwa mbao matunda pia, Kivuli hutupatia' (ubeti wa tatu).",Mwanafunzi anatumia maneno haya anapoeleza kwa nini anapenda kukaa chini ya mti wakati wa jua kali au kwa nini anapenda kula matunda.,Tunga sentensi moja kwa neno kivuli::Mfano: Tulipumzika chini ya kivuli cha mti mkubwa||Tunga sentensi moja kwa neno hewa::Mfano: Miti hutupatia hewa safi ya kupumua||Tunga sentensi moja kwa neno afya::Mfano: Kutunza mazingira kunatuletea afya bora,
2023-JSS015-DRS III,Kuwasilisha hoja kwa mazungumzo na kwa maandishi kulingana na muktadha,Kuchanganua mawazo yaliyowasilishwa katika matini mbalimbali,Kubainisha msamiati uliojitokeza katika matini fupi sahili,Kubainisha visawe na vinyume vya msamiati uliojitokeza katika matini,2,Changanyakete,Kuwaongoza Wanafunzi,"Mwanafunzi anaandika kwa usahihi kinyume cha maneno chafu, hasara, tunza na kusanya.",Kitabu cha mwanafunzi|Kadi za maneno|Ubao|Chaki,"TET(2023), KISWAHILI, KITABU CHA MWANAFUNZI, DARASA LA TATU, TET, DAR ES SALAAM","Baada ya kuelewa maana za maneno, wanafunzi wanajifunza pia vinyume vyake ili kupanua msamiati wao, kama ilivyoainishwa katika Zoezi la 3C la kitabu.","Mwalimu anawapa wanafunzi kadi za maneno chafu, hasara, dondosha, tunza na kusanya kisha wanashindana kwa vikundi kutafuta kinyume cha kila neno.","Mfano kutoka Zoezi la 3C: kinyume cha 'chafu' ni 'safi', kinyume cha 'tunza' ni 'haribu', kinyume cha 'kusanya' ni 'tawanya'.",Mwanafunzi anatumia maneno haya anapoelezea tofauti kati ya mazingira safi na machafu shuleni au nyumbani kwake.,Andika kinyume cha neno chafu::Kinyume cha chafu ni safi||Andika kinyume cha neno tunza::Kinyume cha tunza ni haribu||Andika kinyume cha neno kusanya::Kinyume cha kusanya ni tawanya,
2023-JSS015-DRS III,Kuwasilisha hoja kwa mazungumzo na kwa maandishi kulingana na muktadha,Kuchanganua mawazo yaliyowasilishwa katika matini mbalimbali,Kuchambua mawazo makuu yanayojitokeza katika matini fupi sahili,Kusoma kwa ufasaha shairi 'Tuyatunze mazingira' na kubainisha muundo wake,2,Kazimradi,Kuwaongoza Wanafunzi,Mwanafunzi anasoma shairi kwa ufasaha na kutaja kwa usahihi idadi ya beti zilizopo.,Kitabu cha mwanafunzi|Ubao|Chaki|Chati ya shairi,"TET(2023), KISWAHILI, KITABU CHA MWANAFUNZI, DARASA LA TATU, TET, DAR ES SALAAM","Shairi 'Tuyatunze mazingira' lina beti nne, kila ubeti ukiwa na mistari minne inayohitimishwa na kiitikio kimoja: 'Sipotunza mazingira, nayo hayatatutunza.'","Mwalimu anasoma shairi zima kwa sauti, kisha wanafunzi wanasoma kwa zamu ubeti mmoja mmoja huku wakizingatia mapigo na kiitikio.","Kiitikio kinachojirudia mwishoni mwa kila ubeti: 'Sipotunza mazingira, nayo hayatatutunza.'","Mwanafunzi anajifunza kusoma kwa sauti na mapigo sahihi, stadi anayoitumia anapokariri mashairi au nyimbo shuleni.","Shairi 'Tuyatunze mazingira' lina beti ngapi?::Shairi lina beti nne||Ni kiitikio gani kinachojirudia mwishoni mwa kila ubeti?::Sipotunza mazingira, nayo hayatatutunza||Shairi hili linazungumzia jambo gani kwa ujumla?::Linazungumzia umuhimu wa kutunza mazingira",
2023-JSS015-DRS III,Kuwasilisha hoja kwa mazungumzo na kwa maandishi kulingana na muktadha,Kuchanganua mawazo yaliyowasilishwa katika matini mbalimbali,Kuchambua mawazo makuu yanayojitokeza katika matini fupi sahili,Kubainisha wazo kuu la ubeti wa pili na wa nne wa shairi,2,Majadiliano,Kuwaongoza Wanafunzi,Mwanafunzi anaeleza kwa sentensi sahili wazo kuu linalojitokeza katika ubeti wa pili na wa nne wa shairi.,Kitabu cha mwanafunzi|Ubao|Chaki,"TET(2023), KISWAHILI, KITABU CHA MWANAFUNZI, DARASA LA TATU, TET, DAR ES SALAAM","Ubeti wa pili unaeleza faida za kutunza mazingira kama kuepuka maradhi na kupata hewa safi, wakati ubeti wa nne unahimiza kila mtu kuweka nia ya kutunza mazingira.","Mwalimu anasoma ubeti wa pili: 'Tukitunza mazingira, faida tajipatia... Tutapata afya bora, hewa safi nakwambia' na ubeti wa nne unaosema 'Mazingira kuyatunza, faida tumezijua... sote tuiweke nia'.",Ubeti wa pili: faida za kiafya za kutunza mazingira. Ubeti wa nne: wito wa kila mmoja kushiriki katika utunzaji wa mazingira.,"Mwanafunzi anatambua kuwa yeye binafsi ana wajibu wa kutotupa taka ovyo shuleni na nyumbani, kama ubeti wa nne unavyohimiza.","Ubeti wa pili unazungumzia faida gani za kutunza mazingira?::Unazungumzia kuepuka maradhi, kupata afya bora na hewa safi||Ubeti wa nne unatuhimiza tufanye nini?::Unatuhimiza kila mmoja kuweka nia ya kutunza mazingira||Kwa nini ni muhimu kila mtu ashiriki kutunza mazingira?::Kwa sababu mazingira safi yananufaisha jamii nzima",
2023-JSS015-DRS III,Kuwasilisha hoja kwa mazungumzo na kwa maandishi kulingana na muktadha,Kuchanganua mawazo yaliyowasilishwa katika matini mbalimbali,Kuchambua mawazo makuu yanayojitokeza katika matini fupi sahili,Kubainisha mawazo makuu katika habari kuhusu utunzaji wa mazingira,3,Maswali na majibu,Kuwaongoza Wanafunzi,Mwanafunzi anataja angalau mawazo makuu matatu yaliyomo katika habari na kupendekeza kichwa cha habari kinachofaa.,Kitabu cha mwanafunzi|Ubao|Chaki|Karatasi za maswali,"TET(2023), KISWAHILI, KITABU CHA MWANAFUNZI, DARASA LA TATU, TET, DAR ES SALAAM","Habari inaeleza kuwa watu wote katika familia hupaswa kutunza mazingira ili kupata faida kama hewa safi, kuepuka maradhi, afya bora na mazao ya miti kama mbao na matunda.",Mwalimu anawaongoza wanafunzi kusoma habari kimya kimya kisha kujibu maswali ya Zoezi la kwanza yanayohusu wahusika wanaopaswa kutunza mazingira na faida zake.,Sentensi kutoka habari: 'Watu wote katika familia hupaswa kutunza mazingira' na 'Tuache tabia ya kutupa takataka ovyo kwa kuwa zinachafua mazingira.',Mwanafunzi anatambua kuwa yeye na familia yake wana wajibu wa pamoja wa kutotupa takataka ovyo nyumbani kwao.,Nani anayepaswa kutunza mazingira kwa mujibu wa habari?::Watu wote katika familia hupaswa kutunza mazingira||Taja faida mbili za kutunza mazingira zilizotajwa kwenye habari::Kupata hewa safi na kuepuka maradhi||Pendekeza kichwa kinachofaa cha habari hii::Mfano: Umuhimu wa Kutunza Mazingira,
2023-JSS015-DRS III,Kuwasilisha hoja kwa mazungumzo na kwa maandishi kulingana na muktadha,Kuchanganua mawazo yaliyowasilishwa katika matini mbalimbali,Kuchambua mawazo makuu yanayojitokeza katika matini fupi sahili,Kulinganisha mawazo na hasara za kutokutunza mazingira katika shairi na habari,2,Majadiliano,Kuwaongoza Wanafunzi,Mwanafunzi analinganisha tofauti ya usomaji wa shairi na habari na kueleza angalau hasara moja ya kutokutunza mazingira.,Kitabu cha mwanafunzi|Ubao|Chaki,"TET(2023), KISWAHILI, KITABU CHA MWANAFUNZI, DARASA LA TATU, TET, DAR ES SALAAM","Shairi husomwa kwa mapigo na kiitikio kinachojirudia, wakati habari husomwa kama simulizi ya kawaida bila mapigo wala kiitikio, ingawa vyote vinabeba ujumbe unaofanana.","Mwalimu anawauliza wanafunzi kutofautisha jinsi shairi na habari zinavyosomwa, kisha kujadili nini kitatokea tukiishi katika mazingira machafu kama ilivyoulizwa katika Zoezi la kwanza.","Shairi linasema 'Sipotunza mazingira, nayo hayatatutunza' huku habari ikisema kutupa takataka ovyo kunachafua mazingira.",Mwanafunzi anajifunza kutambua hatari ya magonjwa na uchafu anapoona takataka zikitupwa ovyo mtaani au shuleni kwake.,"Taja tofauti moja kati ya usomaji wa shairi na habari::Shairi husomwa kwa mapigo na kiitikio kinachojirudia, habari husomwa kama simulizi ya kawaida||Nini kitatokea tukiishi katika mazingira machafu?::Tutapata maradhi na kukosa afya bora||Sababu moja ya mazingira kuchafuka ni ipi kwa mujibu wa habari?::Kutupa takataka ovyo",
2023-JSS015-DRS III,Kuwasilisha hoja kwa mazungumzo na kwa maandishi kulingana na muktadha,Kuchanganua mawazo yaliyowasilishwa katika matini mbalimbali,Kuchambua mawazo makuu yanayojitokeza katika matini fupi sahili,Kutunga habari fupi kuhusu mazingira na kueleza mafunzo yake,2,Kazimradi,Kuwaongoza Wanafunzi,Mwanafunzi anatunga habari fupi yenye mawazo yanayoeleweka na kueleza mafunzo mawili yanayopatikana ndani yake.,Daftari|Kalamu|Kitabu cha mwanafunzi,"TET(2023), KISWAHILI, KITABU CHA MWANAFUNZI, DARASA LA TATU, TET, DAR ES SALAAM","Baada ya kusoma na kuchambua shairi na habari kuhusu mazingira, mwanafunzi anatumia ujuzi huo kutunga habari yake mwenyewe kama ilivyoelekezwa katika Zoezi la 4.","Mwalimu anawaongoza wanafunzi kuandika habari fupi yenye mawazo makuu matatu hadi manne, kisha kueleza mafunzo yanayopatikana, kama ilivyofanywa kwenye habari ya kitabuni kuhusu utunzaji wa mazingira.","Mfano wa muundo: habari inayoeleza tabia njema ya kutotupa takataka ovyo, kama ilivyoelekezwa kwenye sentensi 'Tuache tabia ya kutupa takataka ovyo'.",Mwanafunzi anatunga habari kuhusu usafi wa shule yake au nyumbani kwake na kueleza somo analolipata kutoka habari hiyo.,"Habari unayotunga inapaswa kuwa na mawazo mangapi makuu angalau?::Angalau mawazo matatu makuu||Baada ya kutunga habari, mwanafunzi anapaswa kufanya nini?::Kueleza mafunzo yanayopatikana katika habari hiyo||Toa mfano wa mafunzo yanayoweza kupatikana kwenye habari kuhusu mazingira::Mfano: Ni muhimu kutotupa takataka ovyo ili kuepuka maradhi",
2023-JSS015-DRS III,Kuwasilisha hoja kwa mazungumzo na kwa maandishi kulingana na muktadha,Kuonesha stadi za awali za ubunifu wa kazi mbalimbali za Kiswahili,Kusimulia hadithi fupi sahili,Kusoma na kuelewa hadithi 'Ndege wetu',4,Masimulizi na Ufahamu,Kuwaongoza Wanafunzi,Mwanafunzi anatakiwa kusoma hadithi 'Ndege wetu' na kujibu maswali ya ufahamu kwa usahihi.,hadithi fupi sahili 'Ndege wetu'|michoro ya ndege|vielelezo na picha za ndege,"TET(2023), KISWAHILI, KITABU CHA MWANAFUNZI, DARASA LA TATU, TET, DAR ES SALAAM","Hadithi ni masimulizi yenye mwanzo, kati na mwisho yanayoeleza tukio au funzo fulani. 'Ndege wetu' ni hadithi inayoeleza jinsi ndege mbalimbali - Kuku, Mwewe, Kasuku, Batamzinga, Mbuni, Kunguru, Chiriku na Bundi - walivyojitambulisha kwa kutaja sifa zao.","Kila ndege alieleza sifa zake mwenyewe kama umbile, rangi, chakula anachokula na tabia zake. Mwalimu aongoze wanafunzi kutambua kuwa kila kiumbe kina sifa za kipekee zinazokitofautisha na wengine.","Mfano: Kuku Jike alieleza kuwa yeye hutaga mayai na kuangua vifaranga, Bundi alieleza kuwa ana macho makubwa yanayomsaidia kuona usiku.",Mwanafunzi anaweza kutumia stadi hii kueleza sifa zake mwenyewe na za wanyama au ndege anaowafahamu nyumbani na shuleni.,Ndege gani alianza kutamba?::Kuku Jike ndiye alianza kutamba||Taja jina la ndege mkubwa kuliko wote katika hadithi.::Mbuni ndiye ndege mkubwa kuliko wote||Bundi alimalizia kwa kusema nini kumhusu?::Bundi alisema ana macho makubwa yanayomsaidia kuona vizuri usiku,
2023-JSS015-DRS III,Kuwasilisha hoja kwa mazungumzo na kwa maandishi kulingana na muktadha,Kuonesha stadi za awali za ubunifu wa kazi mbalimbali za Kiswahili,Kusimulia hadithi fupi sahili,Msamiati na mazoezi ya lugha katika hadithi 'Ndege wetu',3,Majadiliano,Kuwaongoza Wanafunzi,Mwanafunzi anatakiwa kueleza maana za maneno magumu na kutunga sentensi sahihi kwa kila neno.,kadi za maneno|hadithi fupi sahili 'Ndege wetu'|ubao,"TET(2023), KISWAHILI, KITABU CHA MWANAFUNZI, DARASA LA TATU, TET, DAR ES SALAAM","Maneno kama 'kale', 'tamba', 'taga', 'angua', 'madaha' na 'mikogo' ni maneno muhimu yaliyojitokeza katika hadithi ambayo mwanafunzi anapaswa kuyaelewa na kuyatumia.","Baada ya kuelewa maana za maneno, mwanafunzi hutunga sentensi mbili kwa kila neno kuonesha matumizi sahihi katika muktadha.",Mfano wa kitabuni: 'kale' - zamani sana; 'Hapo kale binadamu waliishi mapangoni.',Mwanafunzi hutumia msamiati huu anaposimulia hadithi au matukio ya kila siku nyumbani na shuleni.,Neno 'taga' lina maana gani?::Taga maana yake ni kutoa yai||Tunga sentensi moja ukitumia neno 'mikogo'.::Ndege walikuwa wakionesha mikogo kwa kupigapiga mabawa yao||Andika 'NDIYO' au 'HAPANA': Batamzinga ni mkubwa kuliko kuku.::NDIYO,
2023-JSS015-DRS III,Kuwasilisha hoja kwa mazungumzo na kwa maandishi kulingana na muktadha,Kuonesha stadi za awali za ubunifu wa kazi mbalimbali za Kiswahili,Kusimulia hadithi fupi sahili,Kusoma na kuelewa hadithi 'Urafiki wa uongo',4,Masimulizi na Maswali na Majibu,Kuwaongoza Wanafunzi,Mwanafunzi anatakiwa kusimulia kwa maneno yake mwenyewe tukio kuu la hadithi 'Urafiki wa uongo'.,hadithi fupi sahili 'Urafiki wa uongo'|vielelezo na picha za Kuku na Mwewe,"TET(2023), KISWAHILI, KITABU CHA MWANAFUNZI, DARASA LA TATU, TET, DAR ES SALAAM",'Urafiki wa uongo' ni hadithi inayosimulia urafiki wa Kuku na Mwewe uliovunjika baada ya Mwewe kumdanganya Kuku na kuwala watoto wake.,"Mwewe alimwacha Kuku njiani kwa udanganyifu wa kudai kusahau manati yake, kisha akarudi nyumbani na kuwala watoto wa Kuku. Hadithi hii inafundisha kuhusu uaminifu na madhara ya udanganyifu katika urafiki.","Mfano: Kuku alipomkuta Mwewe akiwa amekaa juu ya mti alimuuliza watoto wake wako wapi, Mwewe akajibu 'Nimewageuza chakula changu.'",Mwanafunzi anajifunza umuhimu wa kuwa mkweli na kuaminika kwa rafiki zake shuleni na nyumbani.,Nani walikuwa marafiki katika hadithi hii?::Kuku na Mwewe walikuwa marafiki||Mwewe alimdanganya Kuku nini?::Mwewe alidai amesahau manati yake ili amwache Kuku njiani||Kwa nini Kuku alimchukia Mwewe?::Kwa sababu Mwewe aliwala watoto wake wote,
2023-JSS015-DRS III,Kuwasilisha hoja kwa mazungumzo na kwa maandishi kulingana na muktadha,Kuonesha stadi za awali za ubunifu wa kazi mbalimbali za Kiswahili,Kusimulia hadithi fupi sahili,"Umoja, wingi na kutambua mwanzo na mwisho wa hadithi",4,Mazoezi ya lugha,Kuwaongoza Wanafunzi,Mwanafunzi anatakiwa kubadilisha maneno kutoka umoja kwenda wingi na kutambua maneno ya mwanzo na mwisho wa hadithi.,jedwali la umoja na wingi|kadi za maneno ya mwanzo na mwisho wa hadithi,"TET(2023), KISWAHILI, KITABU CHA MWANAFUNZI, DARASA LA TATU, TET, DAR ES SALAAM",Kila hadithi ina maneno maalumu ya kuanzia kama 'Paukwa!' au 'Hapo zamani za kale' na maneno ya kumalizia kama 'Hadithi yangu imeishia hapo' au 'Tangu siku hiyo...'. Pia maneno huwa na umbo la umoja na wingi.,"Mwalimu aoneshe jedwali la maneno kama ndege-ndege(wingi), kiota-viota, jani-majani, mti-miti, mmea-mimea, mbuni-mbuni, rafiki-marafiki, mtoto-watoto. Kisha aoneshe mifano ya sentensi za mwanzo na mwisho wa hadithi.",Mfano wa kitabuni: 'Hapo zamani kulikuwa na marafiki wawili waliopendana.' ni MWANZO; 'Tangu siku hiyo wanaishi kwa amani.' ni MWISHO.,Mwanafunzi hutumia stadi hii anapoanza na kumalizia hadithi zake mwenyewe anaposimulia kwa wenzake au familia.,"Andika wingi wa neno 'mti'.::Wingi wa mti ni miti||Je, sentensi 'Paukwa!' ni mwanzo au mwisho wa hadithi?::Ni mwanzo wa hadithi||Andika wingi wa neno 'mtoto'.::Wingi wa mtoto ni watoto",
2023-JSS015-DRS III,Kuwasilisha hoja kwa mazungumzo na kwa maandishi kulingana na muktadha,Kuonesha stadi za awali za ubunifu wa kazi mbalimbali za Kiswahili,Kusimulia hadithi fupi sahili,Kuigiza ngonjera 'Tanzania katika ukombozi wa Afrika',3,Uigizaji,Kuwaongoza Wanafunzi,Mwanafunzi anatakiwa kuigiza ngonjera kwa sauti na hisia zinazoendana na maudhui ya ukombozi wa Afrika.,ngonjera 'Tanzania katika ukombozi wa Afrika'|vielelezo vya wachungaji wa ukombozi wa Afrika,"TET(2023), KISWAHILI, KITABU CHA MWANAFUNZI, DARASA LA TATU, TET, DAR ES SALAAM",Ngonjera ni aina ya utambaji unaohusisha mazungumzo ya kishairi kati ya watu wawili au zaidi. Ngonjera hii inaeleza mchango wa Tanzania katika kuwakomboa nchi nyingine za Afrika kutoka katika ukoloni.,"Mwalimu awagawe wanafunzi vikundi ili wasome na kuigiza ngonjera kwa zamu, wakizingatia matamshi sahihi na hisia zinazoendana na maudhui.",Mfano: kuigiza sehemu za ngonjera zinazosimulia jitihada za viongozi na wachungaji wa ukombozi wa Afrika.,Mwanafunzi anajenga ujasiri wa kuzungumza mbele ya watu na kuthamini historia ya nchi yake.,Ngonjera 'Tanzania katika ukombozi wa Afrika' inahusu nini?::Inahusu mchango wa Tanzania katika kuzikomboa nchi za Afrika kutoka ukoloni||Ngonjera ni nini?::Ni aina ya utambaji wa kishairi unaohusisha mazungumzo kati ya watu wawili au zaidi||Kwa nini ni muhimu kuigiza ngonjera kwa sauti na hisia?::Ili kuwasilisha ujumbe wa hadithi vizuri kwa wasikilizaji,
2023-JSS015-DRS III,Kuwasilisha hoja kwa mazungumzo na kwa maandishi kulingana na muktadha,Kuonesha stadi za awali za ubunifu wa kazi mbalimbali za Kiswahili,Kusimulia hadithi fupi sahili,Kutunga na kumalizia hadithi na ubeti wa shairi,4,Utungaji,Kuwaongoza Wanafunzi,Mwanafunzi anatakiwa kumalizia hadithi iliyoanzishwa na kuongeza ubeti mmoja wa shairi kwa ubunifu wake.,"hadithi isiyokamilika ya vijana Ndevu, Kinono na Chapale|shairi la 'Siku yetu imefika'","TET(2023), KISWAHILI, KITABU CHA MWANAFUNZI, DARASA LA TATU, TET, DAR ES SALAAM","Kutunga hadithi ni stadi ya ubunifu inayomtaka mwanafunzi kutumia mawazo yake mwenyewe kuendeleza au kumalizia hadithi kwa mtiririko mzuri wenye mwanzo, kati na mwisho.","Mwanafunzi aendelee kutunga hadithi ya vijana watatu waliokwenda kuvua samaki mto Luiche, akizingatia mtiririko wa matukio na kuwa na mwisho unaofaa. Pia aongeze ubeti mmoja wa shairi akifuata mtindo wa beti zilizopo.","Mfano wa kitabuni: 'Paukwa!... Hapo zamani za kale katika kijiji cha Nkona kulikuwa na vijana watatu watundu sana... Walipokuwa wakivua, ...' - mwanafunzi anamalizia hadithi hii.",Mwanafunzi anajenga uwezo wa kubuni na kusimulia hadithi zake mwenyewe kwa ajili ya kuburudisha familia na marafiki.,"Vijana watatu katika hadithi waliitwa nani?::Vijana hao waliitwa Ndevu, Kinono na Chapale||Vijana hao walikwenda wapi kuvua samaki?::Walikwenda mto Luiche kuvua samaki||Kwa nini ni muhimu hadithi kuwa na mwanzo, kati na mwisho?::Ili hadithi ieleweke vizuri na kuwa na mtiririko mzuri",
