subject_version_code,main_competence_name,specific_competence_name,learning_activity_name,sla_name,sla_periods,sla_method,sla_leading,sla_assessment_criteria,sla_teaching_aids,sla_references,sla_notes_intro,sla_notes_details,sla_notes_illustrations,sla_notes_daily_life,sla_exercise,sla_diagram_type
2023-JSS004-DRS I,Kusoma,Kutambua sauti za herufi,"Kubaini sauti za irabu (a, e, i, o, u) katika maneno",Kubaini sauti ya mwanzo ya herufi a na e katika maneno,2,Kutamka kwa sauti na michezo ya kutambua sauti,Kuwaongoza Wanafunzi,Mwanafunzi anaweza kutazama picha ya kitu au tendo na kutamka kwa usahihi sauti ya mwanzo ya jina lake iwapo ni 'a' au 'e'.,picha za vitu|picha za majina|picha za matendo|chati ya sauti,"TET(2023), KUSOMA, KITABU CHA MWANAFUNZI, DARASA LA KWANZA, TET, DAR ES SALAAM","Kila neno huanza na sauti fulani. Mwanafunzi hutazama picha ya kitu au tendo, hutaja jina lake, kisha hutamka sauti ya mwanzo ya neno hilo ili kubaini kama ni sauti 'a' au 'e'.","Kwa herufi a, mwanafunzi hutazama picha ya kitu kinachoanza na sauti 'a' na kutaja majina mengine yenye sauti hiyo ya mwanzo. Kwa herufi e, mwanafunzi hutazama picha za watoto wakifanya matendo na kutaja tendo linaloanza na sauti 'e'.","Mfano wa zoezi: mwanafunzi anaangalia picha ya kitu kinachoanza na sauti 'a', kisha anaangalia picha za majina kadhaa na kubainisha yale yenye sauti za mwanzo zinazofanana na 'a'. Vivyo hivyo kwa picha za matendo zenye sauti ya mwanzo 'e'.","Mwanafunzi anaweza kutumia ujuzi huu kutambua sauti za mwanzo za majina ya vitu na watu anaowaona nyumbani na sokoni, kama vile 'ardhi' au 'embe'.",Tamka sauti ya mwanzo ya neno ulilotaja kutokana na picha ya kitu::Mwanafunzi hutamka sauti 'a'||Taja maneno mengine yanayoanza na sauti 'a'::Mwanafunzi hutaja majina mengine yenye sauti ya mwanzo 'a'||Tamka sauti ya mwanzo ya tendo ulilotaja kutokana na picha::Mwanafunzi hutamka sauti 'e'||Onesha na tamka sauti ya herufi a na e::Mwanafunzi anaonesha kila herufi na kutamka sauti yake ipasavyo,
2023-JSS004-DRS I,Kusoma,Kutambua sauti za herufi,"Kubaini sauti za irabu (a, e, i, o, u) katika maneno","Kubaini sauti ya mwanzo ya herufi i, o na u katika maneno",2,Kutamka kwa sauti na michezo ya kuoanisha picha na sauti,Kuwaongoza Wanafunzi,"Mwanafunzi anaweza kutazama picha na kubainisha kwa usahihi sauti ya mwanzo ya jina au tendo iwapo ni 'i', 'o' au 'u'.",picha za watoto wakifanya matendo|picha za majina|kadi za herufi|chati ya sauti,"TET(2023), KUSOMA, KITABU CHA MWANAFUNZI, DARASA LA KWANZA, TET, DAR ES SALAAM","Baada ya kujifunza sauti 'a' na 'e', mwanafunzi anaendelea kubaini sauti za mwanzo za maneno kwa herufi i, o na u kwa kutazama picha za matendo na vitu na kutamka sauti ya mwanzo ya jina lake.","Kwa herufi i, mwanafunzi hutazama picha ya mwanafunzi mwenzake akifanya tendo na kutamka sauti ya mwanzo ya tendo hilo. Kwa herufi o, hutazama picha ya mtoto akifanya tendo. Kwa herufi u, hutazama picha ya kitu na picha za majina kisha hulinganisha sauti za mwanzo zinazofanana.","Mfano wa zoezi: mwanafunzi anatazama picha za watoto wakifanya matendo mbalimbali na kubainisha tendo lenye sauti ya mwanzo isiyofanana na mengine, kisha anaoanisha picha na sauti ya mwanzo ya jina la picha hiyo.","Mwanafunzi anaweza kutumia ujuzi huu kutambua sauti za mwanzo za majina ya matendo anayoyafanya kila siku shuleni, kama vile 'imba' au 'oga'.",Tamka sauti ya mwanzo ya tendo ulilotaja kutokana na picha (herufi i)::Mwanafunzi hutamka sauti 'i'||Taja maneno mengine yanayoanza na sauti 'o'::Mwanafunzi hutaja majina mengine yenye sauti ya mwanzo 'o'||Majina yapi ya picha yana sauti za mwanzo zinazofanana na herufi 'u'?::Mwanafunzi hulinganisha majina ya picha na kubainisha yenye sauti ya mwanzo 'u'||Oanisha picha na sauti ya mwanzo ya jina la picha hiyo::Mwanafunzi anaoanisha kila picha na sauti sahihi ya mwanzo ya jina lake,
2023-JSS004-DRS I,Kusoma,Kutambua sauti za herufi,"Kuunganisha sauti za irabu ili kuunda maneno (oa, au, ua)","Kuunganisha sauti za herufi kuunda maneno au, ua, oa",2,Michezo ya kuunganisha sauti,Kuwaongoza Wanafunzi,"Mwanafunzi anaweza kuunganisha sauti mbili za irabu alizopewa na kutamka neno sahihi linaloundwa, kama vile au, ua au oa.",kadi za herufi|chati ya sauti|picha za maneno,"TET(2023), KUSOMA, KITABU CHA MWANAFUNZI, DARASA LA KWANZA, TET, DAR ES SALAAM","Sauti mbili za herufi zinaweza kuunganishwa ili kuunda neno jipya. Kama inavyoonyeshwa katika kitabu, sauti ya herufi a na u zinaunda neno 'au'.","Mchakato huu unahusisha kutamka sauti ya kwanza, kisha sauti ya pili, na hatimaye kuziunganisha kwa kasi ili kupata neno kamili. Utaratibu huo huo unatumika kuunda maneno 'ua' (u + a) na 'oa' (o + a).","Mfano kutoka kitabu: sauti ya herufi a na u zinaunda neno 'au'. Vivyo hivyo, sauti u na a zinaunda neno 'ua', na sauti o na a zinaunda neno 'oa'.",Mwanafunzi anaweza kutumia ujuzi huu wa kuunganisha sauti kusoma maneno mapya anayokutana nayo katika vitabu na mazingira yake ya kila siku.,Unganisha sauti a na u kuunda neno::au||Unganisha sauti u na a kuunda neno::ua||Unganisha sauti o na a kuunda neno::oa||Sauti ya herufi a na u zinaunda neno gani?::au,
2023-JSS004-DRS I,Kusoma,Kutambua sauti za herufi,"Kuunganisha sauti za irabu ili kuunda maneno (oa, au, ua)","Kutenganisha na kusoma maneno au, ua, oa",2,Majadiliano ya vikundi na kusoma kwa sauti,Kuwaongoza Wanafunzi,Mwanafunzi anaweza kutenganisha neno alilopewa kuwa sauti zake mbili za irabu na kulisoma neno hilo kwa ufasaha.,kadi za maneno|chati ya sauti|ubao,"TET(2023), KUSOMA, KITABU CHA MWANAFUNZI, DARASA LA KWANZA, TET, DAR ES SALAAM","Kama vile maneno yanavyoweza kuundwa kwa kuunganisha sauti, yanaweza pia kutenganishwa kurudi kwenye sauti zake asili. Mfano kutoka kitabu: sauti za herufi za neno 'oa' ni o a.","Mwanafunzi hutazama neno kamili (au, ua, au oa), hulitamka, kisha hulitenganisha katika sauti mbili zinazolijenga, na baadaye hulisoma tena neno zima kwa ufasaha.","Mfano kutoka kitabu: sauti za herufi za neno 'oa' ni o a. Vivyo hivyo, neno 'au' linatenganishwa kuwa a u, na neno 'ua' linatenganishwa kuwa u a.",Mwanafunzi anaweza kutumia ujuzi huu kusoma na kuelewa maneno mafupi anayoyaona kwenye vibao na vitabu vyake vya shuleni.,Sauti za herufi za neno 'oa' ni zipi?::o a||Tenganisha sauti za herufi za neno 'au'::a u||Tenganisha sauti za herufi za neno 'ua'::u a||Soma neno 'au'::au||Soma neno 'oa'::oa,
2023-JSS004-DRS I,Kusoma,Kutambua uhusiano wa sauti na herufi,"Kuhusianisha sauti na herufi za irabu (a, e, i, o, u) katika matini",Kuhusianisha sauti na herufi a na e katika matini,2,Kutazama na kutamka,Kuwaongoza Wanafunzi,Mwanafunzi anaweza kutazama herufi a au e iliyoandikwa na kutamka sauti sahihi inayolingana nayo.,kadi za herufi|chati ya herufi|ubao,"TET(2023), KUSOMA, KITABU CHA MWANAFUNZI, DARASA LA KWANZA, TET, DAR ES SALAAM","Kila herufi iliyoandikwa inawakilisha sauti fulani. Baada ya kutambua sauti ya mwanzo ya neno, mwanafunzi hutazama umbo la herufi husika ili kuhusianisha sauti hiyo na herufi inayoiwakilisha katika maandishi.",Kama kitabu kinavyoonyesha: 'Tazama herufi hii: a. Tamka sauti ya herufi hii: a.' Utaratibu huo huo unafanyika kwa herufi e.,Mfano kutoka kitabu: mwanafunzi anatazama herufi iliyoandikwa 'a' na kutamka sauti 'a'; kisha anatazama herufi iliyoandikwa 'e' na kutamka sauti 'e'.,Mwanafunzi anaweza kutumia ujuzi huu kusoma majina ya vitu vilivyoandikwa kwenye vifurushi au vibao anavyokutana navyo nyumbani.,Tazama herufi 'a' kisha tamka sauti yake::a||Tazama herufi 'e' kisha tamka sauti yake::e||Herufi gani inawakilisha sauti 'a'?::herufi a||Herufi gani inawakilisha sauti 'e'?::herufi e,
2023-JSS004-DRS I,Kusoma,Kutambua uhusiano wa sauti na herufi,"Kuhusianisha sauti na herufi za irabu (a, e, i, o, u) katika matini",Kuhusianisha sauti na herufi i na o katika matini,2,Kutazama na kutamka,Kuwaongoza Wanafunzi,Mwanafunzi anaweza kutazama herufi i au o iliyoandikwa na kutamka sauti sahihi inayolingana nayo.,kadi za herufi|chati ya herufi|ubao,"TET(2023), KUSOMA, KITABU CHA MWANAFUNZI, DARASA LA KWANZA, TET, DAR ES SALAAM","Mwanafunzi anaendelea kuhusianisha sauti na maumbo ya herufi kwa herufi i na o, kama inavyofundishwa kwa herufi a na e: 'Tazama herufi hii. Tamka sauti ya herufi hii.'","Utaratibu huu unamsaidia mwanafunzi kuunganisha kile anachokisikia (sauti) na kile anachokiona kimeandikwa (herufi), msingi muhimu wa kusoma matini.",Mfano kutoka kitabu: mwanafunzi anatazama herufi iliyoandikwa 'i' na kutamka sauti 'i'; kisha anatazama herufi iliyoandikwa 'o' na kutamka sauti 'o'.,Mwanafunzi anaweza kutumia ujuzi huu kusoma majina ya wanafunzi wenzake au maneno mafupi yaliyoandikwa darasani.,Tazama herufi 'i' kisha tamka sauti yake::i||Tazama herufi 'o' kisha tamka sauti yake::o||Herufi gani inawakilisha sauti 'i'?::herufi i||Herufi gani inawakilisha sauti 'o'?::herufi o,
2023-JSS004-DRS I,Kusoma,Kutambua uhusiano wa sauti na herufi,"Kuhusianisha sauti na herufi za irabu (a, e, i, o, u) katika matini",Kuhusianisha sauti na herufi u katika matini,1,Kusikiliza na kutamka,Kuwaongoza Wanafunzi,Mwanafunzi anaweza kutazama au kusikiliza sauti ya herufi u na kuhusianisha kwa usahihi na herufi inayoiwakilisha.,kadi za herufi|kinasa sauti|chati ya herufi,"TET(2023), KUSOMA, KITABU CHA MWANAFUNZI, DARASA LA KWANZA, TET, DAR ES SALAAM","Hatua ya mwisho ya sura hii inamalizia mzunguko wa irabu tano kwa kuhusianisha sauti na herufi u, ikiwa ni pamoja na kusikiliza sauti za herufi zilizorekodiwa na kuzitamka.","Kama kitabu kinavyoelekeza: 'Sikiliza na tamka sauti za herufi a e i o u zilizorekodiwa', mwanafunzi anazingatia hasa herufi u katika hatua hii.","Mfano kutoka kitabu: mwanafunzi anatazama herufi iliyoandikwa 'u' na kutamka sauti 'u', na pia anasikiliza sauti ya herufi u iliyorekodiwa na kuitamka.",Mwanafunzi anaweza kutumia ujuzi huu kusoma na kutamka sauti sahihi za herufi anazoziona kwenye vitabu na matangazo shuleni.,Tazama herufi 'u' kisha tamka sauti yake::u||Herufi gani inawakilisha sauti 'u'?::herufi u||Sikiliza sauti ya herufi u iliyorekodiwa kisha itamke::u,
2023-JSS004-DRS I,Kusoma,Kutambua sauti za herufi,Kutambua sauti za konsonanti kwenye maneno,"Kutambua sauti za konsonanti b, m, k, d, n kwenye maneno",2,Maswali na majibu ya mdomo yakiongozwa na picha; kutamka sauti ya mwanzo ya majina ya vitu vilivyoonyeshwa kwenye picha,Kuwaongoza Wanafunzi,Mwanafunzi anaweza kutamka kwa usahihi sauti ya mwanzo ya neno analoliona kwenye picha na kutaja maneno mengine yenye sauti hiyohiyo ya mwanzo,"kadi za herufi|picha za vitu (babu, mama, duka, nanasi, kuku)|chati ya sauti","TET(2023), KUSOMA, KITABU CHA MWANAFUNZI, DARASA LA KWANZA, TET, DAR ES SALAAM",Kila neno huanza na sauti fulani inayowakilishwa na herufi ya konsonanti; kutambua sauti hiyo ni hatua ya kwanza ya kujifunza kusoma,"Mwalimu anaonyesha picha ya kitu, mwanafunzi anataja jina la kitu hicho kisha anatamka sauti ya mwanzo ya jina hilo; baadaye anataja maneno mengine yanayoanza na sauti hiyohiyo","babu (b), mama (m), kuku (k), duka (d), nanasi (n) -- kila neno linatambuliwa kwa sauti yake ya mwanzo",Mtoto anapoona picha ya babu yake nyumbani anaweza kutamka sauti ya mwanzo 'b' ya neno babu,Sauti ya mwanzo ya neno babu ni ipi?::b||Sauti ya mwanzo ya neno mama ni ipi?::m||Sauti ya mwanzo ya neno duka ni ipi?::d,
2023-JSS004-DRS I,Kusoma,Kutambua sauti za herufi,Kutambua herufi kubwa na ndogo,"Kutambua herufi kubwa na ndogo za b, m, k, d, n",2,Kuonyesha kadi za herufi na kuzitamka; kulinganisha umbo la herufi kubwa na herufi ndogo ubaoni,Kuwaongoza Wanafunzi,"Mwanafunzi anaweza kuonesha na kutamka herufi B/b, M/m, K/k, D/d, N/n zikiwa kubwa au ndogo bila kuchanganya",kadi za herufi kubwa na ndogo|ubao|chati ya alfabeti,"TET(2023), KUSOMA, KITABU CHA MWANAFUNZI, DARASA LA KWANZA, TET, DAR ES SALAAM",Kila herufi ina umbo la herufi kubwa (inayotumika mwanzoni mwa sentensi au jina) na umbo la herufi ndogo (inayotumika sehemu nyingine ya neno),"Mwalimu anaonyesha herufi b iliyoandikwa kwa herufi kubwa B na herufi ndogo b, mwanafunzi anatazama na kutamka sauti ya herufi hiyo katika maumbo yote mawili; hurudiwa kwa m/M, k/K, d/D, n/N","B/b kama katika Babu, M/m kama katika Mama, K/k kama katika Kuku, D/d kama katika Duka, N/n kama katika Nanasi","Mtoto anapoandika jina lake analotumia herufi kubwa mwanzoni, mfano Baraka, anahitaji kutambua tofauti kati ya B kubwa na b ndogo",Herufi kubwa ya b ni ipi?::B||Herufi ndogo ya M ni ipi?::m||Andika herufi kubwa ya k::K,
2023-JSS004-DRS I,Kusoma,Kutambua sauti za herufi,Kuunganisha sauti za konsonanti na irabu ili kuunda silabi,"Kuunganisha sauti za konsonanti b, m, k, d, n na irabu a e i o u ili kuunda silabi",2,Mazoezi ya kuunganisha sauti kwa kutamka pamoja na kadi za silabi; mwalimu anaonyesha mfano kisha wanafunzi wanaiga,Kuwaongoza Wanafunzi,Mwanafunzi anaweza kuunganisha sauti ya konsonanti na irabu kwa mdomo na kutamka silabi sahihi inayotokana nazo,kadi za silabi|chati ya irabu a e i o u|ubao,"TET(2023), KUSOMA, KITABU CHA MWANAFUNZI, DARASA LA KWANZA, TET, DAR ES SALAAM",Sauti ya konsonanti inapoungana na sauti ya irabu huunda silabi; kwa mfano sauti b na a zinaunda silabi ba,"Mwalimu anatamka sauti mbili kwa zamu, mfano b na a, kisha anaonyesha zinavyoungana kuunda silabi ba; hurudiwa kwa herufi m, k, d, n na irabu zote tano","b+a=ba, b+e=be (kama katika Zoezi la kwanza); m+a=ma, m+e=me; k+a=ka, k+e=ke; d+a=da, d+e=de; n+a=na, n+e=ne",Mtoto anapotaka kuandika jina la mama yake anahitaji kuunganisha sauti za konsonanti na irabu ili kupata silabi ma,Sauti b na a zinaunda silabi gani?::ba||Sauti m na u zinaunda silabi gani?::mu||Sauti d na o zinaunda silabi gani?::do,
2023-JSS004-DRS I,Kusoma,Kutambua sauti za herufi,Kutenganisha kwa kutamka sauti za konsonanti na irabu zilizounda silabi na silabi zilizounda maneno,"Kutenganisha sauti na silabi za b, m, k, d, n zilizounda silabi na maneno",1,"Zoezi la mdomo la kutenganisha silabi kwa kutamka sauti mbalimbali zilizoiunda, kisha kutenganisha neno katika silabi zake",Kuwaongoza Wanafunzi,"Mwanafunzi anaweza kutenganisha silabi kama bu katika sauti b na u, na kutenganisha neno kama babu katika silabi ba na bu","kadi za silabi|kadi za maneno (babu, mama, duka)|ubao","TET(2023), KUSOMA, KITABU CHA MWANAFUNZI, DARASA LA KWANZA, TET, DAR ES SALAAM","Kila silabi inaundwa na sauti za herufi zinazoweza kutenganishwa, na kila neno linaundwa na silabi zinazoweza kutenganishwa","Mwalimu anatamka silabi kama bi, kisha mwanafunzi anatenganisha akitamka b na i; kisha mwalimu anatamka neno kama babu, mwanafunzi anatenganisha akitamka ba bu",Silabi bu inatenganishwa kuwa b na u; neno babu linatenganishwa kuwa ba na bu; neno bibi linatenganishwa kuwa bi na bi,Mtoto anaposikia neno duka anaweza kulitenganisha kimawazo kuwa du na ka ili aweze kulisoma vizuri,Silabi bu inaundwa na sauti gani mbili?::b na u||Neno babu linaundwa na silabi zipi?::ba na bu||Neno kadi linaundwa na silabi zipi?::ka na di,
2023-JSS004-DRS I,Kusoma,Kutambua uhusiano wa sauti na herufi,Kuhusianisha sauti na herufi za konsonanti katika matini,"Kuhusianisha sauti na herufi za konsonanti b, m, k, d, n katika matini",2,Kusoma kwa sauti silabi na maneno yaliyoandikwa kwenye kadi au ubaoni huku mwalimu akisisitiza uhusiano wa herufi na sauti,Kuwaongoza Wanafunzi,Mwanafunzi anaweza kutamka kwa usahihi sauti inayolingana na herufi anayoiona wakati wa kusoma silabi na maneno kwenye matini,chati ya sauti na herufi|kadi za maneno|ubao,"TET(2023), KUSOMA, KITABU CHA MWANAFUNZI, DARASA LA KWANZA, TET, DAR ES SALAAM",Kila herufi iliyoandikwa katika matini inawakilisha sauti maalum; mwanafunzi anahitaji kuhusianisha alichokiona (herufi) na sauti anayoitamka,"Mwalimu anaandika silabi na maneno ubaoni kama bao, boi, bei, bua na mwanafunzi anasoma huku akihusianisha kila herufi na sauti yake; hurudiwa kwa mia, mea, uma; kua, koo, kiu; dai, dua, doa; nia, noa, nao","bao, boi, bei, bua (b); mia, mea, uma, imo, ama (m); kua, koo, kiu, kioo, kaa (k); dai, dua, doa, kadi, dau (d); nia, noa, nao, nane, ona (n)",Mtoto anaposoma tangazo au kadi ya mwaliko anahitaji kuhusianisha herufi alizoziona na sauti zake ili kuelewa yaliyoandikwa,Herufi b katika neno bao inawakilisha sauti gani?::b||Herufi k katika neno kaa inawakilisha sauti gani?::k||Herufi n katika neno nane inawakilisha sauti gani?::n,
2023-JSS004-DRS I,Kusoma,Kutambua uhusiano wa sauti na herufi,Kuunganisha silabi ili kusoma maneno,"Kuunganisha silabi zenye b, m, k, d, n ili kusoma maneno",2,"Mazoezi ya vitendo ya kuunganisha kadi mbili za silabi kuunda neno, kisha kulisoma kwa sauti",Kuwaongoza Wanafunzi,"Mwanafunzi anaweza kuunganisha silabi mbili kwa usahihi na kusoma neno linalotokana nazo, mfano ku na mi kuwa kumi",kadi za silabi|kadi za maneno|ubao,"TET(2023), KUSOMA, KITABU CHA MWANAFUNZI, DARASA LA KWANZA, TET, DAR ES SALAAM",Silabi mbili au zaidi zinapoungana huunda neno lenye maana; mwanafunzi anajifunza kuunganisha silabi ili kusoma maneno kamili,"Mwalimu anaonyesha kadi za silabi be na ba, mwanafunzi anaziunganisha na kusoma neno beba; hurudiwa kwa mema, miba; kobe, kumi; duka, daka, deki; deni, niko, meno","be+ba=beba, bi+bo=bibo; me+ma=mema, mi+ba=miba; ko+be=kobe, ku+mi=kumi; du+ka=duka, da+ka=daka; de+ni=deni, ni+ko=niko, me+no=meno",Mtoto anapoona kadi mbili za silabi du na ka anaweza kuziunganisha na kusoma neno duka analolijua dukani kwao,Silabi be na ba zikiunganishwa zinaunda neno gani?::beba||Silabi ku na mi zikiunganishwa zinaunda neno gani?::kumi||Silabi me na no zikiunganishwa zinaunda neno gani?::meno,
2023-JSS004-DRS I,Kusoma,Kutambua uhusiano wa sauti na herufi,Kutenganisha kwa kutamka sauti mojamoja ili kuunda maneno,"Kutenganisha kwa kutamka sauti mojamoja za b, m, k, d, n ili kuunda maneno",1,Zoezi la mdomo la kutamka sauti moja baada ya nyingine polepole kisha kuziunganisha haraka kuunda neno,Kuwaongoza Wanafunzi,Mwanafunzi anaweza kutamka sauti mojamoja za neno kwa mpangilio sahihi na kuunganisha kutamka neno kamili,"kadi za herufi|kadi za maneno (babu, mama, duka)|ubao","TET(2023), KUSOMA, KITABU CHA MWANAFUNZI, DARASA LA KWANZA, TET, DAR ES SALAAM","Neno linaweza kutenganishwa katika sauti zake mojamoja, na sauti hizo zikiunganishwa tena kwa kutamkwa haraka huunda neno kamili","Mwalimu anatamka sauti mojamoja b-a-b-u kwa upole, kisha anaziunganisha haraka kusema babu; mwanafunzi anaiga kwa maneno mengine kama m-a-m-a kuunda mama na d-u-k-a kuunda duka",b-a-b-u huunda babu; m-a-m-a huunda mama; d-u-k-a huunda duka; k-u-k-u huunda kuku,Mtoto anapojifunza kutamka jina lake polepole sauti moja moja anaweza baadaye kulitamka kwa haraka kama neno kamili,Sauti b-a-b-u zikiunganishwa zinaunda neno gani?::babu||Sauti m-a-m-a zikiunganishwa zinaunda neno gani?::mama||Sauti d-u-k-a zikiunganishwa zinaunda neno gani?::duka,
2023-JSS004-DRS I,Kusoma,Kutambua uhusiano wa sauti na herufi,Kuunganisha maneno ili kusoma sentensi,"Kuunganisha maneno yenye b, m, k, d, n ili kusoma sentensi",2,Kusoma maneno chini ya picha kisha kuyaunganisha kuunda sentensi fupi zenye maana zinazohusiana na picha,Kuwaongoza Wanafunzi,Mwanafunzi anaweza kuunganisha maneno mawili au zaidi na kusoma sentensi fupi sahihi yenye maana,"picha (nanasi, kuku, kinu, babu, ua, mama)|kadi za maneno|ubao","TET(2023), KUSOMA, KITABU CHA MWANAFUNZI, DARASA LA KWANZA, TET, DAR ES SALAAM",Maneno yanapoungana kwa mpangilio sahihi huunda sentensi yenye maana kamili; mwanafunzi anajifunza kusoma sentensi fupi kwa kuunganisha maneno aliyoyajifunza,"Kwa kutumia maneno chini ya picha za nanasi, kuku, kinu, babu, ua, mama, mwalimu anaonyesha jinsi ya kuunganisha maneno kuunda sentensi fupi, mfano Babu ana kuku, Mama ana nanasi, kisha wanafunzi wanasoma sentensi hizo",Babu ana kuku. Mama ana nanasi. Nina kinu.,Mtoto anapoongea na babu yake nyumbani anaweza kuunganisha maneno na kusema sentensi fupi kama Babu ana kuku,Unganisha maneno Babu / ana / kuku kuunda sentensi::Babu ana kuku.||Unganisha maneno Mama / ana / nanasi kuunda sentensi::Mama ana nanasi.||Unganisha maneno Nina / kinu kuunda sentensi::Nina kinu.,
2023-JSS004-DRS I,Kusoma,Kutambua sauti za herufi,Kutambua sauti za konsonanti kwenye maneno,"Kutambua sauti za konsonanti l, t, p, s, f, j katika maneno",2,"Maswali na majibu, kuonyesha picha za vitu na kutamka sauti ya mwanzo, mazoezi ya kusikiliza kwa jozi",Kuwaongoza Wanafunzi,"Mwanafunzi anaweza kutamka kwa usahihi sauti ya mwanzo ya neno analoliona kwenye picha na kutaja maneno mengine yenye sauti ya mwanzo inayofanana, kwa herufi l, t, p, s, f au j.","picha za vitu vinavyoanza na l,t,p,s,f,j|kadi za herufi|chati ya sauti","TET(2023), KUSOMA, KITABU CHA MWANAFUNZI, DARASA LA KWANZA, TET, DAR ES SALAAM","Kila somo huanza kwa mwalimu kuonesha picha ya kitu (mfano picha inayoanza na 'l', 't', 'p', 's', 'f' au 'j'); mwanafunzi anataja jina la kitu kisha anatamka sauti ya mwanzo ya neno hilo, kama ilivyoelekezwa kwenye kitabu: 'Tamka sauti ya mwanzo ya neno ulilotaja' na 'Taja maneno mengine yanayoanza na sauti hiyo'.","Zoezi hili linajirudia kwa kila herufi mpya (l, t, p, s, f, j): mwanafunzi anaonyeshwa picha za majina kadhaa kisha anaulizwa 'Majina yapi yana sauti za mwanzo zinazofanana?' na 'Jina lipi lina sauti ya mwanzo isiyofanana na nyingine?' ili kujenga uwezo wa kutofautisha sauti za konsonanti.",Mfano: neno 'lala' huanza na sauti 'l'; neno 'tai' huanza na sauti 't'; neno 'pipa' huanza na sauti 'p'; neno 'saa' huanza na sauti 's'; neno 'fisi' huanza na sauti 'f'; neno 'jino' huanza na sauti 'j'.,Mwanafunzi anapoona samaki sokoni au nyumbani anaweza kutamka sauti ya mwanzo 's' na kutaja maneno mengine yenye sauti hiyo kama 'saa' na 'soko'.,Ni sauti gani ya mwanzo ya neno 'lala'?::Sauti ya l||Ni sauti gani ya mwanzo ya neno 'tai'?::Sauti ya t||Taja neno lingine linaloanza na sauti 'f' kama 'fisi'.::Kwa mfano 'feni' au 'fupi'||Ni sauti gani ya mwanzo ya neno 'jino'?::Sauti ya j,
2023-JSS004-DRS I,Kusoma,Kutambua sauti za herufi,Kutambua herufi kubwa na ndogo,"Kutambua herufi kubwa na ndogo za l, t, p, s, f, j",1,"Kuonesha kadi za herufi kubwa na ndogo, kutazama na kutamka pamoja, mchezo wa kulinganisha herufi",Kuwaongoza Wanafunzi,"Mwanafunzi anaweza kuonesha na kutofautisha herufi kubwa na ndogo za l, t, p, s, f, j kwenye kadi za herufi na kutamka sauti yake kwa usahihi.",kadi za herufi kubwa na ndogo|ubao|chati ya alfabeti,"TET(2023), KUSOMA, KITABU CHA MWANAFUNZI, DARASA LA KWANZA, TET, DAR ES SALAAM","Kwa mujibu wa kitabu, kila herufi mpya inaoneshwa moja kwa moja: 'Tazama herufi hii: l' kisha 'Tamka sauti ya herufi hii: l', hivyo mwanafunzi anafundishwa kutazama umbo la herufi (kubwa na ndogo) kabla ya kutamka sauti yake.","Mwalimu anaonesha jozi ya herufi kubwa na ndogo kwenye kadi (L/l, T/t, P/p, S/s, F/f, J/j) kama ilivyoainishwa kabla ya kila zoezi la herufi husika, kisha mwanafunzi anaonesha kwa kidole na kutamka sauti husika kama zoezi la kwanza la kila 'Zoezi': 'Onesha na tamka sauti ya herufi l/t/p/s/f/j'.",Mfano: herufi kubwa L na herufi ndogo l zote hutamkwa sauti 'l'; T na t hutamkwa 't'; P na p hutamkwa 'p'; S na s hutamkwa 's'; F na f hutamkwa 'f'; J na j hutamkwa 'j'.,"Mwanafunzi anapoona jina lake au bango lenye herufi kubwa mwanzoni, kama 'Tatu' au 'Fatuma', anaweza kutambua herufi kubwa T au F na kuihusisha na herufi ndogo t au f.",Onesha herufi ndogo 'l' kwenye kadi.::Mwanafunzi anaonesha herufi l||Herufi kubwa ya 's' ni ipi?::S||Herufi ndogo ya 'J' ni ipi?::j||Onesha na tamka herufi 'p'.::Mwanafunzi anaonesha na kutamka p,
2023-JSS004-DRS I,Kusoma,Kutambua sauti za herufi,Kuunganisha sauti za konsonanti na irabu ili kuunda silabi,"Kuunganisha herufi l, t, p, s, f, j na irabu a, e, i, o, u kuunda silabi",1,"Maonyesho ya mwalimu ubaoni, kurudia kwa pamoja, mazoezi binafsi ya kuunganisha sauti",Kuwaongoza Wanafunzi,"Mwanafunzi anaweza kuunganisha kwa usahihi sauti ya konsonanti (l, t, p, s, f, j) na irabu (a, e, i, o, u) kuunda silabi sahihi.",kadi za herufi za konsonanti|kadi za irabu|ubao|chati ya silabi,"TET(2023), KUSOMA, KITABU CHA MWANAFUNZI, DARASA LA KWANZA, TET, DAR ES SALAAM","Kama kitabu kinavyoelekeza: 'Unda silabi kwa kuunganisha sauti ya herufi (l/t/p/s/f/j) na a e i o u', mwanafunzi anajifunza kuunganisha sauti mbili moja kwa moja kuunda silabi.","Kwa kila herufi, mwalimu anatoa mfano kama 'Sauti ya herufi l na a zinaunda silabi la' na 'Sauti ya herufi l na e zinaunda silabi le', kisha mwanafunzi anaendelea peke yake kwa irabu zilizobaki na kwa herufi nyingine (t, p, s, f, j).","Mfano: l+a=la, l+e=le, l+i=li; t+a=ta, t+e=te; p+a=pa, p+e=pe; s+a=sa, s+e=se; f+a=fa, f+e=fe; j+a=ja, j+e=je.","Mwanafunzi anapotaka kuandika jina lake linaloanza na herufi hizi, kwa mfano 'Juma', anahitaji kuunganisha j na u kuunda silabi 'ju' kabla ya kuandika neno zima.",Unganisha sauti l na a kuunda silabi gani?::la||Unganisha sauti t na i kuunda silabi gani?::ti||Unganisha sauti j na u kuunda silabi gani?::ju||Unganisha sauti f na o kuunda silabi gani?::fo,
2023-JSS004-DRS I,Kusoma,Kutambua sauti za herufi,Kutenganisha kwa kutamka sauti za konsonanti na irabu zilizounda silabi na silabi zilizounda maneno,"Kutenganisha sauti na silabi za maneno yenye herufi l, t, p, s, f, j",1,"Maonyesho ya mwalimu, kurudia kwa sauti kubwa, mazoezi ya kutenganisha kwa jozi",Kuwaongoza Wanafunzi,"Mwanafunzi anaweza kutenganisha kwa kutamka sauti mbili zilizounda silabi (mfano 'li' ni l na i), na silabi zilizounda neno (mfano 'kula' ni ku na la).",kadi za silabi|kadi za maneno|ubao,"TET(2023), KUSOMA, KITABU CHA MWANAFUNZI, DARASA LA KWANZA, TET, DAR ES SALAAM","Kitabu kinaelekeza hatua mbili: kwanza 'Tenganisha sauti za herufi zinazounda silabi hizi kwa kutamka' (mfano 'li, lu, le, lo, la'), kisha 'Tenganisha silabi zinazounda maneno haya kwa kutamka' (mfano 'kula, lenu, kelele').",Mifano ya kitabu: silabi 'li' inatenganishwa kuwa l na i; silabi 'tu' inatenganishwa kuwa t na u; neno 'taka' linatenganishwa kuwa ta na ka; neno 'jipu' linatenganishwa kuwa ji na pu; neno 'moto' linatenganishwa kuwa mo na to.,Sauti za herufi zinazounda silabi 'so' ni s na o; silabi zinazounda neno 'soko' ni so na ko; silabi zinazounda neno 'fujo' ni fu na jo.,"Mwanafunzi anapohitaji kuandika kwa makini neno gumu analoona dukani au shuleni, anaweza kulitenganisha silabi kwa silabi ili aliandike kwa usahihi.",Sauti zinazounda silabi 'ta' ni zipi?::t na a||Silabi zinazounda neno 'moto' ni zipi?::mo na to||Silabi zinazounda neno 'jipu' ni zipi?::ji na pu||Sauti zinazounda silabi 'fi' ni zipi?::f na i,
2023-JSS004-DRS I,Kusoma,Kutambua uhusiano wa sauti na herufi,Kuhusianisha sauti na herufi za konsonanti katika matini,"Kuhusianisha sauti na herufi l, t, p, s, f, j katika maneno na picha",2,"Kusoma pamoja, kuonesha picha zenye maneno, mazoezi ya kusoma kwa sauti",Kuwaongoza Wanafunzi,"Mwanafunzi anaweza kusoma kwa sauti maneno yaliyoandikwa chini ya picha na kuhusianisha herufi za konsonanti l, t, p, s, f, j na sauti zake katika matini fupi.",picha zenye maneno chini yake|kadi za maneno|chati ya silabi na maneno,"TET(2023), KUSOMA, KITABU CHA MWANAFUNZI, DARASA LA KWANZA, TET, DAR ES SALAAM","Kitabu kinaunganisha usomaji wa silabi na maneno na uonaji wa picha halisi: 'Soma silabi na maneno haya' kisha 'Soma maneno chini ya picha hizi', ili mwanafunzi ahusianishe sauti anayotamka na herufi anazoziona kwenye maandishi na picha.","Kwa herufi t: maneno chini ya picha za moto, bata, tai, noti, tikiti, kiti. Kwa herufi s: saa, pesa, samaki, leso. Kwa herufi f: kofia, fisi, dafu, feni, tufe. Kwa herufi j: jiko la mkaa, jalala, jani, taji. Kwa herufi l: lala, lia. Kwa herufi p: pua, pata, paa, pipa, paka.",Mfano: picha ya 'samaki' inaonesha kiumbe kinachoishi majini; mwanafunzi anasoma neno 'samaki' na kuhusianisha herufi s na sauti anayoisikia mwanzoni.,"Mwanafunzi anapokwenda sokoni na kuona bango lenye neno 'samaki' au 'pesa', anaweza kusoma neno hilo kwa kuhusianisha herufi alizoziona na sauti anazozijua.",Picha inaonesha 'samaki'; ni herufi gani ya mwanzo ya neno hilo?::Herufi s||Soma neno lililoandikwa chini ya picha ya 'fisi'.::fisi||Neno 'taji' huanza na herufi/sauti gani?::Herufi j||Soma neno chini ya picha ya 'moto'.::moto,
2023-JSS004-DRS I,Kusoma,Kutambua uhusiano wa sauti na herufi,Kuunganisha silabi ili kusoma maneno,"Kuunganisha silabi zenye l, t, p, s, f, j kusoma maneno",1,"Maonyesho ya mwalimu ubaoni, mazoezi ya kuunganisha silabi kwa jozi, usomaji wa pamoja",Kuwaongoza Wanafunzi,"Mwanafunzi anaweza kuunganisha silabi mbili sahihi ili kusoma neno kamili lenye herufi l, t, p, s, f au j.",kadi za silabi|ubao|chati ya maneno,"TET(2023), KUSOMA, KITABU CHA MWANAFUNZI, DARASA LA KWANZA, TET, DAR ES SALAAM","Kitabu kinaelekeza: 'Unda maneno kwa kuunganisha silabi (mfano li, le, la, lo, lu) na (ma, ko, ka, ke, ku, nu, ni)', hivyo mwanafunzi anajifunza kusoma neno kwa kuunganisha silabi mbili alizojifunza.","Zoezi hili linajirudia kwa kila herufi mpya: mwalimu anaandika jozi za silabi ubaoni (mfano ta+no, mo+to, so+ko, fu+ka, ja+ni) na mwanafunzi anaziunganisha kwa sauti kabla ya kusoma neno lililopatikana kwa ufasaha.",Mifano ya kitabu: silabi li na ko zinaunda neno liko; silabi mo na to zinaunda neno moto; silabi tu na pa zinaunda neno tupa; silabi so na ko zinaunda neno soko; silabi ko na fi zinaunda neno kofi; silabi ji na no zinaunda neno jino.,"Mwanafunzi anapopewa kadi za silabi mbili anaweza kuziunganisha haraka na kusoma neno linalotokana nazo, kama vile kusoma jina la mtoto mwenzake.",Unganisha silabi 'mo' na 'to' kupata neno gani?::moto||Unganisha silabi 'pi' na 'ka' kupata neno gani?::pika||Unganisha silabi 'ji' na 'no' kupata neno gani?::jino||Unganisha silabi 'sa' na 'ba' kupata neno gani?::saba,
2023-JSS004-DRS I,Kusoma,Kutambua uhusiano wa sauti na herufi,Kutenganisha kwa kutamka sauti mojamoja ili kuunda maneno,"Kutenganisha sauti mojamoja za maneno yenye l, t, p, s, f, j",1,"Maonyesho ya mwalimu, mazoezi ya kutamka sauti moja moja, kurudia kwa zamu",Kuwaongoza Wanafunzi,"Mwanafunzi anaweza kutamka sauti mojamoja zinazounda neno lenye herufi l, t, p, s, f au j kwa mpangilio sahihi.",kadi za maneno|kadi za herufi|ubao,"TET(2023), KUSOMA, KITABU CHA MWANAFUNZI, DARASA LA KWANZA, TET, DAR ES SALAAM","Baada ya mwanafunzi kumudu kuunganisha silabi kusoma maneno, kitabu kinaendelea na orodha za maneno ya kusoma kwa haraka (mfano 'lala, kula, lenu' na 'dafu, tatu, pipi, jua'); zoezi hili linamtaka mwanafunzi atenganishe kila neno hilo sauti mojamoja badala ya silabi nzima.","Mwalimu anachagua maneno kutoka orodha za kusoma kwa haraka za kila herufi (mfano 'lala, kula' kwa l; 'tatu, teta' kwa t; 'pipi, pita' kwa p; 'sasa, susa' kwa s; 'dafu, fofofo' kwa f; 'jua, juu' kwa j) na mwanafunzi anatamka sauti moja baada ya nyingine kwa mpangilio.","Mfano: neno 'jua' linatenganishwa sauti mojamoja kuwa j, u, a; neno 'safi' linatenganishwa kuwa s, a, f, i; neno 'pipi' linatenganishwa kuwa p, i, p, i; neno 'tatu' linatenganishwa kuwa t, a, t, u.","Mwanafunzi anapotaka kuhakikisha ameandika neno kwa usahihi, mfano jina la ndugu yake, anaweza kulitamka sauti mojamoja ili asikose herufi yoyote.","Tamka sauti mojamoja zinazounda neno 'jua'.::j, u, a||Tamka sauti mojamoja zinazounda neno 'safi'.::s, a, f, i||Tamka sauti mojamoja zinazounda neno 'pipi'.::p, i, p, i||Tamka sauti mojamoja zinazounda neno 'tatu'.::t, a, t, u",
2023-JSS004-DRS I,Kusoma,Kutambua uhusiano wa sauti na herufi,Kuunganisha maneno ili kusoma sentensi,"Kuunganisha maneno yenye l, t, p, s, f, j kusoma sentensi fupi",1,"Maonyesho ya mwalimu, kusoma kwa pamoja, mazoezi ya kusoma sentensi binafsi",Kuwaongoza Wanafunzi,"Mwanafunzi anaweza kuunganisha maneno aliyojifunza yenye herufi l, t, p, s, f, j na kusoma sentensi fupi kwa ufasaha.",kadi za maneno|kadi za sentensi|ubao,"TET(2023), KUSOMA, KITABU CHA MWANAFUNZI, DARASA LA KWANZA, TET, DAR ES SALAAM","Baada ya kumudu kusoma maneno mbalimbali yenye herufi l, t, p, s, f, j yaliyotolewa kwenye sura hii, mwanafunzi anaendelea hatua ya juu zaidi ya kuunganisha maneno hayo kuunda na kusoma sentensi fupi zenye maana.","Mwalimu anaandika sentensi fupi ubaoni kwa kutumia maneno halisi ya sura hii (tai, lala, juu, fisi, kula, samaki, saa, pesa, pika, pipi, jua), kisha mwanafunzi anasoma neno moja baada ya jingine hadi kukamilisha sentensi nzima.","Mfano wa sentensi zilizojengwa kwa maneno halisi ya sura hii: 'Tai analala juu ya mti.' (tai, lala, juu); 'Fisi anakula samaki.' (fisi, kula, samaki); 'Baba ana saa.' (saa); 'Mama anapika pipi.' (pika, pipi).","Mwanafunzi anaposoma kitabu chake cha hadithi nyumbani, anatumia uwezo huu wa kuunganisha maneno ili asome sentensi nzima na kuelewa habari inayosomwa.","Soma sentensi hii: 'Fisi anakula samaki.'::Fisi anakula samaki||Unganisha maneno 'Tai', 'analala', 'juu', 'ya', 'mti' kusoma sentensi.::Tai analala juu ya mti||Soma sentensi hii: 'Mama anapika pipi.'::Mama anapika pipi",
2023-JSS004-DRS I,Kusoma,Kutambua sauti za herufi,Kutambua sauti za konsonanti kwenye maneno,"Kutambua sauti za mwanzo za konsonanti g, y, z, h katika maneno",2,Maswali na majibu kwa kutumia picha; mwalimu kuonesha picha na kuuliza 'Hii ni picha ya nini?' kisha wanafunzi kutamka jina na sauti ya mwanzo,Kuwaongoza Wanafunzi,"Mwanafunzi anaweza kutamka sauti ya mwanzo ya neno analoliona kwenye picha na kutaja maneno mengine yenye sauti hiyohiyo ya g, y, z au h.",picha za vitu vinavyoanza na g y z h|kadi za picha|chati ya sauti,"TET(2023), KUSOMA, KITABU CHA MWANAFUNZI, DARASA LA KWANZA, TET, DAR ES SALAAM","Kila neno lina sauti ya mwanzo; kwa kuangalia picha ya kitu mwanafunzi anatamka jina lake na kutambua sauti ya mwanzo ya jina hilo, kisha anataja maneno mengine yenye sauti hiyo.","Mwalimu anaonesha picha moja moja, mwanafunzi anataja jina la picha, kisha darasa linatamka sauti ya mwanzo pamoja. Baadaye wanafunzi wanalinganisha majina ya picha mbalimbali kuona yepi yana sauti za mwanzo zinazofanana na lipi halifanani.","gari (sauti ya mwanzo g), giza (g), yaya (y), zizi (z), hema (h) ni mifano ya maneno yanayoanza na sauti hizi.","Mwanafunzi anatambua sauti ya mwanzo ya jina lake au majina ya vitu vya nyumbani kama giza, gari, hema anavyoviona kila siku.",Sauti ya mwanzo ya neno 'gari' ni ipi?::g||Sauti ya mwanzo ya neno 'yaya' ni ipi?::y||Sauti ya mwanzo ya neno 'zizi' ni ipi?::z||Sauti ya mwanzo ya neno 'hema' ni ipi?::h,
2023-JSS004-DRS I,Kusoma,Kutambua sauti za herufi,Kutambua sauti za konsonanti kwenye maneno,"Kutambua sauti za mwanzo za konsonanti r, w, v, ch katika maneno",2,Maswali na majibu kwa kutumia picha; mwalimu kuonesha picha na kuuliza 'Hii ni picha ya nini?' kisha wanafunzi kutamka jina na sauti ya mwanzo,Kuwaongoza Wanafunzi,"Mwanafunzi anaweza kutamka sauti ya mwanzo ya neno analoliona kwenye picha na kutaja maneno mengine yenye sauti hiyohiyo ya r, w, v au ch.",picha za vitu vinavyoanza na r w v ch|kadi za picha|chati ya sauti,"TET(2023), KUSOMA, KITABU CHA MWANAFUNZI, DARASA LA KWANZA, TET, DAR ES SALAAM","Kila neno lina sauti ya mwanzo; kwa kuangalia picha ya kitu mwanafunzi anatamka jina lake na kutambua sauti ya mwanzo ya jina hilo, kisha anataja maneno mengine yenye sauti hiyo.","Mwalimu anaonesha picha moja moja (mfano rula, waya, viatu, choo), mwanafunzi anataja jina la picha, darasa linatamka sauti ya mwanzo pamoja, kisha wanalinganisha majina ya picha mbalimbali kuona yepi yana sauti za mwanzo zinazofanana.","rula (sauti ya mwanzo r), waya (w), viatu (v), choo (ch) ni mifano ya maneno yanayoanza na sauti hizi.",Mwanafunzi anatambua sauti za mwanzo za vitu anavyovitumia shuleni kama viatu na vitu vya nyumbani kama choo.,Sauti ya mwanzo ya neno 'rula' ni ipi?::r||Sauti ya mwanzo ya neno 'waya' ni ipi?::w||Sauti ya mwanzo ya neno 'viatu' ni ipi?::v||Sauti ya mwanzo ya neno 'choo' ni ipi?::ch,
2023-JSS004-DRS I,Kusoma,Kutambua sauti za herufi,Kutambua herufi kubwa na ndogo,"Kutambua herufi kubwa na ndogo za g, y, z, h, r, w, v, ch",2,"Kuonesha kadi za herufi kubwa na ndogo, mwalimu kutamka na wanafunzi kufuatisha kwa kutazama na kutamka",Kuwaongoza Wanafunzi,"Mwanafunzi anaweza kuonesha na kutofautisha herufi kubwa na ndogo za G, Y, Z, H, R, W, V, Ch anapoziona kwenye kadi au ubaoni.",kadi za herufi kubwa na ndogo|ubao|chaki au kalamu ya ubao,"TET(2023), KUSOMA, KITABU CHA MWANAFUNZI, DARASA LA KWANZA, TET, DAR ES SALAAM","Kila herufi ina umbo la herufi kubwa (mfano G, Y, Z, H, R, W, V, Ch) na umbo la herufi ndogo (g, y, z, h, r, w, v, ch) linalotumika kuandika maneno.","Mwalimu anaonesha kadi ya herufi ndogo kwanza (kama ilivyofundishwa kitabuni: 'Tazama herufi hii: g'), kisha anaonesha umbo lake kubwa, wanafunzi wanatamka jina na sauti ya herufi hiyo katika maumbo yote mawili na kuyatofautisha.",Herufi ndogo g inalingana na herufi kubwa G; herufi ndogo h inalingana na herufi kubwa H; herufi ndogo ch inalingana na herufi kubwa Ch.,"Mwanafunzi anatambua herufi kubwa mwanzoni mwa jina lake la pekee, mfano jina linaloanza na herufi H au R kama Halima au Rashid.",Herufi kubwa ya 'g' ni ipi?::G||Herufi ndogo ya 'R' ni ipi?::r||Herufi kubwa ya 'v' ni ipi?::V||Herufi ndogo ya 'Ch' ni ipi?::ch,
2023-JSS004-DRS I,Kusoma,Kutambua sauti za herufi,Kuunganisha sauti za konsonanti na irabu ili kuunda silabi,"Kuunganisha sauti za herufi g, y, z, h na irabu a e i o u kuunda silabi",2,"Maonesho na mazoezi ya kuunganisha sauti mbili mbili ubaoni, wanafunzi kufuatisha kwa sauti pamoja na mmoja mmoja",Kuwaongoza Wanafunzi,"Mwanafunzi anaweza kuunganisha sauti ya herufi g, y, z au h na irabu a e i o u kwa usahihi kuunda silabi kama ga, ye, zi, ho.",kadi za herufi konsonanti g y z h|kadi za irabu a e i o u|ubao,"TET(2023), KUSOMA, KITABU CHA MWANAFUNZI, DARASA LA KWANZA, TET, DAR ES SALAAM","Silabi huundwa kwa kuunganisha sauti ya konsonanti na sauti ya irabu; kwa mfano sauti ya herufi g na a zinaunda silabi ga, na sauti ya herufi g na e zinaunda silabi ge.","Mwalimu anaonesha herufi g karibu na kila irabu (a, e, i, o, u) akitamka sauti mbili zikiungana kuwa silabi moja, wanafunzi wanarudia. Zoezi hili linarudiwa kwa herufi y, z na h kwa kutumia mifano ya kitabu (gi, gu, go, ga, ge; yi, yo, ye, yu, ya; zi, zu, zo, ze, za; hi, hu, he, ho, ha).",Sauti ya herufi g na a zinaunda silabi ga; sauti ya herufi y na a zinaunda silabi ya; sauti ya herufi z na e zinaunda silabi ze; sauti ya herufi h na a zinaunda silabi ha.,Mwanafunzi anatumia uwezo huu kusoma silabi za majina ya kila siku kama ga katika 'gari' au ha katika 'hodi'.,Silabi ya g na a ni ipi?::ga||Silabi ya y na e ni ipi?::ye||Silabi ya z na i ni ipi?::zi||Silabi ya h na o ni ipi?::ho,
2023-JSS004-DRS I,Kusoma,Kutambua sauti za herufi,Kuunganisha sauti za konsonanti na irabu ili kuunda silabi,"Kuunganisha sauti za herufi r, w, v, ch na irabu a e i o u kuunda silabi",1,"Maonesho na mazoezi ya kuunganisha sauti mbili mbili ubaoni, wanafunzi kufuatisha kwa sauti pamoja na mmoja mmoja",Kuwaongoza Wanafunzi,"Mwanafunzi anaweza kuunganisha sauti ya herufi r, w, v au ch na irabu a e i o u kwa usahihi kuunda silabi kama ra, we, vi, cho.",kadi za herufi konsonanti r w v ch|kadi za irabu a e i o u|ubao,"TET(2023), KUSOMA, KITABU CHA MWANAFUNZI, DARASA LA KWANZA, TET, DAR ES SALAAM","Silabi huundwa kwa kuunganisha sauti ya konsonanti na sauti ya irabu; kwa mfano sauti ya herufi r na a zinaunda silabi ra, na sauti ya herufi w na e zinaunda silabi we.","Mwalimu anaonesha herufi r karibu na kila irabu (a, e, i, o, u) akitamka sauti mbili zikiungana kuwa silabi moja, wanafunzi wanarudia. Zoezi hili linarudiwa kwa herufi w, v na ch kwa kutumia mifano ya kitabu (ri, ru, ro, ra, re; wi, wo, we, wa, wu; vo, vi, ve, vu, va; chi, cho, cha, che, chu).",Sauti ya herufi r na a zinaunda silabi ra; sauti ya herufi w na a zinaunda silabi wa; sauti ya herufi v na a zinaunda silabi va; sauti ya herufi ch na a zinaunda silabi cha.,Mwanafunzi anatumia uwezo huu kusoma silabi za maneno ya kila siku kama wa katika 'watu' au cha katika 'chai'.,Silabi ya r na a ni ipi?::ra||Silabi ya w na e ni ipi?::we||Silabi ya v na i ni ipi?::vi||Silabi ya ch na o ni ipi?::cho,
2023-JSS004-DRS I,Kusoma,Kutambua sauti za herufi,Kutenganisha kwa kutamka sauti za konsonanti na irabu zilizounda silabi na silabi zilizounda maneno,"Kutenganisha sauti na silabi za maneno yenye g, y, z, h",1,"Zoezi la mdomo la kutenganisha silabi na sauti kwa zamu, mwalimu kutoa mfano kisha wanafunzi kufanya mazoezi wenyewe",Kuwaongoza Wanafunzi,Mwanafunzi anaweza kutenganisha kwa kutamka sauti zilizounda silabi (mfano gi = g na i) na silabi zilizounda neno (mfano goma = go ma).,kadi za silabi|kadi za maneno gogo goma piga hofu|ubao,"TET(2023), KUSOMA, KITABU CHA MWANAFUNZI, DARASA LA KWANZA, TET, DAR ES SALAAM",Kila silabi imeundwa na sauti mbili zinazoweza kutenganishwa (g na i kwa silabi gi); kila neno limeundwa na silabi zinazoweza kutenganishwa (go na ma kwa neno goma).,"Mwalimu anatoa silabi kama gi, gu na wanafunzi wanatenganisha sauti zake (g na i, g na u), kisha anatoa maneno kama goma, piga, gololi, yetu, baya, zipu, zizi, haki, huyu na wanafunzi wanatenganisha silabi zake kwa kutamka.",Sauti za herufi zinazounda silabi gi ni g na i; silabi zinazounda neno goma ni go ma; silabi zinazounda neno haki ni ha ki.,Mwanafunzi anaweza kutenganisha silabi za jina lake mwenyewe au majina ya ndugu zake yenye sauti hizi.,Sauti zinazounda silabi 'gi' ni zipi?::g na i||Silabi zinazounda neno 'goma' ni zipi?::go ma||Silabi zinazounda neno 'piga' ni zipi?::pi ga||Silabi zinazounda neno 'haki' ni zipi?::ha ki,
2023-JSS004-DRS I,Kusoma,Kutambua sauti za herufi,Kutenganisha kwa kutamka sauti za konsonanti na irabu zilizounda silabi na silabi zilizounda maneno,"Kutenganisha sauti na silabi za maneno yenye r, w, v, ch",1,"Zoezi la mdomo la kutenganisha silabi na sauti kwa zamu, mwalimu kutoa mfano kisha wanafunzi kufanya mazoezi wenyewe",Kuwaongoza Wanafunzi,Mwanafunzi anaweza kutenganisha kwa kutamka sauti zilizounda silabi (mfano ri = r na i) na silabi zilizounda neno (mfano bora = bo ra).,kadi za silabi|kadi za maneno bora wavu vazi chaki|ubao,"TET(2023), KUSOMA, KITABU CHA MWANAFUNZI, DARASA LA KWANZA, TET, DAR ES SALAAM",Kila silabi imeundwa na sauti mbili zinazoweza kutenganishwa (r na i kwa silabi ri); kila neno limeundwa na silabi zinazoweza kutenganishwa (bo na ra kwa neno bora).,"Mwalimu anatoa silabi kama ri, wi na wanafunzi wanatenganisha sauti zake (r na i, w na i), kisha anatoa maneno kama bora, bahari, wavu, wapi, vazi, vuna, chaki, kucha na wanafunzi wanatenganisha silabi zake kwa kutamka.",Sauti za herufi zinazounda silabi ri ni r na i; silabi zinazounda neno bora ni bo ra; silabi zinazounda neno chaki ni cha ki.,Mwanafunzi anaweza kutenganisha silabi za maneno ya vitu vya darasani kama chaki anavyotumia kila siku.,Sauti zinazounda silabi 'ri' ni zipi?::r na i||Silabi zinazounda neno 'bora' ni zipi?::bo ra||Silabi zinazounda neno 'wavu' ni zipi?::wa vu||Silabi zinazounda neno 'chaki' ni zipi?::cha ki,
2023-JSS004-DRS I,Kusoma,Kutambua uhusiano wa sauti na herufi,Kuhusianisha sauti na herufi za konsonanti katika matini,"Kuhusianisha sauti na herufi g, y, z, h katika matini na maneno",2,"Usomaji wa pamoja na binafsi wa silabi na maneno ubaoni na kwenye vitabu, ukifuatiwa na usomaji wa haraka",Kuwaongoza Wanafunzi,"Mwanafunzi anasoma kwa usahihi na kwa ufasaha silabi na maneno yenye herufi g, y, z, h anapoyaona kwenye matini.",kadi za maneno|kitabu cha mwanafunzi|chati ya maneno gogo mayai zabibu hesabu,"TET(2023), KUSOMA, KITABU CHA MWANAFUNZI, DARASA LA KWANZA, TET, DAR ES SALAAM","Sauti ya kila herufi inahusiana moja kwa moja na umbo lake kwenye maandishi; mwanafunzi anapoona herufi g, y, z au h kwenye matini anapaswa kuihusisha na sauti yake sahihi ili kusoma neno zima.","Mwalimu anaandika ubaoni silabi na maneno kama gu, gi, go, ge, ga, taga, iga, oga; ya, ye, yo, yu, yi, yai, yao, aya; zo, ze, zi, zu, za, zaa, zoa, zuia; he, ho, hi, ha, hu, hii, hao, hai. Wanafunzi wanasoma pamoja kisha mmoja mmoja, kisha wanasoma kwa haraka maneno kama gogo, gego, piga, gauni, fuga, dogo, goma, yaya, yeye, baya, soya, moyo, zizi, zeze, zake, zako, uhai, hodi, hana, hamu.","gogo, gego, piga, gauni ni maneno yenye herufi g katika matini; mayai, boya ni maneno yenye herufi y; zeze, uzi, zizi, zipu ni maneno yenye herufi z; hema, hela ni maneno yenye herufi h.","Mwanafunzi anasoma vibandiko au maandishi ya kila siku yenye herufi hizi, mfano jina la duka lenye neno 'gunia' au tangazo lenye neno 'hesabu'.",Neno 'gogo' lina herufi gani ya konsonanti mwanzoni?::g||Neno 'mayai' lina herufi gani ya konsonanti katikati?::y||Neno 'zizi' lina herufi gani ya konsonanti mwanzoni?::z||Neno 'hodi' lina herufi gani ya konsonanti mwanzoni?::h,
2023-JSS004-DRS I,Kusoma,Kutambua uhusiano wa sauti na herufi,Kuhusianisha sauti na herufi za konsonanti katika matini,"Kuhusianisha sauti na herufi r, w, v, ch katika matini na maneno",2,"Usomaji wa pamoja na binafsi wa silabi na maneno ubaoni na kwenye vitabu, ukifuatiwa na usomaji wa haraka",Kuwaongoza Wanafunzi,"Mwanafunzi anasoma kwa usahihi na kwa ufasaha silabi na maneno yenye herufi r, w, v, ch anapoyaona kwenye matini.",kadi za maneno|kitabu cha mwanafunzi|chati ya maneno bahari watu viatu choo,"TET(2023), KUSOMA, KITABU CHA MWANAFUNZI, DARASA LA KWANZA, TET, DAR ES SALAAM","Sauti ya kila herufi inahusiana moja kwa moja na umbo lake kwenye maandishi; mwanafunzi anapoona herufi r, w, v au ch kwenye matini anapaswa kuihusisha na sauti yake sahihi ili kusoma neno zima.","Mwalimu anaandika ubaoni silabi na maneno kama ro, ri, ru, re, ra, raha, roho, reli; wu, wo, wa, we, wi, wao, wewe, wika; vi, ve, vo, vu, va, vaa, vua, viti; che, chi, chu, cha, cho, chai, cheza, choo. Wanafunzi wanasoma pamoja kisha mmoja mmoja, kisha wanasoma kwa haraka maneno kama raba, rika, ruka, haraka, bure, huru, bora, bahari, wewe, wahi, wenu, weka, visu, kavu, kovu, viatu, cheche, chuchu, china, choma.","raba, rika, ruka, haraka ni maneno yenye herufi r katika matini; waka, waya, wika, watu ni maneno yenye herufi w; visu, kavu, kovu, viatu ni maneno yenye herufi v; choo, chui, chura ni maneno yenye herufi ch.","Mwanafunzi anasoma maandishi ya kila siku yenye herufi hizi, mfano ubao wa duka lenye neno 'viatu' au maandishi ya 'choo' shuleni.",Neno 'bahari' lina herufi gani ya konsonanti katikati?::r||Neno 'watu' lina herufi gani ya konsonanti mwanzoni?::w||Neno 'viatu' lina herufi gani ya konsonanti mwanzoni?::v||Neno 'choo' lina herufi gani ya konsonanti mwanzoni?::ch,
2023-JSS004-DRS I,Kusoma,Kutambua uhusiano wa sauti na herufi,Kuunganisha silabi ili kusoma maneno,"Kuunganisha silabi za g, y, z, h kusoma maneno",1,Zoezi la kuunganisha silabi mbili mbili ubaoni kutengeneza neno kisha kulisoma kwa sauti,Kuwaongoza Wanafunzi,"Mwanafunzi anaweza kuunganisha silabi mbili zenye herufi g, y, z au h kusoma neno sahihi kama fuga au yuko.",kadi za silabi go li fu ga ho ma|ubao|kitabu cha mwanafunzi,"TET(2023), KUSOMA, KITABU CHA MWANAFUNZI, DARASA LA KWANZA, TET, DAR ES SALAAM","Maneno huundwa kwa kuunganisha silabi mbili au zaidi; kwa mfano silabi fu na ga zinaunganishwa kuunda neno fuga, na silabi ho na ma zinaunganishwa kuunda neno homa.","Mwalimu anaandika jozi za silabi ubaoni (fu+ga, go+li, bo+ga kwa herufi g; ta+ya, yu+ko, ya+ke kwa herufi y; za+ke, zi+ma kwa herufi z; ho+ma, ho+fu, ha+ma kwa herufi h), wanafunzi wanaziunganisha kwa sauti kutengeneza neno kisha kulisoma zima.",Silabi fu na ga zinaunda neno fuga; silabi go na li zinaunda neno goli; silabi ta na ya zinaunda neno taya; silabi ho na ma zinaunda neno homa.,Mwanafunzi anaunganisha silabi za majina ya wanyama afugao nyumbani kama 'fuga' ng'ombe au kuku.,Silabi fu na ga zinaunda neno gani?::fuga||Silabi go na li zinaunda neno gani?::goli||Silabi ta na ya zinaunda neno gani?::taya||Silabi ho na ma zinaunda neno gani?::homa,
2023-JSS004-DRS I,Kusoma,Kutambua uhusiano wa sauti na herufi,Kuunganisha silabi ili kusoma maneno,"Kuunganisha silabi za r, w, v, ch kusoma maneno",1,Zoezi la kuunganisha silabi mbili mbili ubaoni kutengeneza neno kisha kulisoma kwa sauti,Kuwaongoza Wanafunzi,"Mwanafunzi anaweza kuunganisha silabi mbili zenye herufi r, w, v au ch kusoma neno sahihi kama bure au chaki.",kadi za silabi ra ha bu re wa pe vi ti cha ki|ubao|kitabu cha mwanafunzi,"TET(2023), KUSOMA, KITABU CHA MWANAFUNZI, DARASA LA KWANZA, TET, DAR ES SALAAM","Maneno huundwa kwa kuunganisha silabi mbili au zaidi; kwa mfano silabi ra na ha zinaunganishwa kuunda neno raha, na silabi cha na ki zinaunganishwa kuunda neno chaki.","Mwalimu anaandika jozi za silabi ubaoni (ra+ha, bu+re kwa herufi r; wa+pe, ga+wa kwa herufi w; vi+ti, bo+vu kwa herufi v; cha+ki, ku+cha kwa herufi ch), wanafunzi wanaziunganisha kwa sauti kutengeneza neno kisha kulisoma zima.",Silabi ra na ha zinaunda neno raha; silabi bu na re zinaunda neno bure; silabi wa na pe zinaunda neno wape; silabi cha na ki zinaunda neno chaki.,Mwanafunzi anaunganisha silabi za vitu anavyovitumia darasani kama 'chaki' anayoiona kila siku ubaoni.,Silabi ra na ha zinaunda neno gani?::raha||Silabi bu na re zinaunda neno gani?::bure||Silabi wa na pe zinaunda neno gani?::wape||Silabi cha na ki zinaunda neno gani?::chaki,
2023-JSS004-DRS I,Kusoma,Kutambua uhusiano wa sauti na herufi,Kutenganisha kwa kutamka sauti mojamoja ili kuunda maneno,"Kutenganisha sauti mojamoja za maneno yenye g, y, z, h",1,Zoezi la mdomo la kutamka sauti moja moja za neno kwa zamu kisha kuunganisha tena kulisoma,Kuwaongoza Wanafunzi,"Mwanafunzi anaweza kutamka sauti mojamoja zinazounda neno lenye herufi g, y, z au h, mfano neno 'zima' kama z-i-m-a.",kadi za maneno gogo yaya zizi haki|ubao,"TET(2023), KUSOMA, KITABU CHA MWANAFUNZI, DARASA LA KWANZA, TET, DAR ES SALAAM","Kila neno linaundwa na sauti binafsi zinazoweza kutenganishwa moja moja kwa kutamka, kabla ya kuunganishwa tena kuunda neno zima.","Mwalimu anatamka neno kama goma akilitenganisha sauti moja moja (g-o-m-a), wanafunzi wanafuatisha, kisha zoezi linarudiwa kwa maneno mengine yenye herufi g, y, z, h kama piga (p-i-g-a), yeye (y-e-y-e), zito (z-i-t-o), hodi (h-o-d-i).",Neno goma likitenganishwa sauti mojamoja ni g-o-m-a; neno hodi likitenganishwa ni h-o-d-i.,Mwanafunzi anatamka sauti mojamoja za jina lake mwenyewe au jina la rafiki yake lenye herufi hizi.,Sauti mojamoja za neno 'goma' ni zipi?::g-o-m-a||Sauti mojamoja za neno 'yeye' ni zipi?::y-e-y-e||Sauti mojamoja za neno 'zito' ni zipi?::z-i-t-o||Sauti mojamoja za neno 'hodi' ni zipi?::h-o-d-i,
2023-JSS004-DRS I,Kusoma,Kutambua uhusiano wa sauti na herufi,Kutenganisha kwa kutamka sauti mojamoja ili kuunda maneno,"Kutenganisha sauti mojamoja za maneno yenye r, w, v, ch",1,Zoezi la mdomo la kutamka sauti moja moja za neno kwa zamu kisha kuunganisha tena kulisoma,Kuwaongoza Wanafunzi,"Mwanafunzi anaweza kutamka sauti mojamoja zinazounda neno lenye herufi r, w, v au ch, mfano neno 'ruka' kama r-u-k-a.",kadi za maneno raha wapi vazi choo|ubao,"TET(2023), KUSOMA, KITABU CHA MWANAFUNZI, DARASA LA KWANZA, TET, DAR ES SALAAM","Kila neno linaundwa na sauti binafsi zinazoweza kutenganishwa moja moja kwa kutamka, kabla ya kuunganishwa tena kuunda neno zima.","Mwalimu anatamka neno kama ruka akilitenganisha sauti moja moja (r-u-k-a), wanafunzi wanafuatisha, kisha zoezi linarudiwa kwa maneno mengine yenye herufi r, w, v, ch kama wapi (w-a-p-i), vuna (v-u-n-a), choo (ch-o-o).",Neno ruka likitenganishwa sauti mojamoja ni r-u-k-a; neno choo likitenganishwa ni ch-o-o.,Mwanafunzi anatamka sauti mojamoja za majina ya vitu anavyovitumia kama 'choo' au 'viatu'.,Sauti mojamoja za neno 'ruka' ni zipi?::r-u-k-a||Sauti mojamoja za neno 'wapi' ni zipi?::w-a-p-i||Sauti mojamoja za neno 'vuna' ni zipi?::v-u-n-a||Sauti mojamoja za neno 'choo' ni zipi?::ch-o-o,
2023-JSS004-DRS I,Kusoma,Kutambua uhusiano wa sauti na herufi,Kuunganisha maneno ili kusoma sentensi,"Kuunganisha maneno yenye g, y, z, h kusoma sentensi fupi",1,"Kutunga na kusoma sentensi fupi ubaoni kwa kutumia maneno yaliyojifunzwa, wanafunzi kusoma pamoja kisha mmoja mmoja",Kuwaongoza Wanafunzi,"Mwanafunzi anaweza kuunganisha maneno yenye herufi g, y, z, h kusoma sentensi fupi kwa ufasaha na maana sahihi.",kadi za maneno gari boga mayai hodi|ubao|kitabu cha mwanafunzi,"TET(2023), KUSOMA, KITABU CHA MWANAFUNZI, DARASA LA KWANZA, TET, DAR ES SALAAM",Maneno mengi yakiunganishwa kwa mpangilio sahihi yanaunda sentensi yenye maana; mwanafunzi anayejua kusoma maneno binafsi anaweza kuyaunganisha na kusoma sentensi nzima.,"Mwalimu anaandika sentensi fupi ubaoni akitumia maneno kutoka kitabuni kama 'Baba anafuga boga', 'Yaya anapika mayai', 'Hodi, hodi, nyumbani', wanafunzi wanasoma pamoja kisha mmoja mmoja huku wakielekeza kidole kwenye kila neno.","Sentensi 'Baba anafuga boga' inaundwa na maneno baba, ana, fuga, boga; sentensi 'Yaya anapika mayai' inaundwa na maneno yaya, ana, pika, mayai.","Mwanafunzi anasoma sentensi fupi za kila siku zenye maneno haya, mfano ujumbe ulioandikwa 'Hodi, karibu nyumbani'.",Soma sentensi: Baba anafuga boga. Sentensi hii ina maneno mangapi?::manne||Neno 'boga' katika sentensi 'Baba anafuga boga' lina herufi gani ya konsonanti?::g||Soma sentensi: Yaya anapika mayai. Nani anapika?::yaya||Neno 'hodi' huanza na herufi gani?::h,
2023-JSS004-DRS I,Kusoma,Kutambua uhusiano wa sauti na herufi,Kuunganisha maneno ili kusoma sentensi,"Kuunganisha maneno yenye r, w, v, ch kusoma sentensi fupi",1,"Kutunga na kusoma sentensi fupi ubaoni kwa kutumia maneno yaliyojifunzwa, wanafunzi kusoma pamoja kisha mmoja mmoja",Kuwaongoza Wanafunzi,"Mwanafunzi anaweza kuunganisha maneno yenye herufi r, w, v, ch kusoma sentensi fupi kwa ufasaha na maana sahihi.",kadi za maneno watu viatu chai bahari|ubao|kitabu cha mwanafunzi,"TET(2023), KUSOMA, KITABU CHA MWANAFUNZI, DARASA LA KWANZA, TET, DAR ES SALAAM",Maneno mengi yakiunganishwa kwa mpangilio sahihi yanaunda sentensi yenye maana; mwanafunzi anayejua kusoma maneno binafsi anaweza kuyaunganisha na kusoma sentensi nzima.,"Mwalimu anaandika sentensi fupi ubaoni akitumia maneno kutoka kitabuni kama 'Watu wanavaa viatu', 'Mama ananywa chai', 'Baba ana bahari ya raha', wanafunzi wanasoma pamoja kisha mmoja mmoja huku wakielekeza kidole kwenye kila neno.","Sentensi 'Watu wanavaa viatu' inaundwa na maneno watu, wana, vaa, viatu; sentensi 'Mama ananywa chai' inaundwa na maneno mama, ananywa, chai.","Mwanafunzi anasoma sentensi fupi za kila siku zenye maneno haya, mfano 'Mama ananywa chai asubuhi' au 'Watu wanavaa viatu shuleni'.",Soma sentensi: Watu wanavaa viatu. Sentensi hii inazungumzia nini?::viatu||Neno 'viatu' huanza na herufi gani ya konsonanti?::v||Soma sentensi: Mama ananywa chai. Mama ananywa nini?::chai||Neno 'chai' huanza na herufi gani?::ch,
2023-JSS004-DRS I,Kusoma,Kutambua sauti za herufi,"Kutambua sauti za herufi mwambatano (sh, th, mb, ny, ng, nd, kw, mw) kwenye maneno","Kutambua sauti za herufi sh, th, mb na ny mwanzoni mwa maneno",2,"Maswali na majibu, uchunguzi wa picha, matamshi ya pamoja (kuiga mwalimu), kazi za vikundi vidogo",Kuwaongoza Wanafunzi,"Mwanafunzi anaweza kutamka kwa usahihi sauti ya mwanzo ya herufi mwambatano sh, th, mb au ny anapoonyeshwa picha au kusikia neno lenye sauti hiyo.","kadi za herufi sh th mb ny|picha za vitu (shati, kasha, mbuzi, nyoka)|chati ya sauti|kadi za namba 10 30 80","TET(2023), KUSOMA, KITABU CHA MWANAFUNZI, DARASA LA KWANZA, TET, DAR ES SALAAM","Herufi mwambatano ni herufi mbili zinazoungana kutoa sauti moja. Katika somo hili mwanafunzi anaonyeshwa picha au neno kisha anatamka sauti ya mwanzo ya neno hilo na kutaja maneno mengine yenye sauti ile ile ya mwanzo, kama kitabu kinavyoanzisha kila herufi kwa swali 'Hii ni picha ya nini?'","Mwalimu anaonyesha picha au kutamka neno, mwanafunzi anatamka sauti ya mwanzo, kisha darasa linatambua kama majina mawili au zaidi yana sauti za mwanzo zinazofanana au la, kama ilivyofanyika kwa majina ya namba 10, 30, 80 ambapo 30 (thelathini) na 80 (themanini) zina sauti ya mwanzo inayofanana ya 'th'.","shati, shule, shoka (sauti ya mwanzo sh); thelathini, themanini (sauti ya mwanzo th); mbuzi, mbuni, mboga, mbao (sauti ya mwanzo mb); panya, nyuki, nyani, unyoya (sauti ya mwanzo ny)",Mwanafunzi anapoona mbuzi shambani anaweza kutambua kuwa neno 'mbuzi' linaanza na sauti ya herufi mwambatano 'mb'.,Neno 'shule' linaanza na sauti gani ya herufi mwambatano?::sh||Neno 'mbuzi' linaanza na sauti gani ya herufi mwambatano?::mb||Namba 80 (themanini) na 30 (thelathini) zina sauti ya mwanzo inayofanana ya herufi gani?::th||Neno 'nyani' linaanza na sauti gani ya herufi mwambatano?::ny,
2023-JSS004-DRS I,Kusoma,Kutambua sauti za herufi,"Kutambua sauti za herufi mwambatano (sh, th, mb, ny, ng, nd, kw, mw) kwenye maneno","Kutambua sauti za herufi ng, nd, kw na mw mwanzoni mwa maneno",1,"Maswali na majibu, uchunguzi wa picha, matamshi ya pamoja (kuiga mwalimu), kazi za vikundi vidogo",Kuwaongoza Wanafunzi,"Mwanafunzi anaweza kutamka kwa usahihi sauti ya mwanzo ya herufi mwambatano ng, nd, kw au mw anapoonyeshwa picha au kusikia neno lenye sauti hiyo.","kadi za herufi ng nd kw mw|picha za vitu (ngoma, ndege, kwato, mwavuli)|chati ya sauti","TET(2023), KUSOMA, KITABU CHA MWANAFUNZI, DARASA LA KWANZA, TET, DAR ES SALAAM","Kuendelea na kutambua sauti za herufi mwambatano, mwanafunzi anaonyeshwa picha au kusikia neno kisha anatamka sauti ya mwanzo na kutaja maneno mengine yenye sauti ile ile, kama kitabu kinavyofanya kwa kila herufi mpya kwa swali 'Hii ni picha ya nini?'","Mwalimu anaonyesha picha au kutamka neno, mwanafunzi anatamka sauti ya mwanzo, kisha darasa linalinganisha majina ya picha mbalimbali kubaini kama sauti zao za mwanzo zinafanana au la.","ngoma, ngozi, ngazi (sauti ya mwanzo ng); ndimu, ndege, ndoano (sauti ya mwanzo nd); kwato, kwanja (sauti ya mwanzo kw); mwavuli, mwewe, mwiba, mwitu (sauti ya mwanzo mw)",Mwanafunzi anaposikia ngoma ikipigwa kijijini anaweza kutambua kuwa neno 'ngoma' linaanza na sauti ya herufi mwambatano 'ng'.,Neno 'ngoma' linaanza na sauti gani ya herufi mwambatano?::ng||Neno 'ndege' linaanza na sauti gani ya herufi mwambatano?::nd||Neno 'kwato' linaanza na sauti gani ya herufi mwambatano?::kw||Neno 'mwavuli' linaanza na sauti gani ya herufi mwambatano?::mw,
2023-JSS004-DRS I,Kusoma,Kutambua sauti za herufi,"Kuunganisha sauti za herufi mwambatano (sh, th, mb, ny, ng, nd, kw, mw) na irabu ili kuunda silabi","Kuunganisha sauti za herufi sh, th, mb na ny na irabu a e i o u kuunda silabi",2,"Maonyesho ya mwalimu, matamshi ya pamoja, mazoezi ya kuunganisha sauti ubaoni, kutenganisha silabi kwa kutamka",Kuwaongoza Wanafunzi,"Mwanafunzi anaweza kuunganisha sauti ya herufi mwambatano sh, th, mb au ny na irabu a, e, i, o, u ili kuunda na kutamka silabi kwa usahihi.",kadi za herufi mwambatano sh th mb ny|kadi za irabu a e i o u|chati ya silabi,"TET(2023), KUSOMA, KITABU CHA MWANAFUNZI, DARASA LA KWANZA, TET, DAR ES SALAAM","Kama kitabu kinavyoonyesha, sauti ya herufi mwambatano inapoungana na irabu huunda silabi, kwa mfano sauti ya herufi sh na a zinaunda silabi sha, na sauti ya herufi sh na e zinaunda silabi she.","Mwalimu anaonyesha herufi mwambatano na kila irabu (a, e, i, o, u) ili kuunda silabi tano, kisha mwanafunzi anatenganisha sauti zinazounda silabi hizo kwa kutamka, mfano sauti zinazounda silabi sho ni sh na o, sauti zinazounda silabi thi ni th na i.","sh + a,e,i,o,u = sha, she, shi, sho, shu; th + a,e,i,o,u = tha, the, thi, tho, thu; mb + a,e,i,o,u = mba, mbe, mbi, mbo, mbu; ny + a,e,i,o,u = nya, nye, nyi, nyo, nyu",Mwanafunzi anaposoma bango lenye neno 'shule' anatambua kuwa silabi ya kwanza 'shu' imetokana na kuunganisha sauti sh na u.,Sauti ya herufi sh ikiungana na irabu a inaunda silabi gani?::sha||Sauti za herufi zinazounda silabi 'thi' ni zipi?::th na i||Sauti ya herufi mb ikiungana na irabu u inaunda silabi gani?::mbu||Sauti za herufi zinazounda silabi 'nyo' ni zipi?::ny na o,
2023-JSS004-DRS I,Kusoma,Kutambua sauti za herufi,"Kuunganisha sauti za herufi mwambatano (sh, th, mb, ny, ng, nd, kw, mw) na irabu ili kuunda silabi","Kuunganisha sauti za herufi ng, nd, kw na mw na irabu a e i o u kuunda silabi",1,"Maonyesho ya mwalimu, matamshi ya pamoja, mazoezi ya kuunganisha sauti ubaoni, kutenganisha silabi kwa kutamka",Kuwaongoza Wanafunzi,"Mwanafunzi anaweza kuunganisha sauti ya herufi mwambatano ng, nd, kw au mw na irabu a, e, i, o, u ili kuunda na kutamka silabi kwa usahihi.",kadi za herufi mwambatano ng nd kw mw|kadi za irabu a e i o u|chati ya silabi,"TET(2023), KUSOMA, KITABU CHA MWANAFUNZI, DARASA LA KWANZA, TET, DAR ES SALAAM","Kama ilivyo kwa herufi nyingine za mwambatano, sauti ya herufi ng, nd, kw au mw inapoungana na irabu huunda silabi, kwa mfano sauti ya herufi ng na a zinaunda silabi nga, na sauti ya herufi mw na a zinaunda silabi mwa.","Mwalimu anaonyesha herufi mwambatano na kila irabu ili kuunda silabi tano, kisha mwanafunzi anatenganisha sauti zinazounda silabi hizo kwa kutamka, mfano sauti zinazounda silabi ndi ni nd na i, sauti zinazounda silabi kwu ni kw na u.","ng + a,e,i,o,u = nga, nge, ngi, ngo, ngu; nd + a,e,i,o,u = nda, nde, ndi, ndo, ndu; kw + a,e,i,o,u = kwa, kwe, kwi, kwo, kwu; mw + a,e,i,o,u = mwa, mwe, mwi, mwo, mwu",Mwanafunzi anaposoma neno 'ndege' kwenye picha anatambua kuwa silabi ya kwanza 'nde' imetokana na kuunganisha sauti nd na e.,Sauti ya herufi ng ikiungana na irabu a inaunda silabi gani?::nga||Sauti za herufi zinazounda silabi 'ndi' ni zipi?::nd na i||Sauti ya herufi kw ikiungana na irabu e inaunda silabi gani?::kwe||Sauti za herufi zinazounda silabi 'mwo' ni zipi?::mw na o,
2023-JSS004-DRS I,Kusoma,Kutambua uhusiano wa sauti na herufi,Kuhusianisha sauti na herufi za konsonanti mwambatano katika matini,"Kuhusianisha sauti na herufi za sh, th, mb na ny katika maneno na matini",2,"Kusoma kwa kuiga mwalimu, kuunganisha silabi kuunda maneno, kusoma maneno chini ya picha, kusoma kwa haraka",Kuwaongoza Wanafunzi,"Mwanafunzi anaweza kuunganisha silabi zenye herufi sh, th, mb au ny kuunda maneno sahihi na kuyasoma kwa ufasaha katika sentensi au matini fupi.","kadi za silabi sha she shi sho shu, tha the thi tho thu, mba mbe mbi mbo mbu, nya nye nyi nyo nyu|picha za shoka, shati, shule, mbuzi, mbuni, mboga, mbao, panya, nyuki, nyani, unyoya|kadi za maneno","TET(2023), KUSOMA, KITABU CHA MWANAFUNZI, DARASA LA KWANZA, TET, DAR ES SALAAM","Baada ya kujua silabi, mwanafunzi anaunganisha silabi mbili au tatu kuunda neno kamili, kama kitabu kinavyoonyesha mfano wa silabi shu na ka zinaunda neno shuka, na silabi the na lu na ji zinaunda neno theluji, kisha anasoma maneno hayo katika matini.","Mwanafunzi anaunganisha silabi kuunda maneno (mfano li+she=lishe, ha+di+thi=hadithi, si+mba=simba, nyo+ka=nyoka), kisha anatenganisha silabi za maneno hayo kwa kutamka (mfano shule ni shu-le, kamba ni ka-mba), na hatimaye anasoma maneno hayo kwa haraka na chini ya picha zinazolingana.","shuka, lishe, shibe, shule, shiba, shona, kesho; theluji, hadithi, thamani, thelathini, themanini; simba, mbegu, mboga, kamba, tembo, pembe, shamba, pamba; nyoka, nyani, nyuki, nyanya, nyota, nyama","Mwanafunzi anaposoma hadithi darasani anatambua na kusoma kwa usahihi maneno yenye herufi mwambatano kama 'shule', 'hadithi', 'mboga' na 'nyanya' anazokutana nazo kila siku.",Unganisha silabi 'shu' na 'ka' kuunda neno gani?::shuka||Unganisha silabi 'si' na 'mba' kuunda neno gani?::simba||Silabi zinazounda neno 'shule' ni zipi ukizitenganisha?::shu na le||Taja neno linaloundwa na silabi 'nyo' na 'ka'.::nyoka,
2023-JSS004-DRS I,Kusoma,Kutambua uhusiano wa sauti na herufi,Kuhusianisha sauti na herufi za konsonanti mwambatano katika matini,"Kuhusianisha sauti na herufi za ng, nd, kw na mw katika maneno na matini",1,"Kusoma kwa kuiga mwalimu, kuunganisha silabi kuunda maneno, kusoma maneno chini ya picha, kusoma kwa haraka",Kuwaongoza Wanafunzi,"Mwanafunzi anaweza kuunganisha silabi zenye herufi ng, nd, kw au mw kuunda maneno sahihi na kuyasoma kwa ufasaha katika sentensi au matini fupi.","kadi za silabi nga nge ngi ngo ngu, nda nde ndi ndo ndu, kwa kwe kwi kwo kwu, mwa mwe mwi mwo mwu|picha za ngoma, ngozi, ngazi, ndimu, ndege, ndoano, kwato, mwavuli, mwewe, mwiba, mwitu|kadi za maneno","TET(2023), KUSOMA, KITABU CHA MWANAFUNZI, DARASA LA KWANZA, TET, DAR ES SALAAM","Mwanafunzi anaendelea kuunganisha silabi mbili au tatu kuunda neno kamili, kama kitabu kinavyoonyesha mfano wa silabi ngo na ma zinaunda neno ngoma, na silabi kwa na ngu zinaunda neno kwangu, kisha anasoma maneno hayo katika matini.","Mwanafunzi anaunganisha silabi kuunda maneno (mfano ke+nge=kenge, ndi+mi=ndimi, kwe+tu=kwetu, mwi+ko=mwiko), kisha anatenganisha silabi za maneno hayo kwa kutamka (mfano ngazi ni nga-zi, ndege ni nde-ge), na hatimaye anasoma maneno hayo kwa haraka na chini ya picha zinazolingana.","ngoma, ngozi, ngazi, nguvu, kenge, gonga, kinga; ndimi, ndogo, gundi, ndege, ndizi, ndugu, ndama; kwangu, kokwa, kwetu, kwenda, kwenu; mwiko, mwiba, mwanga, mwalimu, mwavuli, mwitu, mwezi","Mwanafunzi anapoenda shuleni na mwalimu wake anatambua na kusoma kwa usahihi maneno yenye herufi mwambatano kama 'mwalimu', 'ndege' na 'ngazi' anazokutana nazo kila siku.",Unganisha silabi 'ngo' na 'ma' kuunda neno gani?::ngoma||Unganisha silabi 'kwa' na 'ngu' kuunda neno gani?::kwangu||Silabi zinazounda neno 'ndege' ni zipi ukizitenganisha?::nde na ge||Taja neno linaloundwa na silabi 'mwi' na 'ko'.::mwiko,
2023-JSS004-DRS I,Kusoma,Kutambua uhusiano wa sauti na herufi,Kuunganisha sauti za herufi za konsonanti mwambatano na irabu ili kusoma silabi katika makundi yote,"Kusoma silabi za makundi yote ya herufi mwambatano sh, th, mb, ny, ng, nd, kw, mw",2,"Kusikiliza rekodi za sauti, matamshi ya pamoja, mchezo wa kuchanganya kadi za silabi, kusoma kwa zamu makundi yote ya silabi",Kuwaongoza Wanafunzi,"Mwanafunzi anaweza kusikiliza, kutamka na kusoma kwa usahihi silabi za makundi yote manane ya herufi mwambatano (sh, th, mb, ny, ng, nd, kw, mw) zikichanganywa pamoja.",kinasa sauti chenye sauti za herufi sh th mb ny ng nd kw mw|chati kubwa ya makundi yote ya silabi|kadi za silabi za makundi yote,"TET(2023), KUSOMA, KITABU CHA MWANAFUNZI, DARASA LA KWANZA, TET, DAR ES SALAAM","Hii ni shughuli ya mapitio inayounganisha makundi yote ya herufi mwambatano zilizojifunzwa, kama kitabu kinavyoelekeza mwanafunzi 'Sikiliza na tamka sauti za herufi sh, th, mb, ny, ng, nd, kw, mw zilizorekodiwa' kisha kusoma silabi za makundi yote pamoja.","Mwanafunzi anasikiliza sauti za herufi manane zilizorekodiwa kisha anaziunganisha na irabu a, e, i, o, u kusoma silabi za kila kundi zikichanganywa bila mpangilio, mfano sha, the, mbu, nyo, nge, ndi, kwa, mwe, ili kuimarisha ufasaha wa kusoma silabi za makundi yote.","sha, the, mbu, nyo, nge, ndi, kwa, mwe, shu, tha, mbi, nya, ngo, nda, kwe, mwi (silabi zikichanganywa kutoka makundi yote manane)","Mwanafunzi anaposoma kitabu chochote cha hadithi anaweza kutambua na kusoma kwa haraka silabi zenye herufi mwambatano popote zinapojitokeza, hata zikiwa zimechanganyika.","Taja herufi mwambatano nane zilizojifunzwa katika sura hii.::sh, th, mb, ny, ng, nd, kw, mw||Soma silabi 'the' - imetokana na herufi gani na irabu gani?::th na e||Soma silabi 'ngu' - imetokana na herufi gani na irabu gani?::ng na u||Soma silabi 'mwi' - imetokana na herufi gani na irabu gani?::mw na i",
2023-JSS004-DRS I,Kusoma,Kusoma kwa ufasaha,Kusoma kwa sauti kifungu cha habari/hadithi linganifu kwa kuzingatia matamshi sahihi ya maneno,Kusoma maneno mepesi kwa matamshi sahihi,2,Kusoma kwa mfano wa mwalimu kisha wanafunzi kufuatisha,Kuwaongoza Wanafunzi,Mwanafunzi anatamka kwa usahihi angalau maneno tisa kati ya kumi anayosoma bila kubadilisha sauti za herufi.,kadi za maneno|ubao|chati ya maneno mepesi,"TET(2023), KUSOMA, KITABU CHA MWANAFUNZI, DARASA LA KWANZA, TET, DAR ES SALAAM",Kutamka neno kwa usahihi maana yake ni kutamka kila sauti ya herufi zilizounda neno hilo bila kuruka wala kubadilisha sauti.,"Mwalimu anasoma neno kwa sauti kubwa na taratibu, kisha wanafunzi wanarudia kwa zamu wakizingatia kila sauti ya herufi.","Maneno ya mfano: baba, mama, kaka, dada, chakula, maji, shule, kitabu, mpira, ndizi.",Mtoto anapoitwa jina lake nyumbani anapaswa kulitamka sahihi jina la mtu anayemwita ili wasielewane vibaya.,Tamka neno baba kwa sauti::baba||Tamka neno shule kwa sauti::shule||Tamka neno mpira kwa sauti::mpira,
2023-JSS004-DRS I,Kusoma,Kusoma kwa ufasaha,Kusoma kwa sauti kifungu cha habari/hadithi linganifu kwa kuzingatia matamshi sahihi ya maneno,Kusoma sentensi fupi kwa kutamka kila neno sahihi,2,Kusoma kwa sauti kwa zamu,Kuwaongoza Wanafunzi,Mwanafunzi anasoma sentensi ya maneno matatu hadi matano akitamka kila neno sahihi bila kuacha neno lolote.,kadi za sentensi fupi|ubao|picha zinazoambatana na sentensi,"TET(2023), KUSOMA, KITABU CHA MWANAFUNZI, DARASA LA KWANZA, TET, DAR ES SALAAM",Sentensi fupi huundwa na maneno kadhaa; kusoma sentensi kwa matamshi sahihi ni kutamka kila neno la sentensi kwa usahihi na kwa mpangilio wake.,"Mwalimu anaandika sentensi fupi ubaoni, anaisoma kwa mfano, kisha wanafunzi wanasoma kwa zamu moja baada ya nyingine wakizingatia matamshi ya kila neno.",Mfano wa sentensi: Baba anakuja. Mama anapika chakula. Mtoto anasoma kitabu.,Mtoto anaposoma tangazo dukani anahitaji kutamka kila neno sahihi ili aelewe bei ya bidhaa aliyotumwa kununua.,Soma sentensi 'Baba anakuja' kwa sauti::Baba anakuja||Soma sentensi 'Mtoto anasoma kitabu' kwa sauti::Mtoto anasoma kitabu||Taja neno lililo gumu kutamka katika sentensi uliyosoma::jibu litatofautiana kulingana na mwanafunzi,
2023-JSS004-DRS I,Kusoma,Kusoma kwa ufasaha,Kusoma kwa sauti kifungu cha habari/hadithi linganifu kwa kuzingatia matamshi sahihi ya maneno,Kusoma kifungu kifupi cha habari kwa matamshi sahihi ya maneno yote,3,Kusoma kwa sauti kwa vikundi kisha mtu mmoja mmoja,Kuwaongoza Wanafunzi,Mwanafunzi anasoma kifungu cha sentensi tatu hadi nne akitamka maneno yote sahihi kwa ufasaha wa kuridhisha.,kifungu kifupi cha habari|ubao|kadi za maneno magumu,"TET(2023), KUSOMA, KITABU CHA MWANAFUNZI, DARASA LA KWANZA, TET, DAR ES SALAAM",Kusoma kifungu cha habari kwa matamshi sahihi ni kusoma sentensi zote za kifungu bila kubadilisha au kuruka herufi na maneno.,"Mwalimu anasoma kifungu chote kwa mfano, kisha wanafunzi wanasoma kwa vikundi vidogo, kisha mmoja mmoja huku mwalimu akisahihisha matamshi yasiyo sahihi.",Habari fupi: Jana Juma alienda shuleni. Alibeba kitabu na kalamu. Mwalimu alimfundisha kusoma. Juma alifurahi sana.,Mtoto anapoandikiwa ujumbe mfupi na mzazi anahitaji kuusoma kwa matamshi sahihi ili aelewe alichoagizwa kufanya.,Nani alienda shuleni katika habari uliyosoma?::Juma||Juma alibeba nini shuleni?::kitabu na kalamu||Juma alihisi vipi baada ya kufundishwa kusoma?::alifurahi,
2023-JSS004-DRS I,Kusoma,Kusoma kwa ufasaha,Kusoma kwa sauti kifungu cha habari/hadithi linganifu kwa kasi stahiki (maneno 40 kwa dakika),Kusoma maneno na sentensi fupi bila kusita,2,Kusoma kwa haraka kwa zamu huku mwalimu akisimamia,Kuwaongoza Wanafunzi,Mwanafunzi anasoma orodha ya maneno kumi na sentensi fupi bila kusita wala kurudia neno mara kwa mara.,kadi za maneno|saa/kipima muda|ubao,"TET(2023), KUSOMA, KITABU CHA MWANAFUNZI, DARASA LA KWANZA, TET, DAR ES SALAAM",Kusoma bila kusita maana yake ni kutamka maneno moja baada ya jingine kwa mtiririko laini bila kusimama kwa muda mrefu katikati.,"Mwalimu anaonesha kadi za maneno kwa haraka, wanafunzi wanasoma kila neno mara moja waonapo kadi bila kusita.","Maneno ya zoezi: mtoto, mzazi, shamba, chakula, ndizi, embe, maji, mvua, jua, mwezi.",Mtoto anaposoma orodha ya vitu vya kununua dukani anahitaji kusoma haraka bila kusita ili asichelewe foleni.,"Soma maneno kumi bila kusita::mtoto, mzazi, shamba, chakula, ndizi, embe, maji, mvua, jua, mwezi||Ni neno lipi lililokusumbua kusoma?::jibu litatofautiana||Soma sentensi 'Mvua inanyesha leo' bila kusita::Mvua inanyesha leo",
2023-JSS004-DRS I,Kusoma,Kusoma kwa ufasaha,Kusoma kwa sauti kifungu cha habari/hadithi linganifu kwa kasi stahiki (maneno 40 kwa dakika),Kusoma kifungu cha habari huku akipimwa muda wa dakika moja,3,Kusoma huku mwalimu akipima muda kwa saa/kipima muda,Kuwaongoza Wanafunzi,Mwanafunzi anasoma kifungu cha habari kwa dakika moja na mwalimu anahesabu idadi ya maneno aliyosoma kwa usahihi.,kifungu cha habari fupi|saa/kipima muda|karatasi ya kuhesabia maneno,"TET(2023), KUSOMA, KITABU CHA MWANAFUNZI, DARASA LA KWANZA, TET, DAR ES SALAAM",Kusoma kwa kasi stahiki ni kusoma maneno mengi kadri iwezekanavyo ndani ya dakika moja bila kuacha usahihi wa matamshi.,"Mwalimu anaanzisha kipima muda, mwanafunzi anasoma kifungu, mwalimu anaashiria alipofikia baada ya dakika moja na kuhesabu maneno yaliyosomwa sahihi.",Habari fupi: Kila siku asubuhi mimi huamka mapema. Ninaoga na kuvaa sare. Ninakula chakula kisha ninaenda shule kwa furaha.,Mtoto anapotakiwa kusoma tangazo la shule dakika chache kabla ya kuingia darasani anahitaji kusoma haraka bila kupoteza muda.,Ulisoma maneno mangapi ndani ya dakika moja?::jibu litatofautiana kulingana na mwanafunzi||Ni sentensi ipi ya kwanza katika habari uliyosoma?::Kila siku asubuhi mimi huamka mapema||Unafanya nini baada ya kuoga?::kuvaa sare,
2023-JSS004-DRS I,Kusoma,Kusoma kwa ufasaha,Kusoma kwa sauti kifungu cha habari/hadithi linganifu kwa kasi stahiki (maneno 40 kwa dakika),Kusoma kifungu cha habari kwa kasi ya maneno 40 kwa dakika,2,Kusoma kwa mazoezi ya kurudia rudia (repeated reading),Kuwaongoza Wanafunzi,Mwanafunzi anasoma kifungu cha habari cha maneno arobaini au zaidi ndani ya dakika moja bila kukwama mara kwa mara.,kifungu cha habari cha maneno 40|saa/kipima muda|chati ya maendeleo ya kasi ya kusoma,"TET(2023), KUSOMA, KITABU CHA MWANAFUNZI, DARASA LA KWANZA, TET, DAR ES SALAAM",Kasi stahiki kwa mwanafunzi wa darasa la kwanza ni kusoma kiasi cha maneno arobaini kwa dakika moja kwa usahihi na ufasaha.,"Mwanafunzi anasoma kifungu mara ya kwanza mwalimu akipima muda na kuhesabu makosa, kisha anasoma tena kifungu hicho hicho ili kuongeza kasi na usahihi.",Habari: Paka wetu anaitwa Chuma. Chuma hupenda kucheza na mpira. Kila jioni Chuma hulala karibu na mlango wa nyumba yetu. Sisi humpenda sana Chuma.,Mtoto anayeweza kusoma haraka anaweza kusaidia kusoma barua au ujumbe kwa mzazi asiyeona vizuri kwa wakati mwafaka.,Chuma ni nani?::paka wetu||Chuma hupenda kucheza na nini?::mpira||Chuma hulala wapi kila jioni?::karibu na mlango wa nyumba,
2023-JSS004-DRS I,Kusoma,Kusoma kwa ufasaha,"Kusoma kwa sauti kifungu cha habari/hadithi linganifu kwa hisia na kwa kuzingatia alama za uandishi (nukta, mkato, alama ya kuuliza na alama ya mshangao)",Kusoma sentensi zenye nukta na mkato kwa kuzingatia alama hizo,2,Kusoma kwa mfano wa mwalimu akionesha pumziko la alama,Kuwaongoza Wanafunzi,Mwanafunzi anasoma sentensi na kupumzika kidogo aonapo mkato na kusimama aonapo nukta.,kadi za alama za uandishi|ubao|sentensi zenye nukta na mkato,"TET(2023), KUSOMA, KITABU CHA MWANAFUNZI, DARASA LA KWANZA, TET, DAR ES SALAAM","Nukta huonesha mwisho wa sentensi hivyo msomaji husimama kidogo, mkato huonesha pumziko fupi kati ya maneno au vipashio vya sentensi.","Mwalimu anaonesha sentensi zenye nukta na mkato, anasoma kwa mfano akisimama alipo nukta na kupumzika kidogo alipo mkato, kisha wanafunzi wanaiga.","Mfano: Juma, njoo hapa. Tulinunua ndizi, embe na machungwa. Mama anapika chakula.",Mtoto anaposoma orodha ya vitu iliyoandikwa na mzazi yenye mkato kati ya vitu anahitaji kupumzika kidogo ili asichanganye vitu hivyo.,"Unafanya nini uonapo alama ya nukta?::kusimama/kupumzika||Unafanya nini uonapo alama ya mkato?::kupumzika kidogo||Soma sentensi 'Tulinunua ndizi, embe na machungwa.'::Tulinunua ndizi, embe na machungwa",
2023-JSS004-DRS I,Kusoma,Kusoma kwa ufasaha,"Kusoma kwa sauti kifungu cha habari/hadithi linganifu kwa hisia na kwa kuzingatia alama za uandishi (nukta, mkato, alama ya kuuliza na alama ya mshangao)",Kusoma sentensi zenye alama ya kuuliza na alama ya mshangao kwa hisia,2,Kusoma kwa kuigiza sauti kulingana na hisia,Kuwaongoza Wanafunzi,Mwanafunzi anasoma sentensi ya kuuliza kwa sauti ya kuuliza na sentensi ya mshangao kwa sauti ya mshangao kulingana na alama husika.,kadi za sentensi zenye alama ya kuuliza na mshangao|ubao|picha za hisia,"TET(2023), KUSOMA, KITABU CHA MWANAFUNZI, DARASA LA KWANZA, TET, DAR ES SALAAM","Alama ya kuuliza huonesha swali hivyo sauti hupanda mwishoni, alama ya mshangao huonesha hisia kali kama furaha au mshangao hivyo husomwa kwa msisimko.","Mwalimu anasoma sentensi za mfano kwa hisia stahiki, wanafunzi wanasikiliza tofauti ya sauti kisha wanajaribu kusoma sentensi kama hizo kwa hisia sawa.",Mfano: Unaitwa nani? Umefika lini? Tumeshinda mchezo! Hongera sana!,Mtoto anapouliza swali rafiki yake anahitaji kutumia sauti ya kuuliza ili mwenzake aelewe anasubiri jibu.,Soma sentensi 'Unaitwa nani?' kwa sauti ya kuuliza::Unaitwa nani?||Soma sentensi 'Tumeshinda mchezo!' kwa sauti ya mshangao::Tumeshinda mchezo!||Alama ya mshangao inaonesha nini?::hisia kali kama furaha au mshangao,
2023-JSS004-DRS I,Kusoma,Kusoma kwa ufasaha,"Kusoma kwa sauti kifungu cha habari/hadithi linganifu kwa hisia na kwa kuzingatia alama za uandishi (nukta, mkato, alama ya kuuliza na alama ya mshangao)",Kusoma kifungu cha habari/hadithi kikamilifu kwa hisia na alama zote za uandishi,2,Kusoma kwa sauti kwa zamu huku mwalimu akisahihisha hisia na alama,Kuwaongoza Wanafunzi,"Mwanafunzi anasoma kifungu kizima cha habari akizingatia nukta, mkato, alama ya kuuliza na alama ya mshangao kwa hisia zinazolingana.",kifungu cha habari/hadithi chenye alama zote za uandishi|ubao|kadi za alama za uandishi,"TET(2023), KUSOMA, KITABU CHA MWANAFUNZI, DARASA LA KWANZA, TET, DAR ES SALAAM",Kusoma kwa hisia na kuzingatia alama za uandishi ni kubadilisha sauti na kupumzika ipasavyo kulingana na alama iliyopo katika kila sehemu ya kifungu.,"Mwalimu anasoma kifungu chote kwa mfano akionesha hisia na pumziko la kila alama, kisha wanafunzi wanasoma kwa zamu wakijaribu kufanya kama mwalimu.","Hadithi fupi: Asubuhi moja, Neema alitoka nje. Aliona ndege mzuri mtini. ""Ndege huyu ni wa nani?"" aliuliza. Ghafla ndege aliruka juu sana! Neema alishangaa sana.",Mtoto anaposoma hadithi kwa ndugu zake nyumbani anahitaji kusoma kwa hisia na kuzingatia alama ili wasikilizaji waelewe na kufurahia hadithi.,Neema aliona nini mtini?::ndege mzuri||Neema aliuliza nini?::Ndege huyu ni wa nani?||Ndege alifanya nini ghafla?::aliruka juu sana,
2023-JSS004-DRS I,Kusoma,Kusoma na kusikiliza kwa ufahamu,Kutafsiri na kuelezea picha,Kuelezea picha ya mtu mmoja akifanya tendo,2,Majadiliano kuhusu picha,Kuwaongoza Wanafunzi,Mwanafunzi anaeleza kwa usahihi tendo linalofanywa na mtu aliyepo kwenye picha moja rahisi.,picha kubwa ya mtu akifanya tendo|ubao wa kubandika picha|kadi za picha,"TET(2023), KUSOMA, KITABU CHA MWANAFUNZI, DARASA LA KWANZA, TET, DAR ES SALAAM",Kuelezea picha ni kutazama kwa makini kile kilichochorwa au kupigwa picha kisha kukisema kwa maneno yako mwenyewe.,"Mwalimu anaonesha picha moja kubwa yenye mtu mmoja akifanya tendo dhahiri (mfano kula, kucheza, kusoma). Wanafunzi wanatazama kwa makini kisha wanaulizwa maswali: Nani yupo kwenye picha? Anafanya nini? Yupo wapi? Baada ya majibu ya mdomo, mwalimu anawaongoza kutunga sentensi fupi moja inayoelezea picha hiyo kwa ukamilifu.",Mfano: Picha inaonesha mtoto wa kike amesimama nje ya nyumba akiwa amebeba ndoo ya maji kichwani. Wanafunzi wanaelezea: 'Mtoto anachota maji.' Mwalimu anawaongoza waongeze undani: 'Mtoto wa kike anachota maji kwa ndoo.',"Mwanafunzi anapoona picha kwenye kitabu, gazeti au bango barabarani, anaweza kueleza familia yake kile kinachoonekana kwenye picha hiyo.","Picha inaonesha nani?::Picha inaonesha mtoto|mwalimu (kutegemea na picha iliyoonyeshwa)||Mtu aliyepo kwenye picha anafanya nini?::Anafanya tendo lililoonekana kwenye picha (mfano anacheza, anasoma, anakula)||Tunga sentensi moja inayoeleza picha hiyo.::Mwanafunzi anatunga sentensi fupi sahihi inayoendana na picha, mfano 'Mtoto anacheza mpira.'",
2023-JSS004-DRS I,Kusoma,Kusoma na kusikiliza kwa ufahamu,Kutafsiri na kuelezea picha,Kuelezea picha yenye watu wengi na mazingira ya nyumbani au shuleni,3,Majadiliano ya vikundi kuhusu picha,Kuwaongoza Wanafunzi,"Mwanafunzi anataja watu, vitu na matendo yanayoonekana kwenye picha yenye watu wengi na kueleza uhusiano wao.",chati kubwa ya picha ya familia/darasa|picha za mazingira ya nyumbani|picha za mazingira ya shuleni,"TET(2023), KUSOMA, KITABU CHA MWANAFUNZI, DARASA LA KWANZA, TET, DAR ES SALAAM",Picha yenye watu wengi huonesha watu zaidi ya mmoja wakiwa mahali fulani wakifanya matendo mbalimbali kwa wakati mmoja.,"Mwalimu anaonesha picha kubwa yenye watu kadhaa (mfano familia ikiwa nyumbani au wanafunzi wakiwa darasani) na kuwauliza wanafunzi kwa zamu: Ni watu wangapi? Wanafanya nini kila mmoja? Wako wapi? Wanafunzi wanajadiliana kwa vikundi vidogo kabla ya kutoa majibu mbele ya darasa, kisha mwalimu anawaongoza kuunganisha majibu kuwa maelezo kamili ya picha nzima.","Mfano: Picha inaonesha familia ikiwa mezani wakati wa chakula cha jioni; baba amekaa mwisho, mama anagawa chakula, na watoto wawili wamekaa wakisubiri. Wanafunzi wanaelezea: 'Familia inakula chakula cha jioni pamoja.'","Wanafunzi wanapotazama picha ya darasa lao au ya sherehe ya shule kwenye ukuta, wanaweza kueleza wenzao nani yupo na anafanya nini.",Ni watu wangapi wapo kwenye picha?::Mwanafunzi anataja idadi sahihi ya watu waliopo kwenye picha||Kila mtu anafanya nini kwenye picha?::Mwanafunzi anataja tendo la kila mtu kwa usahihi||Picha hii inaonesha mahali gani (nyumbani au shuleni)?::Mwanafunzi anataja mahali kwa usahihi kulingana na picha||Eleza kwa sentensi mbili kile kinachoendelea kwenye picha.::Mwanafunzi anaeleza kwa sentensi mbili sahihi zinazoendana na picha,
2023-JSS004-DRS I,Kusoma,Kusoma na kusikiliza kwa ufahamu,Kutafsiri na kuelezea picha,Kutafsiri picha za mfululizo zinazoonesha matukio kwa mpangilio,2,Uchunguzi wa picha kwa mpangilio,Kuwaongoza Wanafunzi,Mwanafunzi anapanga picha tatu za mfululizo kwa mpangilio sahihi na kueleza kinachotokea katika kila picha.,seti ya picha tatu za mfululizo|kadi za picha zenye namba|ubao wa kubandika,"TET(2023), KUSOMA, KITABU CHA MWANAFUNZI, DARASA LA KWANZA, TET, DAR ES SALAAM",Picha za mfululizo ni kundi la picha zinazoonesha tukio moja likiendelea hatua kwa hatua kutoka mwanzo hadi mwisho.,"Mwalimu anabandika picha tatu zisizo na mpangilio kwenye ubao (mfano: mtoto anaosha mikono, mtoto anakula, mtoto anafua sahani). Wanafunzi wanatazama kwa makini na kujadili ni picha ipi inatokea kwanza, ya pili na ya tatu, kisha wanazipanga upya kwa mpangilio sahihi na kueleza kila hatua.","Mfano: Picha ya kwanza mtoto anaosha mikono, picha ya pili mtoto anakula ugali, picha ya tatu mtoto anaosha sahani. Wanafunzi wanaeleza mpangilio: 'Kwanza anaosha mikono, kisha anakula, mwisho anaosha sahani.'","Mwanafunzi anaweza kutumia ujuzi huu kueleza hatua za shughuli anazofanya nyumbani kwa mpangilio, kama vile kuvaa sare kabla ya kwenda shule.",Picha ipi inatokea kwanza?::Mwanafunzi anataja picha ya kwanza kwa usahihi kulingana na mpangilio wa tukio||Nini kinatokea baada ya hapo?::Mwanafunzi anataja tukio la pili kwa usahihi||Tukio linaishaje kwenye picha ya mwisho?::Mwanafunzi anaeleza mwisho wa tukio kwa usahihi,
2023-JSS004-DRS I,Kusoma,Kusoma na kusikiliza kwa ufahamu,Kubashiri maudhui ya habari/hadithi kwa usahihi kwa kutumia picha na msamiati uliochaguliwa,Kubashiri kichwa na maudhui ya hadithi kwa kutumia picha jalada,2,Majadiliano ya kubashiri kwa kutumia picha,Kuwaongoza Wanafunzi,Mwanafunzi anatoa ubashiri wenye mantiki kuhusu hadithi itakayosomwa kwa kuangalia picha jalada pekee.,picha jalada ya kitabu cha hadithi|kitabu cha hadithi fupi|ubao wa kubandika,"TET(2023), KUSOMA, KITABU CHA MWANAFUNZI, DARASA LA KWANZA, TET, DAR ES SALAAM","Kubashiri ni kukisia kitakachotokea au kusemwa kabla ya kukisoma au kukisikia, kwa kutumia vidokezo vilivyopo kama picha.","Mwalimu anaonesha picha jalada ya hadithi bila kusoma maneno yoyote na kuwauliza wanafunzi: Mnaona nini kwenye picha hii? Mnadhani hadithi hii inahusu nini? Wanafunzi wanatoa mawazo yao mbalimbali kwa zamu, mwalimu anayaandika ubaoni bila kuyakosoa, kisha darasa linachagua ubashiri unaofaa zaidi kabla ya kuendelea na hadithi.",Mfano: Picha jalada inaonesha mvulana akikimbia akifuatwa na mbwa. Wanafunzi wanabashiri: 'Labda mvulana anachezacheza na mbwa wake' au 'Labda mbwa anamfukuza mvulana.',"Mtoto anapoona jalada la kitabu dukani au maktabani, anaweza kubashiri kinachozungumzwa ndani kabla ya kuomba mtu amsomee.",Picha jalada inaonesha nini?::Mwanafunzi anataja kile kinachoonekana kwenye picha jalada kwa usahihi||Mnadhani hadithi hii itahusu nini?::Mwanafunzi anatoa ubashiri wenye mantiki unaoendana na picha||Kwa nini umebashiri hivyo?::Mwanafunzi anatoa sababu inayohusiana na kile alichokiona kwenye picha,
2023-JSS004-DRS I,Kusoma,Kusoma na kusikiliza kwa ufahamu,Kubashiri maudhui ya habari/hadithi kwa usahihi kwa kutumia picha na msamiati uliochaguliwa,Kubashiri maudhui ya hadithi kwa kutumia msamiati uliochaguliwa,3,Mchezo wa msamiati na ubashiri,Kuwaongoza Wanafunzi,Mwanafunzi anatunga ubashiri wa hadithi kwa kutumia angalau maneno matatu ya msamiati uliochaguliwa kabla ya kusoma hadithi.,kadi za msamiati|ubao wa kubandika|picha zinazoendana na msamiati,"TET(2023), KUSOMA, KITABU CHA MWANAFUNZI, DARASA LA KWANZA, TET, DAR ES SALAAM",Msamiati uliochaguliwa ni maneno muhimu kutoka kwenye hadithi ambayo huchaguliwa kabla ya kusoma ili kusaidia kubashiri maudhui.,"Mwalimu anachagua maneno matatu au manne muhimu kutoka kwenye hadithi (mfano: msitu, simba, hofu, ushindi) na kuyaandika kwenye kadi. Wanafunzi wanasoma maneno hayo kwa sauti kisha wanajadiliana kwa vikundi kubashiri hadithi inaweza kuhusu nini kwa kutumia maneno hayo, kabla mwalimu hajasoma hadithi halisi.","Mfano: Maneno yaliyochaguliwa ni 'msitu, simba, mtoto, kuogopa'. Wanafunzi wanabashiri: 'Labda mtoto alikutana na simba msituni akaogopa.'",Mtoto anaweza kutumia stadi hii anaposikia maneno machache kutoka kwenye habari ya redioni na kubashiri habari hiyo inahusu nini kabla ya kuisikiliza yote.,"Ni maneno gani ya msamiati yamechaguliwa kwa hadithi hii?::Mwanafunzi anataja maneno ya msamiati aliyopewa kwa usahihi||Tumia maneno hayo kutunga ubashiri wa hadithi.::Mwanafunzi anatunga sentensi ya ubashiri inayotumia angalau neno moja la msamiati||Je, ubashiri wako unahusiana vipi na maneno uliyopewa?::Mwanafunzi anaeleza uhusiano kati ya msamiati na ubashiri wake",
2023-JSS004-DRS I,Kusoma,Kusoma na kusikiliza kwa ufahamu,Kubashiri maudhui ya habari/hadithi kwa usahihi kwa kutumia picha na msamiati uliochaguliwa,Kulinganisha ubashiri na maudhui halisi ya hadithi,2,Kusikiliza na kulinganisha,Kuwaongoza Wanafunzi,Mwanafunzi analinganisha ubashiri wake wa awali na maudhui halisi ya hadithi baada ya kuisikiliza na kueleza kama ulikuwa sahihi.,kitabu cha hadithi fupi|kadi za msamiati zilizotumika awali|picha jalada,"TET(2023), KUSOMA, KITABU CHA MWANAFUNZI, DARASA LA KWANZA, TET, DAR ES SALAAM",Kulinganisha ubashiri na hadithi halisi ni kuangalia kama kile tulichokisia kabla kilifanana na kilichosemwa kwenye hadithi halisi.,"Baada ya wanafunzi kubashiri maudhui ya hadithi kwa kutumia picha na msamiati, mwalimu anasoma hadithi kamili. Wanafunzi wanasikiliza kwa makini kisha wanaulizwa: Je, ubashiri wenu ulikuwa sahihi? Ni sehemu gani ilifanana na mliyobashiri? Ni sehemu gani ilikuwa tofauti?","Mfano: Wanafunzi walibashiri 'mtoto aliogopa simba', hadithi halisi inasema mtoto alimshinda simba kwa akili. Wanajadili tofauti kati ya ubashiri na hadithi halisi.",Mtoto anaweza kutumia stadi hii kulinganisha alichokitegemea kutoka kwenye tangazo la sinema na hadithi halisi baada ya kuiona.,Ubashiri wenu ulikuwa sahihi kwa kiasi gani?::Mwanafunzi anaeleza kwa usahihi kama ubashiri wake ulifanana au haukufanana na hadithi halisi||Taja sehemu moja iliyofanana na ubashiri wenu.::Mwanafunzi anataja sehemu sahihi inayofanana||Taja sehemu moja iliyokuwa tofauti na ubashiri wenu.::Mwanafunzi anataja tofauti kwa usahihi,
2023-JSS004-DRS I,Kusoma,Kusoma na kusikiliza kwa ufahamu,Kusikiliza habari/hadithi kwa ufahamu,Kusikiliza hadithi fupi na kujibu maswali ya ufahamu,3,Kusimulia hadithi,Kuwaongoza Wanafunzi,Mwanafunzi anajibu kwa usahihi maswali rahisi ya ufahamu kuhusu hadithi fupi aliyoisikiliza.,kitabu cha hadithi fupi|picha za wahusika|kadi za maswali,"TET(2023), KUSOMA, KITABU CHA MWANAFUNZI, DARASA LA KWANZA, TET, DAR ES SALAAM",Kusikiliza kwa ufahamu ni kusikia hadithi au habari kwa makini na kuweza kuelewa na kukumbuka yaliyosemwa.,"Mwalimu anasimulia hadithi fupi kwa sauti wazi na mwendo unaofaa kwa wanafunzi wa Darasa la Kwanza, akitumia ishara za uso na mikono kusaidia uelewa. Baada ya kusimulia, mwalimu anauliza maswali rahisi ya ufahamu kama nani, alifanya nini, wapi na lini.","Mfano: Hadithi fupi ya 'Kuku na Vifaranga Vyake' inasimuliwa. Baada ya kusikiliza, mwalimu anauliza: 'Kuku alikuwa na vifaranga wangapi?' na wanafunzi wanajibu kwa kukumbuka hadithi.","Mtoto anapoambiwa habari na wazazi wake nyumbani, anaweza kusikiliza kwa makini na kuweza kueleza tena habari hiyo kwa mtu mwingine.",Hadithi hii inahusu nani?::Mwanafunzi anataja mhusika mkuu wa hadithi kwa usahihi||Tukio kuu la hadithi lilikuwa nini?::Mwanafunzi anaeleza tukio kuu kwa usahihi||Hadithi ilitokea wapi?::Mwanafunzi anataja mahali hadithi ilipotokea kwa usahihi,
2023-JSS004-DRS I,Kusoma,Kusoma na kusikiliza kwa ufahamu,Kusikiliza habari/hadithi kwa ufahamu,Kusikiliza hadithi na kutambua wahusika pamoja na mpangilio wa matukio,2,Kusimulia hadithi na maswali ya ufuatiliaji,Kuwaongoza Wanafunzi,Mwanafunzi anataja wahusika wa hadithi na kupanga matukio matatu makuu kwa mpangilio sahihi baada ya kusikiliza hadithi.,kitabu cha hadithi fupi|picha za wahusika wa hadithi|kadi za matukio,"TET(2023), KUSOMA, KITABU CHA MWANAFUNZI, DARASA LA KWANZA, TET, DAR ES SALAAM","Wahusika ni watu au viumbe wanaotajwa kwenye hadithi, na mpangilio wa matukio ni jinsi mambo yanavyofuatana kutoka mwanzo hadi mwisho wa hadithi.","Mwalimu anasimulia hadithi fupi yenye wahusika wawili au watatu. Baada ya kusikiliza, wanafunzi wanataja wahusika waliowasikia, kisha kwa msaada wa picha wanapanga matukio matatu makuu ya hadithi kwa mpangilio ulivyotokea.","Mfano: Katika hadithi ya 'Sungura na Kobe', wahusika ni sungura na kobe. Matukio: kwanza walishindana mbio, kisha sungura alilala njiani, mwisho kobe alishinda mbio.",Mtoto anaweza kutumia stadi hii kumsimulia rafiki yake tukio lililotokea shuleni kwa mpangilio sahihi wa jinsi lilivyotokea.,Wahusika wa hadithi hii ni akina nani?::Mwanafunzi anataja wahusika wote wa hadithi kwa usahihi||Ni tukio gani lilitokea kwanza kwenye hadithi?::Mwanafunzi anataja tukio la kwanza kwa usahihi||Hadithi iliishaje?::Mwanafunzi anaeleza mwisho wa hadithi kwa usahihi,
2023-JSS004-DRS I,Kusoma,Kusoma na kusikiliza kwa ufahamu,Kusikiliza habari/hadithi kwa ufahamu,Kusikiliza hadithi na kueleza fundisho linalopatikana,2,Kusimulia hadithi na majadiliano ya fundisho,Kuwaongoza Wanafunzi,Mwanafunzi anaeleza kwa maneno yake mwenyewe fundisho moja analolipata kutoka kwenye hadithi aliyoisikiliza.,kitabu cha hadithi fupi zenye fundisho|picha za wahusika,"TET(2023), KUSOMA, KITABU CHA MWANAFUNZI, DARASA LA KWANZA, TET, DAR ES SALAAM",Fundisho la hadithi ni somo au mafunzo mema tunayojifunza kutoka kwenye matukio na tabia za wahusika wa hadithi.,"Mwalimu anasimulia hadithi fupi yenye fundisho la maadili mema (mfano kusaidiana, kusema kweli, bidii). Baada ya kusikiliza, mwalimu anawauliza wanafunzi: Tumejifunza nini kutoka kwenye hadithi hii? Wahusika walifanya vizuri au vibaya? Wanafunzi wanajadili kwa zamu kabla ya kutoa jibu la mwisho kwa msaada wa mwalimu.",Mfano: Hadithi ya 'Simba Aliyesaidiwa na Panya' inaonesha kuwa hata mdogo anaweza kumsaidia mkubwa. Wanafunzi wanaeleza fundisho: 'Tunapaswa kusaidiana hata kama mtu ni mdogo.',"Mtoto anaweza kutumia fundisho la hadithi kubadilisha tabia yake nyumbani, kama vile kusaidia ndugu zake bila kulazimishwa.",Fundisho la hadithi hii ni nini?::Mwanafunzi anaeleza fundisho sahihi linalopatikana kwenye hadithi||Kwa nini fundisho hilo ni muhimu?::Mwanafunzi anatoa sababu inayoeleweka kuhusu umuhimu wa fundisho hilo||Unawezaje kutumia fundisho hili maishani mwako?::Mwanafunzi anaeleza matumizi ya fundisho hilo katika maisha yake ya kila siku,
2023-JSS004-DRS II,Kusoma,Kutambua sauti za herufi,Kubaini sauti katika maneno,"Kubaini sauti za herufi mwambatano gh, ng' na dh katika maneno",7,Maswali na majibu | Kuonyesha picha na kutamka | Kurudia kwa pamoja,Kuwaongoza Wanafunzi,"Mwanafunzi anaonyesha umahiri iwapo anaweza kutamka kwa usahihi sauti ya mwanzo ya maneno ghala, ng'ombe na dhahabu na kutaja maneno mengine yenye sauti hizo.","kadi za herufi mwambatano gh, ng', dh|picha za ghala, ng'ombe na dhahabu|chati ya sauti","TET(2023), KUSOMA, KITABU CHA MWANAFUNZI, DARASA LA PILI, TET, DAR ES SALAAM","Sauti za herufi mwambatano gh, ng' na dh ni sauti zinazoundwa na konsonanti mbili zinazotamkwa kama sauti moja. Mwanafunzi hujifunza kubaini sauti hizi mwanzoni mwa maneno anayoyaona kwenye picha.","Mwalimu huonyesha picha za ghala, ng'ombe na dhahabu, kisha huwaongoza wanafunzi kutamka jina la kila picha na kubaini sauti ya mwanzo ya kila neno. Wanafunzi hutamka sauti hizo mara kwa mara wakiongozwa na mwalimu na kuzirudia kwa pamoja kama darasa.","Neno ghala huanza na sauti gh, neno ng'ombe huanza na sauti ng', na neno dhahabu huanza na sauti dh.",Mwanafunzi anaweza kutumia ujuzi huu kubaini majina ya vitu nyumbani kama vile ghala la mahindi au ng'ombe wa mifugo anapotembea kijijini.,Neno ghala huanza na sauti gani?::gh||Neno ng'ombe huanza na sauti gani?::ng'||Neno dhahabu huanza na sauti gani?::dh,
2023-JSS004-DRS II,Kusoma,Kutambua sauti za herufi,Kubaini sauti katika maneno,"Kubaini sauti za herufi mwambatano nz, nj, sw na bw katika maneno",7,Maswali na majibu | Kuonyesha picha na kutamka | Michezo ya sauti,Kuwaongoza Wanafunzi,"Mwanafunzi anaonyesha umahiri iwapo anaweza kutamka kwa usahihi sauti ya mwanzo ya maneno nzige, njiwa, swala na bwawa na kutaja maneno mengine yenye sauti hizo.","kadi za herufi mwambatano nz, nj, sw, bw|picha za nzige, njiwa, swala na bwawa|chati ya sauti","TET(2023), KUSOMA, KITABU CHA MWANAFUNZI, DARASA LA PILI, TET, DAR ES SALAAM","Sauti za herufi mwambatano nz, nj, sw na bw ni sauti za konsonanti mbili zinazotamkwa kama sauti moja mwanzoni mwa neno. Mwanafunzi hujifunza kubaini sauti hizi kwa kutazama picha za nzige, njiwa, swala na bwawa.","Mwalimu huonyesha picha za nzige, njiwa, swala na bwawa, huwaongoza wanafunzi kutaja jina la kila picha kisha kubaini sauti ya mwanzo. Wanafunzi hutaja pia maneno mengine yanayoundwa kwa herufi mwambatano hizo kama walivyoelekezwa kwenye kitabu.","Neno nzige huanza na sauti nz, neno njiwa huanza na sauti nj, neno swala huanza na sauti sw, na neno bwawa huanza na sauti bw.",Mwanafunzi anaweza kutumia ujuzi huu shambani anapoona nzige wakila mazao au anapomtazama njiwa akiruka juu ya nyumba yao.,Neno nzige huanza na sauti gani?::nz||Neno njiwa huanza na sauti gani?::nj||Neno swala huanza na sauti gani?::sw||Neno bwawa huanza na sauti gani?::bw,
2023-JSS004-DRS II,Kusoma,Kutambua sauti za herufi,Kuunganisha sauti za herufi za konsonanti mwambatano na irabu kusoma silabi,"Kuunganisha herufi mwambatano gh, ng' na dh na irabu kusoma silabi gha, ngo, dhu",8,Maonyesho | Mazoezi ya kurudia | Kusoma kwa pamoja na mmoja mmoja,Kuwaongoza Wanafunzi,"Mwanafunzi anaonyesha umahiri iwapo anaweza kusoma kwa usahihi silabi zote za jedwali gha/gho/ghi/ghu/ghe, nga/nge/ngu/nga/ngo na dha/dhe/dhi/dhu/dho bila kusita.","chati ya silabi mwambatano|kadi za silabi gha, ngo, dhu|ubao wa kuandikia","TET(2023), KUSOMA, KITABU CHA MWANAFUNZI, DARASA LA PILI, TET, DAR ES SALAAM","Silabi mwambatano huundwa kwa kuunganisha sauti ya herufi mwambatano yenye konsonanti mbili (gh, ng', dh) na irabu a, e, i, o, u. Kwa mfano, ukiunganisha sauti ya herufi mwambatano gh na irabu a unapata silabi gha.","Mwalimu huonyesha jedwali la silabi gha, gho, ghi, ghu, ghe; nga, nge, ngu, nga, ngo; dha, dhe, dhi, dhu, dho na kuwaongoza wanafunzi kutamka kila silabi. Kisha wanafunzi hutengeneza silabi kumi zaidi kwa kuunganisha gh, ng', dh na irabu a, e, i, o, u na kusoma orodha ndefu ya silabi mchanganyiko.","Kuunganisha gh na a hupata gha; kuunganisha ng' na o hupata ngo; kuunganisha dh na u hupata dhu, kama katika neno dhuluma.","Mwanafunzi anaweza kutumia ujuzi wa kuunganisha silabi hizi kusoma vitabu vingine vyenye maneno kama ghali, ng'ombe na dhahabu anapokuwa nyumbani au shuleni.",Ukiunganisha gh na a unapata silabi gani?::gha||Ukiunganisha ng' na o unapata silabi gani?::ngo||Ukiunganisha dh na u unapata silabi gani?::dhu,
2023-JSS004-DRS II,Kusoma,Kutambua sauti za herufi,Kuunganisha sauti za herufi za konsonanti mwambatano na irabu kusoma silabi,"Kuunganisha herufi mwambatano nz, nj, sw na bw na irabu kusoma silabi nza, njo, swi, bwe",7,Maonyesho | Mazoezi ya kurudia | Kusoma kwa pamoja na mmoja mmoja,Kuwaongoza Wanafunzi,"Mwanafunzi anaonyesha umahiri iwapo anaweza kusoma kwa usahihi silabi zote za jedwali nza/nze/nzi/nzo/nzu, nja/nje/nji/njo/nju, swa/swe/swi/swo/swu na bwa/bwe/bwi/bwo/bwu bila kusita.","chati ya silabi mwambatano|kadi za silabi nza, njo, swi, bwe|ubao wa kuandikia","TET(2023), KUSOMA, KITABU CHA MWANAFUNZI, DARASA LA PILI, TET, DAR ES SALAAM","Silabi mwambatano huundwa kwa kuunganisha herufi mwambatano yenye konsonanti mbili (nz, nj, sw, bw) na irabu a, e, i, o, u. Kwa mfano, ukiunganisha herufi mwambatano nz na irabu a unapata silabi nza.","Mwalimu huonyesha jedwali la silabi nza, nze, nzi, nzo, nzu; nja, nje, nji, njo, nju; swa, swe, swi, swo, swu; na bwa, bwe, bwi, bwo, bwu na kuwaongoza wanafunzi kuzisoma. Wanafunzi hutengeneza silabi kumi zaidi kwa kuunganisha nz, nj, sw, bw na irabu na kusoma orodha ndefu ya silabi mchanganyiko kama nza, nje, swo, bwa, nju, swi, bwu.","Kuunganisha nz na a hupata nza; kuunganisha nj na o hupata njo; kuunganisha sw na i hupata swi; kuunganisha bw na e hupata bwe, kama katika neno bweni.","Mwanafunzi anaweza kutumia ujuzi huu kusoma maneno kama nzige, njiwa, swala na bwawa anapoyaona kwenye vitabu au mazingira yake.",Ukiunganisha nz na a unapata silabi gani?::nza||Ukiunganisha nj na o unapata silabi gani?::njo||Ukiunganisha sw na i unapata silabi gani?::swi||Ukiunganisha bw na e unapata silabi gani?::bwe,
2023-JSS004-DRS II,Kusoma,Kutambua sauti za herufi,Kutamka maneno yenye silabi mwambatano,"Kutamka maneno yenye silabi mwambatano gh, ng' na dh",7,Kuimba wimbo | Kusoma kwa sauti | Mazoezi ya kutengeneza maneno,Kuwaongoza Wanafunzi,"Mwanafunzi anaonyesha umahiri iwapo anaweza kutamka kwa usahihi maneno yenye silabi mwambatano gh, ng' na dh kama ng'oka, shughuli, dhoruba na ghala.",kadi za maneno|chati ya maneno yenye silabi mwambatano|picha za ghala na ng'oka,"TET(2023), KUSOMA, KITABU CHA MWANAFUNZI, DARASA LA PILI, TET, DAR ES SALAAM","Baada ya kujua silabi mwambatano, mwanafunzi hujifunza kuunganisha silabi hizo kutengeneza na kutamka maneno kamili, kwa mfano kuunganisha silabi gha na li kupata neno ghali.","Mwalimu huwaongoza wanafunzi kusoma silabi ghu, dha, dhi, gha, ng'o na nyingine, kisha kutengeneza maneno kumi kutokana na silabi hizo. Wanafunzi huimba wimbo wa silabi ya mwanzo katika maneno ghala na ng'oka, kisha husoma maneno kama ng'oka, shughuli, ng'ara, dhoruba, ghala, gharika, ghorofa, ng'ang'ana, dharau, gharama, dhamana, king'ora, dhihaka, dhehebu, dhuluma, ghali, dhambi, ng'amua, ng'ata na dhahabu.",Kuunganisha silabi gha na li hupata neno ghali; neno dhoruba hutamkwa dho-ru-ba; neno ng'oka hutamkwa ng'o-ka.,Mwanafunzi anaweza kutumia maneno haya anapoeleza bei ya kitu kuwa ghali sokoni au anapoona dhoruba wakati wa mvua kali.,Unganisha silabi gha na li kupata neno gani?::ghali||Neno linalomaanisha upepo mkali wa mvua ni lipi?::dhoruba||Neno linaloanza na ng'o na kumaanisha nyoka ni lipi?::ng'oka,
2023-JSS004-DRS II,Kusoma,Kutambua sauti za herufi,Kutamka maneno yenye silabi mwambatano,"Kutamka maneno yenye silabi mwambatano nz, nj, sw na bw",6,Kuimba wimbo | Kusoma kwa sauti | Mazoezi ya kutengeneza maneno,Kuwaongoza Wanafunzi,"Mwanafunzi anaonyesha umahiri iwapo anaweza kutamka kwa usahihi maneno yenye silabi mwambatano nz, nj, sw na bw kama nzige, njiwa, swala na bweni.",kadi za maneno|chati ya maneno yenye silabi mwambatano|picha za njiwa na nzige,"TET(2023), KUSOMA, KITABU CHA MWANAFUNZI, DARASA LA PILI, TET, DAR ES SALAAM","Baada ya kujua silabi mwambatano nz, nj, sw na bw, mwanafunzi hujifunza kuunganisha silabi hizo kutengeneza na kutamka maneno kamili, kwa mfano kuunganisha silabi nja na no kupata neno njano.","Mwalimu huwaongoza wanafunzi kusoma silabi nzi, swa, bwe, nja, nju na nyingine, kisha kutengeneza maneno kumi kutokana na silabi hizo. Wanafunzi huimba wimbo wa silabi ya mwanzo katika maneno njiwa na bwalo, kisha husoma maneno kama nzige, njaa, swali, swala, bweni, sweta, bwaga, Zanzibar, bwalo, bwawa, njama, bweka, njema, sweka na nzito.",Kuunganisha silabi nja na no hupata neno njano; neno bweni hutamkwa bwe-ni; neno swala hutamkwa swa-la.,Mwanafunzi anaweza kutumia maneno haya anapoeleza rangi ya njano ya ndizi au anapozungumzia bweni analolala shuleni.,Unganisha silabi nja na no kupata neno gani?::njano||Neno linalomaanisha mnyama wa porini mwenye pembe ni lipi?::swala||Neno linaloanza na bwe na kumaanisha chumba cha kulala shuleni ni lipi?::bweni,
2023-JSS004-DRS II,Kusoma,Kutambua sauti za herufi,Kutambua sauti zinazounda maneno katika sentensi,"Kutambua sauti zinazounda maneno katika sentensi zenye gh, ng' na dh",7,Kusoma kwa sauti | Kupanga maneno | Kutenganisha maneno,Kuwaongoza Wanafunzi,"Mwanafunzi anaonyesha umahiri iwapo anaweza kusoma sentensi zenye maneno ya gh, ng' na dh kwa usahihi na kutambua sauti zinazounda kila neno katika sentensi hizo.",kadi za sentensi|chati ya sentensi|kadi za maneno ya kupanga sentensi,"TET(2023), KUSOMA, KITABU CHA MWANAFUNZI, DARASA LA PILI, TET, DAR ES SALAAM","Sentensi huundwa na maneno, na kila neno huundwa na sauti maalum. Mwanafunzi hujifunza kutambua sauti za gh, ng' na dh zinazounda maneno ndani ya sentensi kamili kama Baba yangu amejenga ghorofa.","Mwalimu huwaongoza wanafunzi kutunga sentensi kwa kutumia jedwali la majina, vitendo na vitu, mfano Baba yangu amejenga ghorofa. Wanafunzi husoma sentensi kama Dhahabu huuzwa kwa bei ghali na Wakulima huhifadhi mazao yao ghalani, kisha hutambua sauti gh, ng' na dh katika kila neno. Wanafunzi pia hupanga maneno yaliyochanganyika kuunda sentensi sahihi kama baba ghorofa amejenga kuwa Baba amejenga ghorofa, na kutenganisha maneno yaliyoandikwa pamoja kama Mbwaanabweka kuwa Mbwa anabweka.",Sentensi Baba yangu amejenga ghorofa huwa na neno ghorofa lenye sauti gh; sentensi Sisi tuling'atwa na nyigu shambani huwa na neno tuling'atwa lenye sauti ng'; sentensi Upepo ulisababisha dhoruba kali huwa na neno dhoruba lenye sauti dh.,"Mwanafunzi anaweza kutumia ujuzi huu kusoma matangazo au vitabu vyenye sentensi kuhusu ghala, dhahabu au ng'ombe anapokwenda sokoni na wazazi wake.",Panga maneno haya kuunda sentensi: baba ghorofa amejenga::Baba amejenga ghorofa||Tenganisha maneno: Mbwaanabweka::Mbwa anabweka||Neno lenye sauti dh katika sentensi Upepo ulisababisha dhoruba kali ni lipi?::dhoruba,
2023-JSS004-DRS II,Kusoma,Kutambua sauti za herufi,Kutambua sauti zinazounda maneno katika sentensi,"Kutambua sauti zinazounda maneno katika sentensi zenye nz, nj, sw na bw",7,Kusoma kwa sauti | Kupanga maneno | Kutenganisha maneno,Kuwaongoza Wanafunzi,"Mwanafunzi anaonyesha umahiri iwapo anaweza kusoma sentensi zenye maneno ya nz, nj, sw na bw kwa usahihi na kutambua sauti zinazounda kila neno katika sentensi hizo.",kadi za sentensi|chati ya sentensi|kadi za maneno ya kupanga sentensi,"TET(2023), KUSOMA, KITABU CHA MWANAFUNZI, DARASA LA PILI, TET, DAR ES SALAAM","Sentensi huundwa na maneno, na kila neno huundwa na sauti maalum. Mwanafunzi hujifunza kutambua sauti za nz, nj, sw na bw zinazounda maneno ndani ya sentensi kamili kama Nzige wanakula majani ya mahindi.","Mwalimu huwaongoza wanafunzi kutunga sentensi kwa kutumia jedwali la maneno, mfano Nzige wanakula majani ya mahindi. Wanafunzi husoma sentensi kama Njegere ni tamu sana, Mbwa anabweka na Swala ni mnyama wa porini, kisha hutambua sauti nz, nj, sw na bw katika kila neno. Wanafunzi pia hupanga maneno yaliyochanganyika kuunda sentensi sahihi kama limejaa maji bwawa kuwa Bwawa limejaa maji, na kutenganisha maneno yaliyoandikwa pamoja kama Njaainaniuma kuwa Njaa inaniuma.",Sentensi Njegere ni tamu sana huwa na neno njegere lenye sauti nj; sentensi Mbwa anabweka huwa na neno anabweka lenye sauti bw; sentensi Swala ni mnyama wa porini huwa na neno swala lenye sauti sw.,Mwanafunzi anaweza kutumia ujuzi huu kusoma sentensi kuhusu mifugo na wanyama kama vile mbwa anabweka au swala anaruka anapotembelea shambani au msituni.,Panga maneno haya kuunda sentensi: limejaa maji bwawa::Bwawa limejaa maji||Tenganisha maneno: Njaainaniuma::Njaa inaniuma||Neno lenye sauti sw katika sentensi Swala ni mnyama wa porini ni lipi?::Swala,
2023-JSS004-DRS II,Kusoma,Kutambua uhusiano wa sauti na herufi,Kuunganisha sauti za herufi mwambatano zenye konsonanti mbili na irabu ili kuunda silabi na kutambulisha herufi mwambatano zenye maneno ya kukopa,"Kutenganisha sauti za herufi mwambatano gh, ng' na dh zinazounda silabi",5,Maonyesho | Maswali na majibu | Mazoezi ya kutenganisha,Kuwaongoza Wanafunzi,"Mwanafunzi anaonyesha umahiri iwapo anaweza kutenganisha kwa usahihi konsonanti mbili na irabu zinazounda silabi kama dha (dh na a), ng'e (ng' na e) na ghu (gh na u).",kadi za silabi|chati ya silabi mwambatano|kadi za konsonanti mbili na irabu,"TET(2023), KUSOMA, KITABU CHA MWANAFUNZI, DARASA LA PILI, TET, DAR ES SALAAM",Silabi mwambatano huundwa na konsonanti mbili (herufi mwambatano) pamoja na irabu moja. Mwanafunzi hujifunza kutambua uhusiano huu kwa kutenganisha silabi kama dha kuwa dh na a.,"Mwalimu humpa mfano dha huundwa na dh na a, kisha huwaongoza wanafunzi kutenganisha silabi ng'e kuwa ng' na e, ghu kuwa gh na u, dhe kuwa dh na e, ng'o kuwa ng' na o, dhu kuwa dh na u, na gha kuwa gh na a. Wanafunzi pia hukamilisha maneno kwa kutumia silabi ng'a, dha, dhe, ng'o, dhi, gho, ghu na gha, mfano ra huwa ng'ara.",Silabi dha huundwa na konsonanti mbili dh na irabu a; silabi ng'e huundwa na konsonanti mbili ng' na irabu e; silabi ghu huundwa na konsonanti mbili gh na irabu u.,Mwanafunzi anaweza kutumia ujuzi huu kuandika kwa usahihi maneno mapya anayoyasikia kama dhambi au ghali kwa kutambua konsonanti na irabu zinazounda kila silabi.,Sauti za herufi zinazounda silabi ng'e ni zipi?::ng' na e||Sauti za herufi zinazounda silabi ghu ni zipi?::gh na u||Kamilisha neno: shu li unapoongeza gho mbele unapata neno gani?::ghushuli,
2023-JSS004-DRS II,Kusoma,Kutambua uhusiano wa sauti na herufi,Kuunganisha sauti za herufi mwambatano zenye konsonanti mbili na irabu ili kuunda silabi na kutambulisha herufi mwambatano zenye maneno ya kukopa,"Kutenganisha sauti za herufi mwambatano nz, nj, sw na bw zinazounda silabi",5,Maonyesho | Maswali na majibu | Mazoezi ya kutenganisha,Kuwaongoza Wanafunzi,"Mwanafunzi anaonyesha umahiri iwapo anaweza kutenganisha kwa usahihi konsonanti mbili na irabu zinazounda silabi kama nza (nz na a), bwe (bw na e) na njo (nj na o).",kadi za silabi|chati ya silabi mwambatano|kadi za konsonanti mbili na irabu,"TET(2023), KUSOMA, KITABU CHA MWANAFUNZI, DARASA LA PILI, TET, DAR ES SALAAM",Silabi mwambatano huundwa na konsonanti mbili (herufi mwambatano) pamoja na irabu moja. Mwanafunzi hujifunza kutambua uhusiano huu kwa kutenganisha silabi kama nza kuwa nz na a.,"Mwalimu humpa mfano nza huundwa na nz na a, kisha huwaongoza wanafunzi kutenganisha silabi bwe kuwa bw na e, swa kuwa sw na a, njo kuwa nj na o, na nzi kuwa nz na i. Wanafunzi pia hukamilisha maneno kwa kutumia silabi nza, nzi, nje, swe, nji na bwe, mfano ____wa hukamilika kuwa swala au bwawa kutegemea silabi inayotumika.",Silabi nza huundwa na konsonanti mbili nz na irabu a; silabi bwe huundwa na konsonanti mbili bw na irabu e; silabi njo huundwa na konsonanti mbili nj na irabu o.,Mwanafunzi anaweza kutumia ujuzi huu kuandika kwa usahihi maneno mapya anayoyasikia kama nzito au njema kwa kutambua konsonanti na irabu zinazounda kila silabi.,Herufi zinazounda silabi bwe ni zipi?::bw na e||Herufi zinazounda silabi swa ni zipi?::sw na a||Herufi zinazounda silabi njo ni zipi?::nj na o,
2023-JSS004-DRS II,Kusoma,Kutambua uhusiano wa sauti na herufi,Kuunganisha maneno kusoma sentensi,"Kuunganisha maneno kusoma sentensi na habari zenye gh, ng' na dh",4,Kusoma kwa sauti | Kusoma kwa zamu | Maswali ya ufahamu,Kuwaongoza Wanafunzi,"Mwanafunzi anaonyesha umahiri iwapo anaweza kusoma kwa ufasaha sentensi zilizounganishwa kuwa habari na shairi yenye maneno ya gh, ng' na dh na kujibu maswali ya ufahamu kwa usahihi.",kitabu cha habari 'Rafiki wa kweli'|kadi za maneno|chati ya shairi la Mazingira,"TET(2023), KUSOMA, KITABU CHA MWANAFUNZI, DARASA LA PILI, TET, DAR ES SALAAM","Baada ya kusoma silabi, maneno na sentensi za gh, ng' na dh, mwanafunzi hujifunza kuunganisha maneno hayo ili kusoma habari na shairi kamili kwa ufasaha, kama vile habari ya Rafiki wa kweli inayomhusu Ghati na rafiki yake Dhahia.","Mwalimu huwaongoza wanafunzi kusoma habari ya Rafiki wa kweli kuhusu Ghati aliyekuwa na ulemavu wa miguu na rafiki yake Dhahia aliyemsaidia kushiriki mchezo wa karata na wenzake. Wanafunzi husoma pia shairi la Mazingira kwa kutamka na kughani, kisha hujibu maswali kama Umejifunza nini kutokana na habari hiyo? na Kama wewe ungekuwa Dhahia ungefanya nini kumsaidia Ghati?","Katika habari ya Rafiki wa kweli, Ghati alishindwa kucheza na wenzake kwa sababu ya ulemavu wa miguu, na Dhahia aliwaomba wenzake wabadilishe mchezo ili Ghati naye ashiriki.",Mwanafunzi anaweza kutumia somo hili kujifunza kuwasaidia watoto wenye ulemavu wanaoishi karibu naye ili nao washiriki michezo pamoja na wenzao.,Ghati alishindwa kucheza na wenzake kwa sababu gani?::alikuwa na ulemavu wa miguu||Nani alimsaidia Ghati kushiriki mchezo?::Dhahia||Shairi la Mazingira linatuhimiza kufanya nini?::kutunza mazingira,
2023-JSS004-DRS II,Kusoma,Kutambua uhusiano wa sauti na herufi,Kuunganisha maneno kusoma sentensi,"Kuunganisha maneno kusoma sentensi na mazungumzo yenye nz, nj, sw na bw",3,Kusoma kwa sauti | Kusoma kwa majukumu | Maswali ya ufahamu,Kuwaongoza Wanafunzi,"Mwanafunzi anaonyesha umahiri iwapo anaweza kusoma kwa ufasaha habari na mazungumzo yenye maneno ya nz, nj, sw na bw na kujibu maswali ya ufahamu kwa usahihi.",kitabu cha habari ya Nzota|kadi za mazungumzo|picha za shughuli za kilimo na ufugaji,"TET(2023), KUSOMA, KITABU CHA MWANAFUNZI, DARASA LA PILI, TET, DAR ES SALAAM","Baada ya kusoma silabi, maneno na sentensi za nz, nj, sw na bw, mwanafunzi hujifunza kuunganisha maneno hayo ili kusoma habari na mazungumzo kamili kwa ufasaha, kama habari ya Nzota anayesoma Shule ya Msingi Bwawani.","Mwalimu huwaongoza wanafunzi kusoma habari ya Nzota anayeishi karibu na Kijiji cha Mikumi ambapo baba yake anafuga mbuzi na njiwa, na mama yake analima njegere na njugumawe. Wanafunzi pia husoma mazungumzo kati ya Mwalimu Nzoka na wanafunzi wake Njau, Swaliha, Bwanga na Njoki kuhusu umuhimu wa usafi wa mwili, kisha hujibu maswali kama Kwa nini ni muhimu kufanya usafi wa mwili?","Katika habari ya Nzota, baba yake anafuga mbuzi wa maziwa na njiwa, na mama yake analima njegere na njugumawe. Katika mazungumzo, Mwalimu Nzoka anaeleza kuwa usafi hujumuisha kuoga, kukata kucha na kupiga mswaki.","Mwanafunzi anaweza kutumia somo hili kujenga tabia ya kuoga, kukata kucha na kunawa mikono ili kuepuka magonjwa kama walivyofundishwa na Mwalimu Nzoka.","Baba yake Nzota anafuga wanyama gani?::mbuzi na njiwa||Usafi wa mwili hujumuisha nini kwa mujibu wa mazungumzo?::kuoga, kukata kucha na kupiga mswaki||Wazazi wa Nzota wanapata pesa kwa kuuza nini?::mbuzi na masweta",
2023-JSS004-DRS II,Kusoma,Kutambua sauti za herufi,Kuunganisha sauti za herufi za konsonanti mwambatano na irabu kusoma silabi,"Kuunganisha herufi mwambatano gw na tw na irabu a, e, i, o, u kusoma silabi gwa-gwe-gwi-gwo-gwu na twa-twe-twi-two-twu",4,"Maonyesho ya matamshi, kuimba silabi kwa pamoja, kurudia baada ya mwalimu, mchezo wa kadi za silabi",Kuwaongoza Wanafunzi,"Mwanafunzi anaweza kutamka kwa usahihi silabi zote tano za gw (gwa, gwe, gwi, gwo, gwu) na za tw (twa, twe, twi, two, twu) anapoonyeshwa kadi ya silabi.",kadi za herufi mwambatano gw na tw|chati ya irabu a e i o u|picha ya gwaride na twiga|ubao,"TET(2023), KUSOMA, KITABU CHA MWANAFUNZI, DARASA LA PILI, TET, DAR ES SALAAM","Herufi mwambatano gw na tw huundwa na konsonanti mbili zinazotamkwa kwa pamoja kama sauti moja kabla ya irabu, kwa mfano ukiunganisha gw na irabu a unapata silabi gwa.","Mwalimu anaandika herufi mwambatano gw na tw ubaoni, kisha anaonyesha jinsi zinavyoungana na kila irabu (a, e, i, o, u) kuunda silabi, wanafunzi wanarudia kwa sauti moja baada ya nyingine.",Mfano: gw + a = gwa (kama katika gwaride); tw + i = twi (kama katika twiga). Jedwali la silabi: gwa gwe gwi gwo gwu; twa twe twi two twu.,Mtoto anapoona neno 'gwaride' au 'twiga' barabarani anaweza kulitamka kirahisi kwa kutambua silabi zake za mwanzo gwa na twi.,"Unganisha gw na irabu a upate silabi gani?::gwa||Unganisha tw na irabu i upate silabi gani?::twi||Taja silabi tano za herufi mwambatano gw::gwa, gwe, gwi, gwo, gwu",
2023-JSS004-DRS II,Kusoma,Kutambua sauti za herufi,Kuunganisha sauti za herufi za konsonanti mwambatano na irabu kusoma silabi,"Kuunganisha herufi mwambatano pw na vy na irabu a, e, i, o, u kusoma silabi pwa-pwe-pwi-pwo-pwu na vya-vye-vyi-vyo-vyu",4,"Maonyesho ya matamshi, mazoezi ya kuunganisha kwa jozi, wimbo wa silabi, kadi za silabi",Kuwaongoza Wanafunzi,Mwanafunzi anaweza kuunganisha pw na vy na kila irabu kutamka silabi zote kwa usahihi bila kusaidiwa.,kadi za herufi mwambatano pw na vy|picha ya pweza na vyakula|chati ya silabi|ubao,"TET(2023), KUSOMA, KITABU CHA MWANAFUNZI, DARASA LA PILI, TET, DAR ES SALAAM","Herufi mwambatano pw na vy zinapoungana na irabu huunda silabi zinazotumika kuunda maneno mengi ya Kiswahili, kwa mfano py haiwi peke yake bila irabu.","Mwalimu anaonyesha jedwali la silabi za pw na vy ubaoni, wanafunzi wanatamka kila silabi kwa zamu wakiwa wamesimama, kisha wanaimba pamoja.",Mfano: pw + e = pwe (kama katika 'silabi ya mwanzo katika neno pweza ni pwe'); vy + u = vyu (kama katika 'silabi ya mwanzo katika neno vyura ni vyu'). Jedwali: pwa pwe pwi pwo pwu; vya vye vyi vyo vyu.,Mtoto akitaka kusoma bango lenye neno 'vyombo' dukani anaweza kuligawa katika silabi vyo na mbo ili alisome kwa urahisi.,Silabi ya mwanzo ya neno pweza ni ipi?::pwe||Silabi ya mwanzo ya neno vyura ni ipi?::vyu||Unganisha vy na irabu o upate silabi gani?::vyo,
2023-JSS004-DRS II,Kusoma,Kutambua sauti za herufi,Kuunganisha sauti za herufi za konsonanti mwambatano na irabu kusoma silabi,"Kuunganisha herufi mwambatano lw na irabu a, e, i, o, u kusoma silabi lwa-lwe-lwi-lwo-lwu",3,"Maonyesho ya matamshi, kurudia kwa kikundi, mchezo wa kuoanisha kadi",Kuwaongoza Wanafunzi,"Mwanafunzi anatamka silabi zote tano za lw (lwa, lwe, lwi, lwo, lwu) kwa usahihi anapoonyeshwa kadi bila mfuatano maalum.",kadi za herufi mwambatano lw|picha ya safari (lwendo)|chati ya irabu|ubao,"TET(2023), KUSOMA, KITABU CHA MWANAFUNZI, DARASA LA PILI, TET, DAR ES SALAAM","Herufi mwambatano lw hutamkwa kama sauti moja inapoungana na irabu, mfano lw + o inatoa silabi lwo.","Mwalimu anaandika lw ubaoni na kuionyesha ikiungana na kila irabu, wanafunzi wanatamka kwa sauti pamoja kisha mmoja mmoja.","Mfano wa jedwali: lwa lwe lwi lwo lwu, kama katika neno 'lwendo' (lwe-ndo).",Mtoto anaposikia neno 'Kilwa' redioni anaweza kutambua silabi lwa ndani yake.,"Unganisha lw na irabu a upate silabi gani?::lwa||Taja silabi zote tano za herufi mwambatano lw::lwa, lwe, lwi, lwo, lwu||Silabi lwo inaundwa na herufi zipi?::lw na o",
2023-JSS004-DRS II,Kusoma,Kutambua sauti za herufi,Kuunganisha sauti za herufi za konsonanti mwambatano na irabu kusoma silabi,"Kuunganisha herufi mwambatano fy, my na py na irabu a, e, i, o, u kusoma silabi fya-fye-fyi-fyo-fyu, mya-mye-myi-myo-myu na pya-pye-pyi-pyo-pyu",4,"Maonyesho ya matamshi, kadi za silabi, mazoezi ya jozi, marudio ya kikundi",Kuwaongoza Wanafunzi,"Mwanafunzi anaweza kutamka kwa usahihi silabi za fy, my na py anapoonyeshwa kadi ya silabi yoyote kati ya hizo kumi na tano.","kadi za herufi mwambatano fy, my na py|picha ya kompyuta na mtu akiwa kimya|chati ya silabi|ubao","TET(2023), KUSOMA, KITABU CHA MWANAFUNZI, DARASA LA PILI, TET, DAR ES SALAAM","Herufi mwambatano fy, my na py huungana na irabu tofauti kuunda silabi, mfano ukiunganisha py na irabu u unapata silabi pyu.","Mwalimu anaonyesha jedwali la silabi za fy, my na py ubaoni, wanafunzi wanasoma kwa sauti safu moja baada ya nyingine kisha kwa mchanganyiko.",Mfano: fy + e = fye (fyonza); my + a = mya (kimya); py + u = pyu (kompyuta). Jedwali: fya fye fyi fyo fyu; mya mye myi myo myu; pya pye pyi pyo pyu.,Mtoto anapoona neno 'kompyuta' nyumbani anaweza kutambua silabi pyu ndani yake na kulisoma vizuri.,Unganisha py na irabu u upate silabi gani?::pyu||Silabi ya mwanzo ya neno fyonza ni ipi?::fyo||Unganisha my na irabu a upate silabi gani?::mya,
2023-JSS004-DRS II,Kusoma,Kutambua sauti za herufi,Kutamka maneno yenye silabi mwambatano,"Kutamka maneno yenye silabi mwambatano gw na tw kama gwaride, gwanda, twiga na twika",4,"Kutamka kwa sauti, kuunganisha silabi mbili kuunda neno, michezo ya kadi za maneno",Kuwaongoza Wanafunzi,"Mwanafunzi anaweza kuunganisha silabi mbili kutamka neno kamili lenye gw au tw, kwa mfano gwa + nda = gwanda.",kadi za silabi gwa na twi|picha ya gwaride na twiga|orodha ya maneno|ubao,"TET(2023), KUSOMA, KITABU CHA MWANAFUNZI, DARASA LA PILI, TET, DAR ES SALAAM","Maneno mengi ya Kiswahili huundwa kwa kuunganisha silabi mbili au zaidi zenye herufi mwambatano gw na tw, mfano gwa na nda huunda gwanda.","Mwalimu anaonyesha silabi mbili mbili ubaoni, wanafunzi wanaziunganisha kwa kutamka na kutaja neno kamili linaloundwa.",Mfano: gwa+ride=gwaride; gwa+nda=gwanda; twi+ka=twika; twi+ga=twiga; twe+nde=twende.,Mtoto anapotazama gwaride la wanajeshi sikukuu ya taifa anaweza kutamka neno 'gwaride' kwa usahihi.,Unganisha silabi gwa na nda kutamka neno gani?::gwanda||Taja neno lenye silabi za mwanzo twi zinazomaanisha mnyama mwenye shingo ndefu::twiga||Tamka neno linaloundwa na gwa na ride::gwaride,
2023-JSS004-DRS II,Kusoma,Kutambua sauti za herufi,Kutamka maneno yenye silabi mwambatano,"Kutamka maneno yenye silabi mwambatano pw na vy kama pweza, pwani, vyakula na vyombo",4,"Kutamka kwa sauti, kuunganisha silabi kuunda maneno, wimbo wa maneno",Kuwaongoza Wanafunzi,Mwanafunzi anaweza kutamka kwa usahihi maneno yenye pw au vy baada ya kuunganisha silabi zake mbili au zaidi.,kadi za silabi pwe na vyo|picha ya pweza na vyakula|chati ya maneno|ubao,"TET(2023), KUSOMA, KITABU CHA MWANAFUNZI, DARASA LA PILI, TET, DAR ES SALAAM","Silabi zenye herufi mwambatano pw na vy huungana na silabi nyingine kuunda maneno kamili yenye maana, mfano pwe na za huunda pweza.","Mwalimu anasoma silabi mbili kwa sauti, wanafunzi wanaziunganisha na kutamka neno kamili, kisha wanalitumia katika sentensi fupi.",Mfano: pwe+za=pweza; pwa+ni=pwani; vya+kula=vyakula; vyo+mbo=vyombo; vye+ti=vyeti.,Mtoto anapokwenda pwani na wazazi wake anaweza kutamka neno 'pwani' na kuona 'vyombo' vya uvuvi vinavyotumika huko.,Unganisha silabi pwe na za kutamka neno gani?::pweza||Taja neno lenye maana ya vitu vya kupikia au kulia::vyombo||Tamka neno linaloundwa na vya na kula::vyakula,
2023-JSS004-DRS II,Kusoma,Kutambua sauti za herufi,Kutamka maneno yenye silabi mwambatano,"Kutamka maneno yenye silabi mwambatano fy, my na py kama fyonza, kimya, kipya na kompyuta",5,"Kutamka kwa sauti, kuunganisha silabi kuunda neno, mchezo wa kutafuta maneno",Kuwaongoza Wanafunzi,"Mwanafunzi anaweza kutamka kwa usahihi maneno yenye fy, my au py baada ya kuunganisha silabi mbili au zaidi zinazounda neno.","kadi za silabi ki na pya|picha ya kompyuta na mtu akiwa kimya|orodha ya maneno mpya, kipya, vipya|ubao","TET(2023), KUSOMA, KITABU CHA MWANAFUNZI, DARASA LA PILI, TET, DAR ES SALAAM","Silabi zenye herufi mwambatano fy, my na py huungana na silabi nyingine kutengeneza maneno, mfano ukiunganisha ki na pya unapata neno kipya.","Mwalimu anaandika silabi mbili mbili ubaoni, wanafunzi wanaziunganisha kwa kutamka na kutaja neno kamili linaloundwa, kisha wanarudia kadi zenye picha za fyonza na kompyuta.",Mfano: ki+pya=kipya; ki+mya=kimya; fyo+nza=fyonza; kom+pyuta=kompyuta; m+pya=mpya; vi+pya=vipya.,Mtoto anapokaa darasani mwalimu anaposema 'kaeni kimya' anatambua neno 'kimya' na anapoona kompyuta ofisini anaweza kutamka neno hilo kwa usahihi.,Unganisha silabi ki na pya kutamka neno gani?::kipya||Nyuki hufanya nini kwenye maua kwa kutumia mdomo wake?::anafyonza||Tamka neno la chombo kinachotumika kuandikia kinachoundwa na kom na pyuta::kompyuta,
2023-JSS004-DRS II,Kusoma,Kutambua sauti za herufi,Kutambua sauti zinazounda maneno katika sentensi,"Kutambua sauti za herufi mwambatano gw, tw, pw, vy na lw katika maneno ndani ya sentensi",5,"Kusoma kwa sauti sentensi, kutambua neno lenye sauti mwambatano, majadiliano ya darasa",Kuwaongoza Wanafunzi,"Mwanafunzi anaweza kusoma sentensi na kutaja neno lenye sauti ya herufi mwambatano gw, tw, pw, vy au lw ndani yake pamoja na silabi zake.",kadi za sentensi|chati ya sentensi za mfano|picha za vyombo na gwaride|ubao,"TET(2023), KUSOMA, KITABU CHA MWANAFUNZI, DARASA LA PILI, TET, DAR ES SALAAM","Sentensi huundwa na maneno, na baadhi ya maneno hayo yana sauti za herufi mwambatano ambazo mwanafunzi hupaswa kuzitambua anaposoma.","Mwalimu anasoma sentensi kwa sauti, wanafunzi wanasikiliza na kutaja neno lenye sauti mwambatano, kisha wanagawa neno hilo katika silabi.","Mfano wa sentensi: 'Gwambi amesafisha vyoo.' (maneno yenye sauti mwambatano: Gwambi, vyoo); 'Bendera iliyotwekwa inapepea.' (twekwa); 'Shule yetu iko karibu na pwani.' (pwani); 'Lweko ameleta vitabu vya mwalimu.' (Lweko); 'Vifaa vyote vimepotea.' (vyote).",Mtoto anaposoma tangazo shuleni lenye sentensi 'Wanajeshi wanacheza gwaride' anaweza kutambua sauti ya gw katika neno gwaride.,"Katika sentensi 'Askari aliyevaa gwanda amekuja', ni neno gani lenye sauti mwambatano gw?::gwanda||Katika sentensi 'Jipu linapwita sana', ni neno gani lenye sauti mwambatano pw?::linapwita||Katika sentensi 'Vyura wanne wanarukaruka', ni neno gani lenye sauti mwambatano vy?::Vyura",
2023-JSS004-DRS II,Kusoma,Kutambua sauti za herufi,Kutambua sauti zinazounda maneno katika sentensi,"Kutambua sauti za herufi mwambatano fy, my na py katika maneno ndani ya sentensi",5,"Kusoma kwa sauti sentensi, kutambua neno lenye sauti mwambatano, kazi ya jozi",Kuwaongoza Wanafunzi,"Mwanafunzi anaweza kusoma sentensi na kutaja neno lenye sauti ya herufi mwambatano fy, my au py ndani yake pamoja na silabi zake.",kadi za sentensi|chati ya sentensi za mfano|picha ya kompyuta|ubao,"TET(2023), KUSOMA, KITABU CHA MWANAFUNZI, DARASA LA PILI, TET, DAR ES SALAAM","Baadhi ya maneno ndani ya sentensi yana sauti za herufi mwambatano fy, my na py ambazo mwanafunzi hupaswa kuzitambua anaposoma kwa sauti.","Mwalimu anasoma sentensi kwa sauti, wanafunzi wanasikiliza na kutaja neno lenye sauti mwambatano fy, my au py, kisha wanaligawa katika silabi zake.","Mfano wa sentensi: 'Flora alitengeneza kompyuta.' (kompyuta); 'Mwalimu amesema tukae kimya.' (kimya); 'Kaka anaandika kwa kutumia kompyuta.' (kompyuta); 'Mkufya alimsaidia Ipyena kuvuka barabara.' (Mkufya, Ipyena).",Mtoto anaposikia mwalimu akisema sentensi 'Mwalimu amesema tukae kimya' anatambua sauti ya my katika neno kimya.,"Katika sentensi 'Kaka anaandika kwa kutumia kompyuta', ni neno gani lenye sauti mwambatano py?::kompyuta||Katika sentensi 'Mwalimu amesema tukae kimya', ni neno gani lenye sauti mwambatano my?::kimya||Katika sentensi 'Wazazi alinunua matofali', gari la Flora lilikuwaje?::jipya",
2023-JSS004-DRS II,Kusoma,Kutambua sauti za herufi,Kutambua sauti zinazounda maneno katika sentensi,Kutambua sauti za herufi mwambatano zinazounda maneno katika hadithi na habari fupi,4,"Kusoma kwa sauti habari na hadithi, kutambua maneno yenye wino, majibizano",Kuwaongoza Wanafunzi,Mwanafunzi anaweza kusoma habari au hadithi fupi na kutambua maneno yenye sauti za herufi mwambatano aliyojifunza.,kitabu cha hadithi 'Watoto wa vyura'|kitabu cha hadithi 'Pyana na Myalange'|habari ya 'Lwasi na Kyomo'|ubao,"TET(2023), KUSOMA, KITABU CHA MWANAFUNZI, DARASA LA PILI, TET, DAR ES SALAAM",Habari na hadithi zina maneno mengi yenye sauti za herufi mwambatano ambazo mwanafunzi hutakiwa kuzitambua anaposoma kwa sauti.,"Mwalimu anawasomea wanafunzi habari au hadithi, wanafunzi wanasikiliza kisha wanatafuta na kutamka maneno yenye sauti mwambatano waliyoyasikia.","Mfano kutoka habari 'Tweve na Lwiza wanapenda kwenda shule... Hucheza gwaride kwa ukakamavu' (Tweve, Lwiza, gwaride); mfano kutoka hadithi 'Watoto wa vyura...Waliwalisha vyakula bora' (vyura, vyakula); mfano kutoka 'Lwasi na Kyomo...alitafuta maana ya neno pyororo kwa kutumia kompyuta' (Lwasi, pyororo, kompyuta).",Mtoto anaposikiliza mzazi akimsomea hadithi ya 'Watoto wa vyura' anaweza kutambua sauti ya vy katika neno vyura mara kwa mara.,"Katika hadithi ya Watoto wa vyura, wanyama waliotajwa waliishi wapi?::ndani ya bwawa kubwa||Katika habari ya Lwasi na Kyomo, Kyomo alitafuta maana ya neno gani kwa kutumia kompyuta?::pyororo||Katika habari ya Tweve na Lwiza, wanafunzi hucheza nini kabla ya kuingia darasani?::gwaride",
2023-JSS004-DRS II,Kusoma,Kutambua uhusiano wa sauti na herufi,Kuunganisha sauti za herufi mwambatano zenye konsonanti mbili na irabu ili kuunda silabi na kutambulisha herufi mwambatano zenye maneno ya kukopa,"Kutenganisha herufi mwambatano gw, tw, pw, vy na lw na irabu zinazounda silabi",5,"Maonyesho ya kutenganisha sauti, maswali na majibu, mazoezi ya kutamka",Kuwaongoza Wanafunzi,"Mwanafunzi anaweza kutenganisha silabi yenye herufi mwambatano gw, tw, pw, vy au lw na kutaja konsonanti mbili pamoja na irabu inayoiunda.","kadi za silabi twi, vyo, pwa, lwo, gwe|chati ya konsonanti mbili na irabu|ubao","TET(2023), KUSOMA, KITABU CHA MWANAFUNZI, DARASA LA PILI, TET, DAR ES SALAAM","Silabi yenye herufi mwambatano huundwa na konsonanti mbili zinazotamkwa kama sauti moja pamoja na irabu, mfano herufi zinazounda silabi gwa ni gw na a.","Mwalimu anaandika silabi ubaoni, wanafunzi wanaitenganisha kwa kutamka konsonanti mbili kisha irabu inayofuata, mfano twi = tw + i.",Mfano: herufi zinazounda silabi twi ni tw na i; herufi zinazounda silabi vyo ni vy na o; herufi zinazounda silabi pwa ni pw na a; herufi zinazounda silabi lwo ni lw na o; herufi zinazounda silabi gwe ni gw na e.,Mtoto anapojifunza kuandika neno jipya lenye silabi mwambatano anaweza kulitenganisha kwanza katika konsonanti mbili na irabu ili aliandike kwa usahihi.,Herufi zinazounda silabi twi ni zipi?::tw na i||Herufi zinazounda silabi vyo ni zipi?::vy na o||Herufi zinazounda silabi lwo ni zipi?::lw na o,
2023-JSS004-DRS II,Kusoma,Kutambua uhusiano wa sauti na herufi,Kuunganisha sauti za herufi mwambatano zenye konsonanti mbili na irabu ili kuunda silabi na kutambulisha herufi mwambatano zenye maneno ya kukopa,"Kutenganisha herufi mwambatano fy, my na py na irabu zinazounda silabi",5,"Maonyesho ya kutenganisha sauti, maswali na majibu, mazoezi ya kutamka kwa jozi",Kuwaongoza Wanafunzi,"Mwanafunzi anaweza kutenganisha silabi yenye herufi mwambatano fy, my au py na kutaja konsonanti mbili pamoja na irabu inayoiunda.","kadi za silabi pyu, fyo, mya|chati ya konsonanti mbili na irabu|ubao","TET(2023), KUSOMA, KITABU CHA MWANAFUNZI, DARASA LA PILI, TET, DAR ES SALAAM","Silabi yenye herufi mwambatano fy, my au py huundwa na konsonanti mbili pamoja na irabu, mfano herufi zinazounda silabi fye ni fy na e.","Mwalimu anaandika silabi ubaoni, wanafunzi wanaitenganisha kwa kutamka konsonanti mbili kisha irabu inayofuata, mfano pyu = py + u.",Mfano: herufi zinazounda silabi fye ni fy na e; herufi zinazounda silabi pyu ni py na u; herufi zinazounda silabi fyo ni fy na o; herufi zinazounda silabi mya ni my na a; herufi zinazounda silabi fya ni fy na a.,Mtoto anapoona neno 'kompyuta' anaweza kutenganisha silabi yake pyu katika konsonanti mbili py na irabu u ili alisome kwa usahihi.,Herufi zinazounda silabi pyu ni zipi?::py na u||Herufi zinazounda silabi mya ni zipi?::my na a||Herufi zinazounda silabi fyo ni zipi?::fy na o,
2023-JSS004-DRS II,Kusoma,Kutambua uhusiano wa sauti na herufi,Kuunganisha maneno kusoma sentensi,"Kupanga maneno yenye silabi mwambatano gw, tw, pw, vy na lw kuunda sentensi sahihi",4,"Mazoezi ya kupanga maneno, kazi ya jozi, majadiliano ya darasa",Kuwaongoza Wanafunzi,"Mwanafunzi anaweza kupanga maneno yaliyotolewa kiholela yenye silabi mwambatano gw, tw, pw, vy au lw ili kuunda sentensi sahihi na kuisoma kwa sauti.",kadi za maneno yaliyochanganywa|chati ya sentensi sahihi|ubao,"TET(2023), KUSOMA, KITABU CHA MWANAFUNZI, DARASA LA PILI, TET, DAR ES SALAAM","Maneno ya sentensi yanapopangwa vibaya, mwanafunzi hupaswa kuyapanga upya kwa mpangilio sahihi wa kisarufi ili sentensi iwe na maana na iweze kusomeka.","Mwalimu anaonyesha maneno yaliyochanganyika ubaoni, wanafunzi wanajadili na kuyapanga kwa mpangilio sahihi kisha wanasoma sentensi iliyokamilika kwa sauti.",Mfano: 'ndefu twiga shingo ana' hupangwa kuwa 'Twiga ana shingo ndefu.'; 'kichwani ndoo alijitwika kaka' hupangwa kuwa 'Kaka alijitwika ndoo kichwani.'; 'baba pweza anakula' hupangwa kuwa 'Baba anakula pweza.',Mtoto anapoandika insha na kuchanganya mpangilio wa maneno anaweza kutumia stadi hii kupanga upya sentensi zake ziwe sahihi na zieleweke.,Panga maneno 'ndefu twiga shingo ana' kuunda sentensi sahihi::Twiga ana shingo ndefu.||Panga maneno 'baba pweza anakula' kuunda sentensi sahihi::Baba anakula pweza.||Panga maneno 'gwaride Tweve anacheza' kuunda sentensi sahihi::Tweve anacheza gwaride.,
2023-JSS004-DRS II,Kusoma,Kutambua uhusiano wa sauti na herufi,Kuunganisha maneno kusoma sentensi,"Kupanga maneno yenye silabi mwambatano fy, my na py kuunda sentensi sahihi",3,"Mazoezi ya kupanga maneno, kazi ya jozi, kusoma kwa sauti sentensi zilizokamilika",Kuwaongoza Wanafunzi,"Mwanafunzi anaweza kupanga maneno yaliyotolewa kiholela yenye silabi mwambatano fy, my au py ili kuunda sentensi sahihi na kuisoma kwa sauti.",kadi za maneno yaliyochanganywa|chati ya sentensi sahihi|ubao,"TET(2023), KUSOMA, KITABU CHA MWANAFUNZI, DARASA LA PILI, TET, DAR ES SALAAM","Maneno ya sentensi yenye silabi mwambatano fy, my na py yanapopangwa vibaya, mwanafunzi hupaswa kuyapanga upya kwa mpangilio sahihi ili sentensi iwe na maana.","Mwalimu anaonyesha maneno yaliyochanganyika ubaoni, wanafunzi wanajadiliana kwa jozi na kuyapanga kwa mpangilio sahihi kisha wanasoma sentensi iliyokamilika kwa sauti.",Mfano: 'mpya fulana alivaa kaka' hupangwa kuwa 'Kaka alivaa fulana mpya.'; 'alitengeneza kompyuta fundi' hupangwa kuwa 'Fundi alitengeneza kompyuta.'; 'maua nyuki anafyonza' hupangwa kuwa 'Nyuki anafyonza maua.',Mtoto anapoandika sentensi kuhusu vitu vyake vipya anaweza kutumia stadi hii kupanga maneno vizuri kama 'Kaka alivaa fulana mpya.',Panga maneno 'mpya fulana alivaa kaka' kuunda sentensi sahihi::Kaka alivaa fulana mpya.||Panga maneno 'maua nyuki anafyonza' kuunda sentensi sahihi::Nyuki anafyonza maua.||Panga maneno 'kimya kukaa wanafunzi darasani wanapaswa' kuunda sentensi sahihi::Wanafunzi wanapaswa kukaa kimya darasani.,
2023-JSS004-DRS II,Kusoma,Kutambua uhusiano wa sauti na herufi,Kuunganisha silabi kusoma maneno yenye konsonanti tatu na irabu,Kuunganisha herufi mwambatano njw na nyw na irabu kusoma silabi na maneno,6,"Maonyesho ya matamshi, kadi za silabi, kuunganisha herufi kwa sauti, mazoezi ya kurudiarudia darasani",Kuwaongoza Wanafunzi,"Mwanafunzi anaweza kuunganisha herufi mwambatano njw na nyw na irabu a, e, i, o, u kutamka silabi njwa, njwe, njwi, njo, nju, nywa, nywe, nywi, nyo, nyu na kuzitumia kusoma maneno kama chinjwa na kunywa.",kadi za herufi mwambatano|chati ya silabi|picha za chungwa na kunywa|ubao,"TET(2023), KUSOMA, KITABU CHA MWANAFUNZI, DARASA LA PILI, TET, DAR ES SALAAM","Herufi mwambatano njw na nyw ni muunganiko wa konsonanti tatu unaotamkwa kama sauti moja kabla ya irabu. Zikiunganishwa na irabu a, e, i, o, u huunda silabi zinazotumika kusoma maneno halisi.","Mwalimu aonyeshe jinsi ya kuunganisha herufi njw na irabu tofauti kutamka njwa, njwe, njwi, njo, nju; kisha herufi nyw na irabu kutamka nywa, nywe, nywi, nyo, nyu. Wanafunzi warudie kwa sauti mmoja mmoja na kwa vikundi, kisha waunganishe silabi hizo na silabi nyingine kusoma maneno kamili.","Mfano: silabi chi na njwa zikiunganishwa huunda neno chinjwa. Silabi ku na nywa zikiunganishwa huunda neno kunywa. Maneno mengine: nywele, nywila, kinywa.",Kila siku mimi hunywa maji safi baada ya kucheza ili niwe na afya njema.,Ukiunganisha herufi mwambatano njw na irabu a unapata silabi gani?::njwa||Silabi chi na njwa zikiunganishwa huunda neno gani?::chinjwa||Neno kunywa lina silabi mbili zipi?::ku na nywa,
2023-JSS004-DRS II,Kusoma,Kutambua uhusiano wa sauti na herufi,Kuunganisha silabi kusoma maneno yenye konsonanti tatu na irabu,Kuunganisha herufi mwambatano shw na ngw na irabu kusoma silabi na maneno,6,"Maonyesho ya matamshi, kadi za silabi, uimbaji wa wimbo wa silabi ngwa, mazoezi ya kutamka kwa jozi",Kuwaongoza Wanafunzi,"Mwanafunzi anaweza kuunganisha herufi mwambatano shw na ngw na irabu a, e, i, o, u kutamka silabi shwa, shwe, shwi, sho, shu, ngwa, ngwe, ngwi, ngo, ngu na kuzisoma katika maneno kama shwari na chungwa.",kadi za herufi mwambatano|chati ya silabi|picha ya chungwa na shwari|kadi za maneno,"TET(2023), KUSOMA, KITABU CHA MWANAFUNZI, DARASA LA PILI, TET, DAR ES SALAAM",Herufi mwambatano shw na ngw huundwa kwa konsonanti tatu zinazotamkwa pamoja kama sauti moja. Zikiunganishwa na irabu tano huunda silabi zinazotumika kusoma maneno mengi ya Kiswahili.,"Mwalimu aonyeshe uunganishaji wa shw na irabu kutamka shwa, shwe, shwi, sho, shu; kisha ngw na irabu kutamka ngwa, ngwe, ngwi, ngo, ngu. Darasa liimbe wimbo unaotaja silabi ya mwisho ya neno chungwa ni ngwa, kisha wanafunzi wasome maneno yenye silabi hizo kama shwari, kichwa na fungwa.","Mfano: silabi ya mwisho katika neno chungwa ni ngwa. Neno shwari huundwa na silabi shwa na ri. Maneno mengine: kichwa, fungwa, pangwa.",Mama huniambia niwe shwari nyumbani ili nisimuudhi mdogo wangu.,Silabi ya mwisho katika neno chungwa ni ipi?::ngwa||Neno shwari lina silabi zipi?::shwa na ri||Ukiunganisha herufi mwambatano ngw na irabu o unapata silabi gani?::ngo,
2023-JSS004-DRS II,Kusoma,Kutambua uhusiano wa sauti na herufi,Kuunganisha silabi kusoma maneno yenye konsonanti tatu na irabu,Kuunganisha herufi mwambatano mbw na ndw na irabu kusoma silabi na maneno,6,"Maonyesho ya matamshi, kadi za silabi, michezo ya kuunganisha silabi, maswali na majibu darasani",Kuwaongoza Wanafunzi,"Mwanafunzi anaweza kuunganisha herufi mwambatano mbw na ndw na irabu a, e, i, o, u kutamka silabi mbwa, mbwe, mbwi, mbo, mbu, ndwa, ndwe, ndwi, ndo, ndu na kuzitumia kusoma maneno kama mbweha na kandwa.",kadi za herufi mwambatano|chati ya silabi|picha ya mbweha|kadi za maneno,"TET(2023), KUSOMA, KITABU CHA MWANAFUNZI, DARASA LA PILI, TET, DAR ES SALAAM",Herufi mwambatano mbw na ndw ni konsonanti tatu zinazotamkwa kama sauti moja kabla ya irabu. Kuziunganisha na irabu tano huunda silabi zinazotumika kusoma maneno mbalimbali.,"Mwalimu aonyeshe uunganishaji wa mbw na irabu kutamka mbwa, mbwe, mbwi, mbo, mbu; kisha ndw na irabu kutamka ndwa, ndwe, ndwi, ndo, ndu. Wanafunzi watamke kwa sauti na waunde maneno kama mbweha (mbwe+ha) na kandwa (ka+ndwa).",Mfano: silabi mbwe na ha zikiunganishwa huunda neno mbweha. Silabi ka na ndwa zikiunganishwa huunda neno kandwa.,Wakati wa jioni tuliona mbweha akipita karibu na shamba letu.,Silabi mbwe na ha zikiunganishwa huunda neno gani?::mbweha||Ukiunganisha herufi mwambatano ndw na irabu a unapata silabi gani?::ndwa||Silabi ka na ndwa zikiunganishwa huunda neno gani?::kandwa,
2023-JSS004-DRS II,Kusoma,Kutambua uhusiano wa sauti na herufi,Kuunganisha silabi kusoma maneno yenye konsonanti tatu na irabu,Kuunganisha herufi mwambatano ng'w na irabu kusoma silabi na maneno,6,"Maonyesho ya matamshi, kadi za silabi, kutambua majina yenye ng'w, mazoezi ya kusoma kwa zamu",Kuwaongoza Wanafunzi,"Mwanafunzi anaweza kuunganisha herufi mwambatano ng'w na irabu a, e, i, o, u kutamka silabi ng'wa, ng'we, ng'wi, ng'o, ng'u na kuzitumia kusoma maneno na majina kama ng'ombe na Ng'wale.",kadi za herufi mwambatano|chati ya silabi|picha ya ng'ombe|kadi za majina,"TET(2023), KUSOMA, KITABU CHA MWANAFUNZI, DARASA LA PILI, TET, DAR ES SALAAM",Herufi mwambatano ng'w ni muunganiko maalum wa konsonanti tatu wenye alama ya kikomo (') unaotamkwa kama sauti moja. Ikiunganishwa na irabu tano huunda silabi zinazotumika kusoma maneno na majina.,"Mwalimu aonyeshe matamshi sahihi ya herufi mwambatano ng'w yenye alama ya kikomo, akiunganisha na irabu kutamka ng'wa, ng'we, ng'wi, ng'o, ng'u. Wanafunzi wasome maneno na majina yenye herufi hizo kama ng'ombe, ng'wenya, Ng'wale na Ngweta.",Mfano: neno ng'ombe huundwa na silabi ng'o na mbe. Majina Ng'wale na Ngweta pia huwa na herufi mwambatano ng'w.,Kijijini kwetu kuna ng'ombe wengi wanaofugwa na wakulima.,Ukiunganisha herufi mwambatano ng'w na irabu o unapata silabi gani?::ng'o||Neno ng'ombe lina silabi zipi?::ng'o na mbe||Taja jina la mtu lenye herufi mwambatano ng'w kutoka hadithi uliyosoma.::Ng'wale au Ngweta,
2023-JSS004-DRS II,Kusoma,Kutambua uhusiano wa sauti na herufi,Kuunganisha silabi kusoma maneno yenye konsonanti tatu na irabu,Kutenganisha na kuunganisha silabi za herufi mwambatano konsonanti tatu katika maneno mchanganyiko,6,"Zoezi la kutenganisha silabi, kukamilisha maneno pungufu, kusoma orodha ya maneno kwa zamu, marudio ya jumla",Kuwaongoza Wanafunzi,"Mwanafunzi anaweza kutenganisha na kuunganisha silabi za herufi mwambatano njw, nyw, shw, ngw, mbw, ndw na ng'w ili kusoma na kukamilisha maneno kwa usahihi.",kadi za silabi mchanganyiko|orodha ya maneno|ubao|kadi za maneno pungufu,"TET(2023), KUSOMA, KITABU CHA MWANAFUNZI, DARASA LA PILI, TET, DAR ES SALAAM","Baada ya kujifunza herufi mwambatano zote saba, mwanafunzi hutenganisha silabi zinazounda neno na pia huunganisha silabi kukamilisha maneno yaliyoachwa wazi, jambo linalojenga ufasaha wa kusoma.","Mwalimu asome orodha ya maneno mchanganyiko mchwa, pashwa, nywele, pendwa, kichwa, pangwa, chinjwa, shindwa, chemshwa, shushwa, nywila, kinywa, fungwa, pingwa, shwari wakati wanafunzi wakifuatilia; kisha awape maneno pungufu kama ki____ ili wakamilishe kwa silabi nywa na kupata kinywa.",Mfano: pingwa hutenganishwa kuwa pi na ngwa. Neno ki____ likikamilishwa na silabi nywa huwa kinywa. Neno pendwa hutenganishwa kuwa pe na ndwa.,Ninapenda kutenganisha silabi za maneno ninayosoma ili nisome kwa usahihi kila siku.,Tenganisha silabi za neno pingwa.::pi na ngwa||Kamilisha: ki____ kwa kutumia silabi nywa ili kupata neno gani?::kinywa||Tenganisha silabi za neno pendwa.::pe na ndwa,
2023-JSS004-DRS II,Kusoma,Kutambua uhusiano wa sauti na herufi,Kuunganisha maneno kusoma sentensi,Kusoma kwa sauti sentensi sahihi zenye maneno ya herufi mwambatano konsonanti tatu,4,"Kusoma kwa sauti kwa zamu, maonyesho ya mwalimu, kutunga sentensi kutoka jedwali la maneno, marekebisho ya matamshi",Kuwaongoza Wanafunzi,"Mwanafunzi anaweza kusoma kwa sauti na kutunga sentensi sahihi akitumia maneno yenye herufi mwambatano konsonanti tatu kama kunjwa, kupendwa na kufungwa.","jedwali la maneno (jina, tendo, kitu)|kadi za sentensi|ubao|chati ya sentensi","TET(2023), KUSOMA, KITABU CHA MWANAFUNZI, DARASA LA PILI, TET, DAR ES SALAAM","Baada ya kusoma silabi na maneno, mwanafunzi hujifunza kuunganisha maneno hayo kuunda na kusoma sentensi kamili zenye maana sahihi.","Mwalimu atumie jedwali la jina, tendo na kitu/mahali kuonyesha jinsi sentensi Mbweha anaishi porini inavyoundwa, kisha wanafunzi wasome kwa sauti sentensi kama Nguo zote zimekunjwa vizuri, Kichwa chake kilikuwa na mvi na Ng'ombe alichinjwa machinjioni.",Mfano: Mbweha anaishi porini. Sentensi nyingine: Timu yetu ilifungwa magoli matatu. Rushwa inapingwa na watu wote. Watoto wenye tabia njema hupendwa.,Nyumbani mama huniambia daima nguo zilizofuliwa zikunjwe vizuri kabla ya kuhifadhiwa.,Soma kwa sauti: Mbweha anaishi wapi kwa mujibu wa sentensi ya mfano?::porini||Kamilisha maana ya sentensi: Ng'ombe alichinjwa wapi?::machinjioni||Sentensi 'Watoto wenye tabia njema hupendwa' inaeleza nini kuhusu watoto wenye tabia njema?::Hupendwa na watu,
2023-JSS004-DRS II,Kusoma,Kutambua uhusiano wa sauti na herufi,Kuunganisha maneno kusoma sentensi,Kupanga maneno kuunda sentensi sahihi na kusoma habari fupi zenye herufi mwambatano konsonanti tatu,3,"Kupanga maneno yaliyochanganywa, kusoma habari kwa zamu, maswali na majibu ya ufahamu",Kuwaongoza Wanafunzi,Mwanafunzi anaweza kupanga maneno yaliyochanganywa kuunda sentensi sahihi na kusoma habari fupi zenye herufi mwambatano konsonanti tatu kwa ufasaha na kujibu maswali ya ufahamu.,kadi za maneno yaliyochanganywa|habari ya Mashwa|habari ya Ngweta apelekwa hospitali|ubao,"TET(2023), KUSOMA, KITABU CHA MWANAFUNZI, DARASA LA PILI, TET, DAR ES SALAAM","Baada ya kusoma sentensi moja moja, mwanafunzi hujifunza kupanga maneno yaliyochanganyika ili kuunda sentensi sahihi na kusoma habari fupi zenye maneno ya herufi mwambatano ili kuongeza ufasaha na ufahamu.","Mwalimu aandike maneno yaliyochanganywa kama mtoto na mama aliogeshwa wanafunzi wapange kuwa Mtoto aliogeshwa na mama, kisha wanafunzi wasome habari za Mashwa na Ngweta apelekwa hospitali kwa sauti na kujibu maswali ya ufahamu.",Mfano: mtoto na mama aliogeshwa likipangwa huwa Mtoto aliogeshwa na mama. Habari Mashwa inaeleza mtoto anayewasaidia wazazi wake kupanga bidhaa dukani. Habari Ngweta apelekwa hospitali inaeleza mtoto aliyeumwa homa na kupelekwa hospitalini.,"Nikiwa mgonjwa kama Ngweta, ninapaswa kumwambia mzazi wangu ili nipelekwe hospitalini mapema.","Panga maneno haya kuunda sentensi: mtoto na mama aliogeshwa.::Mtoto aliogeshwa na mama.||Katika habari ya Mashwa, Mashwa alimsaidia nini baba yake dukani?::Kupanga na kuuza bidhaa||Katika habari ya Ngweta, Ngweta alipewa nini hospitalini kabla ya kurudi nyumbani?::Dawa na sindano",
2023-JSS004-DRS II,Kusoma,Kutambua uhusiano wa sauti na herufi,Kuunganisha sauti za herufi mwambatano zenye konsonanti mbili na irabu ili kuunda silabi na kutambulisha herufi mwambatano zenye maneno ya kukopa,Kuunganisha herufi mwambatano bl na pl na irabu kuunda silabi na kutambua maneno ya kukopa,3,Maswali na majibu|Kutamka kwa pamoja|Mchezo wa kadi za silabi,Kuwaongoza Wanafunzi,"Mwanafunzi anaweza kuunganisha bl na pl na irabu a, e, i, o, u kuunda silabi na kusoma kwa usahihi maneno blanketi, blauzi na plastiki.",kadi za herufi mwambatano|picha za blanketi na plastiki|chati ya silabi,"TET(2023), KUSOMA, KITABU CHA MWANAFUNZI, DARASA LA PILI, TET, DAR ES SALAAM","Herufi mwambatano ni herufi mbili za konsonanti zinazoungana kutoa sauti moja katika maneno ya kukopa kutoka lugha nyingine. Ukiunganisha herufi mwambatano bl na irabu unapata silabi kama bla, na ukiunganisha pl na irabu unapata silabi kama pla.","Wanafunzi hutamka bl na pl pamoja na irabu a, e, i, o, u kuunda silabi bla, ble, bli, blo, blu na pla, ple, pli, plo, plu, kisha kuzitumia kusoma maneno ya kukopa kama blanketi, blauzi, bluu na plastiki, plau.",Mfano: Ukiunganisha bl na irabu a unapata silabi bla kama katika neno blanketi (bla-nke-ti). Ukiunganisha pl na irabu a unapata silabi pla kama katika neno plastiki (pla-sti-ki).,Mwanafunzi anaweza kutambua blanketi analolitumia kujifunika usiku nyumbani na chombo cha plastiki kinachotumika jikoni kubeba maji.,Unganisha bl na irabu i kupata silabi gani?::bli||Unganisha pl na irabu a kupata silabi gani?::pla||Taja neno lenye herufi mwambatano bl.::blanketi (au blauzi)||Taja neno lenye herufi mwambatano pl.::plastiki,
2023-JSS004-DRS II,Kusoma,Kutambua uhusiano wa sauti na herufi,Kuunganisha sauti za herufi mwambatano zenye konsonanti mbili na irabu ili kuunda silabi na kutambulisha herufi mwambatano zenye maneno ya kukopa,Kuunganisha herufi mwambatano sp na sk na irabu kuunda silabi na kutambua maneno ya kukopa,3,Maswali na majibu|Kutamka kwa pamoja|Kuimba wimbo wa silabi,Kuwaongoza Wanafunzi,"Mwanafunzi anaweza kuunganisha sp na sk na irabu kuunda silabi na kusoma maneno spana, spinachi, sketi na skafu kwa ufasaha.",kadi za herufi mwambatano|picha za spana na sketi|chati ya sauti,"TET(2023), KUSOMA, KITABU CHA MWANAFUNZI, DARASA LA PILI, TET, DAR ES SALAAM","Herufi mwambatano sp na sk zinapoungana na irabu huunda silabi zinazopatikana katika maneno ya kukopa. Kwa mfano, sp na irabu i huunda silabi spi, na sk na irabu e huunda silabi ske.","Wanafunzi hufundishwa kutamka sp na sk pamoja na irabu a, e, i, o, u kuunda silabi kama spa, spi, spo na ska, ske, sko, kisha kuzitumia kusoma maneno spana, spinachi, spidi na sketi, skafu, skauti.",Mfano: Silabi ya mwanzo katika neno sketi ni ske. Ukiunganisha sp na irabu a unapata spa kama katika neno spana (spa-na).,Mwanafunzi anaweza kutambua spana anayoiona karakana ya baba akitengeneza gari na sketi anayoivaa shuleni kama sehemu ya sare.,Silabi ya mwanzo ya neno sketi ni ipi?::ske||Unganisha sp na irabu a kupata silabi gani?::spa||Taja neno lenye herufi mwambatano sp.::spana (au spinachi)||Taja neno lenye herufi mwambatano sk.::sketi (au skafu),
2023-JSS004-DRS II,Kusoma,Kutambua uhusiano wa sauti na herufi,Kuunganisha sauti za herufi mwambatano zenye konsonanti mbili na irabu ili kuunda silabi na kutambulisha herufi mwambatano zenye maneno ya kukopa,Kuunganisha herufi mwambatano st na pt na irabu kuunda silabi na kutambua maneno ya kukopa,3,Maswali na majibu|Kutamka kwa pamoja|Mchezo wa kukamilisha maneno,Kuwaongoza Wanafunzi,"Mwanafunzi anaweza kuunganisha st na pt na irabu kuunda silabi na kusoma maneno stovu, stesheni, stuli, kapteni na kaptura kwa usahihi.",kadi za herufi mwambatano|picha za stovu na stesheni|chati ya silabi,"TET(2023), KUSOMA, KITABU CHA MWANAFUNZI, DARASA LA PILI, TET, DAR ES SALAAM","Herufi mwambatano st na pt zinapoungana na irabu huunda silabi zinazotumika katika maneno ya kukopa. Kwa mfano, st na irabu o huunda silabi sto, na pt na irabu i huunda silabi pti.","Wanafunzi hutamka st na pt pamoja na irabu a, e, i, o, u kuunda silabi sta, ste, sti, sto, stu na pta, pte, pti, pto, ptu, kisha kuzitumia kusoma maneno stovu, stesheni, stuli, stendi na kapteni, kaptura.","Mfano: Herufi zinazounda silabi sto ni st na o, kama katika neno stovu (sto-vu). Herufi zinazounda silabi ptu ni pt na u, kama katika neno kaptura.",Mwanafunzi anaweza kutambua stovu inayotumika jikoni kupikia chakula na kapteni wa timu yao ya michezo shuleni.,Herufi zinazounda silabi sto ni zipi?::st na o||Taja neno lenye herufi mwambatano st.::stovu (au stesheni)||Taja neno lenye herufi mwambatano pt.::kapteni (au kaptura)||Kamilisha: so___ (jibu: soksi) linatumia silabi gani?::ksi,
2023-JSS004-DRS II,Kusoma,Kutambua uhusiano wa sauti na herufi,Kuunganisha sauti za herufi mwambatano zenye konsonanti mbili na irabu ili kuunda silabi na kutambulisha herufi mwambatano zenye maneno ya kukopa,Kuunganisha herufi mwambatano kt na ks na irabu kuunda silabi na kutambua maneno ya kukopa,3,Maswali na majibu|Kutamka kwa pamoja|Mchezo wa kutenganisha silabi,Kuwaongoza Wanafunzi,"Mwanafunzi anaweza kuunganisha kt na ks na irabu kuunda silabi na kusoma maneno bukta, maktaba, soksi na maksai kwa usahihi.",kadi za herufi mwambatano|picha za soksi na maktaba|chati ya sauti,"TET(2023), KUSOMA, KITABU CHA MWANAFUNZI, DARASA LA PILI, TET, DAR ES SALAAM","Herufi mwambatano kt na ks zinapoungana na irabu huunda silabi zinazopatikana katikati au mwishoni mwa maneno ya kukopa. Kwa mfano, kt na irabu a huunda silabi kta, na ks na irabu i huunda silabi ksi.","Wanafunzi hutamka kt na ks pamoja na irabu a, e, i, o, u kuunda silabi kta, kte, kti, kto, ktu na ksa, kse, ksi, kso, ksu, kisha kutenganisha silabi katika maneno kama bukta (bu-kta) na soksi (so-ksi), maktaba (ma-kta-ba).","Mfano: Tenganisha silabi katika neno bukta ni bu na kta. Kamilisha so___ hupata soksi, silabi inayokamilisha ni ksi.",Mwanafunzi anaweza kutambua soksi anazozivaa miguuni kila siku ya shule na maktaba ya shule wanapokwenda kusoma vitabu.,Tenganisha silabi za neno bukta.::bu na kta||Kamilisha: so___ (jibu ni soksi); ni silabi gani inayokamilisha?::ksi||Taja neno lenye herufi mwambatano kt.::bukta (au maktaba)||Taja neno lenye herufi mwambatano ks.::soksi (au maksai),
2023-JSS004-DRS II,Kusoma,Kutambua uhusiano wa sauti na herufi,Kuunganisha sauti za herufi mwambatano zenye konsonanti mbili na irabu ili kuunda silabi na kutambulisha herufi mwambatano zenye maneno ya kukopa,Kuunganisha herufi mwambatano nk na ft na irabu kuunda silabi na kutambua maneno ya kukopa,2,Maswali na majibu|Kutamka kwa pamoja|Kusoma kwa zamu,Kuwaongoza Wanafunzi,Mwanafunzi anaweza kuunganisha nk na ft na irabu kuunda silabi na kusoma maneno yenye herufi mwambatano nk na ft kama daftari na madaftari.,kadi za herufi mwambatano|picha ya daftari|chati ya silabi,"TET(2023), KUSOMA, KITABU CHA MWANAFUNZI, DARASA LA PILI, TET, DAR ES SALAAM","Herufi mwambatano nk na ft zinapoungana na irabu huunda silabi zinazopatikana katika baadhi ya majina na maneno ya kukopa. Kwa mfano, nk na irabu a huunda silabi nka, na ft na irabu a huunda silabi fta.","Wanafunzi hutamka nk na ft pamoja na irabu a, e, i, o, u kuunda silabi nka, nke, nki, nko, nku na fta, fte, fti, fto, ftu, kisha kuzitumia kusoma jina Nkisi na neno daftari, madaftari (da-fta-ri).",Mfano: Silabi nka inapatikana katika jina Nkisi (Nkisi ni kapteni wa timu yetu ya michezo). Silabi fta inapatikana katika neno daftari (da-fta-ri).,Mwanafunzi anaweza kutambua daftari analolitumia darasani kuandikia masomo yake kila siku.,"Unganisha nk na irabu i kupata silabi gani?::nki||Unganisha ft na irabu a kupata silabi gani?::fta||Taja neno lenye herufi mwambatano ft.::daftari (au madaftari)||Tenganisha silabi za neno daftari.::da, fta na ri",
2023-JSS004-DRS II,Kusoma,Kutambua uhusiano wa sauti na herufi,Kuunganisha sauti za herufi mwambatano zenye konsonanti mbili na irabu ili kuunda silabi na kutambulisha herufi mwambatano zenye maneno ya kukopa,Kuunganisha herufi mwambatano tr na ar na irabu kuunda silabi na kutambua maneno ya kukopa,3,Maswali na majibu|Kutamka kwa pamoja|Michezo ya kuunda maneno,Kuwaongoza Wanafunzi,"Mwanafunzi anaweza kuunganisha tr na ar na irabu kuunda silabi na kusoma maneno trekta, treni na ardhi kwa usahihi.",kadi za herufi mwambatano|picha za trekta na treni|chati ya sauti,"TET(2023), KUSOMA, KITABU CHA MWANAFUNZI, DARASA LA PILI, TET, DAR ES SALAAM","Herufi mwambatano tr na ar zinapoungana na irabu huunda silabi zinazopatikana katika maneno ya kukopa. Kwa mfano, tr na irabu e huunda silabi tre, na ar hupatikana mwanzoni mwa maneno kama ardhi.","Wanafunzi hutamka tr pamoja na irabu a, e, i, o, u kuunda silabi tra, tre, tri, tro, tru, kisha kuzitumia kusoma maneno trekta (tre-kta) na treni. Vilevile hutamka ar katika neno ardhi (ar-dhi).",Mfano: Ukiunganisha tr na irabu e unapata silabi tre kama katika neno trekta (tre-kta). Neno ardhi linaanza na herufi mwambatano ar.,Mwanafunzi anaweza kutambua trekta linalotumika shambani kulima na treni wanayoisafiria wakienda kuwatembelea jamaa.,Unganisha tr na irabu e kupata silabi gani?::tre||Taja neno lenye herufi mwambatano tr.::trekta (au treni)||Neno ardhi lina herufi mwambatano gani mwanzoni?::ar||Tenganisha silabi za neno trekta.::tre na kta,
2023-JSS004-DRS II,Kusoma,Kutambua uhusiano wa sauti na herufi,Kuunganisha sauti za herufi mwambatano zenye konsonanti mbili na irabu ili kuunda silabi na kutambulisha herufi mwambatano zenye maneno ya kukopa,Kuunganisha herufi mwambatano al na irabu kuunda silabi na kutambua maneno ya kukopa,3,Maswali na majibu|Kutamka kwa pamoja|Kusoma sentensi zenye herufi mwambatano al,Kuwaongoza Wanafunzi,Mwanafunzi anaweza kuunganisha al na irabu kuunda silabi na kusoma maneno almasi na alhamisi kwa usahihi katika sentensi.,kadi za herufi mwambatano|picha ya almasi|chati ya siku za wiki,"TET(2023), KUSOMA, KITABU CHA MWANAFUNZI, DARASA LA PILI, TET, DAR ES SALAAM","Herufi mwambatano al inapoungana na irabu huunda silabi zinazopatikana mwanzoni mwa baadhi ya maneno ya kukopa, kama vile almasi na alhamisi.","Wanafunzi hutamka al pamoja na irabu kuunda silabi ala, ale, ali, alo, alu, kisha kuzitumia kusoma sentensi kama Madini ya almasi yanachimbwa mkoani Shinyanga, na kutambua siku ya Alhamisi katika ratiba ya wiki.",Mfano: Neno almasi linaanza na herufi mwambatano al (al-ma-si). Neno alhamisi pia linaanza na al (al-ha-mi-si).,Mwanafunzi anaweza kutambua siku ya Alhamisi katika ratiba ya darasa na kusikia habari za madini ya almasi yanayochimbwa nchini.,"Neno almasi linaanza na herufi mwambatano gani?::al||Taja siku ya wiki yenye herufi mwambatano al.::Alhamisi||Soma sentensi: Madini ya almasi yanachimbwa mkoani gani?::Shinyanga||Tenganisha silabi za neno almasi.::al, ma na si",
2023-JSS004-DRS II,Kusoma,Kutambua uhusiano wa sauti na herufi,Kuunganisha maneno kusoma sentensi,Kuunganisha maneno yenye herufi mwambatano kutunga na kusoma sentensi sahihi,4,Maswali na majibu|Kazi ya vikundi|Kutunga sentensi kwa kutumia jedwali,Kuwaongoza Wanafunzi,Mwanafunzi anaweza kuchagua maneno sahihi kutoka jedwali au kupanga maneno yaliyochanganywa ili kuunda na kusoma sentensi sahihi yenye maana.,jedwali la maneno|kadi za maneno|ubao wa kuandikia sentensi,"TET(2023), KUSOMA, KITABU CHA MWANAFUNZI, DARASA LA PILI, TET, DAR ES SALAAM","Sentensi sahihi huundwa kwa kuunganisha maneno kwa mpangilio unaoleta maana, ikiwemo jina, tendo na kitu au mahali, kwa kutumia maneno yenye herufi mwambatano tuliyojifunza kama bukta, sketi na skauti.","Wanafunzi hutumia jedwali lenye safu za Jina, Tendo na Kitu/Mahali kutunga sentensi kama Mwanamichezo amevaa bukta, kisha hufanya zoezi la kupanga maneno yaliyochanganywa ili kuunda sentensi sahihi kama Asha amevaa sketi ya bluu.","Mfano: Kutoka jedwali - Mwanafunzi amevaa stuli (kosa), sahihi ni Mwanamichezo amevaa bukta. Kupanga maneno: 'amevaa sketi ya bluu Asha' hupangwa kuwa Asha amevaa sketi ya bluu.","Mwanafunzi anaweza kutunga sentensi sahihi kuhusu sare anayovaa shuleni, mfano: Mimi ninavaa soksi na sketi za shule.",Tumia jedwali kutunga sentensi kuhusu skauti.::Vijana wanapenda skauti||Panga maneno: 'skauti skafu imepotea ya' kuwa sentensi sahihi.::Skafu ya skauti imepotea||Panga maneno: 'soda kreti imejaa' kuwa sentensi sahihi.::Kreti imejaa soda||Tunga sentensi kwa neno trekta.::Baba analima kwa trekta,
2023-JSS004-DRS II,Kusoma,Kutambua uhusiano wa sauti na herufi,Kuunganisha maneno kusoma sentensi,Kutenganisha maneno yaliyoambatanishwa ili kusoma sentensi kwa ufasaha,3,Maonyesho|Kazi ya vikundi|Mazoezi ya kusoma kwa sauti,Kuwaongoza Wanafunzi,Mwanafunzi anaweza kutenganisha maneno yaliyoambatanishwa bila nafasi na kuyasoma kama sentensi sahihi kwa ufasaha.,kadi za sentensi|ubao wa kuandikia|chati ya sentensi,"TET(2023), KUSOMA, KITABU CHA MWANAFUNZI, DARASA LA PILI, TET, DAR ES SALAAM",Wakati mwingine maneno ya sentensi huandikwa yakiwa yameambatana bila nafasi; mwanafunzi hujifunza kutambua mpaka wa kila neno ili kusoma sentensi kwa usahihi na kuelewa maana yake.,"Wanafunzi hufanya mazoezi ya kutenganisha maneno kama Ndooyaplastikiimepasukajana kuwa Ndoo ya plastiki imepasuka jana, na Blanketilababulimefuliwa kuwa Blanketi la babu limefuliwa, kisha kusoma sentensi hizo kwa sauti.",Mfano: Watotowanamung'unyabiskuti hutenganishwa kuwa Watoto wanamung'unya biskuti. Speazamagarizinauzwabeighali hutenganishwa kuwa Spea za magari zinauzwa bei ghali.,Mwanafunzi anaweza kutumia stadi hii kusoma maandishi yaliyobanana katika magazeti au vitabu vya hadithi na kuelewa maana yake vizuri.,Tenganisha: 'Ndooyaplastikiimepasukajana'.::Ndoo ya plastiki imepasuka jana||Tenganisha: 'Blanketilababulimefuliwa'.::Blanketi la babu limefuliwa||Tenganisha: 'Skonzizimepikwanakrimuyamaziwa'.::Skonzi zimepikwa na krimu ya maziwa||Tenganisha: 'Watotowanamung'unyabiskuti'.::Watoto wanamung'unya biskuti,
2023-JSS004-DRS II,Kusoma,Kusoma kwa ufasaha,Kusoma kwa kujiamini kifungu cha habari/hadithi linganifu kwa kuzingatia matamshi sahihi ya maneno,Kusoma kwa kujiamini habari 'Bustani ya maua' kwa kuzingatia matamshi sahihi ya maneno,5,"Mwalimu kusoma kwanza kifungu kwa sauti kama kielelezo, kisha wanafunzi kufuatia kwa zamu",Kuwaongoza Wanafunzi,"Mwanafunzi anasoma sentensi za habari 'Bustani ya maua' bila kusita na kutamka kila neno kwa usahihi, hasa maneno magumu kama 'kuuzwa' na 'humwagilia'",kifungu cha habari 'Bustani ya maua'|ubaoni maneno magumu|kadi za maneno,"TET(2023), KUSOMA, KITABU CHA MWANAFUNZI, DARASA LA PILI, TET, DAR ES SALAAM","Kusoma kwa kujiamini maana yake kusoma bila woga wala kusitasita, huku ukitamka kila neno kwa usahihi kama linavyoandikwa","Mwalimu aandike maneno magumu ubaoni kama 'Ng'aida', 'bustani', 'humwagilia' na 'kuuzwa', awasomeshe wanafunzi kwa pamoja mara kadhaa kabla ya kusoma kifungu kizima. Kisha kila mwanafunzi asome aya moja kwa sauti mbele ya wenzake huku mwalimu akisahihisha matamshi yasiyo sahihi papo hapo","Mfano wa kusoma: 'Ng'aida anasoma darasa la pili. Shule yao ina bustani ya maua. Bustani ina maua meupe, mekundu na kijani. Maua hayo yanaweza kuuzwa kwa bei kubwa. Ng'aida na wanafunzi humwagilia maua kila siku. Ng'aida amejifunza namna ya kutunza bustani ya maua. Amepanda maua nyumbani kwao. Amemfundisha mama yake kutunza bustani ya maua. Nyumba yao inapendeza sana.' — mwanafunzi anatakiwa atamke sawasawa maneno kama 'Ng'aida', 'kijani' na 'humwagilia' bila kubadilisha herufi","Mwanafunzi anajifunza kutamka majina na maneno sahihi anapozungumza na wenzake shuleni na nyumbani, kama vile jina lake mwenyewe au majina ya maua bustanini","Andika jina la mhusika mkuu wa habari::Ng'aida||Bustani ilikuwa na maua ya rangi gani?::Maua meupe, mekundu na kijani||Ng'aida alimfundisha nani kutunza bustani?::Alimfundisha mama yake",
2023-JSS004-DRS II,Kusoma,Kusoma kwa ufasaha,Kusoma kwa kujiamini kifungu cha habari/hadithi linganifu kwa kuzingatia matamshi sahihi ya maneno,Kusoma kwa kujiamini habari 'Twalipo na Swaumu' kwa kuzingatia matamshi sahihi ya maneno,5,Kusoma kwa mfano wa mwalimu kisha wanafunzi kusoma kwa zamu wawiliwawili,Kuwaongoza Wanafunzi,Mwanafunzi anasoma habari 'Twalipo na Swaumu' kwa kujiamini akitamka sahihi majina ya watu na sehemu yaliyomo ndani ya kifungu,"kifungu cha habari 'Twalipo na Swaumu'|kadi za majina magumu (Lweko, Pyuta, Kyala, Nyoni)|ubao","TET(2023), KUSOMA, KITABU CHA MWANAFUNZI, DARASA LA PILI, TET, DAR ES SALAAM",Kusoma kwa matamshi sahihi kunahusisha kutamka vizuri hata majina ya watu na sehemu ambayo huenda hayafahamiki sana,"Mwalimu aoneshe kadi zenye majina 'Lweko', 'Pyuta', 'Kyala' na 'Nyoni', awaongoze wanafunzi kuyatamka pamoja mara tatu, kisha wagawanywe wawiliwawili kusomeana habari nzima huku wakisahihishana matamshi","Mfano wa kusoma: 'Twalipo na Swaumu ni watoto wa mzee Lweko. Wanasoma katika Shule ya Msingi Pyuta. Wanaishi na bibi na mjomba wao katika Kijiji cha Kyala. Mjomba wao anaitwa Nyoni. Kila siku wakitoka shuleni, hufanya kazi za nyumbani. Swaumu huwapa ng'ombe na mbuzi majani. Twalipo huandaa chakula cha jioni. Baada ya kula, hujisomea. Watoto hawa ni mfano bora wa kuigwa.' — sisitiza matamshi sahihi ya 'Twalipo', 'Swaumu' na 'mjomba'",Mwanafunzi anatumia matamshi sahihi anapowatambulisha wageni majina ya ndugu na jamaa zake nyumbani,"Twalipo na Swaumu ni watoto wa nani?::Mzee Lweko||Wanaishi na nani kijijini Kyala?::Wanaishi na bibi na mjomba wao Nyoni||Baada ya kazi za nyumbani, Twalipo na Swaumu hufanya nini?::Hujisomea",
2023-JSS004-DRS II,Kusoma,Kusoma kwa ufasaha,Kusoma kwa kujiamini kifungu cha habari/hadithi linganifu kwa kuzingatia matamshi sahihi ya maneno,Kusoma kwa kujiamini hadithi 'Bibi Chapakazi' kwa kuzingatia matamshi sahihi ya maneno,5,Kusoma kwa sauti kwa zamu huku mwalimu akifuatilia matamshi ya kila mwanafunzi,Kuwaongoza Wanafunzi,Mwanafunzi anasoma hadithi 'Bibi Chapakazi' kwa kujiamini bila kigugumizi na kutamka sahihi maneno kama 'alichomwa' na 'Ndesamburo',kifungu cha hadithi 'Bibi Chapakazi'|kadi za maneno magumu|saa ya darasa,"TET(2023), KUSOMA, KITABU CHA MWANAFUNZI, DARASA LA PILI, TET, DAR ES SALAAM",Umahiri wa kutamka maneno magumu ya hadithi humwezesha mwanafunzi kusoma kwa kujiamini mbele ya wenzake,"Mwalimu atambulishe maneno magumu 'Chapakazi', 'aliamka', 'alichomwa' na 'Ndesamburo', wasome pamoja darasa zima kisha kila mwanafunzi asome aya moja ya hadithi mbele ya darasa akijiamini","Mfano wa kusoma: 'Hapo zamani za kale, kulikuwa na bibi mmoja. Jina lake alitwa Bibi Chapakazi. Alipewa jina hilo kutokana na uhodari wake wa kufanya kazi. Siku moja, aliamka kwenda porini kutafuta kuni. Alipofika porini, alikusanya kuni na kuzifunga kwa kamba. Wakati akitembea porini, alichomwa na mwiba mguuni. Alilalamika kwa maumivu makali, alikaa chini kwa huzuni. Mara, alipita kijana mmoja aitwaye Ndesamburo. Alimsalimia bibi, kisha akamsaidia kutoa mwiba. Bibi alimshukuru sana.' — sisitiza matamshi ya jina 'Ndesamburo' na neno 'alichomwa'",Mwanafunzi anajenga tabia ya kufanya kazi kwa bidii kama Bibi Chapakazi anapofanya kazi zake za nyumbani,Bibi katika hadithi aliitwaje?::Bibi Chapakazi||Bibi alichomwa na nini akiwa porini?::Alichomwa na mwiba mguuni||Ni nani aliyemsaidia Bibi kutoa mwiba?::Ndesamburo,
2023-JSS004-DRS II,Kusoma,Kusoma kwa ufasaha,Kusoma kifungu cha habari/hadithi linganifu kwa kasi stahiki (maneno 50 kwa dakika),Kusoma habari 'Bustani ya maua' kwa kasi ya maneno 50 kwa dakika,5,Kusoma kwa kutumia saa/kipima muda huku mwalimu akihesabu maneno yaliyosomwa,Kuwaongoza Wanafunzi,Mwanafunzi anasoma kifungu 'Bustani ya maua' kwa kasi ya wastani wa maneno 50 kwa dakika bila kuharakisha kupita kiasi wala kukokota,kifungu cha habari 'Bustani ya maua'|saa/kipima muda|karatasi ya kurekodi kasi,"TET(2023), KUSOMA, KITABU CHA MWANAFUNZI, DARASA LA PILI, TET, DAR ES SALAAM","Kusoma kwa kasi stahiki maana yake kusoma kwa mwendo wa kawaida, si haraka mno wala si taratibu mno, ili msikilizaji aelewe vizuri","Mwalimu amtimie mwanafunzi dakika moja kusoma kifungu, ahesabu maneno aliyosoma, kisha alinganishe na kiwango cha maneno 50. Zoezi hili lifanywe mara kadhaa ili kuboresha kasi","Mfano wa kifungu cha kupima kasi: 'Ng'aida anasoma darasa la pili. Shule yao ina bustani ya maua. Bustani ina maua meupe, mekundu na kijani. Maua hayo yanaweza kuuzwa kwa bei kubwa. Ng'aida na wanafunzi humwagilia maua kila siku. Ng'aida amejifunza namna ya kutunza bustani ya maua. Amepanda maua nyumbani kwao. Amemfundisha mama yake kutunza bustani ya maua. Nyumba yao inapendeza sana.' (maneno zaidi ya 50) — mwanafunzi asome sehemu ya kifungu kwa dakika moja",Mwanafunzi hujifunza kusoma taarifa kwa kasi inayoeleweka anapowasomea wazazi wake barua au tangazo nyumbani,Ni njia gani hutumika kupima kasi ya kusoma?::Saa au kipima muda||Kasi stahiki ya kusoma kwa DRS II ni maneno mangapi kwa dakika?::Maneno 50 kwa dakika||Kwa nini hatupaswi kusoma haraka mno?::Ili msikilizaji aelewe vizuri yanayosomwa,
2023-JSS004-DRS II,Kusoma,Kusoma kwa ufasaha,Kusoma kifungu cha habari/hadithi linganifu kwa kasi stahiki (maneno 50 kwa dakika),Kusoma habari 'Twalipo na Swaumu' kwa kasi ya maneno 50 kwa dakika,5,Kusoma kwa jozi huku mwenzake akipima muda na kuhesabu maneno,Kuwaongoza Wanafunzi,Mwanafunzi anasoma habari 'Twalipo na Swaumu' akimaliza aya kuu ndani ya muda unaolingana na kiwango cha maneno 50 kwa dakika,kifungu cha habari 'Twalipo na Swaumu'|saa/kipima muda|kadi ya kuhesabia maneno,"TET(2023), KUSOMA, KITABU CHA MWANAFUNZI, DARASA LA PILI, TET, DAR ES SALAAM",Kasi stahiki ya kusoma huwezesha msomaji kuelewa maudhui bila kuchosha wala kuchelewesha msikilizaji,"Wanafunzi wagawanywe jozi, mmoja asome kwa dakika moja huku mwenzake akihesabu maneno na kuandika idadi, kisha wabadilishane majukumu","Mfano wa kifungu cha kupima kasi: 'Twalipo na Swaumu ni watoto wa mzee Lweko. Wanasoma katika Shule ya Msingi Pyuta. Wanaishi na bibi na mjomba wao katika Kijiji cha Kyala. Mjomba wao anaitwa Nyoni. Kila siku wakitoka shuleni, hufanya kazi za nyumbani. Swaumu huwapa ng'ombe na mbuzi majani. Twalipo huandaa chakula cha jioni. Baada ya kula, hujisomea. Watoto hawa ni mfano bora wa kuigwa.' — jozi zitumie kifungu hiki kupimana kasi ya kusoma",Mwanafunzi anatumia kasi ifaayo anaposoma ratiba ya masomo au tangazo la shule kwa wenzake,"Wanafunzi wanapima kasi ya kusoma kwa kutumia zana gani mbili?::Saa/kipima muda na kuhesabu maneno||Katika zoezi la jozi, kazi ya mwenzake ni ipi?::Kuhesabu maneno na kupima muda||Baada ya kusoma, jozi hufanya nini?::Hubadilishana majukumu",
2023-JSS004-DRS II,Kusoma,Kusoma kwa ufasaha,Kusoma kifungu cha habari/hadithi linganifu kwa kasi stahiki (maneno 50 kwa dakika),Kusoma hadithi 'Bibi Chapakazi' kwa kasi ya maneno 50 kwa dakika,5,Kusoma kwa zamu darasani huku mwalimu akipima muda kwa saa,Kuwaongoza Wanafunzi,Mwanafunzi anasoma hadithi 'Bibi Chapakazi' kwa kasi inayokaribiana na maneno 50 kwa dakika akiendelea kutamka maneno sahihi,kifungu cha hadithi 'Bibi Chapakazi'|saa/kipima muda|chati ya matokeo ya kasi,"TET(2023), KUSOMA, KITABU CHA MWANAFUNZI, DARASA LA PILI, TET, DAR ES SALAAM",Uwezo wa kusoma kwa kasi stahiki hujengwa kwa mazoezi ya mara kwa mara ya kusoma na kupima muda,"Mwalimu amchague mwanafunzi mmoja mmoja asome hadithi kwa dakika moja mbele ya darasa, arekodi idadi ya maneno kwenye chati, kisha awape ushauri wa jinsi ya kuboresha","Mfano wa kifungu cha kupima kasi: 'Hapo zamani za kale, kulikuwa na bibi mmoja. Jina lake alitwa Bibi Chapakazi. Alipewa jina hilo kutokana na uhodari wake wa kufanya kazi. Siku moja, aliamka kwenda porini kutafuta kuni. Alipofika porini, alikusanya kuni na kuzifunga kwa kamba. Wakati akitembea porini, alichomwa na mwiba mguuni. Alilalamika kwa maumivu makali, alikaa chini kwa huzuni. Mara, alipita kijana mmoja aitwaye Ndesamburo. Alimsalimia bibi, kisha akamsaidia kutoa mwiba. Bibi alimshukuru sana.' — mwanafunzi asome sehemu ya hadithi kwa dakika moja",Mwanafunzi anatumia ujuzi huu kusoma vitabu vya hadithi kwa raha nyumbani bila kuchoka haraka,Chati ya matokeo ya kasi hutumika kufanya nini?::Kurekodi idadi ya maneno aliyosoma kila mwanafunzi||Nani alimsaidia Bibi Chapakazi porini?::Ndesamburo||Bibi Chapakazi alikuwa akitafuta nini porini?::Alikuwa akitafuta kuni,
2023-JSS004-DRS II,Kusoma,Kusoma kwa ufasaha,"Kusoma kwa kujiamini kifungu linganifu cha habari/hadithi kwa hisia na kwa kuzingatia alama za uandishi (nukta, mkato, alama ya kuuliza, alama ya mshangao)",Kusoma kwa hisia habari 'Bustani ya maua' ukizingatia alama ya nukta na mkato,5,Kusoma kwa mfano wa mwalimu akionesha pale pa kusimama kidogo (mkato) na pale pa kusimama kikamilifu (nukta),Kuwaongoza Wanafunzi,Mwanafunzi anasimama kidogo anapofika kwenye mkato na kusimama kikamilifu anapofika kwenye nukta wakati akisoma habari 'Bustani ya maua',"kifungu cha habari 'Bustani ya maua'|kadi za alama za uandishi (nukta, mkato)|ubao","TET(2023), KUSOMA, KITABU CHA MWANAFUNZI, DARASA LA PILI, TET, DAR ES SALAAM","Alama za uandishi kama nukta (.) na mkato/koma (,) huonesha wapi msomaji asimame kwa muda mfupi au mrefu ili maana ieleweke vizuri","Mwalimu aoneshe kadi za alama za nukta na mkato, aeleze kazi ya kila moja, kisha asome mfano wa sentensi 'Bustani ina maua meupe, mekundu na kijani.' akisisitiza usimamaji kwenye kila mkato na nukta. Wanafunzi wafuate mfano huo wanaposoma habari nzima","Mfano wa sentensi zenye mkato na nukta: 'Bustani ina maua meupe, mekundu na kijani.' na 'Nyumba yao inapendeza sana.' (kutoka 'Ng'aida anasoma darasa la pili. Shule yao ina bustani ya mau...')","Mwanafunzi anatumia usimamaji sahihi anapowasomea wazazi orodha ya vitu, kwa mfano 'Nataka wali, maharage na maziwa.'","Alama ya mkato inafananaje?::Ni kama koma (,)||Tunasimama muda gani tunapofika kwenye nukta ukilinganisha na mkato?::Muda mrefu zaidi kuliko mkato||Toa mfano wa sentensi yenye mkato kutoka habari ya Bustani ya maua::Bustani ina maua meupe, mekundu na kijani.",
2023-JSS004-DRS II,Kusoma,Kusoma kwa ufasaha,"Kusoma kwa kujiamini kifungu linganifu cha habari/hadithi kwa hisia na kwa kuzingatia alama za uandishi (nukta, mkato, alama ya kuuliza, alama ya mshangao)",Kusoma kwa hisia hadithi 'Bibi Chapakazi' ukizingatia alama ya kuuliza na alama ya mshangao,5,Kusoma kwa igizo dogo (role play) kubadilisha baadhi ya sentensi za hadithi kuwa maswali na mshangao,Kuwaongoza Wanafunzi,Mwanafunzi anabadilisha sauti yake kwa hisia stahiki anapofikia alama ya kuuliza (?) au alama ya mshangao (!) katika sentensi zinazotokana na hadithi 'Bibi Chapakazi',kifungu cha hadithi 'Bibi Chapakazi'|kadi za alama za kuuliza na mshangao|picha za hisia za uso,"TET(2023), KUSOMA, KITABU CHA MWANAFUNZI, DARASA LA PILI, TET, DAR ES SALAAM","Alama ya kuuliza (?) huonesha swali na husomwa kwa sauti ya kuuliza, na alama ya mshangao (!) huonesha mshtuko au hisia kali na husomwa kwa sauti ya juu zaidi","Mwalimu ageuze baadhi ya sentensi za hadithi kuwa maswali na mshangao kwa kutumia maudhui yaleyale, mfano 'Bibi aliuliza, Nani atanisaidia?' na 'Aliumia sana!'. Waoneshe wanafunzi jinsi sauti inavyobadilika, kisha wanafunzi wajaribu kusoma kwa zamu wakibadilisha sauti stahiki","Mfano uliotokana na hadithi: 'Bibi aliuliza, Nani atanisaidia?' (alama ya kuuliza) na 'Ndesamburo alimsaidia Bibi Chapakazi!' (alama ya mshangao), zikilinganishwa na sentensi halisi ya hadithi 'Alimsalimia bibi, kisha akamsaidia kutoa mwiba.'",Mwanafunzi anatumia sauti ya kuuliza anapomuuliza rafiki swali na sauti ya mshangao anaposhangaa jambo nyumbani,Sauti ya kusoma hubadilikaje tunapofika alama ya kuuliza?::Husomwa kwa sauti ya kuuliza||Alama ya mshangao (!) huonesha nini?::Huonesha mshtuko au hisia kali||Bibi Chapakazi alionesha hisia gani alipochomwa na mwiba?::Alionesha huzuni na maumivu,
2023-JSS004-DRS II,Kusoma,Kusoma kwa ufasaha,"Kusoma kwa kujiamini kifungu linganifu cha habari/hadithi kwa hisia na kwa kuzingatia alama za uandishi (nukta, mkato, alama ya kuuliza, alama ya mshangao)",Kusoma kwa hisia shairi 'Tanzania yetu ya amani' ukizingatia mkato mwishoni mwa mistari na nukta,4,Kusoma kwa mahadhi (kughani) huku mwalimu akionesha pumziko fupi kwenye kila mkato wa mstari,Kuwaongoza Wanafunzi,Mwanafunzi anaghani shairi 'Tanzania yetu ya amani' kwa hisia za upendo wa nchi huku akipumzika kidogo kwenye kila mkato na kusimama kikamilifu kwenye nukta ya mwisho wa ubeti,kifungu cha shairi 'Tanzania yetu ya amani'|kadi za alama za uandishi|ala ya muziki/mdundo (mfano kigoma),"TET(2023), KUSOMA, KITABU CHA MWANAFUNZI, DARASA LA PILI, TET, DAR ES SALAAM","Katika ushairi, mkato (,) mwishoni mwa kila mstari huonesha pumziko fupi la kughani, na nukta (.) huonesha mwisho wa wazo kamili la ubeti","Mwalimu aghani ubeti wa kwanza wa shairi kwa mfano, akisisitiza pumziko kwenye kila mkato, kisha darasa zima liungane kughani kwa pamoja likizingatia mkato na nukta","Mfano wa ubeti: 'Nchi nyingi zapambana, amani kuitafuta, Amani ndiyo hazina, daima waitafuta, Amani siyo amana, kipotea utajuta, Tanzania ni amani, tutunze amani yetu.' — onesha jinsi ya kupumzika kwenye kila mkato na kusimama kikamilifu kwenye nukta ya mwisho",Mwanafunzi anaonesha hisia za mapenzi ya nchi anapoghani wimbo wa taifa au shairi hili shuleni wakati wa mikusanyiko,"Shairi hili linahusu nini?::Linahusu amani ya Tanzania||Tunapumzika muda gani tunapofika mkato mwishoni mwa mstari wa shairi?::Pumziko fupi||Kila ubeti wa shairi humalizika na mstari gani unaorudiwa?::Tanzania ni amani, tutunze amani yetu.",
2023-JSS004-DRS II,Kusoma,Kusoma kwa ufasaha,Kusoma kwa sauti kifungu cha habari/hadithi sahili,Kusoma kwa sauti habari sahili 'Bustani ya maua',5,Kusoma kwa sauti mbele ya darasa huku wenzake wakisikiliza kwa makini,Kuwaongoza Wanafunzi,"Mwanafunzi anasoma kwa sauti kubwa, iliyo wazi na inayosikika kwa wenzake, kifungu chote cha habari sahili 'Bustani ya maua'",kifungu cha habari 'Bustani ya maua'|kipaza sauti cha darasa (kama kipo)|ubao wa kunakili sentensi,"TET(2023), KUSOMA, KITABU CHA MWANAFUNZI, DARASA LA PILI, TET, DAR ES SALAAM","Kusoma kwa sauti maana yake kutamka maneno kwa kutumia sauti inayosikika vizuri na wote darasani, tofauti na kusoma kimya kimya","Mwalimu amwite mwanafunzi mmoja mmoja asimame mbele ya darasa asome habari sahili 'Bustani ya maua' kwa sauti kubwa ya kutosha isikike hadi mwisho wa darasa, wenzake wasikilize kimya","Mfano wa kifungu sahili: 'Ng'aida anasoma darasa la pili. Shule yao ina bustani ya maua. Bustani ina maua meupe, mekundu na kijani. Maua hayo yanaweza kuuzwa kwa bei kubwa. Ng'aida na wanafunzi humwagilia maua kila siku. Ng'aida amejifunza namna ya kutunza bustani ya maua. Amepanda maua nyumbani kwao. Amemfundisha mama yake kutunza bustani ya maua. Nyumba yao inapendeza sana.'",Mwanafunzi anatumia sauti ya wazi anapowasomea wadogo zake hadithi nyumbani kabla ya kulala,"Kusoma kwa sauti ni tofauti gani na kusoma kimya?::Kusoma kwa sauti hutamkwa kwa sauti inayosikika, kusoma kimya hakisikiki||Ng'aida alimwagilia nini kila siku?::Alimwagilia maua||Maua ya bustani yalikuwa na rangi gani?::Meupe, mekundu na kijani",
2023-JSS004-DRS II,Kusoma,Kusoma kwa ufasaha,Kusoma kwa sauti kifungu cha habari/hadithi sahili,Kusoma kwa sauti habari sahili 'Twalipo na Swaumu',5,"Kusoma kwa sauti kwa zamu, kila mwanafunzi akisoma sentensi moja hadi kifungu kikamilike",Kuwaongoza Wanafunzi,Mwanafunzi anashiriki kusoma kwa sauti sentensi anazopewa kutoka habari 'Twalipo na Swaumu' kwa mtiririko sahihi na sauti inayosikika,kifungu cha habari 'Twalipo na Swaumu'|kadi za sentensi|ubao,"TET(2023), KUSOMA, KITABU CHA MWANAFUNZI, DARASA LA PILI, TET, DAR ES SALAAM",Kifungu sahili ni kifungu chenye sentensi fupi na maneno rahisi yanayoeleweka kwa haraka na mwanafunzi wa Darasa la Pili,"Mwalimu agawe kifungu katika sentensi, kila mwanafunzi asome sentensi moja kwa sauti kwa zamu hadi kifungu kizima kikamilike, akisimamia mtiririko na sauti ya kutosha","Mfano wa kifungu sahili: 'Twalipo na Swaumu ni watoto wa mzee Lweko. Wanasoma katika Shule ya Msingi Pyuta. Wanaishi na bibi na mjomba wao katika Kijiji cha Kyala. Mjomba wao anaitwa Nyoni. Kila siku wakitoka shuleni, hufanya kazi za nyumbani. Swaumu huwapa ng'ombe na mbuzi majani. Twalipo huandaa chakula cha jioni. Baada ya kula, hujisomea. Watoto hawa ni mfano bora wa kuigwa.'",Mwanafunzi anajifunza kusoma kwa sauti anaposoma tangazo la shule mbele ya wanafunzi wenzake,Twalipo na Swaumu wanasoma shule gani?::Shule ya Msingi Pyuta||Swaumu hufanya kazi gani ya nyumbani?::Huwapa ng'ombe na mbuzi majani||Kwa nini Twalipo na Swaumu ni mfano bora?::Kwa sababu hufanya kazi za nyumbani na kujisomea,
2023-JSS004-DRS II,Kusoma,Kusoma kwa ufasaha,Kusoma kwa sauti kifungu cha habari/hadithi sahili,Kusoma kwa sauti hadithi sahili 'Bibi Chapakazi',4,Kusoma kwa sauti mbele ya darasa ikifuatiwa na maswali ya ufahamu,Kuwaongoza Wanafunzi,Mwanafunzi anasoma kwa sauti kubwa na iliyo wazi hadithi sahili 'Bibi Chapakazi' na kujibu maswali ya ufahamu kwa usahihi,kifungu cha hadithi 'Bibi Chapakazi'|kadi za maswali ya ufahamu|ubao,"TET(2023), KUSOMA, KITABU CHA MWANAFUNZI, DARASA LA PILI, TET, DAR ES SALAAM","Baada ya kusoma kwa sauti kifungu sahili, mwanafunzi hupaswa kuelewa maudhui yake na kuweza kujibu maswali kuhusu hadithi","Wanafunzi wasome kwa sauti kwa zamu hadithi 'Bibi Chapakazi', kisha mwalimu awaulize maswali ya ufahamu kuhusu hadithi hiyo ili kuthibitisha uelewa wao","Mfano wa kifungu sahili: 'Hapo zamani za kale, kulikuwa na bibi mmoja. Jina lake alitwa Bibi Chapakazi. Alipewa jina hilo kutokana na uhodari wake wa kufanya kazi. Siku moja, aliamka kwenda porini kutafuta kuni. Alipofika porini, alikusanya kuni na kuzifunga kwa kamba. Wakati akitembea porini, alichomwa na mwiba mguuni. Alilalamika kwa maumivu makali, alikaa chini kwa huzuni. Mara, alipita kijana mmoja aitwaye Ndesamburo. Alimsalimia bibi, kisha akamsaidia kutoa mwiba. Bibi alimshukuru sana.'",Mwanafunzi anajifunza kusaidia wengine wenye shida kama Ndesamburo alivyomsaidia Bibi Chapakazi,"Bibi Chapakazi alikwenda porini kufanya nini?::Kutafuta kuni||Alilalamika kwa nini alipofika porini?::Alilalamika kwa maumivu ya mwiba mguuni||Baada ya kusaidiwa, Bibi alimfanyia nini Ndesamburo?::Alimshukuru sana",
2023-JSS004-DRS II,Kusoma,Kusoma na kusikiliza kwa ufahamu,Kutafsiri na kuelezea matukio,Kutafsiri picha ya watoto shuleni na kueleza matukio,5,Majadiliano kuhusu picha,Kuwaongoza Wanafunzi,Mwanafunzi anaweza kuchunguza picha na kueleza kwa usahihi matukio yanayoonekana ndani yake.,picha ya watoto shuleni|ubao|kalamu,"TET(2023), KUSOMA, KITABU CHA MWANAFUNZI, DARASA LA PILI, TET, DAR ES SALAAM",Kutafsiri picha ni kuchunguza picha kwa makini kisha kueleza kwa maneno yanayoonekana ndani yake.,"Mwanafunzi achunguze picha ya watoto shuleni, kisha aeleze wanachokiona na kile watoto wanachofanya.",Chunguza picha ya watoto shuleni: Unaona nini kwenye picha hii? Unafikiri watoto katika picha wanafanya nini? Eleza kwa kifupi matukio yanayoonekana katika picha hiyo.,"Nyumbani, mwanafunzi anaweza kueleza wazazi wake matukio aliyoyaona njiani akitoka shuleni.","Unaona nini kwenye picha ya watoto shuleni?::Ninaona watoto wakiwa shuleni wakifanya shughuli mbalimbali||Watoto katika picha wanafanya nini?::Wanasoma na kucheza pamoja shuleni||Eleza kwa kifupi matukio yanayoonekana katika picha hiyo.::Watoto wamefika shuleni, wanasalimiana na kuanza masomo yao",
2023-JSS004-DRS II,Kusoma,Kusoma na kusikiliza kwa ufahamu,Kutafsiri na kuelezea matukio,Kubashiri matukio katika picha mbalimbali,5,Majadiliano kuhusu picha,Kuwaongoza Wanafunzi,Mwanafunzi anaweza kubashiri kwa usahihi matukio yanayoweza kutokea katika picha mbalimbali anazoonyeshwa.,picha mbalimbali za matukio|chati ya picha|ubao,"TET(2023), KUSOMA, KITABU CHA MWANAFUNZI, DARASA LA PILI, TET, DAR ES SALAAM",Kubashiri matukio katika picha ni kukisia kwa akili kile kinachoendelea au kitakachofuata kutokana na kile kinachoonekana kwenye picha.,Mwanafunzi achunguze picha mbalimbali za matukio kwa makini kisha abashiri matukio yanayoweza kufuata katika kila picha.,"Chunguza picha zifuatazo kwa makini, kisha bashiri matukio katika kila picha. Baadaye eleza umejifunza nini kutokana na picha ulizochunguza.",Mwanafunzi anaweza kubashiri kitakachotokea akimwona rafiki yake akiwa na uso wa huzuni au furaha nyumbani.,Tunamaanisha nini tunapobashiri matukio katika picha?::Tunamaanisha kukisia kitakachotokea kutokana na tunachokiona kwenye picha||Kwa nini ni muhimu kuchunguza picha kwa makini kabla ya kubashiri?::Ili kupata dalili sahihi zitakazotusaidia kubashiri kwa usahihi||Umejifunza nini kutokana na picha ulizochunguza?::Nimejifunza kutambua matukio na kueleza kwa maneno yangu,
2023-JSS004-DRS II,Kusoma,Kusoma na kusikiliza kwa ufahamu,Kutafsiri na kuelezea matukio,Kupanga na kusoma sentensi kwa mtiririko sahihi wa matukio ya hadithi ya Mwaka na watoto wake,5,Zoezi la kupanga sentensi,Kuwaongoza Wanafunzi,Mwanafunzi anaweza kupanga sentensi zilizochanganywa na kuzisoma kwa mtiririko sahihi wa matukio.,kadi za sentensi|kitabu cha hadithi|ubao,"TET(2023), KUSOMA, KITABU CHA MWANAFUNZI, DARASA LA PILI, TET, DAR ES SALAAM",Kupanga sentensi kwa mtiririko sahihi ni kuweka matukio ya hadithi katika mfuatano unaoeleweka kuanzia mwanzo hadi mwisho.,"Kwa kutumia hadithi ya baba Mwaka na watoto wake kumi na wawili, mwanafunzi apange majina ya watoto (miezi) kwa mtiririko sahihi kisha asome sentensi zinazoeleza kazi za kila kundi.","Katika hadithi, Januari, Februari na Machi walilima, kupanda na kupalilia mazao. Aprili, Mei na Juni walilinda mashamba dhidi ya ndege na wanyama. Julai, Agosti na Septemba walivuna mazao. Oktoba, Novemba na Desemba walihifadhi nafaka ghalani na kuuza mazao sokoni.",Mwanafunzi anaweza kutumia mtiririko sahihi wa matukio anapoeleza jinsi siku yake ya shule inavyoanza hadi inavyoisha.,"Taja majina ya watoto wa Mwaka kwa mtiririko sahihi.::Januari, Februari, Machi, Aprili, Mei, Juni, Julai, Agosti, Septemba, Oktoba, Novemba, Desemba||Watoto gani walilima, kupanda na kupalilia mazao?::Januari, Februari na Machi||Watoto gani walihifadhi nafaka ghalani na kuuza mazao sokoni?::Oktoba, Novemba na Desemba",
2023-JSS004-DRS II,Kusoma,Kusoma na kusikiliza kwa ufahamu,Kusimulia matini fupi aliyoisoma kwa mtiririko wa matukio yenye mantiki,"Kusimulia hadithi ya ""Safari ya Serengeti"" kwa mtiririko wa matukio",4,Kusimulia hadithi,Kuwaongoza Wanafunzi,Mwanafunzi anaweza kusimulia hadithi ya Safari ya Serengeti kwa mtiririko sahihi wa matukio kuanzia mwanzo hadi mwisho.,kitabu cha hadithi|picha za wanyamapori|ubao,"TET(2023), KUSOMA, KITABU CHA MWANAFUNZI, DARASA LA PILI, TET, DAR ES SALAAM",Kusimulia matini ni kueleza kwa maneno yako mwenyewe matukio ya matini uliyoisoma kwa mfuatano unaoeleweka.,Mwanafunzi asome habari ya Safari ya Serengeti kisha aisimulie akianzia wanafunzi walipoamka alfajiri hadi walipowasimulia wazazi wao jioni.,"Wanafunzi wa Shule ya Msingi Kimanzichana waliamka alfajiri kwenda Serengeti, waliimba nyimbo safarini, walifika na kuonyeshwa wanyama kama twiga, tembo na swala na askari wa wanyamapori, walipiga picha, kisha jioni walirudi shuleni na kuwasimulia wazazi wao.",Mwanafunzi anaweza kusimulia kwa wazazi wake safari aliyowahi kufanya na familia au shule.,"Kwa nini wanafunzi walienda Serengeti?::Walikwenda kutembelea mbuga ya wanyama kuona wanyama mbalimbali||Taja wanyama waliowaona katika mbuga ya Serengeti.::Twiga, tembo na swala||Wanafunzi walifanya nini walipofika Serengeti?::Walipokelewa vizuri, walipewa askari wa wanyamapori aliyewaonyesha wanyama, kisha wakapiga picha",
2023-JSS004-DRS II,Kusoma,Kusoma na kusikiliza kwa ufahamu,Kusimulia matini fupi aliyoisoma kwa mtiririko wa matukio yenye mantiki,"Kusimulia hadithi ya ""Mtoto Jasiri"" kwa mtiririko wa matukio",4,Kusimulia hadithi,Kuwaongoza Wanafunzi,Mwanafunzi anaweza kusimulia hadithi ya Mtoto Jasiri kwa mtiririko sahihi wa matukio kuanzia mwanzo hadi mwisho.,kitabu cha hadithi|picha za polisi|ubao,"TET(2023), KUSOMA, KITABU CHA MWANAFUNZI, DARASA LA PILI, TET, DAR ES SALAAM","Kusimulia hadithi kwa mtiririko wa matukio ni kueleza matukio ya hadithi kufuatana na jinsi yalivyotokea, bila kuruka au kubadilisha mfuatano wake.",Mwanafunzi asome hadithi ya Tanya na Bwakila kisha aisimulie kuanzia Tanya alipokwenda kucheza mpira peke yake hadi Mzee Dhulidu alipokamatwa na polisi.,"Tanya alikwenda kucheza mpira peke yake, Mzee Dhulidu alimwita amsaidie kuingiza ndoo ya maji, kisha alijaribu kumvuta chumbani. Tanya alipiga yowe, wazazi wake walikuja kumsaidia na kwenda kutoa taarifa polisi, na Mzee Dhulidu alikamatwa.",Mwanafunzi anaweza kutumia mfano wa Tanya kupiga yowe na kumwambia mzazi wake endapo mtu mzima atamshawishi kufanya jambo baya.,Kwa nini Tanya alipiga yowe?::Kwa sababu Mzee Dhulidu alianza kumvuta chumbani mwake||Kwa nini Mzee Dhulidu alikamatwa na polisi?::Kwa sababu alijaribu kumfanyia Tanya vitendo viovu||Tanya alifanya nini baada ya kupiga yowe?::Aliwaeleza wazazi wake na wao wakatoa taarifa kituo cha polisi,
2023-JSS004-DRS II,Kusoma,Kusoma na kusikiliza kwa ufahamu,Kusimulia matini fupi aliyoisoma kwa mtiririko wa matukio yenye mantiki,Kusimulia hadithi ya Simba na Sungura kwa mtiririko wa matukio,4,Kusimulia hadithi,Kuwaongoza Wanafunzi,Mwanafunzi anaweza kusimulia hadithi ya Simba na Sungura kwa mtiririko sahihi wa matukio na kutaja mafunzo yaliyomo.,kitabu cha hadithi|picha za simba na sungura|ubao,"TET(2023), KUSOMA, KITABU CHA MWANAFUNZI, DARASA LA PILI, TET, DAR ES SALAAM",Kusimulia hadithi ni kueleza tena matukio ya hadithi kwa maneno yako kwa mtiririko unaofuata jinsi matukio yalivyotokea.,Mwanafunzi asome hadithi ya msitu wa maajabu kisha aisimulie kuanzia Simba alipolala na kukoroma hadi Sungura alipomwokoa Simba kwenye mtego wa wawindaji.,"Simba alilala na kukoroma chini ya mti, Sungura alishtuka na kumwangukia bila kukusudia, Simba alimkamata kwa hasira lakini akamwachia. Baadaye Simba alinaswa kwenye mtego wa wawindaji na Sungura akamsaidia kwa kukata mtego, hivyo Simba akajifunza kutomdharau asiyemjua.",Mwanafunzi anaweza kutumia funzo la hadithi hii kutomdharau mwenzake mdogo kwa sababu kila mtu ana mchango wake.,"Wanyama gani walioishi pamoja katika msitu wa maajabu?::Simba, Chui na Sungura||Nani aliyenaswa kwenye mtego wa wawindaji?::Simba||Simba alijifunza nini baada ya kuokolewa na Sungura?::Alijifunza kuwa hafai kumdharau asiyemjua",
2023-JSS004-DRS II,Kusoma,Kusoma na kusikiliza kwa ufahamu,Kusimulia matini fupi aliyoisoma kwa mtiririko wa matukio yenye mantiki,Kusimulia hadithi ya baba Mwaka na watoto wake kwa mtiririko wa matukio,3,Kusimulia hadithi,Kuwaongoza Wanafunzi,Mwanafunzi anaweza kusimulia hadithi ya baba Mwaka na watoto wake kwa mtiririko sahihi wa kazi walizogawana.,kitabu cha hadithi|kalenda|ubao,"TET(2023), KUSOMA, KITABU CHA MWANAFUNZI, DARASA LA PILI, TET, DAR ES SALAAM",Kusimulia matini fupi kwa mtiririko wa matukio ni kueleza kwa mfuatano sahihi kile kilichotokea katika hadithi kuanzia mwanzo hadi mwisho.,Mwanafunzi asome hadithi ya baba Mwaka aliyekuwa na watoto kumi na wawili kisha aisimulie kwa mtiririko wa jinsi walivyogawana kazi za mwaka.,"Baba Mwaka alikuwa na watoto kumi na wawili wa kijiji cha Majira. Walijigawa kazi: kulima na kupanda, kulinda mashamba, kuvuna, na kuhifadhi/kuuza mazao, kila kundi likitimiza wajibu wake kwa bidii.",Mwanafunzi anaweza kutumia mfano wa watoto wa Mwaka kugawana kazi za nyumbani na ndugu zake kwa mpangilio mzuri.,Hadithi hii inahusu nini?::Inahusu baba Mwaka na watoto wake kumi na wawili wanaogawana kazi mbalimbali za mwaka||Majina ya watoto wa Mwaka yanawakilisha nini?::Yanawakilisha miezi kumi na miwili ya mwaka||Mwaka mmoja una miezi mingapi?::Mwaka mmoja una miezi kumi na miwili,
2023-JSS004-DRS II,Kusoma,Kusoma na kusikiliza kwa ufahamu,Kusikiliza matini sahili kwa ufahamu,"Kusikiliza hadithi ya ""Mwanasesere"" kwa ufahamu",5,Kusikiliza hadithi iliyorekodiwa,Kuwaongoza Wanafunzi,Mwanafunzi anaweza kusikiliza hadithi ya Mwanasesere na kujibu kwa usahihi maswali ya ufahamu yanayohusiana nayo.,kinasa sauti/rediyo|hadithi iliyorekodiwa|picha ya mwanasesere,"TET(2023), KUSOMA, KITABU CHA MWANAFUNZI, DARASA LA PILI, TET, DAR ES SALAAM",Kusikiliza kwa ufahamu ni kusikiliza matini kwa makini ili kuelewa maudhui yake na kuweza kujibu maswali kuhusu yale yaliyosikilizwa.,"Mwalimu asikilize wanafunzi hadithi ya Mwanasesere iliyorekodiwa, kisha awaulize maswali ya ufahamu kuhusu hadithi hiyo.","Moza alikuwa na mwanasesere aliyempenda sana. Siku moja alimpoteza kwa sababu chumba chake kilikuwa kimezagaa nguo. Alipopanga nguo zake, alimwona mwanasesere wake amefunikwa. Tangu siku hiyo Moza aliacha uchafu na kufanya usafi chumbani mwake.",Mwanafunzi anaweza kutumia funzo la Moza kupanga vitu vyake vizuri chumbani ili asipoteze vitu vyake.,Hadithi uliyoisikiliza inahusu nini?::Inahusu mtoto aitwaye Moza aliyempoteza mwanasesere wake kwa sababu ya uchafu chumbani||Kwa nini mwanzoni Moza hakumwona mwanasesere wake?::Kwa sababu chumba chake kilikuwa na nguo zilizozagaa kila mahali||Kwa nini tunatakiwa kupanga vitu vyetu vizuri?::Ili tusipoteze vitu vyetu na kuepuka uchafu,
2023-JSS004-DRS II,Kusoma,Kusoma na kusikiliza kwa ufahamu,Kusikiliza matini sahili kwa ufahamu,"Kusikiliza hadithi kutoka kwa rafiki, redioni au televisheni na kuwasimulia wenzako",5,Kusikiliza na kusimulia,Kuwaongoza Wanafunzi,Mwanafunzi anaweza kusikiliza hadithi kutoka kwa rafiki au chombo cha habari kisha awasimulie wenzake kwa usahihi.,redio|runinga|simu au tabuleti|kadi za maswali,"TET(2023), KUSOMA, KITABU CHA MWANAFUNZI, DARASA LA PILI, TET, DAR ES SALAAM","Kusikiliza matini sahili kwa ufahamu kunahusisha kusikiliza hadithi kutoka vyanzo mbalimbali kama redio, runinga au marafiki, kisha kuelewa na kueleza tena kile kilichosikika.","Wanafunzi wasikilizane hadithi wanazozipenda katika vikundi, kisha waulizane hadithi hiyo inahusu nini na wamejifunza nini kutokana nayo. Vilevile wasikilize hadithi kutoka redioni, televisheni, simu au tabuleti kisha wawasimulie wenzao darasani.","Katika kikundi, mwanafunzi anaweza kusimuliana hadithi anazozipenda na kuulizana: Hadithi hiyo inahusu nini? Umejifunza nini kutokana na hadithi hiyo?",Mwanafunzi anaweza kusikiliza hadithi za redioni nyumbani jioni kisha kuzisimulia kwa ndugu zake.,"Katika kikundi, tunapaswa kufanya nini kabla ya kuulizana maswali?::Tunapaswa kusimuliana hadithi tunazozipenda||Baada ya kusikiliza hadithi kutoka redioni au televisheni, mwanafunzi anapaswa kufanya nini?::Anapaswa kuwasimulia wenzake hadithi hiyo darasani||Ni nini muhimu kufanya baada ya kusikiliza hadithi yoyote?::Kueleza mafunzo yaliyomo katika hadithi hiyo",
2023-JSS004-DRS II,Kusoma,Kusoma na kusikiliza kwa ufahamu,Kusikiliza matini sahili kwa ufahamu,Kusikiliza hadithi iliyorekodiwa na mwalimu darasani,4,Kusikiliza hadithi iliyorekodiwa,Kuwaongoza Wanafunzi,Mwanafunzi anaweza kusikiliza hadithi iliyorekodiwa na mwalimu na kueleza kwa usahihi anachokijua kutokana nayo.,kinasa sauti|hadithi iliyorekodiwa|ubao,"TET(2023), KUSOMA, KITABU CHA MWANAFUNZI, DARASA LA PILI, TET, DAR ES SALAAM",Kusikiliza kwa ufahamu ni ustadi wa kunyakua maana ya matini kwa kusikiliza kwa makini bila kusoma maandishi.,"Mwalimu awasikilize wanafunzi hadithi iliyorekodiwa aliyoileta darasani, kisha awaulize hadithi hiyo inahusu nini na wamejifunza nini kutokana nayo.","Mwalimu huleta hadithi iliyorekodiwa darasani na kuwasikilizisha wanafunzi. Baada ya kusikiliza, wanafunzi hueleza hadithi hiyo inahusu nini na mafunzo waliyoyapata.",Mwanafunzi anaweza kutumia ustadi wa kusikiliza kwa makini anaposikiliza maelekezo ya mwalimu au mzazi nyumbani.,"Sikiliza hadithi iliyorekodiwa itakayoletwa na mwalimu darasani, kisha eleza: Hadithi hiyo inahusu nini?::Inahusu tukio au mafunzo yaliyomo katika hadithi hiyo kama ilivyorekodiwa||Umejifunza nini kutokana na hadithi hiyo?::Nimejifunza funzo linalopatikana katika hadithi hiyo||Kwa nini ni muhimu kusikiliza hadithi kwa makini?::Ili kuweza kuelewa na kueleza kwa usahihi kile kilichosikilizwa",
2023-JSS004-DRS II,Kusoma,Kusoma na kusikiliza kwa ufahamu,Kusoma matini sahili kwa ufahamu,"Kusoma habari ya ""Usalama Barabarani"" kwa ufahamu",4,Maswali ya ufahamu,Kuwaongoza Wanafunzi,Mwanafunzi anaweza kusoma habari ya Usalama Barabarani kwa sauti na kujibu kwa usahihi maswali ya ufahamu.,kitabu cha hadithi|picha za alama za pundamilia|ubao,"TET(2023), KUSOMA, KITABU CHA MWANAFUNZI, DARASA LA PILI, TET, DAR ES SALAAM",Kusoma kwa ufahamu ni kusoma matini kwa makini ili kuelewa maudhui yake na kuweza kujibu maswali kuhusu habari iliyosomwa.,"Mwanafunzi asome habari ya Askari Njwalika aliyefundisha wanafunzi wa shule ya Ghula namna ya kuvuka barabara kwa usalama, kisha ajibu maswali ya ufahamu.","Askari Njwalika alifundisha wanafunzi kutazama kulia na kushoto kisha kulia tena kabla ya kuvuka barabara, kutembea upande wa kulia, na kutumia alama za milia (pundamilia) wanapovuka. Baadaye walifanya mazoezi barabarani.",Mwanafunzi anaweza kutumia mafunzo haya kila anapohitaji kuvuka barabara akienda au kutoka shuleni.,"Kwa nini ni muhimu kutazama kulia na kushoto unapovuka barabara?::Ili kuhakikisha hakuna gari, pikipiki au bajaji inayokuja kabla ya kuvuka||Kwa nini ni muhimu kutembea upande wa kulia barabarani?::Ili kuona magari yaliyo mbele yako na kuwa salama||Alama za milia zinazochorwa barabarani zina faida gani?::Zinasaidia watu wanaovuka barabara kwa miguu na kulazimu magari kusimama",
2023-JSS004-DRS II,Kusoma,Kusoma na kusikiliza kwa ufahamu,Kusoma matini sahili kwa ufahamu,Kusoma mazungumzo ya Swaumu na Dhahiria kuhusu haki na wajibu wa mtoto,4,Kusoma kwa zamu,Kuwaongoza Wanafunzi,Mwanafunzi anaweza kusoma mazungumzo kwa sauti na kutaja kwa usahihi haki na wajibu wa mtoto yaliyotajwa.,kitabu cha hadithi|kadi za majukumu|ubao,"TET(2023), KUSOMA, KITABU CHA MWANAFUNZI, DARASA LA PILI, TET, DAR ES SALAAM",Kusoma mazungumzo kwa ufahamu ni kusoma maongezi kati ya watu wawili au zaidi kwa makini na kuelewa yanayozungumzwa.,"Wanafunzi wasome kwa zamu mazungumzo ya Swaumu na Dhahiria kuhusu somo la haki na wajibu wa mtoto, kisha wajibu maswali ya ufahamu.","Dhahiria alieleza kuwa mtoto ana haki ya kuishi, kulindwa, kupata elimu, chakula, malazi na mavazi. Pia alieleza kuwa mtoto ana wajibu wa kuwaheshimu watu wote, kuwa na tabia njema na kufanya kazi kwa bidii.",Mwanafunzi anaweza kutumia maarifa haya kudai haki zake kwa heshima na kutimiza wajibu wake nyumbani na shuleni.,"Je, ni haki zipi za watoto zimetajwa katika mazungumzo uliyosoma?::Kuishi, kulindwa, kupata elimu, chakula, malazi na mavazi||Je, mtoto ana wajibu gani?::Kuwaheshimu watu wote, kuwa na tabia njema na kufanya kazi kwa bidii||Nini kitatokea mtoto asipotimiza wajibu wake?::Anaweza kukosa heshima na kupata madhara kwake na kwa wengine",
2023-JSS004-DRS II,Kusoma,Kusoma na kusikiliza kwa ufahamu,Kusoma matini sahili kwa ufahamu,"Kusoma mazungumzo ya Mama, Mwile na Ndumbalo kuhusu elimu ya fedha",3,Kusoma kwa zamu,Kuwaongoza Wanafunzi,Mwanafunzi anaweza kusoma mazungumzo ya elimu ya fedha kwa sauti na kueleza kwa usahihi jinsi ya kutunza fedha.,kitabu cha hadithi|sarafu na noti za mfano|ubao,"TET(2023), KUSOMA, KITABU CHA MWANAFUNZI, DARASA LA PILI, TET, DAR ES SALAAM",Kusoma mazungumzo kwa ufahamu ni kusoma maongezi kwa makini ili kuelewa ujumbe unaowasilishwa na wazungumzaji.,"Wanafunzi wasome mazungumzo ya Mama na watoto wake Mwile na Ndumbalo kuhusu matumizi na akiba ya fedha, kisha wajibu maswali ya ufahamu.","Mama aliwaeleza Mwile na Ndumbalo kuwa fedha hutumika kununulia matunda, bagia, sare na vifaa vya shule, na kwamba ni muhimu kutunza fedha kwa kuweka akiba badala ya kutumia zote.",Mwanafunzi anaweza kutumia funzo hili kuweka akiba sehemu ya fedha anazopewa badala ya kuzitumia zote mara moja.,"Mazungumzo uliyosoma yanahusu nini?::Yanahusu elimu ya fedha, matumizi na umuhimu wa kuweka akiba||Unafikiri nini kitatokea tusipotunza fedha zetu?::Tunaweza kukosa fedha za kununulia mahitaji baadaye||Wewe unatunzaje fedha zako?::Ninaweka akiba sehemu ya fedha ninazopewa badala ya kuzitumia zote",
2023-JSS004-DRS II,Kusoma,Kusoma na kusikiliza kwa ufahamu,Kusoma matini sahili kwa ufahamu,Kusoma na kutamba ngonjera ya siku za wiki,3,Kusoma kwa sauti na kutamba,Kuwaongoza Wanafunzi,"Mwanafunzi anaweza kusoma ngonjera kwa sauti, kuitamba na kutaja kwa usahihi majina ya siku saba za wiki.",kitabu cha hadithi|kalenda ya wiki|ubao,"TET(2023), KUSOMA, KITABU CHA MWANAFUNZI, DARASA LA PILI, TET, DAR ES SALAAM",Ngonjera ni aina ya ushairi wa maongezi unaosomwa au kutambwa na watu wawili au zaidi kwa zamu.,"Wanafunzi wasome kwa sauti ngonjera inayoeleza sifa za kila siku ya wiki kuanzia Jumatatu hadi Jumapili, kisha watambe kwa wenzao.","Ngonjera inaeleza kuwa Jumatatu ni siku ya kuanza wiki kwa sare nadhifu, Jumanne ni siku ya kufundishana, Jumatano ni siku ya kufua nguo, Alhamisi ni siku ya michezo, Ijumaa ni siku ya kumaliza masomo ya wiki, Jumamosi ni siku ya kupumzika na usafi, na Jumapili ni siku ya kuandaa vifaa vya wiki inayofuata.",Mwanafunzi anaweza kutumia majina ya siku za wiki kupanga ratiba yake ya shughuli za shuleni na nyumbani.,"Wiki ina siku ngapi?::Wiki ina siku saba||Taja majina ya siku za wiki.::Jumatatu, Jumanne, Jumatano, Alhamisi, Ijumaa, Jumamosi na Jumapili||Kuna umuhimu gani wa kujifunza siku za wiki?::Husaidia kupanga na kukumbuka shughuli za kila siku vizuri",
