subject_version_code,main_competence_name,specific_competence_name,learning_activity_name,sla_name,sla_periods,sla_method,sla_leading,sla_assessment_criteria,sla_teaching_aids,sla_references,sla_notes_intro,sla_notes_details,sla_notes_illustrations,sla_notes_daily_life,sla_exercise,sla_diagram_type
2023-JSS015-Kidato V,Kumudu stadi za juu za Kiswahili,Kukuza uelewa wa misingi na kanuni za Kiswahili,"Kufafanua dhana ya fonimu na alofoni za lugha ya Kiswahili (maana, aina, sifa bainifu, uhusiano wa fonimu na alofoni)",Fonimu na Alofoni za Kiswahili,44,Bunguabongo na Kiswahili Majadiliano,Kuwaongoza Wanafunzi,Dhana ya fonimu na alofoni za lugha ya Kiswahili zimefafanuliwa.,Chati ya fonimu|Kielelezo cha alasauti|Na chati za uchanganuzi wa sentensi,"TET(2023), MUHTASARI WA KISWAHILI ELIMU YA SEKONDARI KIDATO CHA V-VI, TET, DAR ES SALAAM","Fonimu ni kipashio kidogo kabisa cha sauti kinachotofautisha maana ya maneno, na alofoni ni matamshi mbalimbali ya fonimu moja yanayotegemea mazingira ya sauti.","Fonimu hutambuliwa kwa mbinu ya jozi sahihi, yaani maneno mawili yanayotofautiana kwa sauti moja tu, mfano pata na bata (/p/ na /b/). Aina za fonimu ni irabu (a, e, i, o, u) na konsonanti. Sifa bainifu ni sifa zinazotofautisha sauti moja na nyingine, kwa mfano kuwa ghuna au sighuna, kipua au kimya, ya mdomo au ya pua. Alofoni ni vielelezo vya fonimu moja vinavyotokea katika mazingira tofauti bila kubadilisha maana, kwa mfano /l/ na /r/ kwa baadhi ya wazungumzaji. Uhusiano wa fonimu na alofoni ni wa kundi na mwanachama: fonimu ni dhana dhahania na alofoni ni utokeaji halisi wa kimatamshi.","Kwa mfano, maneno kala na gala hutofautiana kwa /k/ na /g/ pekee, hivyo /k/ na /g/ ni fonimu tofauti katika Kiswahili.","Ufahamu wa fonimu humsaidia mtu kutamka na kuandika maneno kwa usahihi, kwa mfano kutofautisha thamani na samani au sahani na sahani mbili tofauti.",Fonimu ni nini?::Ni kipashio kidogo kabisa cha sauti kinachotofautisha maana ya maneno.||Taja jozi sahihi moja ya fonimu za Kiswahili.::Pata na bata (/p/ na /b/).||Alofoni ni nini?::Ni matamshi tofauti ya fonimu moja yanayotokea katika mazingira tofauti bila kubadili maana.,
2023-JSS015-Kidato V,Kumudu stadi za juu za Kiswahili,Kukuza uelewa wa misingi na kanuni za Kiswahili,Kueleza dhana na miundo ya silabi za Kiswahili,Dhana na Miundo ya Silabi,44,Uchambuzi wa matini,Kuwaongoza Wanafunzi,Dhana na miundo ya silabi za Kiswahili zimeelezwa.,Chati ya fonimu|Kielelezo cha alasauti|Na chati za uchanganuzi wa sentensi,"TET(2023), MUHTASARI WA KISWAHILI ELIMU YA SEKONDARI KIDATO CHA V-VI, TET, DAR ES SALAAM",Silabi ni kipashio cha kifonolojia kinachotamkwa kwa mpigo mmoja wa pumzi na huwa na irabu kama kiini chake.,"Kiswahili ni lugha yenye silabi wazi, yaani nyingi huishia kwa irabu. Miundo ya silabi ni: irabu peke yake (I) kama a katika a-ka-la; konsonanti na irabu (KI) kama ba-ba; konsonanti mbili na irabu (KKI) kama mbwa; konsonanti tatu na irabu (KKKI) kama ndwa katika ndwele; na silabi za konsonanti ya sauti ya pua peke yake (K) kama m katika m-tu na n katika n-ta. Silabi hugawanywa kwa kuweka mpaka baada ya irabu.","Neno mtoto hugawanywa kuwa m-to-to (silabi tatu: K, KI, KI), na neno mwanafunzi ni mwa-na-fu-nzi (silabi nne).",Ujuzi wa silabi husaidia kutenganisha maneno mwishoni mwa mstari wakati wa kuandika na kusoma kwa mkato sahihi kwa watoto wadogo.,Silabi ni nini?::Ni kipashio kinachotamkwa kwa mpigo mmoja wa pumzi chenye irabu kama kiini.||Gawanya neno mtoto katika silabi.::m-to-to.||Taja muundo mmoja wa silabi ya Kiswahili.::Konsonanti na irabu (KI) kama ba katika baba.,
2023-JSS015-Kidato V,Kumudu stadi za juu za Kiswahili,Kukuza uelewa wa misingi na kanuni za Kiswahili,Kufafanua sifa na dhima za viarudhi vya lugha ya Kiswahili katika utamkaji,Sifa na Dhima za Viarudhi,44,Masimulizi,Kuwaongoza Wanafunzi,Sifa na dhima za viarudhi vya lugha ya Kiswahili katika utamkaji zimefafanuliwa.,Chati ya fonimu|Kielelezo cha alasauti|Na chati za uchanganuzi wa sentensi,"TET(2023), MUHTASARI WA KISWAHILI ELIMU YA SEKONDARI KIDATO CHA V-VI, TET, DAR ES SALAAM","Viarudhi ni sifa za kiimbo za usemi kama shada, kiimbo, nafasi na mkazo zinazoongeza maana katika utamkaji zaidi ya sauti za kawaida.","Mkazo huangukia silabi ya pili kutoka mwisho katika maneno mengi ya Kiswahili, mfano soma na kitabu. Kiimbo ni panda shuka ya sauti katika usemi, na hutofautisha sentensi ya taarifa, swali na mshangao. Shada ni kiwango cha sauti ya juu au ya chini kinachoonesha hisia na uzito wa jambo. Nafasi au kituo ni kusimama kwa muda mfupi katika usemi kunakoonesha mipaka ya vipashio. Dhima za viarudhi ni kubainisha maana, kuonesha hisia za msemaji, kutofautisha aina za sentensi, na kurahisisha mawasiliano.","Sentensi 'Umekuja?' ikitamkwa kwa kiimbo cha kupanda ni swali, na 'Umekuja.' kwa kiimbo cha kushuka ni taarifa.","Katika mazungumzo ya kila siku, kiimbo hutuwezesha kutambua kama mtu anauliza, anaamuru au anashangaa hata bila kuona uso wake.","Taja viarudhi viwili vya Kiswahili.::Mkazo na kiimbo.||Mkazo katika neno kitabu huangukia silabi ipi?::Ya pili kutoka mwisho, yaani ta.||Toa dhima moja ya kiimbo.::Kutofautisha sentensi ya swali na ya taarifa.",
2023-JSS015-Kidato V,Kumudu stadi za juu za Kiswahili,Kukuza uelewa wa misingi na kanuni za Kiswahili,Kufafanua vipashio vinavyojenga neno (mofu na alomofu),Mofu na Alomofu,44,Fikiri-Andika- Jozisha-Shirikisha,Kuwaongoza Wanafunzi,Vipashio vinavyojenga neno vimefafanuliwa.,Chati ya fonimu|Kielelezo cha alasauti|Na chati za uchanganuzi wa sentensi,"TET(2023), MUHTASARI WA KISWAHILI ELIMU YA SEKONDARI KIDATO CHA V-VI, TET, DAR ES SALAAM","Mofu ni kipashio kidogo kabisa chenye maana au dhima ya kisarufi katika neno, na alomofu ni maumbo mbalimbali ya mofimu moja.","Mofimu ni kundi la mofu zenye maana au dhima moja. Mofu hugawanywa kuwa huru (zinazoweza kusimama peke yake, kama sasa) na tegemezi (zisizoweza kusimama peke yake, kama ni-, -li-, -ku-). Alomofu ni mofu tofauti za mofimu moja zinazotokea kutegemea mazingira, kwa mfano kiambishi cha wakati uliopita -li- katika aliimba hubadilika kuwa -ku- katika hakuimba. Mfano mwingine ni viambishi vya wingi wa nomino wa- (ngeli ya m-wa) na mi- (ngeli ya u-i).","Neno walipoimba lina mofu wa- (kiambishi cha nafsi), -li- (njeo), -po- (kirejeshi) na -imb- (mzizi), -a (kiishio).","Kuelewa mofu hutusaidia kuunda maneno mapya na kuelewa maana ya maneno tusiyoyafahamu, mfano kutoka mzizi soma tunapata msomaji na kusomwa.","Mofu ni nini?::Ni kipashio kidogo kabisa chenye maana au dhima ya kisarufi katika neno.||Taja mofu huru na tegemezi.::Huru: sasa; tegemezi: -li-, ni-.||Alomofu ni nini?::Ni maumbo tofauti ya mofimu moja yanayotokea katika mazingira tofauti.",
2023-JSS015-Kidato V,Kumudu stadi za juu za Kiswahili,Kukuza uelewa wa misingi na kanuni za Kiswahili,Kuchambua vipashio vinavyojenga neno na dhima zake,Vipashio Vinavyojenga Neno na Dhima Zake,44,Uchambuzi wa matini,Kuwaongoza Wanafunzi,Vipashio vinavyojenga neno na dhima zake vimechambuliwa.,Chati ya fonimu|Kielelezo cha alasauti|Na chati za uchanganuzi wa sentensi,"TET(2023), MUHTASARI WA KISWAHILI ELIMU YA SEKONDARI KIDATO CHA V-VI, TET, DAR ES SALAAM","Neno la Kiswahili hujengwa na vipashio kama mzizi, viambishi awali, viambishi tamati na vitenzi vinavyoongezwa kwa dhima maalumu.","Vipashio vya neno la kitenzi ni kiambishi cha nafsi, kiambishi cha njeo, kiambishi cha urejeshi, kiambishi cha shamirisho, mzizi na kiishio. Vipashio vya nomino ni kiambishi cha ngeli na mzizi. Dhima ya mzizi ni kubeba maana ya msingi, ya viambishi awali ni kuonesha nafsi, njeo, wakati na hali, ya viambishi tamati ni kuonesha kauli (tendea, tendeka, tendana, tendwa, tendesha) na hali. Uchambuzi huonesha kila kipashio na kazi yake katika neno.","Neno hatukuwapikia: ha- (ukanushi), -tu- (nafsi), -ku- (njeo), -wa- (shamirisho), -pik- (mzizi), -i- (kauli ya kutendea), -a (kiishio).","Wanafunzi wanaweza kutumia uchambuzi huu kuelewa maneno mapya wanayokutana nayo katika vitabu na tangazo, na kuunda msamiati mpya.","Taja vipashio vitatu vya neno la kitenzi.::Kiambishi cha nafsi, mzizi na kiishio.||Kiambishi -i- katika pikia kinaonesha kauli gani?::Kauli ya kutendea.||Dhima ya mzizi katika neno ni ipi?::Kubeba maana ya msingi ya neno.",
2023-JSS015-Kidato V,Kumudu stadi za juu za Kiswahili,Kukuza uelewa wa misingi na kanuni za Kiswahili,"Kuchanganua sentensi changamani na ambatani kwa kutumia mikabala ya kidhima na kimuundo (kwa njia ya matawi, jedwali, mishale na maelezo)",Kuchanganua Sentensi Changamani na Ambatani,44,Majadiliano,Kuwaongoza Wanafunzi,Sentensi changamani na ambatani zimechanga- nuliwa kwa kutumia mikabala ya kidhima na kimuundo.,Chati ya fonimu|Kielelezo cha alasauti|Na chati za uchanganuzi wa sentensi,"TET(2023), MUHTASARI WA KISWAHILI ELIMU YA SEKONDARI KIDATO CHA V-VI, TET, DAR ES SALAAM","Kuchanganua sentensi ni kuonesha vipashio vyake vya kimuundo na kidhima kwa kutumia matawi, jedwali, mishale na maelezo.","Sentensi ambatani huwa na vishazi huru viwili au zaidi vilivyounganishwa kwa viunganishi kama na, lakini, au, kwa hiyo. Sentensi changamani huwa na kishazi huru kimoja na kishazi tegemezi kimoja au zaidi, mfano kilichoanzishwa na kiambishi cha urejeshi -o- au kiunganishi kwamba, ili, ingawa. Mkabala wa kimuundo hugawa sentensi katika kishazi nomino (KN) na kishazi kitenzi (KT). Mkabala wa kidhima huonesha kiima, kitenzi, yambwa na chagizo. Mchoro wa matawi huonesha ngazi za vipashio.",Sentensi 'Mwalimu aliyefundisha jana amesafiri' ni changamani: kishazi huru ni 'Mwalimu amesafiri' na kishazi tegemezi ni 'aliyefundisha jana'.,Kuchanganua sentensi humsaidia mwandishi kuepuka sentensi zenye utata na kujenga insha zenye mtiririko mzuri.,"Sentensi changamani ina nini?::Kishazi huru kimoja na kishazi tegemezi kimoja au zaidi.||Toa mfano wa kiunganishi cha sentensi ambatani.::Na, lakini au kwa hiyo.||Taja mikabala miwili ya kuchanganua sentensi.::Wa kimuundo na wa kidhima.",
2023-JSS015-Kidato V,Kumudu stadi za juu za Kiswahili,Kukuza msamiati kutokana na mazungumzo na maandishi changamani,"Kubaini msamiati mpya kutoka katika mazungumzo changamani na kawaida katika miktadha anuai (mfano: taarifa ya habari, midahalo, na mazungumzo ya watu sokoni)",Msamiati Mpya katika Mazungumzo Changamani,22,Masimulizi,Kuwaongoza Wanafunzi,Msamiati mpya kutoka katika mazungumzo changamani na kawaida yamebainishwa katika miktadha anuai.,Matini za kusikiliza|Matini za maandishi na kamusi,"TET(2023), MUHTASARI WA KISWAHILI ELIMU YA SEKONDARI KIDATO CHA V-VI, TET, DAR ES SALAAM","Wanafunzi hubaini maneno mapya katika mazungumzo kama taarifa ya habari, midahalo na mazungumzo ya sokoni kutokana na muktadha.","Mbinu za kubaini msamiati ni kusikiliza kwa makini, kuandika maneno mapya, kubashiri maana kutokana na muktadha, kuuliza wenye ujuzi na kutumia kamusi. Taarifa ya habari hutumia msamiati rasmi kama uchumi, bajeti, sera na mageuzi; mdahalo hutumia hoja, pingamizi, uzito wa hoja; sokoni husikika maneno ya biashara kama punguzo, bei elekezi na chapa. Msamiati hupangwa kwa mada ili kurahisisha kukumbuka.",Katika taarifa ya habari msikilizaji husikia 'serikali imepunguza kodi ya mafuta' na kubaini maana ya neno kodi ni malipo ya lazima kwa serikali.,"Kusikiliza redio, televisheni na mazungumzo ya watu kuna msaada mkubwa wa kupanua msamiati wa mtu.","Taja njia mbili za kubaini maana ya neno jipya.::Kubashiri kutokana na muktadha na kutumia kamusi.||Toa mfano wa msamiati unaotumika katika mdahalo.::Hoja, pingamizi au uzito wa hoja.||Kwa nini kuandika maneno mapya husaidia?::Husaidia kuyakumbuka na kuyatumia baadaye.",
2023-JSS015-Kidato V,Kumudu stadi za juu za Kiswahili,Kukuza msamiati kutokana na mazungumzo na maandishi changamani,Kubaini msamiati mpya kutoka katika matini andishi za kawaida,Msamiati Mpya katika Matini Andishi za Kawaida,22,Uchambuzi wa matini,Kuwaongoza Wanafunzi,Msamiati mpya kutoka katika matini andishi za kawaida umebainishwa.,Matini za kusikiliza|Matini za maandishi na kamusi,"TET(2023), MUHTASARI WA KISWAHILI ELIMU YA SEKONDARI KIDATO CHA V-VI, TET, DAR ES SALAAM","Kubaini msamiati mpya katika matini andishi kama makala, hadithi na barua hutegemea kusoma kwa makini na kutumia vidokezo vya muktadha.","Mbinu ni kusoma matini yote kwanza, kupigia mstari maneno yasiyojulikana, kuchunguza mzizi na viambishi vyake, kutumia maneno yanayozunguka (visawe, vinyume, mifano) na kuthibitisha katika kamusi. Wanafunzi huweka daftari la msamiati lenye neno, maana, sentensi na kategoria ya neno. Kuongeza msamiati kwa kutumia uambishaji, uhulutishaji na ukopaji pia hukuza msamiati.",Katika sentensi 'Kiongozi alionesha uadilifu katika kazi yake' msomaji hubaini uadilifu ni tabia ya kutenda mema na kuwa mwaminifu kutokana na mzizi -adili.,Kusoma magazeti na vitabu vya kila aina huwawezesha wanafunzi kupata maneno mapya na kuandika kwa ufasaha zaidi.,"Taja hatua mbili za kubaini maana ya neno jipya katika matini.::Kuchunguza muktadha na kutumia kamusi.||Daftari la msamiati huwa na nini?::Neno, maana, sentensi na kategoria ya neno.||Msamiati hukuaje kwa njia ya uambishaji?::Kwa kuongeza viambishi kwenye mzizi kama kutoka soma hadi msomaji.",
2023-JSS015-Kidato V,Kumudu stadi za juu za Kiswahili,Kukuza msamiati kutokana na mazungumzo na maandishi changamani,Kutumia msamiati mpya katika kuzungumza na kuandika matini za kawaida na changamani,Kutumia Msamiati Mpya katika Kuzungumza na Kuandika,22,Kazimradi,Kuwaongoza Wanafunzi,Msamiati mpya katika kuzungumza na kuandika matini za kawaida na changamani umetumiwa.,Matini za kusikiliza|Matini za maandishi na kamusi,"TET(2023), MUHTASARI WA KISWAHILI ELIMU YA SEKONDARI KIDATO CHA V-VI, TET, DAR ES SALAAM","Baada ya kubaini msamiati mpya, mwanafunzi hutumia msamiati huo katika mazungumzo na uandishi wa matini za kawaida na changamani.","Utumizi hujumuisha kutunga sentensi, aya na insha zenye msamiati mpya, kuwasilisha mada kwa mdomo, kuandika barua, ripoti na makala. Mwandishi huzingatia muktadha, hadhira na lengo ili kuchagua neno linalofaa. Msamiati hutumiwa kwa usahihi wa kisarufi na wa kimaana, na kuepuka matumizi mabaya ya maneno.","Mwanafunzi aliyejifunza neno teknolojia anaweza kuandika, 'Teknolojia mpya imerahisisha mawasiliano baina ya watu wa mbali.'","Matumizi sahihi ya msamiati huimarisha uwezo wa mtu kujieleza katika kazi, shuleni na katika jamii.","Taja kazi moja ya kutumia msamiati mpya.::Kutunga sentensi au insha.||Nini kizingatiwe wakati wa kuchagua neno?::Muktadha, hadhira na lengo.||Tunga sentensi kwa neno uadilifu.::Uadilifu wa kiongozi huleta imani kwa wananchi.",
2023-JSS015-Kidato V,Kumudu stadi za juu za Kiswahili,Kutumia msamiati na sarufi stahiki katika miktadha mbalimbali,"Kutumia kanuni za kipragmatiki katika lugha (mfano: mada, wahusika, na miktadha)",Kanuni za Kipragmatiki katika Lugha,30,Uchambuzi wa matini,Kuwaongoza Wanafunzi,Kanuni za kipragmatiki katika lugha zimetumiwa.,Matini zenye tungo tata na kamusi,"TET(2023), MUHTASARI WA KISWAHILI ELIMU YA SEKONDARI KIDATO CHA V-VI, TET, DAR ES SALAAM","Pragmatiki ni tawi la isimu linalochunguza matumizi ya lugha katika muktadha, ikizingatia mada, wahusika na mazingira.","Kanuni za kipragmatiki ni pamoja na kanuni ya ushirikiano (kutoa kiasi sahihi cha taarifa, ukweli, uhusiano na uwazi), staha na tendo-usemi (kama ombi, amri, ahadi na onyo). Maana ya usemi hutegemea nani anasema, kwa nani, wapi na lini. Mfano usemi 'Hapa ni baridi' unaweza kuwa taarifa au ombi la kufunga dirisha, kulingana na muktadha.","Mgeni akisema 'Nina njaa' nyumbani kwa mwenyeji, mara nyingi ni ombi lisilo la moja kwa moja la chakula.",Kuelewa pragmatiki hutusaidia kuzungumza kwa staha na kuelewa maana zisizosemwa waziwazi katika mawasiliano ya kila siku.,"Pragmatiki ni nini?::Ni tawi la isimu linalochunguza matumizi ya lugha katika muktadha.||Taja tendo-usemi moja.::Ombi, amri, ahadi au onyo.||Kwa nini muktadha ni muhimu?::Kwa sababu maana ya usemi hutegemea wahusika na mazingira.",
2023-JSS015-Kidato V,Kumudu stadi za juu za Kiswahili,Kutumia msamiati na sarufi stahiki katika miktadha mbalimbali,Kueleza dhana ya utata (maana na aina),Dhana ya Utata (Maana na Aina),30,Uchambuzi wa Matini,Kuwaongoza Wanafunzi,Dhana ya utata imeelezwa.,Matini zenye tungo tata na kamusi,"TET(2023), MUHTASARI WA KISWAHILI ELIMU YA SEKONDARI KIDATO CHA V-VI, TET, DAR ES SALAAM",Utata ni hali ya usemi au neno kuwa na maana zaidi ya moja hivyo kuleta mkanganyiko kwa msikilizaji au msomaji.,"Aina kuu za utata ni utata wa kileksika (neno lenye maana nyingi, mfano kata), utata wa kimuundo (sentensi inayoweza kuchanganuliwa kwa njia mbili) na utata wa kimuktadha au kifonolojia (matamshi yanayofanana). Kwa mfano 'Mwalimu wa hesabu mzuri' inaweza kumaanisha mwalimu mzuri au hesabu nzuri. Utata unatofautiana na maana ya jumla kwa kuwa msemaji hakukusudia mkanganyiko.",Sentensi 'Nimempa mtoto wa jirani kitabu' haiko wazi kama kitabu ni cha jirani au cha mtoto.,"Utata hujitokeza katika matangazo, sheria na barua, na unaweza kusababisha kutoelewana kama hautaondolewa.","Utata ni nini?::Ni hali ya usemi kuwa na maana zaidi ya moja.||Taja aina mbili za utata.::Wa kileksika na wa kimuundo.||Toa mfano wa neno lenye utata wa kileksika.::Kata, ambalo lina maana nyingi kama kukata kitu au kata ya utawala.",
2023-JSS015-Kidato V,Kumudu stadi za juu za Kiswahili,Kutumia msamiati na sarufi stahiki katika miktadha mbalimbali,Kufafanua sababu za utata katika lugha,Sababu za Utata katika Lugha,30,Bunguabongo,Kuwaongoza Wanafunzi,Sababu za utata katika lugha zimefafanuliwa.,Matini zenye tungo tata na kamusi,"TET(2023), MUHTASARI WA KISWAHILI ELIMU YA SEKONDARI KIDATO CHA V-VI, TET, DAR ES SALAAM",Utata hutokana na sababu za kiisimu na kimuktadha zinazofanya neno au sentensi kufasirika kwa njia zaidi ya moja.,Sababu kuu ni: maneno yenye maana nyingi (polisemia) na yenye umbo moja lakini maana tofauti (homonimia); muundo wa sentensi usioeleza uhusiano wa vipashio; matumizi mabaya ya viambishi vya rejeshi na viwakilishi; alama za uandishi zisizotumika ipasavyo; matamshi yanayofanana; na kutozingatia muktadha. Pia mpangilio mbaya wa maneno husababisha utata.,Sentensi 'Baba alimpigia mama simu jana yake' ina utata wa nani alipiga simu na nani alipigiwa.,"Kujua sababu za utata husaidia waandishi wa taarifa, sheria na matangazo kutumia lugha iliyo wazi.",Taja sababu mbili za utata.::Maneno yenye maana nyingi na muundo usio wazi wa sentensi.||Alama za uandishi zinaweza kusababishaje utata?::Zikikosewa au kukosekana maana huweza kubadilika.||Homonimia ni nini?::Ni maneno yenye umbo moja lakini maana tofauti.,
2023-JSS015-Kidato V,Kumudu stadi za juu za Kiswahili,Kutumia msamiati na sarufi stahiki katika miktadha mbalimbali,Kuondoa utata katika lugha,Kuondoa Utata katika Lugha,30,Majadiliano,Kuwaongoza Wanafunzi,Utata katika lugha umeondolewa.,Matini zenye tungo tata na kamusi,"TET(2023), MUHTASARI WA KISWAHILI ELIMU YA SEKONDARI KIDATO CHA V-VI, TET, DAR ES SALAAM",Kuondoa utata ni kuandika au kutamka kwa njia inayoacha maana moja tu iliyokusudiwa.,"Njia za kuondoa utata ni kubadili mpangilio wa maneno, kutumia alama za uandishi (koma, kistari, mabano), kuongeza maneno ya ufafanuzi, kutumia visawe visivyo na utata, kuvunja sentensi ndefu kuwa fupi, kutumia viwakilishi vilivyo wazi na kutoa muktadha wa kutosha. Mwandishi hupitia kazi yake mara ya pili kutafuta sehemu zenye utata.",Sentensi 'Mwalimu wa hesabu mzuri' hufanywa wazi kuwa 'Mwalimu mzuri wa hesabu' au 'Mwalimu wa hesabu nzuri'.,"Watunzi wa sheria, matangazo na maagizo ya dawa huondoa utata ili kuepuka madhara na kutoelewana.",Taja njia mbili za kuondoa utata.::Kubadili mpangilio wa maneno na kuongeza maneno ya ufafanuzi.||Rekebisha 'Nilimwona mwalimu na mwanafunzi mrefu' ili iwe wazi kuwa mwalimu ndiye mrefu.::Nilimwona mwalimu mrefu na mwanafunzi.||Kwa nini kuvunja sentensi ndefu kunasaidia?::Kunapunguza mkanganyiko na kufanya maana iwe wazi.,
2023-JSS015-Kidato V,Kuthamini Kiswahili kama lugha ya taifa,Kutambua chimbuko na asili ya Kiswahili,Kujadili nadharia kuhusu chimbuko na asili ya lugha ya Kiswahili,Nadharia kuhusu Chimbuko na Asili ya Kiswahili,22,Majadiliano,Kuwaongoza Wanafunzi,Nadharia kuhusu chimbuko na asili ya lugha ya Kiswahili vimejadiliwa.,Ramani ya chimbuko na asili ya Kiswahili na msambao wa Wabantu,"TET(2023), MUHTASARI WA KISWAHILI ELIMU YA SEKONDARI KIDATO CHA V-VI, TET, DAR ES SALAAM","Wataalamu wametoa nadharia mbalimbali kuhusu chimbuko la Kiswahili, ikiwemo ile ya asili ya Kiarabu, Kibantu, Kihindi na ya mchanganyiko.","Nadharia ya asili ya Kiarabu inasema Kiswahili kilitokana na Waarabu waliotawala pwani, lakini inapingwa kwa kuwa muundo wake wa kisarufi ni wa Kibantu. Nadharia ya asili ya Kibantu inasema Kiswahili ni lugha ya Kibantu iliyokopa maneno kutoka lugha nyingine. Nadharia ya mchanganyiko wa Kiarabu na Kibantu inasema Kiswahili kilitokana na mchanganyiko wa lugha hizi, lakini haikubaliki kwa kuwa msingi wa Kiswahili ni Kibantu. Mjadala hutathmini ushahidi wa kila nadharia na kuonesha nguvu na udhaifu wake.","Neno mtoto (Kibantu) lina ngeli ya m-wa, ilhali neno kitabu (kutoka Kiarabu kitab) hufuata ngeli ya ki-vi, kuonesha Kiarabu ni kikopo tu.",Kuelewa chimbuko la Kiswahili huwapa Watanzania fahari ya lugha yao ya taifa.,Taja nadharia mbili za chimbuko la Kiswahili.::Nadharia ya asili ya Kiarabu na ya asili ya Kibantu.||Kwa nini nadharia ya Kiarabu inapingwa?::Kwa sababu muundo wa kisarufi wa Kiswahili ni wa Kibantu.||Kiswahili kina asili gani kwa mujibu wa wataalamu wengi?::Kibantu.,
2023-JSS015-Kidato V,Kuthamini Kiswahili kama lugha ya taifa,Kutambua chimbuko na asili ya Kiswahili,Kuthibitisha Ubantu wa lugha ya Kiswahili kiisimu,Ubantu wa Kiswahili Kiisimu,22,Uchambuzi wa matini,Kuwaongoza Wanafunzi,Ubantu wa lugha ya Kiswahili kiisimu umethibitishwa.,Ramani ya chimbuko na asili ya Kiswahili na msambao wa Wabantu,"TET(2023), MUHTASARI WA KISWAHILI ELIMU YA SEKONDARI KIDATO CHA V-VI, TET, DAR ES SALAAM","Ubantu wa Kiswahili kiisimu unathibitishwa kwa ushahidi wa kifonolojia, kimofolojia, kisintaksia na kimsamiati.","Kifonolojia, Kiswahili kina silabi wazi na mfumo wa irabu tano kama lugha nyingi za Kibantu. Kimofolojia, kina mfumo wa ngeli na upatanisho wa kisarufi (m-wa, ki-vi, n-n, u-i) na uambishaji wa vitenzi. Kisintaksia, mpangilio wa sentensi ni kiima-kitenzi-yambwa. Kimsamiati, maneno ya msingi kama mtu, maji, moto, kula na kuja yana asili moja na lugha za Kibantu. Ushahidi huu unaonesha kuwa Kiswahili ni lugha ya Kibantu.","Neno mtu katika Kiswahili, muntu katika Kikongo, na umuntu katika Kizulu yote yana mzizi -ntu.","Ufahamu huu husaidia kujifunza lugha nyingine za Kibantu kama Kikamba, Kigogo na Kinyamwezi kwa urahisi.","Ubantu wa Kiswahili kiisimu unaonekana katika nini?::Katika sauti, muundo wa maneno, sentensi na msamiati.||Taja ngeli mbili za Kiswahili.::M-wa na ki-vi.||Mzizi -ntu ni wa nini?::Unaashiria binadamu katika lugha nyingi za Kibantu.",
2023-JSS015-Kidato V,Kuthamini Kiswahili kama lugha ya taifa,Kutambua chimbuko na asili ya Kiswahili,Kuthibitisha Ubantu wa lugha ya Kiswahili kihistoria,Ubantu wa Kiswahili Kihistoria,22,Masimulizi,Kuwaongoza Wanafunzi,Ubantu wa lugha ya Kiswahili umethibitishwa kihistoria.,Ramani ya chimbuko na asili ya Kiswahili na msambao wa Wabantu,"TET(2023), MUHTASARI WA KISWAHILI ELIMU YA SEKONDARI KIDATO CHA V-VI, TET, DAR ES SALAAM",Ushahidi wa kihistoria unaonesha kuwa Kiswahili kilitokana na Wabantu waliokaa pwani ya Afrika Mashariki kabla ya kuja kwa wageni.,"Wabantu walihamia pwani ya Afrika Mashariki karne nyingi zilizopita na kuanzisha miji kama Kilwa, Pate na Mombasa. Kiswahili kilikuwa kikitumiwa na wenyeji katika biashara na maisha ya kila siku kabla ya Waarabu na Wareno kufika. Maandishi ya mapema kama Utenzi wa Tambuka yanaonesha uwepo wa lugha hii. Waarabu walikuta Kiswahili kimekwisha kuwepo na kuongeza maneno yao tu. Wasafiri kama Ibn Battuta walirekodi kuwapo kwa lugha ya kienyeji pwani.",Miji ya kale ya Kilwa na Kaole ilikuwa vituo vya biashara ambapo Kiswahili kilitumika kama lugha ya mawasiliano.,"Historia hii inatufundisha kuwa Kiswahili ni lugha ya Kiafrika na si ya wageni, hivyo tuithamini.","Wabantu walihamia wapi?::Pwani ya Afrika Mashariki.||Taja mji mmoja wa kale wa pwani.::Kilwa (au Pate, Mombasa).||Wageni walipofika walikuta Kiswahili kikoje?::Kilikuwa tayari kimekwisha kuwepo.",
2023-JSS015-Kidato V,Kuthamini Kiswahili kama lugha ya taifa,Kutathmini kukua na kuenea kwa Kiswahili,Kujadili kukua na kuenea kwa Kiswahili katika nchi za Afrika Mashariki kabla ya uhuru,Kukua na Kuenea kwa Kiswahili Kabla ya Uhuru,22,Matembezi ya galari,Kuwaongoza Wanafunzi,Kukua na kuenea kwa Kiswahili katika nchi za Afrika Mashariki kabla ya uhuru kumejadiliwa.,Matini mbalimbali kuhusu kukua na kuenea kwa Kiswahili Afrika Mashariki,"TET(2023), MUHTASARI WA KISWAHILI ELIMU YA SEKONDARI KIDATO CHA V-VI, TET, DAR ES SALAAM","Kabla ya uhuru Kiswahili kilienea Afrika Mashariki kupitia biashara, dini, utawala wa kikoloni na elimu.","Biashara ya masafa marefu ya watumwa na pembe iliwafikisha wafanyabiashara wa pwani bara. Waislamu na wamisionari walieneza Kiswahili katika dini na shule. Wakoloni Wajerumani walitumia Kiswahili katika utawala Tanganyika, na Waingereza waliunda Kamati ya Lugha ya Afrika Mashariki (1930) kusanifisha lugha. Harakati za kupigania uhuru kupitia TANU zilitumia Kiswahili kuunganisha wananchi. Redio, magazeti na vitabu vilichangia.","Julius Nyerere alitumia Kiswahili katika hotuba za kudai uhuru, jambo lililoleta umoja miongoni mwa makabila mbalimbali.",Kiswahili leo hutumika kuunganisha wananchi wa makabila zaidi ya 120 nchini Tanzania.,"Taja kichocheo kimoja cha kuenea kwa Kiswahili kabla ya uhuru.::Biashara, dini au utawala.||Kamati ya Lugha ya Afrika Mashariki ilianzishwa mwaka gani?::Mwaka 1930.||TANU ilitumiaje Kiswahili?::Kuunganisha wananchi katika harakati za kudai uhuru.",
2023-JSS015-Kidato V,Kuthamini Kiswahili kama lugha ya taifa,Kutathmini kukua na kuenea kwa Kiswahili,Kujadili kukua na kuenea kwa Kiswahili katika nchi za Afrika Mashariki baada ya uhuru,Kukua na Kuenea kwa Kiswahili Baada ya Uhuru,22,Majadiliano,Kuwaongoza Wanafunzi,Kukua na kuenea kwa Kiswahili katika nchi za Afrika Mashariki baada ya uhuru kumejadiliwa.,Matini mbalimbali kuhusu kukua na kuenea kwa Kiswahili Afrika Mashariki,"TET(2023), MUHTASARI WA KISWAHILI ELIMU YA SEKONDARI KIDATO CHA V-VI, TET, DAR ES SALAAM","Baada ya uhuru, Kiswahili kimekua kutokana na sera za serikali, vyombo vya habari, elimu na taasisi za lugha.","Tanzania ilikifanya Kiswahili lugha ya taifa na rasmi, ikaanzisha BAKITA (1967), Taasisi ya Taaluma za Kiswahili (TATAKI) na Baraza la Kiswahili la Zanzibar (BAKIZA). Kiswahili kikatumika bungeni, mahakamani na kufundishia elimu ya msingi. Kenya na Uganda pia zilitambua Kiswahili. Redio, televisheni, magazeti na muziki vimekieneza, na vyuo vikuu vinafundisha Kiswahili ndani na nje ya Afrika.","Kiswahili kilipotangazwa lugha rasmi ya Umoja wa Afrika na kukubaliwa na UNESCO kuwa na siku yake ya kimataifa (Julai 7), kilipata hadhi ya kimataifa.","Wananchi hutumia Kiswahili katika ofisi, masoko, hospitali na vyombo vya habari.","BAKITA ilianzishwa mwaka gani?::Mwaka 1967.||Taja chombo kimoja cha kueneza Kiswahili.::Redio, televisheni au magazeti.||Siku ya Kiswahili Duniani huadhimishwa lini?::Tarehe 7 Julai.",
2023-JSS015-Kidato V,Kuthamini Kiswahili kama lugha ya taifa,Kutathmini kukua na kuenea kwa Kiswahili,Kujadili kukua na kuenea kwa Kiswahili kutokana na maendeleo ya sayansi na teknolojia,Kukua na Kuenea kwa Kiswahili Kutokana na Sayansi na Teknolojia,22,Tafakuri binafsi,Kuwaongoza Wanafunzi,Kukua na kuenea kwa Kiswahili kutokana na maendeleo ya sayansi na teknolojia kumejadiliwa.,Matini mbalimbali kuhusu kukua na kuenea kwa Kiswahili Afrika Mashariki,"TET(2023), MUHTASARI WA KISWAHILI ELIMU YA SEKONDARI KIDATO CHA V-VI, TET, DAR ES SALAAM","Sayansi na teknolojia vimechangia kukuza na kueneza Kiswahili kupitia intaneti, simu, mitandao ya kijamii na programu za tafsiri.","Kiswahili kinatumika katika tovuti, Wikipedia ya Kiswahili, mitandao ya kijamii, utafutaji wa Google na mifumo ya tafsiri ya kompyuta. Kuna kamusi za mtandaoni, programu za kujifunza lugha, na redio za mtandaoni kama BBC Swahili na DW Kiswahili. Teknolojia huongeza msamiati mpya kama intaneti, barua pepe na kifaa cha mkononi. Changamoto ni usanifishaji wa istilahi na upungufu wa maudhui ya kitaalamu.",Mtu wa Ulaya anaweza kujifunza Kiswahili kupitia programu ya simu au kusikiliza redio ya Kiswahili mtandaoni.,"Vijana hutumia Kiswahili katika WhatsApp, YouTube na TikTok kuwasiliana na kujipatia kipato.","Taja jukwaa moja la teknolojia linalotumia Kiswahili.::Wikipedia ya Kiswahili, YouTube au BBC Swahili.||Istilahi mpya kutokana na teknolojia ni zipi?::Intaneti na barua pepe.||Changamoto moja ya Kiswahili katika teknolojia ni ipi?::Upungufu wa maudhui ya kitaalamu na istilahi sanifu.",
2023-JSS015-Kidato V,Kuthamini Kiswahili kama lugha ya taifa,"Kutambua matumizi ya lugha ya kwanza, pili, rasmi na lugha ya taifa",Kufafanua dhana na matumizi ya lugha ya kwanza na lugha ya pili,Lugha ya Kwanza na Lugha ya Pili,28,Kazimradi,Kuwaongoza Wanafunzi,Dhana na matumizi ya lugha ya kwanza na lugha ya pili yamefafanuliwa.,Matini andishi zinazohusu lugha ya kwanza|Ya pili|Taifa na rasmi,"TET(2023), MUHTASARI WA KISWAHILI ELIMU YA SEKONDARI KIDATO CHA V-VI, TET, DAR ES SALAAM","Lugha ya kwanza ni lugha ambayo mtu huipata utotoni kutoka kwa wazazi na jamii, na lugha ya pili ni ile anayoipata baadaye.","Lugha ya kwanza (mama) hupatikana kwa kufuata mazingira ya asili bila kufundishwa rasmi; hutumiwa nyumbani na kujenga utambulisho. Lugha ya pili hujifunzwa baada ya lugha ya kwanza kwa lengo la mawasiliano mapana, elimu na kazi. Kwa Watanzania wengi, lugha ya kwanza ni ya kikabila na Kiswahili ni ya pili, ingawa kwa wengine wa pwani Kiswahili ni ya kwanza. Kiingereza ni lugha ya pili au ya tatu kwa wengi.","Mtoto wa Kichaga aliyezaliwa Moshi hujifunza Kichaga nyumbani (ya kwanza), kisha Kiswahili shuleni (ya pili).",Watu wengi hutumia lugha yao ya kwanza nyumbani na Kiswahili kazini na sokoni.,"Lugha ya kwanza ni ipi?::Ni lugha anayoipata mtu utotoni kutoka nyumbani na jamii.||Lugha ya pili hujifunzwaje?::Hujifunzwa baadaye, mara nyingi shuleni au mazingira ya kazi.||Kwa Mmakonde wa kijijini, Kiswahili mara nyingi ni lugha gani?::Lugha ya pili.",
2023-JSS015-Kidato V,Kuthamini Kiswahili kama lugha ya taifa,"Kutambua matumizi ya lugha ya kwanza, pili, rasmi na lugha ya taifa",Kufafanua dhana na matumizi ya lugha rasmi na lugha ya taifa,Lugha Rasmi na Lugha ya Taifa,28,Kazimradi na Majadiliano,Kuwaongoza Wanafunzi,Dhana na matumizi ya lugha rasmi na lugha ya taifa vimefafanuliwa Nafasi ya Kiswahili kama lugha rasmi na lugha ya taifa imejadiliwa.,Matini andishi zinazohusu lugha ya kwanza|Ya pili|Taifa na rasmi,"TET(2023), MUHTASARI WA KISWAHILI ELIMU YA SEKONDARI KIDATO CHA V-VI, TET, DAR ES SALAAM","Lugha rasmi ni lugha inayotumika katika shughuli za serikali na taasisi rasmi, na lugha ya taifa ni ile inayoiunganisha na kuitambulisha nchi.","Nchini Tanzania Kiswahili ni lugha ya taifa na pia lugha rasmi pamoja na Kiingereza katika baadhi ya shughuli. Lugha rasmi hutumika bungeni, mahakamani, elimu na katika nyaraka za serikali. Lugha ya taifa hujenga umoja, utambulisho na uzalendo. Sifa za lugha ya taifa ni kukubalika na wengi, kuenea nchi nzima na kubeba utamaduni wa taifa. Nchi kama Ghana na Nigeria hutumia Kiingereza kama lugha rasmi lakini lugha za taifa ni tofauti.",Hotuba ya Rais bungeni kwa Kiswahili ni mfano wa matumizi ya lugha rasmi na ya taifa kwa pamoja.,"Fomu za serikali, hati za kusafiria na matangazo rasmi hutumia lugha rasmi.",Lugha ya taifa ni nini?::Ni lugha inayoiunganisha na kuitambulisha nchi.||Taja mahali pa kutumia lugha rasmi.::Bungeni au mahakamani.||Lugha ya taifa ya Tanzania ni ipi?::Kiswahili.,
2023-JSS015-Kidato V,Kuthamini Kiswahili kama lugha ya taifa,"Kutambua matumizi ya lugha ya kwanza, pili, rasmi na lugha ya taifa",Kujadili dhana na sifa ya lugha ya kimataifa,Dhana na Sifa za Lugha ya Kimataifa,28,Kazimradi,Kuwaongoza Wanafunzi,Dhana na sifa ya lugha ya kimataifa vimejadiliwa.,Matini andishi zinazohusu lugha ya kwanza|Ya pili|Taifa na rasmi,"TET(2023), MUHTASARI WA KISWAHILI ELIMU YA SEKONDARI KIDATO CHA V-VI, TET, DAR ES SALAAM","Lugha ya kimataifa ni lugha inayotumiwa na watu wa mataifa mbalimbali katika mawasiliano, biashara, diplomasia na elimu.","Sifa za lugha ya kimataifa ni: idadi kubwa ya wazungumzaji, kuenea katika nchi nyingi, kutumika katika mashirika ya kimataifa (UN, AU), kuwa na maandishi na fasihi, kufundishwa katika vyuo vya nchi mbalimbali, na kuwa na nguvu ya kiuchumi na kisiasa. Mifano ni Kiingereza, Kifaransa, Kiarabu, Kihispania, Kichina na Kirusi. Lugha ya kimataifa huvuka mipaka ya kitaifa.","Kiingereza ni lugha ya kimataifa kwa kuwa hutumika katika biashara, sayansi na mtandao ulimwenguni.","Watalii, wafanyabiashara na wanadiplomasia hutumia lugha za kimataifa kuwasiliana bila vikwazo.",Lugha ya kimataifa ni nini?::Ni lugha inayotumiwa na mataifa mengi katika mawasiliano.||Taja lugha mbili za kimataifa.::Kiingereza na Kifaransa.||Taja sifa moja ya lugha ya kimataifa.::Kuenea katika nchi nyingi na kutumika katika mashirika ya kimataifa.,
2023-JSS015-Kidato V,Kuthamini Kiswahili kama lugha ya taifa,"Kutambua matumizi ya lugha ya kwanza, pili, rasmi na lugha ya taifa",Kujadili sifa za Kiswahili kama lugha ya kimataifa,Sifa za Kiswahili kama Lugha ya Kimataifa,28,Kazimradi,Kuwaongoza Wanafunzi,Sifa za Kiswahili kama lugha ya kimataifa zimejadiliwa.,Matini andishi zinazohusu lugha ya kwanza|Ya pili|Taifa na rasmi,"TET(2023), MUHTASARI WA KISWAHILI ELIMU YA SEKONDARI KIDATO CHA V-VI, TET, DAR ES SALAAM","Kiswahili kinakidhi sifa nyingi za lugha ya kimataifa kutokana na idadi ya wazungumzaji, kuenea kwake na kutambuliwa na mashirika ya kimataifa.","Kiswahili huzungumzwa na zaidi ya watu milioni mia mbili katika Tanzania, Kenya, Uganda, Rwanda, Burundi, DRC, Msumbiji na Komoro. Ni lugha rasmi ya Umoja wa Afrika, Jumuiya ya Afrika Mashariki na SADC (katika hali ya lugha ya kazi). Hufundishwa katika vyuo vikuu vya Marekani, Ulaya, Asia na Afrika. UNESCO imetangaza Siku ya Kiswahili Duniani (Julai 7). Kina fasihi tajiri, kamusi na vitabu vya kitaaluma, na hutumika katika redio za kimataifa.","Redio ya BBC, VOA na DW hutangaza kwa Kiswahili, jambo linaloonesha hadhi yake ya kimataifa.","Vijana wanaweza kutumia ujuzi wa Kiswahili kupata ajira kama wakalimani, walimu na watafsiri ndani na nje ya nchi.","Kiswahili ni lugha rasmi ya taasisi gani ya Afrika?::Umoja wa Afrika.||Siku ya Kiswahili Duniani ni lini?::Tarehe 7 Julai.||Taja chuo au redio ya kimataifa inayotumia Kiswahili.::BBC, VOA au DW.",
2023-JSS015-Kidato V,Kuhariri kazi mbalimbali,Kumudu stadi za uhariri,Kubainisha kanuni za uhariri,Kanuni za Uhariri,36,Kualika mgeni,Kuwaongoza Wanafunzi,Kanuni za uhariri zimebainishwa.,Matini andishi|Orodha ya alama za uhariri|Na kamusi,"TET(2023), MUHTASARI WA KISWAHILI ELIMU YA SEKONDARI KIDATO CHA V-VI, TET, DAR ES SALAAM","Uhariri ni kazi ya kusahihisha na kuboresha matini ili iwe na ubora wa lugha, maudhui na mpangilio kabla ya kuchapishwa au kuwasilishwa.","Kanuni za uhariri ni: kusoma matini yote kwanza, kuzingatia hadhira na lengo, kuhifadhi maana ya mwandishi, kusahihisha makosa ya kisarufi, tahajia na alama za uandishi, kuondoa marudio yasiyo ya lazima, kuhakikisha mtiririko wa mawazo na uthabiti wa mtindo, kuthibitisha ukweli wa taarifa na kuheshimu haki za mwandishi. Mhariri hasomi kwa haraka na hutumia hatua kadhaa za usomaji.",Mhariri anayekuta sentensi 'Watoto wote wamekuja shuleni leo lakini na wengine hawakuja' huisahihisha kuwa 'Watoto wengi wamekuja shuleni leo lakini wengine hawakuja'.,"Wahariri hufanya kazi katika magazeti, nyumba za uchapishaji, redio na televisheni ili taarifa ziwafikie wananchi zikiwa sahihi.",Uhariri ni nini?::Ni kusahihisha na kuboresha matini kabla ya kuchapishwa au kuwasilishwa.||Taja kanuni mbili za uhariri.::Kuhifadhi maana ya mwandishi na kusahihisha makosa ya kisarufi.||Mhariri huzingatia nini kuhusu hadhira?::Kiwango cha ufahamu na mahitaji ya wasomaji.,
2023-JSS015-Kidato V,Kuhariri kazi mbalimbali,Kumudu stadi za uhariri,Kufafanua vipengele vya lugha na maudhui vinavyozingatiwa katika uhariri,Vipengele vya Lugha na Maudhui katika Uhariri,36,Kualika mgeni,Kuwaongoza Wanafunzi,Vipengele vya lugha na maudhui vinavyozingatiwa katika uhariri vimefafanuliwa.,Matini andishi|Orodha ya alama za uhariri|Na kamusi,"TET(2023), MUHTASARI WA KISWAHILI ELIMU YA SEKONDARI KIDATO CHA V-VI, TET, DAR ES SALAAM","Katika uhariri, vipengele vya lugha na maudhui hukaguliwa kwa mpangilio ili kuhakikisha matini imekamilika na iko sahihi.","Vipengele vya lugha ni tahajia, sarufi (upatanisho, njeo, ngeli), alama za uandishi, uteuzi wa msamiati, mtindo na urefu wa sentensi. Vipengele vya maudhui ni usahihi wa taarifa, uhusiano wa mawazo, mpangilio wa aya, kuwepo kwa utangulizi, mwili na hitimisho, uwazi wa hoja na kutokuwepo kwa ukinzani. Mhariri huhakiki pia vyanzo, tarehe na majina ili kuepuka upotoshaji.","Katika habari 'Waziri amefungua daraja jana Dodoma' mhariri huuliza: ni waziri gani, daraja lipi, na jina la mkoa limeandikwa sahihi?",Barua za maombi ya kazi zilizohaririwa vizuri humpa muombaji nafasi nzuri ya kuchaguliwa.,"Taja kipengele kimoja cha lugha kinachohaririwa.::Tahajia, sarufi au alama za uandishi.||Taja kipengele kimoja cha maudhui kinachohaririwa.::Usahihi wa taarifa au mpangilio wa aya.||Kwa nini mhariri huhakiki tarehe na majina?::Ili kuepuka upotoshaji wa taarifa.",
2023-JSS015-Kidato V,Kuhariri kazi mbalimbali,Kumudu stadi za uhariri,Kufafanua alama za uhariri,Alama za Uhariri,36,Majadiliano,Kuwaongoza Wanafunzi,Alama za uhariri zimefafanuliwa.,Matini andishi|Orodha ya alama za uhariri|Na kamusi,"TET(2023), MUHTASARI WA KISWAHILI ELIMU YA SEKONDARI KIDATO CHA V-VI, TET, DAR ES SALAAM",Alama za uhariri ni michoro na ishara za kawaida zinazotumika kuonesha marekebisho yanayotakiwa katika matini.,Alama zinazotumika sana ni: kistari cha kufuta neno au herufi; alama ya kuingiza (^) inayoonesha mahali pa kuongeza neno; alama ya kubadilishana mahali pa maneno au herufi; alama ya kuanza aya mpya (¶); alama ya kuunganisha maneno (kistari kilichopinda); alama ya herufi kubwa (mistari mitatu chini ya herufi); alama ya kuacha kama ilivyokuwa (stet); na alama ya nafasi. Alama huandikwa pembezoni na ndani ya maandishi ili mwandishi aone marekebisho.,"Ili kuingiza neno 'sana' katika 'Ameshukuru kazi', mhariri huweka ^ mahali pa kuingiza na kuandika 'sana' pembeni.","Alama hizi hutumika katika ofisi za uchapishaji, ofisi za magazeti na hata mwalimu anaposahihisha insha za wanafunzi.",Alama ya kuanza aya mpya ni ipi?::Alama ¶.||Alama ya ^ hutumika kufanya nini?::Kuonesha mahali pa kuingiza neno au herufi.||Stet inamaanisha nini?::Kuacha maandishi kama yalivyokuwa awali.,
2023-JSS015-Kidato V,Kuhariri kazi mbalimbali,Kumudu stadi za uhariri,Kuhariri matini za kawaida,Kuhariri Matini za Kawaida,36,Onesho mbinu,Kuwaongoza Wanafunzi,Matini za kawaida zimehaririwa.,Matini andishi|Orodha ya alama za uhariri|Na kamusi,"TET(2023), MUHTASARI WA KISWAHILI ELIMU YA SEKONDARI KIDATO CHA V-VI, TET, DAR ES SALAAM","Kuhariri matini za kawaida ni kutumia kanuni na alama za uhariri kusahihisha na kuboresha kazi kama barua, makala na taarifa fupi.","Hatua ni: kusoma matini yote, kusoma tena kwa makini kubaini makosa, kutumia alama za uhariri, kurekebisha sarufi, tahajia na maudhui, kuandika upya sehemu zenye utata, kusoma tena baada ya marekebisho na kumjulisha mwandishi mabadiliko. Mhariri hujiepusha na kubadili mawazo ya mwandishi bila sababu.",Matini 'Kila mwanafunzi ameleta vitabu vyao' huhaririwa kuwa 'Kila mwanafunzi ameleta vitabu vyake' au 'Wanafunzi wote wameleta vitabu vyao'.,Mtu anapoandika barua pepe ya kazi huipitia kwanza kama mhariri ili isiwe na makosa.,Taja hatua ya kwanza ya kuhariri matini.::Kusoma matini yote.||Hariri: 'Wanafunzi ameenda shuleni'.::Wanafunzi wameenda shuleni.||Kwa nini kusoma tena baada ya marekebisho?::Kuhakikisha hakuna makosa mapya na maana iko wazi.,
2023-JSS015-Kidato V,Kuhariri kazi mbalimbali,Kumudu stadi za uhariri,Kutathmini matini za kawaida zilizohaririwa na wengine,Kutathmini Matini Zilizohaririwa na Wengine,36,Uchambuzi wa matini,Kuwaongoza Wanafunzi,Matini za kawaida zilizohaririwa na wengine zimetathminiwa.,Matini andishi|Orodha ya alama za uhariri|Na kamusi,"TET(2023), MUHTASARI WA KISWAHILI ELIMU YA SEKONDARI KIDATO CHA V-VI, TET, DAR ES SALAAM",Kutathmini matini iliyohaririwa ni kuhakiki kama marekebisho yaliyofanywa yameboresha ubora wa matini na kuzingatia kanuni za uhariri.,"Mtathmini hulinganisha matini ya awali na iliyohaririwa, huangalia kama makosa yote yamerekebishwa, kama maana ya mwandishi imehifadhiwa, kama alama za uhariri zimetumika sahihi, na kama mtindo na mpangilio vimeimarika. Hutoa mrejesho wenye heshima unaotaja mafanikio na mapungufu. Matumizi ya orodha hakiki (checklist) husaidia kufanya tathmini ya kina.","Mwanafunzi hupewa insha iliyohaririwa na mwenzake na kuandika mapendekezo: 'Makosa ya tahajia yamerekebishwa, lakini aya ya tatu bado ina mawazo yanayojirudia.'",Wafanyakazi wa mashirika hupeana kazi zao ili kuthibitisha ubora kabla ya kuziwasilisha kwa wateja.,Tathmini ya matini iliyohaririwa hujumuisha nini?::Kulinganisha matini ya awali na ya baadaye na kupima ubora.||Mrejesho mzuri unapaswa kuwa vipi?::Wenye heshima na unaotaja mafanikio na mapungufu.||Orodha hakiki hutumikaje?::Kukagua kwa mpangilio vipengele vyote vya matini.,
2023-JSS015-Kidato V,Kutafsiri na kukalimani kazi mbalimbali,Kutafsiri matini mbalimbali,Kufafanua mbinu za tafsiri,Mbinu za Tafsiri,28,Bunguabongo,Kuwaongoza Wanafunzi,Mbinu za tafsiri zimefafanuliwa.,Matini andishi|Kamusi|Na orodha ya vifupisho,"TET(2023), MUHTASARI WA KISWAHILI ELIMU YA SEKONDARI KIDATO CHA V-VI, TET, DAR ES SALAAM",Tafsiri ni kuhamisha ujumbe kutoka lugha chanzi hadi lugha lengwa kwa kuzingatia maana na muktadha.,"Mbinu za tafsiri ni pamoja na tafsiri sisisi (neno kwa neno), tafsiri ya kisemantiki (inayohifadhi maana ya muktadha na umbo la chanzi), tafsiri ya kimawasiliano (inayozingatia athari kwa msomaji lengwa), tafsiri huru na tafsiri ya kuchukua neno (ukopaji). Kuchagua mbinu hutegemea aina ya matini, lengo na hadhira. Mfasiri hutumia kamusi, misamiati ya fani na maarifa ya tamaduni zote mbili.","Tafsiri sisisi ya 'It is raining cats and dogs' ni 'Mvua ya paka na mbwa' isiyo na maana, ilhali ya kimawasiliano ni 'Mvua inanyesha kwa nguvu'.","Watafsiri hufanya kazi katika mashirika, mahakama, mikutano na vitabu, kuwezesha watu wa lugha tofauti kuelewana.",Tafsiri ni nini?::Ni kuhamisha ujumbe kutoka lugha chanzi hadi lugha lengwa.||Taja mbinu mbili za tafsiri.::Sisisi na kisemantiki.||Mbinu ya kimawasiliano huzingatia nini?::Athari ya matini kwa msomaji wa lugha lengwa.,
2023-JSS015-Kidato V,Kutafsiri na kukalimani kazi mbalimbali,Kutafsiri matini mbalimbali,Kutafsiri matini za kawaida kwa mbinu ya tafsiri sisisi,Tafsiri Sisisi ya Matini za Kawaida,28,Maswali na majibu na Onesho mbinu,Kuwaongoza Wanafunzi,Matini za kawaida zimetafsiriwa kwa ufasaha kwa mbinu ya tafsiri sisisi.,Matini andishi|Kamusi|Na orodha ya vifupisho,"TET(2023), MUHTASARI WA KISWAHILI ELIMU YA SEKONDARI KIDATO CHA V-VI, TET, DAR ES SALAAM",Tafsiri sisisi ni mbinu ya kufasiri kila neno la matini chanzi kwa neno linalolingana nalo katika lugha lengwa kwa kufuata mpangilio wa chanzi.,"Mbinu hii hufaa kwa matini zenye muundo unaofanana kati ya lugha mbili au katika kujifunza sarufi ya lugha. Hatua ni kusoma matini chanzi, kutafuta visawe vya maneno, kuweka kwa mpangilio wa chanzi na kupitia matokeo. Udhaifu wake ni kutoa sentensi zisizo na mtiririko wa asili, methali na nahau kupoteza maana, na kupotosha ujumbe pale lugha zinapotofautiana kimuundo.","Sentensi 'He is going to school' kwa tafsiri sisisi ni 'Yeye anaenda shuleni', ambayo inafaa; lakini 'I am cold' kama 'Mimi ni baridi' ni kosa, sahihi ni 'Ninasikia baridi'.",Watu hutumia tafsiri sisisi kwa kuelewa haraka maana ya maneno ya lugha ya kigeni wanapojifunza.,Tafsiri sisisi ni nini?::Ni kufasiri neno kwa neno kufuata mpangilio wa matini chanzi.||Udhaifu mmoja wa tafsiri sisisi ni upi?::Hupoteza maana ya methali na nahau.||Fasiri kwa sisisi: 'She reads a book'.::Yeye anasoma kitabu.,
2023-JSS015-Kidato V,Kutafsiri na kukalimani kazi mbalimbali,Kutafsiri matini mbalimbali,Kutafsiri matini za kawaida kwa mbinu ya tafsiri ya kisemantiki,Tafsiri ya Kisemantiki,28,Majadiliano na Onesho mbinu,Kuwaongoza Wanafunzi,Matini za kawaida zimetafsiriwa kwa mbinu ya tafsiri ya kisemantiki.,Matini andishi|Kamusi|Na orodha ya vifupisho,"TET(2023), MUHTASARI WA KISWAHILI ELIMU YA SEKONDARI KIDATO CHA V-VI, TET, DAR ES SALAAM","Tafsiri ya kisemantiki hujali maana ya muktadha na umbo la matini chanzi, ikiruhusu marekebisho madogo ya kimuundo katika lugha lengwa.","Mbinu hii huzingatia thamani ya kisanaa na kimaana ya matini chanzi, na hutumiwa kwa matini za kifasihi, kisheria na za kisayansi. Mfasiri hujaribu kuhifadhi mtindo wa mwandishi, tamathali za usemi na maana ya kina. Hatua ni kuchambua matini chanzi, kubainisha maana ya muktadha, kuchagua visawe vinavyofaa, kupanga upya sentensi inapobidi na kuhakiki uaminifu.",Nahau ya Kiingereza 'to break the ice' hufasiriwa kwa kisemantiki kama 'kuvunja ukimya' au 'kuanzisha mazungumzo'.,Mfasiri wa riwaya hutumia mbinu hii ili mtindo wa mwandishi usipotee.,"Tafsiri ya kisemantiki hujali nini?::Maana ya muktadha na umbo la matini chanzi.||Matini ipi hufaa kwa mbinu hii?::Za kifasihi, kisheria na kisayansi.||Fasiri 'to break the ice' kisemantiki.::Kuvunja ukimya au kuanzisha mazungumzo.",
2023-JSS015-Kidato V,Kutafsiri na kukalimani kazi mbalimbali,Kutafsiri matini mbalimbali,Kutafsiri matini za kawaida kwa mbinu ya tafsiri ya kimawasiliano,Tafsiri ya Kimawasiliano,28,Kazimradi,Kuwaongoza Wanafunzi,Matini za kawaida zimetafsiriwa kwa ufasaha kwa mbinu ya tafsiri ya kimawasiliano.,Matini andishi|Kamusi|Na orodha ya vifupisho,"TET(2023), MUHTASARI WA KISWAHILI ELIMU YA SEKONDARI KIDATO CHA V-VI, TET, DAR ES SALAAM","Tafsiri ya kimawasiliano huzingatia athari ya matini kwa msomaji wa lugha lengwa, ikitoa ujumbe kama ungeandikwa na mzawa wa lugha hiyo.","Mfasiri hubadilisha muundo, mifano na maneno ili yaendane na utamaduni wa hadhira lengwa. Mbinu hii hufaa kwa matangazo, maelekezo, alama za barabarani, vipeperushi na maandishi ya kawaida. Hatua ni kubainisha lengo la matini, kutambua hadhira, kuchagua lugha ya kawaida na inayoeleweka, na kujaribu tafsiri kwa msomaji ili kuona kama ujumbe umefika.",Alama 'No Parking' hufasiriwa kimawasiliano kama 'Usiegeshe hapa' badala ya 'Hakuna kuegesha'.,Maelekezo ya dawa na matangazo ya biashara hutafsiriwa kimawasiliano ili wananchi wayaelewe haraka.,Tafsiri ya kimawasiliano huzingatia nini?::Athari ya matini kwa msomaji wa lugha lengwa.||Taja matini moja inayofaa kufasiriwa kimawasiliano.::Tangazo au alama ya barabarani.||Fasiri 'Keep off the grass'.::Usikanyage nyasi.,
2023-JSS015-Kidato V,Kutafsiri na kukalimani kazi mbalimbali,Kukalimani mazungumzo mbalimbali,Kufafanua stadi ya kusikiliza huku ukinukuu kumbukumbu muhimu,Stadi ya Kusikiliza na Kunukuu Kumbukumbu Muhimu,28,Masimulizi,Kuwaongoza Wanafunzi,Stadi ya kusikiliza kwa kunukuu kumbukumbu muhimu imefafanuliwa.,Matini andishi na matini za kusikiliza,"TET(2023), MUHTASARI WA KISWAHILI ELIMU YA SEKONDARI KIDATO CHA V-VI, TET, DAR ES SALAAM","Kunukuu ni kuandika mambo muhimu unayosikia kwa ufupi ili kuyatumia baadaye, jambo ambalo ni msingi wa ukalimani.","Mkalimani husikiliza kwa makini, hubaini wazo kuu na hoja za kuunga mkono, na huandika kwa ufupi kwa kutumia alama na vifupisho (mfano -> kwa 'husababisha', ↑ kwa 'ongezeko', = kwa 'maana yake'). Hupanga daftari kwa safu, huandika majina, tarehe na namba kikamilifu na kutenga hoja kwa mistari. Stadi hii hukuza kumbukumbu na umakini.","Katika hotuba ya dakika tano, mkalimani huandika: 'Uchumi ↑ 5% - viwanda - ajira 1000', kisha hutafsiri kwa kina kutokana na alama hizo.","Wanafunzi hunukuu wanachofundishwa darasani, na waandishi wa habari hunukuu mahojiano yao.","Kunukuu ni nini?::Ni kuandika kwa ufupi mambo muhimu unayosikia.||Taja alama moja inayotumika kunukuu.::Kishale (->) kwa 'husababisha' au ↑ kwa 'ongezeko'.||Nini huandikwa kikamilifu wakati wa kunukuu?::Majina, tarehe na namba.",
2023-JSS015-Kidato V,Kutafsiri na kukalimani kazi mbalimbali,Kukalimani mazungumzo mbalimbali,Kufafanua aina za ukalimani,Aina za Ukalimani,28,Uchunguzi,Kuwaongoza Wanafunzi,Aina za ukalimani zimefafanuliwa.,Matini andishi na matini za kusikiliza,"TET(2023), MUHTASARI WA KISWAHILI ELIMU YA SEKONDARI KIDATO CHA V-VI, TET, DAR ES SALAAM","Ukalimani ni kuhamisha ujumbe wa mazungumzo ya mdomo kutoka lugha moja hadi nyingine papo hapo, na una aina mbalimbali kulingana na mazingira.","Aina kuu ni ukalimani fuatizi (mkalimani hufasiri baada ya msemaji kumaliza kipande cha usemi), ukalimani sawia au sambamba (hufasiri wakati msemaji anaendelea kuongea, kwa kutumia vifaa vya masikioni), ukalimani nong'onezi (hunong'onezea mtu mmoja au wachache), ukalimani kiungo (kati ya pande mbili katika mazungumzo mafupi) na ukalimani wa lugha ya alama kwa viziwi. Kila aina ina mahitaji yake ya vifaa na ujuzi.","Katika mkutano wa kimataifa, wakalimani hukaa kwenye vyumba maalumu na kutafsiri kwa ukalimani sawia kupitia vipokea sauti.","Wakalimani hutumika mahakamani, hospitalini, kwenye mikutano ya kimataifa na katika biashara.",Ukalimani ni nini?::Ni kuhamisha ujumbe wa mazungumzo ya mdomo kutoka lugha moja hadi nyingine papo hapo.||Taja aina mbili za ukalimani.::Fuatizi na sawia.||Ukalimani nong'onezi ni upi?::Ni ule ambapo mkalimani humnong'onezea mtu mmoja au wachache.,
2023-JSS015-Kidato V,Kutafsiri na kukalimani kazi mbalimbali,Kukalimani mazungumzo mbalimbali,Kunukuu kumbukumbu muhimu katika mazungumzo mbalimbali wakati wa kukalimani,Kunukuu Kumbukumbu Muhimu Wakati wa Kukalimani,28,Uchambuzi wa matini,Kuwaongoza Wanafunzi,Kumbukumbu muhimu katika mazungumzo mbalimbali wakati wa kukalimani zimenukuliwa.,Matini andishi na matini za kusikiliza,"TET(2023), MUHTASARI WA KISWAHILI ELIMU YA SEKONDARI KIDATO CHA V-VI, TET, DAR ES SALAAM","Kunukuu wakati wa kukalimani humsaidia mkalimani kukumbuka ujumbe wote, hasa katika ukalimani fuatizi wa vipande virefu.","Mkalimani hutumia mfumo wake wa alama, hupanga nukuu kwa wima, hutenganisha mawazo makuu kwa mistari, huandika vitenzi na viunganishi muhimu kwa vifupisho na huandika namba na majina kwa uangalifu. Mazoezi hufanywa kwa kusikiliza taarifa ya habari au hotuba fupi, kunukuu kisha kuirudia kwa lugha nyingine. Hufundishwa pia kuzingatia lugha ya mwili ya msemaji.","Katika kunukuu hotuba ya mkuu wa mkoa kuhusu afya, mkalimani huandika: 'Malaria ↓ 30% mwaka jana - vyandarua - shukrani kwa wadau'.",Mtu anapoulizwa kuwasilisha muhtasari wa kikao hutumia nukuu zilezile.,Kwa nini kunukuu ni muhimu katika ukalimani fuatizi?::Kwa sababu husaidia kukumbuka ujumbe wote wa kipande kirefu.||Nini huandikwa kwa uangalifu zaidi?::Namba na majina.||Mkalimani anaweza kufanya mazoezi vipi?::Kwa kunukuu taarifa ya habari kisha kuirudia kwa lugha nyingine.,
2023-JSS015-Kidato V,Kutafsiri na kukalimani kazi mbalimbali,Kukalimani mazungumzo mbalimbali,"Kukalimani mazungumzo kwa ukalimani fuatizi, nong’onezi na kiungo","Ukalimani Fuatizi, Nong'onezi na Kiungo",28,Igizodhima,Kuwaongoza Wanafunzi,"Mazungumzo kwa ukalimani fuatizi, nong’onezi na kiungo yamekalimaniwa.",Matini andishi na matini za kusikiliza,"TET(2023), MUHTASARI WA KISWAHILI ELIMU YA SEKONDARI KIDATO CHA V-VI, TET, DAR ES SALAAM","Wanafunzi hufanya mazoezi ya kukalimani mazungumzo kwa njia ya fuatizi, nong'onezi na kiungo kulingana na mazingira.","Katika ukalimani fuatizi msemaji hutulia baada ya sentensi chache ili mkalimani afasiri kwa kutumia nukuu zake. Katika nong'onezi mkalimani hukaa karibu na msikilizaji na hufasiri kwa sauti ya chini bila vifaa. Katika kiungo mkalimani hutafsiri pande zote mbili za mazungumzo, kama mgonjwa na daktari. Stadi zinazohitajika ni kusikiliza kwa makini, kumbukumbu, msamiati wa fani, usiri na uaminifu.","Daktari asiyeelewa Kiswahili humwuliza mgonjwa kwa Kiingereza, na mkalimani kiungo humfasiria mgonjwa na kumfasiria daktari majibu.","Wakalimani hutumika hospitalini, polisi na mahakamani kuhakikisha wahusika wanaelewana kwa haki.","Ukalimani kiungo huhusisha nani?::Pande mbili katika mazungumzo, mkalimani akitafsiri kwa pande zote.||Katika fuatizi, mkalimani hufasiri lini?::Baada ya msemaji kumaliza kipande cha usemi.||Taja maadili mawili ya mkalimani.::Usiri na uaminifu.",
2023-JSS015-Kidato V,Kuthamini kazi za fasihi,Kutambua nadharia ya fasihi,Kujadili mitazamo kuhusu dhana ya fasihi,Mitazamo kuhusu Dhana ya Fasihi,14,Uchunguzi,Kuwaongoza Wanafunzi,Mitazamo kuhusu dhana ya fasihi imejadiliwa.,Matini za kifasihi,"TET(2023), MUHTASARI WA KISWAHILI ELIMU YA SEKONDARI KIDATO CHA V-VI, TET, DAR ES SALAAM","Dhana ya fasihi imefafanuliwa na wataalamu kwa mitazamo tofauti kama ya kisanaa, kijamii, kiitikadi na kiutamaduni.","Wataalamu kama Mulokozi, Wamitila na Senkoro wanaeleza fasihi kama sanaa inayotumia lugha kwa ubunifu kueleza hali ya maisha ya binadamu. Mtazamo wa kisanaa unaiona fasihi kama urembo wa lugha; wa kijamii kama kioo cha jamii; wa kiitikadi kama chombo cha kuelimisha au kupinga mifumo; na wa kiutamaduni kama hazina ya mila na desturi. Kila mtazamo una uzuri na mapungufu.",Shairi linalokosoa rushwa linaonesha mtazamo wa fasihi kama chombo cha kukosoa jamii.,"Watu hupata burudani, elimu na ujumbe kupitia hadithi, nyimbo na tamthiliya wanazokutana nazo kila siku.","Fasihi ni nini kwa ufupi?::Ni sanaa inayotumia lugha kwa ubunifu kueleza maisha ya binadamu.||Taja mtazamo mmoja wa fasihi.::Wa kisanaa au wa kijamii.||Taja mtaalamu mmoja wa fasihi ya Kiswahili.::Mulokozi (au Wamitila, Senkoro).",
2023-JSS015-Kidato V,Kuthamini kazi za fasihi,Kutambua nadharia ya fasihi,Kutathmini nadharia za chimbuko la fasihi,Nadharia za Chimbuko la Fasihi,14,Uchambuzi wa matini,Kuwaongoza Wanafunzi,Nadharia za chimbuko la fasihi zimetathminiwa.,Matini za kifasihi,"TET(2023), MUHTASARI WA KISWAHILI ELIMU YA SEKONDARI KIDATO CHA V-VI, TET, DAR ES SALAAM","Nadharia za chimbuko la fasihi hueleza jinsi fasihi ilivyoanza, kama nadharia ya kiroho, ya kazi, ya kucheza na ya kuiga.",Nadharia ya kiroho inasema fasihi ilianza kutokana na ibada na imani za kidini. Nadharia ya kazi inasema ilianza katika kazi za watu wakiimba kupunguza uchovu. Nadharia ya mchezo inaeleza fasihi ilitokana na kucheza na kufurahisha. Nadharia ya kuiga (mimesis) ya Aristotle inaeleza kuwa binadamu huiga maisha. Wanafunzi hutathmini ushahidi na udhaifu wa nadharia hizi.,"Nyimbo za wakulima wakati wa kuvuna huonesha nadharia ya kazi, ambapo wimbo hupunguza uchovu.","Wakati wa harusi na mazishi, watu huimba na kusimulia kutokana na hisia na imani zao, ikionesha asili ya fasihi.",Taja nadharia mbili za chimbuko la fasihi.::Ya kazi na ya kiroho.||Nadharia ya kazi inasema nini?::Fasihi ilianza katika nyimbo za kazi za watu.||Mimesis ni nini?::Nadharia ya kuiga maisha.,
2023-JSS015-Kidato V,Kuthamini kazi za fasihi,Kutathmini maendeleo ya fasihi,Kujadili maendeleo ya fasihi kabla ya ujio wa wageni,Maendeleo ya Fasihi Kabla ya Ujio wa Wageni,24,Matembezi ya galari,Kuwaongoza Wanafunzi,Maendeleo ya fasihi kabla ya ujio wa wageni yamejadiliwa.,Matini mbalimbali kuhusu maendeleo ya fasihi kabla ya ujio wa wageni,"TET(2023), MUHTASARI WA KISWAHILI ELIMU YA SEKONDARI KIDATO CHA V-VI, TET, DAR ES SALAAM","Kabla ya wageni, fasihi ya Kiswahili ilikuwa ya mdomo na maandishi machache ya pwani yakiwemo tenzi za kidini.","Fasihi simulizi ilijumuisha hadithi, nyimbo, methali, vitendawili na majigambo. Kwenye pwani, fasihi andishi ilianza kwa maandishi ya Kiarabu (ajami) kama Utenzi wa Herekali (1728) na Utenzi wa Tambuka. Washairi mashuhuri ni Fumo Liyongo (karne ya 13-14) na Sayyid Abdallah bin Ali bin Nasir. Fasihi ilihifadhi maadili, historia na dini.",Utenzi wa Herekali ni mfano wa utenzi wa awali kabisa unaojulikana ulioandikwa kwa Kiswahili kwa hati za Kiarabu.,Tenzi na hadithi za zamani bado husomwa katika maadhimisho ya kidini na sherehe.,Utenzi wa Herekali uliandikwa mwaka gani?::Mwaka 1728.||Mshairi mashuhuri wa zamani ni nani?::Fumo Liyongo.||Fasihi ya awali iliandikwa kwa hati gani?::Hati za Kiarabu (ajami).,
2023-JSS015-Kidato V,Kuthamini kazi za fasihi,Kutathmini maendeleo ya fasihi,Kujadili maendeleo ya fasihi baada ya ujio wa wageni,Maendeleo ya Fasihi Baada ya Ujio wa Wageni,24,Majadiliano,Kuwaongoza Wanafunzi,Maendeleo ya fasihi baada ya ujio wa wageni yamejadiliwa.,Matini mbalimbali kuhusu maendeleo ya fasihi kabla ya ujio wa wageni,"TET(2023), MUHTASARI WA KISWAHILI ELIMU YA SEKONDARI KIDATO CHA V-VI, TET, DAR ES SALAAM","Baada ya wageni kufika, fasihi ya Kiswahili ilibadilika kwa kuanza kuandikwa kwa herufi za Kirumi na kutumia vyombo vipya kama vitabu na magazeti.","Wamisionari na wakoloni walianzisha shule na uchapaji. Vitabu vya kwanza vilikuwa vya tafsiri za Biblia na hadithi za dini; waandishi kama Shaaban Robert (Kusadikika, Adili na Nduguze) na Mathias Mnyampala walichangia. Mwenendo huo ulijumuisha kupambana na ukoloni na kuhimiza maadili. Fasihi ilikuwa chini ya udhibiti wa wakoloni, na baadhi ya kazi ziliandikwa kwa lugha ya kificho.",Kitabu Kusadikika cha Shaaban Robert kinabuni nchi ya kubuni ili kukosoa dhuluma bila kuadhibiwa.,Vitabu vya Shaaban Robert bado husomwa shuleni na kuwafundisha wanafunzi maadili.,Herufi gani zilianza kutumika baada ya wageni?::Herufi za Kirumi.||Taja mwandishi mmoja aliyeandika wakati wa ukoloni.::Shaaban Robert.||Kitabu cha Shaaban Robert kinachohusu nchi ya kubuni ni kipi?::Kusadikika.,
2023-JSS015-Kidato V,Kuthamini kazi za fasihi,Kutathmini maendeleo ya fasihi,Kujadili maendeleo ya fasihi baada ya uhuru,Maendeleo ya Fasihi Baada ya Uhuru,24,Tafakuri binafsi,Kuwaongoza Wanafunzi,Maendeleo ya fasihi baada ya uhuru yamejadiliwa.,Matini mbalimbali kuhusu maendeleo ya fasihi kabla ya ujio wa wageni,"TET(2023), MUHTASARI WA KISWAHILI ELIMU YA SEKONDARI KIDATO CHA V-VI, TET, DAR ES SALAAM","Baada ya uhuru fasihi ya Kiswahili iliendelea kukua kwa kuandika kuhusu ujamaa, kujitegemea, siasa, maadili na maisha ya kisasa.","Waandishi kama Ebrahim Hussein (Kinjeketile), Penina Muhando (Hatia), Euphrase Kezilahabi (Rosa Mistika), Said Ahmed Mohamed na Adam Shafi walichangia riwaya na tamthiliya. Fasihi ilihamasisha kujenga taifa jipya, kupinga ukoloni mamboleo, na kuhusu Azimio la Arusha. Taasisi kama TUKI, BAKITA na TET zilisaidia uchapishaji. Vyuo vikuu vilianza kufundisha fasihi na kuhakiki kazi.",Tamthiliya ya Kinjeketile inasimulia vita vya Maji Maji na kuhimiza umoja wa kupigana na ukoloni.,"Baada ya uhuru vitabu vya fasihi vilianza kutumika shuleni, na kuwa sehemu ya elimu kwa vijana.",Taja tamthiliya moja iliyoandikwa baada ya uhuru.::Kinjeketile (au Hatia).||Mwandishi wa Rosa Mistika ni nani?::Euphrase Kezilahabi.||Taja maudhui mawili ya fasihi ya baada ya uhuru.::Ujamaa na kujitegemea.,
2023-JSS015-Kidato V,Kuthamini kazi za fasihi,Kuhakiki kazi za fasihi,Kuhakiki fani na maudhui katika riwaya,Kuhakiki Fani na Maudhui katika Riwaya,30,Kazimradi,Kuwaongoza Wanafunzi,Fani na maudhui katika riwaya vimehakikiwa.,Riwaya na tamthiliya teule,"TET(2023), MUHTASARI WA KISWAHILI ELIMU YA SEKONDARI KIDATO CHA V-VI, TET, DAR ES SALAAM",Kuhakiki riwaya ni kuchambua kazi hiyo kwa kuangalia fani (jinsi ilivyoandikwa) na maudhui (kile kinachosemwa).,"Fani hujumuisha muundo, mtindo, wahusika, mandhari, migogoro, lugha na matumizi ya lugha ya picha. Maudhui hujumuisha dhamira kuu na ndogo, ujumbe, falsafa, msimamo wa mwandishi na maadili. Mhakiki hutoa hoja kwa mifano kutoka kitabuni, hutathmini mafanikio na mapungufu na hujadili uhusiano wa fani na maudhui. Mfano wa riwaya za kuhakikiwa ni Rosa Mistika, Kusadikika na Kufikirika.","Katika Rosa Mistika, dhamira ya malezi mabaya inajitokeza kupitia mzozo wa Rosa na mama yake, jambo linaloonesha uhusiano wa fani na maudhui.",Uhakiki humsaidia msomaji kuelewa kwa kina ujumbe wa riwaya na kuchagua vitabu vyenye manufaa.,Fani ni nini?::Ni jinsi kazi ya fasihi ilivyoandikwa.||Taja kipengele kimoja cha maudhui.::Dhamira au ujumbe.||Mhakiki hutoa hoja kwa kutumia nini?::Mifano kutoka kitabuni.,
2023-JSS015-Kidato V,Kuthamini kazi za fasihi,Kuhakiki kazi za fasihi,Kuhusianisha ujumbe unaopatikana katika riwaya na maisha ya kila siku,Kuhusianisha Ujumbe wa Riwaya na Maisha ya Kila Siku,30,Majadiliano,Kuwaongoza Wanafunzi,Ujumbe unaopatikana katika riwaya umehusianishwa na maisha ya kila siku.,Riwaya na tamthiliya teule,"TET(2023), MUHTASARI WA KISWAHILI ELIMU YA SEKONDARI KIDATO CHA V-VI, TET, DAR ES SALAAM",Kuhusianisha ujumbe wa riwaya na maisha ni kulinganisha maudhui ya kitabu na hali halisi ya jamii ya sasa.,"Mwanafunzi hubainisha ujumbe mkuu (kwa mfano ukombozi wa mwanamke, uadilifu, umoja, ufisadi) na kuuonesha katika matukio ya jamii yake. Hujadili kama jamii imebadilika au bado ina matatizo yaleyale, na kupendekeza suluhisho kwa kutumia mafunzo ya riwaya. Hutumia mifano halisi ya shuleni, mtaani na kazini.",Riwaya inayokemea rushwa inahusishwa na visa vya rushwa katika ofisi za umma vinavyoripotiwa kwenye magazeti.,Ujumbe wa riwaya humsaidia mtu kufanya maamuzi bora na kuepuka tabia mbaya katika maisha yake.,Kuhusianisha ujumbe wa riwaya na maisha ni nini?::Ni kulinganisha maudhui ya kitabu na hali halisi ya jamii.||Taja ujumbe mmoja unaoweza kupatikana katika riwaya.::Kukemea rushwa au kuhimiza umoja.||Mwanafunzi hupendekeza nini baada ya mjadala?::Suluhisho la matatizo ya jamii.,
2023-JSS015-Kidato V,Kuthamini kazi za fasihi,Kuhakiki kazi za fasihi,Kuhakiki fani na maudhui katika tamthiliya,Kuhakiki Fani na Maudhui katika Tamthiliya,30,Kazimradi,Kuwaongoza Wanafunzi,Fani na maudhui katika tamthiliya vimehakikiwa.,Riwaya na tamthiliya teule,"TET(2023), MUHTASARI WA KISWAHILI ELIMU YA SEKONDARI KIDATO CHA V-VI, TET, DAR ES SALAAM","Tamthiliya ni kazi ya kisanaa iliyoandikwa kwa mazungumzo ili iigizwe jukwaani, na huhakikiwa kwa fani na maudhui.","Fani ya tamthiliya hujumuisha muundo wa maonesho na matukio, wahusika, mandhari, mazungumzo, ubunifu wa jukwaa, ucheshi, taharuki na lugha. Maudhui ni dhamira, ujumbe, migogoro ya kijamii na kisiasa, na maadili. Mhakiki huchambua kwa nini mwandishi alitumia mbinu fulani na kama maonesho yanafaa hadhira. Tamthiliya zinazohakikiwa ni Kinjeketile, Hatia, Ngoma ya Ng'wanamalundi na Mstahiki Meya.","Katika Kinjeketile, matumizi ya maji ya dawa ni mbinu ya kifani inayoonesha imani ya jamii katika vita.","Tamthiliya huigizwa shuleni, redioni na kwenye televisheni kuelimisha na kuburudisha.","Tamthiliya ni nini?::Ni kazi ya sanaa iliyoandikwa kwa mazungumzo ili iigizwe.||Taja kipengele cha fani ya tamthiliya.::Wahusika, mandhari au mazungumzo.||Taja tamthiliya moja teule.::Kinjeketile (au Hatia).",
2023-JSS015-Kidato V,Kuthamini kazi za fasihi,Kuhakiki kazi za fasihi,Kuhusianisha ujumbe unaopatikana katika tamthiliya na maisha ya kila siku,Kuhusianisha Ujumbe wa Tamthiliya na Maisha ya Kila Siku,30,Kazimradi na Ramani ya dhana,Kuwaongoza Wanafunzi,Ujumbe unaopatikana katika tamthiliya umehusianishwa na maisha ya kila siku.,Riwaya na tamthiliya teule,"TET(2023), MUHTASARI WA KISWAHILI ELIMU YA SEKONDARI KIDATO CHA V-VI, TET, DAR ES SALAAM",Ujumbe wa tamthiliya huhusishwa na maisha halisi kwa kulinganisha matukio ya mchezo na hali ya jamii ya leo.,"Mwanafunzi hutaja ujumbe mkuu (kama uongozi mbaya, dhuluma, mapenzi, umoja), hutoa mifano ya matukio halisi ya jamii yenye ufanano, hujadili athari zake na hupendekeza jinsi jamii inavyoweza kujifunza kutokana na tamthiliya. Kazi hufanywa kwa mijadala, michezo ya kuigiza na insha.","Tamthiliya ya Hatia inaonesha jinsi jamii inavyomtenga mtu mwenye hatia, na hilo linaweza kulinganishwa na unyanyapaa wa aina fulani katika jamii ya sasa.","Watu hujifunza kutokana na michezo ya kuigiza kuhusu UKIMWI, afya na mazingira.",Ujumbe wa tamthiliya huhusishwaje na maisha?::Kwa kulinganisha matukio ya mchezo na hali halisi ya jamii.||Taja njia moja ya kufanya kazi hii darasani.::Mjadala au mchezo wa kuigiza.||Tamthiliya husaidia jamii vipi?::Kuelimisha na kubadilisha tabia.,
2023-JSS015-Kidato V,Kuthamini kazi za fasihi,Kutunga kazi za fasihi,Kubaini mbinu za utungaji wa riwaya na tamthiliya,Mbinu za Utungaji wa Riwaya na Tamthiliya,22,Tafakuri binafsi na Majadiliano,Kuwaongoza Wanafunzi,Mbinu za utungaji wa riwaya na tamthiliya zimebainishwa.,Riwaya na tamthiliya,"TET(2023), MUHTASARI WA KISWAHILI ELIMU YA SEKONDARI KIDATO CHA V-VI, TET, DAR ES SALAAM",Mbinu za utungaji ni njia za kisanaa zinazotumiwa na mwandishi kujenga kazi ya fasihi yenye mvuto.,"Kwa riwaya: kuchagua dhamira, kubuni wahusika, kupanga msuko (mfululizo au vurugu), kutumia mandhari, mtindo wa usimulizi (nafsi ya kwanza au ya tatu), taswira, ucheshi na mwishilio. Kwa tamthiliya: kupanga maonesho na matukio, kujenga mazungumzo, kuunda migogoro na taharuki, kuandika maelekezo ya jukwaani na kutumia vitendo. Mwandishi huzingatia hadhira na maadili.",Mwandishi anayetaka kuandika kuhusu ufisadi huunda mhusika mkuu mwaminifu na mpinzani fisadi ili mgogoro uonekane wazi.,"Ujuzi wa mbinu za utungaji humsaidia mtu kuandika hadithi, filamu na tamthiliya zenye mvuto.",Msuko ni nini?::Ni mpangilio wa matukio katika kazi ya fasihi.||Taja mbinu mbili za utungaji wa tamthiliya.::Mazungumzo na taharuki.||Nafsi ya kwanza katika usimulizi hutumia kiwakilishi gani?::Mimi (nafsi ya kwanza).,
2023-JSS015-Kidato V,Kuthamini kazi za fasihi,Kutunga kazi za fasihi,Kutunga riwaya,Kutunga Riwaya,22,Kazimradi,Kuwaongoza Wanafunzi,Riwaya fupi zimetungwa.,Riwaya na tamthiliya,"TET(2023), MUHTASARI WA KISWAHILI ELIMU YA SEKONDARI KIDATO CHA V-VI, TET, DAR ES SALAAM","Kutunga riwaya ni kuunda hadithi ndefu ya kubuni yenye wahusika, matukio na ujumbe kwa kufuata hatua za utunzi.","Hatua ni kuchagua mada na dhamira, kutengeneza muhtasari wa hadithi, kuunda wahusika wakuu na wasaidizi, kupanga sura na msuko, kuandika rasimu kwa lugha ya kisanaa, kuhariri na kuwasilisha kwa hadhira. Mwandishi hutumia mandhari halisi, mazungumzo na maelezo, na huhakikisha ujumbe ni wa kimaadili. Kwa kiwango hiki huandikwa sehemu au sura chache kama zoezi.",Mwanafunzi anatunga sura ya kwanza ya riwaya kuhusu kijana anayepambana na umaskini ili kusoma na anaonesha mgogoro tangu mwanzo.,Uandishi wa riwaya huwa ajira na hukuza vipaji vya vijana.,Taja hatua ya kwanza ya kutunga riwaya.::Kuchagua mada na dhamira.||Muhtasari wa hadithi hutumikaje?::Kuongoza mpangilio wa sura na matukio.||Kwa nini kuhariri baada ya kuandika rasimu?::Ili kuboresha lugha na kusahihisha makosa.,
2023-JSS015-Kidato V,Kuthamini kazi za fasihi,Kutunga kazi za fasihi,Kutunga tamthiliya,Kutunga Tamthiliya,22,Kazimradi,Kuwaongoza Wanafunzi,Tamthiliya zimetungwa.,Riwaya na tamthiliya,"TET(2023), MUHTASARI WA KISWAHILI ELIMU YA SEKONDARI KIDATO CHA V-VI, TET, DAR ES SALAAM","Kutunga tamthiliya ni kuandika mchezo wa kuigizwa wenye wahusika, matukio na mazungumzo yaliyopangwa kwa maonesho na maelekezo ya jukwaani.","Hatua ni kuchagua dhamira, kubuni wahusika na mgogoro, kuandaa muhtasari wa maonesho na matukio, kuandika mazungumzo mafupi yenye nguvu, kuandika maelekezo ya jukwaani (mavazi, mandhari, vitendo), kusoma kwa sauti na kurekebisha. Tamthiliya huwa na utangulizi, kilele na hitimisho. Mwandishi hujali uigizaji, muda na jukwaa.","Tamthiliya fupi kuhusu wanafunzi wanaokataa kunakili mtihani ina onesho la kwanza darasani, la pili mgogoro, na la mwisho suluhisho.",Maigizo ya shuleni na jamii hutumia tamthiliya kufundisha maadili na kuelimisha kuhusu afya na mazingira.,"Tamthiliya huwa na sehemu zipi kuu?::Utangulizi, kilele na hitimisho.||Maelekezo ya jukwaani ni nini?::Ni maelezo ya mavazi, mandhari na vitendo.||Kwa nini kusoma tamthiliya kwa sauti?::Ili kuhakiki mazungumzo na kurekebisha.",
2023-JSS015-Kidato VI,Kumudu stadi za juu za Kiswahili,Kukuza uelewa wa misingi na kanuni za Kiswahili,Kueleza dhana ya maana na aina zake,Dhana ya Maana na Aina Zake,46,Majadiliano,Kuwaongoza Wanafunzi,Dhana ya maana na aina zake zimeelezwa.,Matini mbalimbali zinazohusu dhana ya maana na aina zake na kamusi,"TET(2023), MUHTASARI WA KISWAHILI ELIMU YA SEKONDARI KIDATO CHA V-VI, TET, DAR ES SALAAM","Maana ni ujumbe au dhana inayobebwa na neno, kirai au sentensi katika lugha, na huwa na aina mbalimbali.","Wanaisimu hutofautisha aina za maana kama maana ya msingi (kileksika au kirejeshi), maana ya ziada (ya kihisia au ya kimuktadha), maana ya kitamathali (methali, nahau, tashbihi), maana ya kimuundo (inayotokana na mpangilio wa vipashio), maana ya kimatumizi (kipragmatiki) na maana ya kiitikadi. Semantiki ni tawi linalochunguza maana. Kuelewa aina za maana ni msingi wa kuchambua matini za kila aina.","Neno mwanga lina maana ya msingi ya nuru, lakini katika 'kiongozi huyu ni mwanga wa jamii' lina maana ya kitamathali ya mwongozo.","Katika mazungumzo ya kila siku tunatumia maneno kwa maana tofauti kulingana na hali, kama 'moto' kwa joto au hasira.",Semantiki ni nini?::Ni tawi la isimu linalochunguza maana.||Taja aina mbili za maana.::Ya msingi na ya ziada.||Nahau ni aina gani ya maana?::Maana ya kitamathali.,
2023-JSS015-Kidato VI,Kumudu stadi za juu za Kiswahili,Kukuza uelewa wa misingi na kanuni za Kiswahili,Kubaini maneno yenye maana za msingi na za ziada katika matini mbalimbali,Maneno Yenye Maana za Msingi na za Ziada katika Matini,46,Uchambuzi wa matini,Kuwaongoza Wanafunzi,Maneno yenye maana za msingi na za ziada katika matini mbalimbali yamebainishwa.,Matini mbalimbali zinazohusu dhana ya maana na aina zake na kamusi,"TET(2023), MUHTASARI WA KISWAHILI ELIMU YA SEKONDARI KIDATO CHA V-VI, TET, DAR ES SALAAM","Maana ya msingi ni maana ya kimsingi ya neno inayopatikana katika kamusi, na maana ya ziada ni ile inayotokana na hisia, muktadha na utamaduni.","Mwanafunzi hubainisha maana za maneno katika matini kama makala na mashairi. Maana ya msingi haibadiliki kwa wazungumzaji wote (mfano nyoka ni mnyama mtambaji). Maana ya ziada hubadilika kutegemea jamii, mfano nyoka kumaanisha mtu msaliti. Mbinu ni kusoma muktadha, kuchunguza tamathali na kulinganisha maana za kamusi na matumizi halisi ya neno.",Katika sentensi 'Yule ni nyoka' neno nyoka linatumika kwa maana ya ziada ya mtu msaliti na si mnyama.,"Katika matangazo na siasa, maneno ya maana za ziada hutumiwa kushawishi hisia za watu.",Maana ya msingi ni nini?::Ni maana ya kimsingi ya neno inayopatikana katika kamusi.||Toa mfano wa maana ya ziada ya neno nyoka.::Mtu msaliti.||Njia ya kubaini maana ya ziada ni ipi?::Kusoma muktadha wa matumizi.,
2023-JSS015-Kidato VI,Kumudu stadi za juu za Kiswahili,Kukuza uelewa wa misingi na kanuni za Kiswahili,Kutumia maneno yenye maana za msingi na ziada katika miktadha mbalimbali,Kutumia Maneno Yenye Maana za Msingi na Ziada katika Miktadha Mbalimbali,46,Kisa/tukio,Kuwaongoza Wanafunzi,Maneno yenye maana za msingi na ziada yametumiwa katika miktadha mbalimbali.,Matini mbalimbali zinazohusu dhana ya maana na aina zake na kamusi,"TET(2023), MUHTASARI WA KISWAHILI ELIMU YA SEKONDARI KIDATO CHA V-VI, TET, DAR ES SALAAM",Mwanafunzi hutumia maneno kwa maana sahihi ya msingi au ya ziada kulingana na muktadha wa mawasiliano.,"Katika matini rasmi (barua, ripoti, sheria) hupendelewa maana ya msingi kwa usahihi, ilhali katika fasihi, matangazo na mazungumzo ya kawaida maana ya ziada huchangamsha lugha. Mwandishi huchagua maneno kwa kuzingatia hadhira na lengo, huepuka matumizi yanayoweza kuleta utata, na hutunga sentensi zinazoonesha wazi maana iliyokusudiwa.","Katika ripoti 'Moto ulizuka soko kuu' moto ni maana ya msingi, ilhali katika hotuba 'Kijana huyu ana moto wa kazi' ni ya ziada ya bidii.",Mtu anayeweza kutumia lugha kwa maana sahihi huepuka kuudhi wengine na kuwasilisha ujumbe vizuri.,"Katika matini rasmi maana ipi hupendelewa?::Maana ya msingi.||Tunga sentensi yenye maana ya ziada ya neno moto.::Kijana huyu ana moto wa kazi.||Mwandishi huchagua maneno kwa kuzingatia nini?::Hadhira, lengo na muktadha.",
2023-JSS015-Kidato VI,Kumudu stadi za juu za Kiswahili,Kukuza uelewa wa misingi na kanuni za Kiswahili,"Kufafanua uhusiano wa kimaana wa maneno (mfano: antonimia, homonimia, sinonimia, na polisemia)",Uhusiano wa Kimaana wa Maneno,46,Ramani ya dhana,Kuwaongoza Wanafunzi,Uhusiano wa kimaana wa maneno umefafanuliwa.,Matini mbalimbali zinazohusu dhana ya maana na aina zake na kamusi,"TET(2023), MUHTASARI WA KISWAHILI ELIMU YA SEKONDARI KIDATO CHA V-VI, TET, DAR ES SALAAM","Uhusiano wa kimaana ni mahusiano yaliyopo kati ya maana za maneno, kama antonimia, homonimia, sinonimia na polisemia.","Sinonimia ni maneno yenye maana zinazokaribiana (mfano mgonjwa na hawezi; safi na nadhifu). Antonimia ni maneno yenye maana kinyume (mfano baridi na joto). Homonimia ni maneno yenye umbo moja lakini maana tofauti zisizohusiana (mfano kata: kipande cha utawala na kukata). Polisemia ni neno moja lenye maana kadhaa zinazohusiana (mfano mkono wa mtu, mkono wa kiti, mkono wa mto). Pia kuna hiponimia (jina la jumla na majina mahususi, mfano matunda: chungwa, embe).","Neno kubwa ni kinyume cha dogo (antonimia), na kubwa lina visawe kama kuu, kikubwa (sinonimia).",Ujuzi huu huwasaidia waandishi kuepuka marudio ya maneno na kupata maneno yanayofaa zaidi.,Sinonimia ni nini?::Ni maneno yenye maana zinazokaribiana.||Toa mfano wa antonimia.::Baridi na joto.||Homonimia ni nini?::Ni maneno yenye umbo moja lakini maana tofauti zisizohusiana.,
2023-JSS015-Kidato VI,Kumudu stadi za juu za Kiswahili,Kukuza uelewa wa misingi na kanuni za Kiswahili,"Kutumia kamusi kubainisha maana za antonimia, homonimia, sinonimia na polisemia",Kutumia Kamusi Kubainisha Maana za Uhusiano wa Kimaana,46,Onesho mbinu,Kuwaongoza Wanafunzi,"Kamusi imetumiwa kwa usahihi kubainisha maana za antonimia, homonimia, sinonimia na polisemia.",Matini mbalimbali zinazohusu dhana ya maana na aina zake na kamusi,"TET(2023), MUHTASARI WA KISWAHILI ELIMU YA SEKONDARI KIDATO CHA V-VI, TET, DAR ES SALAAM","Kamusi ni kitabu au mfumo wa kielektroniki unaoorodhesha maneno kwa mpangilio wa alfabeti pamoja na maana, matumizi na visawe.","Hatua za kutumia kamusi ni: kutafuta neno kwa mpangilio wa alfabeti, kusoma kategoria ya neno (nomino, kitenzi, kivumishi), kusoma maana zilizoorodheshwa, kuangalia mifano, visawe na vinyume, na kutofautisha maingizo tofauti ya homonimu. Kamusi Kuu ya Kiswahili, Kamusi ya Kiswahili Sanifu na kamusi za mtandaoni ni vyanzo muhimu. Polisemia huorodheshwa chini ya kidahizo kimoja, homonimu huwa na vidahizo tofauti.","Katika Kamusi Sanifu, neno chuma huelezwa kama madini na pia kifaa cha chuma, hivyo ni polisemia.","Watu hutumia kamusi wanapokutana na maneno mapya katika masomo, kazini na mitandaoni.","Kidahizo ni nini katika kamusi?::Ni neno kuu linaloelezwa katika kamusi.||Kamusi husaidia kubaini nini?::Maana, visawe na vinyume vya maneno.||Taja kamusi moja ya Kiswahili.::Kamusi ya Kiswahili Sanifu.",
2023-JSS015-Kidato VI,Kumudu stadi za juu za Kiswahili,Kukuza msamiati kutokana na mazungumzo na maandishi changamani,"Kubaini msamiati mpya kutoka katika mazungumzo changamani ya kiufundi (mfano: matini ya kisheria, sayansi na teknolojia, kitaaluma, na sera)",Msamiati Mpya katika Mazungumzo Changamani ya Kiufundi,28,Uchunguzi,Kuwaongoza Wanafunzi,Msamiati mpya kutoka katika mazungumzo changamani ya kiufundi umebainishwa.,Matini za kiufundi na kamusi za fani mahususi,"TET(2023), MUHTASARI WA KISWAHILI ELIMU YA SEKONDARI KIDATO CHA V-VI, TET, DAR ES SALAAM","Mazungumzo ya kiufundi ya sheria, sayansi na teknolojia, kitaaluma na sera hutumia msamiati maalumu unaohitaji uchambuzi wa kina.","Msamiati wa kisheria ni kama mshtakiwa, mlalamikaji, hukumu, dhamana. Wa sayansi na teknolojia ni kama kromosomu, algorithimu, mtandao, mfumo. Wa kitaaluma ni nadharia, mbinu, tafiti, dhana. Wa sera ni bajeti, kodi, mwongozo, utekelezaji. Wanafunzi husikiliza mijadala ya wataalamu, mahojiano na mihadhara, hunukuu istilahi mpya, hutafuta maana katika kamusi za fani na kuzitumia katika sentensi.","Katika mjadala wa mahakamani, neno dhamana humaanisha ahadi ya kuachiliwa kwa muda huku kesi ikiendelea.","Kuelewa istilahi za kitaalamu humwezesha mwananchi kufuatilia taarifa za sheria, afya na serikali.","Taja neno moja la kisheria.::Mshtakiwa, hukumu au dhamana.||Taja neno moja la sayansi na teknolojia.::Mtandao au mfumo.||Istilahi mpya hupatikanaje?::Kwa kusikiliza, kunukuu na kutumia kamusi za fani.",
2023-JSS015-Kidato VI,Kumudu stadi za juu za Kiswahili,Kukuza msamiati kutokana na mazungumzo na maandishi changamani,"Kubaini msamiati mpya kutoka katika matini andishi changamani ya kiufundi (mfano: kisheria, sayansi na teknolojia, kitaaluma, na sera)",Msamiati Mpya katika Matini Andishi Changamani za Kiufundi,28,Uchambuzi wa matini,Kuwaongoza Wanafunzi,Msamiati mpya kutoka katika matini changamani ya kiufundi umebainishwa.,Matini za kiufundi na kamusi za fani mahususi,"TET(2023), MUHTASARI WA KISWAHILI ELIMU YA SEKONDARI KIDATO CHA V-VI, TET, DAR ES SALAAM","Matini andishi za kiufundi kama sheria, makala za kitaaluma, sera na ripoti hutumia msamiati sanifu na miundo tata ya sentensi.","Mwanafunzi husoma matini nzima, hubainisha istilahi, huchambua miundo ya sentensi ndefu, hutumia kamusi za kitaalamu na hutunza orodha ya istilahi kwa fani. Msamiati wa fani unaweza kuwa neno la kawaida lililopewa maana maalumu (mfano seli katika biolojia), neno lililotoholewa (mfano kompyuta) au neno lililobuniwa (mfano runinga). Uhariri wa istilahi hufanywa na BAKITA na taasisi nyingine.","Katika kifungu cha katiba, neno 'mamlaka' hurejea uwezo wa kisheria wa kufanya maamuzi.","Watu wanaosoma sheria, sera na makala za kisayansi hutumia ujuzi huu kupata taarifa muhimu.","Taja chanzo cha istilahi mpya.::Kutoholewa, kubuni au kupanua maana ya neno.||Runinga ni istilahi ya fani gani?::Ya teknolojia ya mawasiliano (televisheni).||Nani husanifisha istilahi za Kiswahili?::BAKITA na taasisi nyingine za lugha.",
2023-JSS015-Kidato VI,Kumudu stadi za juu za Kiswahili,Kukuza msamiati kutokana na mazungumzo na maandishi changamani,"Kuandika matini kuhusu fani mahususi kwa kutumia msamiati mpya (mfano: kemia, fizikia, fasihi)",Kuandika Matini kuhusu Fani Mahususi kwa Msamiati Mpya,28,Kazimradi,Kuwaongoza Wanafunzi,Matini kuhusu fani mahususi kwa kutumia msamiati mpya zimeandikwa.,Matini za kiufundi na kamusi za fani mahususi,"TET(2023), MUHTASARI WA KISWAHILI ELIMU YA SEKONDARI KIDATO CHA V-VI, TET, DAR ES SALAAM","Mwanafunzi huandika matini kuhusu fani kama kemia, fizikia au fasihi kwa kutumia istilahi sahihi za fani hiyo.","Hatua ni kuchagua mada, kukusanya istilahi kutoka vyanzo, kupanga hoja katika utangulizi, mwili na hitimisho, kuandika kwa lugha rasmi na wazi, kutumia istilahi kwa usahihi, kufafanua istilahi mpya na kuhariri. Matini huweza kuwa makala fupi, ripoti ya jaribio au maelezo ya dhana.",Kuhusu kemia mwanafunzi anaweza kuandika: 'Kiini cha atomu kina protoni na nyutroni zinazoshikiliana kwa nguvu kubwa.',"Ujuzi wa kuandika kwa istilahi za fani ni muhimu kwa wanasayansi, walimu na waandishi wa habari.",Matini ya fani mahususi huandikwa kwa lugha gani?::Rasmi na wazi yenye istilahi sahihi.||Taja hatua moja ya kuandika matini ya fani mahususi.::Kukusanya istilahi kutoka vyanzo.||Tunga sentensi kwa neno protoni.::Protoni ni chembe yenye chaji chanya katika kiini cha atomu.,
2023-JSS015-Kidato VI,Kumudu stadi za juu za Kiswahili,Kutumia msamiati na sarufi stahiki katika miktadha mbalimbali,Kusahihisha makosa ya kisarufi na kimantiki katika matumizi ya lugha,Kusahihisha Makosa ya Kisarufi na Kimantiki,18,Onesho mbinu,Kuwaongoza Wanafunzi,Makosa ya kisarufi na kimantiki katika matumizi ya lugha yamesahihishwa.,Kamusi na matini mbalimbali,"TET(2023), MUHTASARI WA KISWAHILI ELIMU YA SEKONDARI KIDATO CHA V-VI, TET, DAR ES SALAAM",Kusahihisha makosa ni kubaini na kurekebisha kasoro za kisarufi (umbo na muundo) na za kimantiki (hoja na uhusiano wa mawazo) katika matumizi ya lugha.,"Makosa ya kisarufi ni ya upatanisho wa kisarufi (mfano 'Watoto anacheza'), njeo, ngeli, viambishi, tahajia na alama za uandishi. Makosa ya kimantiki ni ukinzani wa hoja (mfano 'Mtu huyu ni maskini na tajiri'), hoja zisizounga mkono hitimisho, sentensi zisizohusiana na marudio ya kiholela. Mbinu ni kusoma kwa makini, kutumia sheria za sarufi na kuangalia mtiririko wa hoja.","'Wanafunzi wote amefaulu' hurekebishwa kuwa 'Wanafunzi wote wamefaulu', na 'Kwa kuwa mvua ilinyesha, mazao yalikauka' hurekebishwa ili kuondoa ukinzani wa kimantiki.",Barua na ripoti zisizo na makosa huwaletea waandishi heshima na ufanisi katika kazi.,Taja kosa moja la kisarufi.::Upatanisho usiofaa kama 'Watoto anacheza'.||Kosa la kimantiki ni nini?::Ni ukinzani au udhaifu wa hoja.||Sahihisha: 'Kitabu hizi ni nzuri'.::Vitabu hivi ni vizuri.,
2023-JSS015-Kidato VI,Kumudu stadi za juu za Kiswahili,Kutumia msamiati na sarufi stahiki katika miktadha mbalimbali,Kutofautisha lugha ya staha na isiyo ya staha,Lugha ya Staha na Isiyo ya Staha,18,Maswali na majibu,Kuwaongoza Wanafunzi,Lugha ya staha na isiyo ya staha zimetofautishwa.,Kamusi na matini mbalimbali,"TET(2023), MUHTASARI WA KISWAHILI ELIMU YA SEKONDARI KIDATO CHA V-VI, TET, DAR ES SALAAM","Lugha ya staha ni lugha inayoonesha heshima na adabu, na isiyo ya staha ni lugha ya matusi, dharau au inayodhalilisha.","Staha hutumia maneno ya heshima (kwa mfano 'tafadhali', 'samahani'), tamathali za usemi kama tafsida (kuchukua nafasi ya maneno yenye kuudhi, mfano 'ameaga dunia' badala ya 'amekufa') na sentensi laini za ombi. Lugha isiyo ya staha ina maneno ya matusi, dharau na ukali. Matumizi hutegemea hadhira, umri, cheo na mazingira. Kutumia lugha ya staha hujenga mahusiano mazuri.","Badala ya kusema 'Nipe kalamu' ni bora kusema 'Naomba unipatie kalamu, tafadhali'.","Katika ofisi, shuleni na katika jamii, lugha ya staha hupunguza migogoro na kujenga umoja.",Tafsida ni nini?::Ni matumizi ya maneno ya heshima badala ya maneno yanayoudhi.||Toa mfano wa tafsida ya 'amekufa'.::Ameaga dunia.||Kwa nini staha ni muhimu?::Hujenga heshima na mahusiano mazuri.,
2023-JSS015-Kidato VI,Kuthamini Kiswahili kama lugha ya taifa,Kutambua chimbuko na asili ya Kiswahili,Kufafanua dhana na aina za lahaja,Dhana na Aina za Lahaja,30,Fikiri -Andika -Jozisha - Shirikisha,Kuwaongoza Wanafunzi,Dhana na aina za lahaja zimefafanuliwa.,Ramani ya mtawanyiko wa lahaja na matini,"TET(2023), MUHTASARI WA KISWAHILI ELIMU YA SEKONDARI KIDATO CHA V-VI, TET, DAR ES SALAAM","Lahaja ni tofauti za matamshi, msamiati na sarufi za lugha moja zinazotokana na eneo la kijiografia au kundi la watu.","Lahaja za Kiswahili ni Kiunguja, Kimvita, Kiamu, Kipemba, Kitumbatu, Kimakunduchi, Kimtang'ata, Kivumba, Kimrima, Kingazija, Kibajuni, Kingwana na Chimwiini. Lahaja hutofautiana kwa matamshi, msamiati na sarufi. Lahaja ya Kiunguja ndiyo msingi wa Kiswahili sanifu. Lahaja zinaweza kuwa za kijiografia, kijamii au kikazi.",Wazungumzaji wa Kiunguja na wa Kimvita hutofautiana kwa baadhi ya matamshi na msamiati ingawa wanaelewana kwa urahisi.,"Watu hutambuana kwa lahaja zao wanapozungumza, na lahaja huonesha utambulisho wa eneo.",Lahaja ni nini?::Ni tofauti za lugha moja zinazotokana na eneo au kundi la watu.||Taja lahaja mbili za Kiswahili.::Kiunguja na Kimvita.||Lahaja ipi ni msingi wa Kiswahili sanifu?::Kiunguja.,
2023-JSS015-Kidato VI,Kuthamini Kiswahili kama lugha ya taifa,Kutambua chimbuko na asili ya Kiswahili,Kujadili sababu za kuibuka kwa lahaja za Kiswahili,Sababu za Kuibuka kwa Lahaja za Kiswahili,30,Uchambuzi wa matini,Kuwaongoza Wanafunzi,Sababu za kuibuka kwa lahaja za Kiswahili zimejadiliwa.,Ramani ya mtawanyiko wa lahaja na matini,"TET(2023), MUHTASARI WA KISWAHILI ELIMU YA SEKONDARI KIDATO CHA V-VI, TET, DAR ES SALAAM","Lahaja za Kiswahili zilitokana na sababu za kijiografia, kihistoria, kijamii na kiutamaduni.","Sababu ni: umbali wa maeneo ya wazungumzaji (visiwa na miji ya pwani), mwingiliano na lugha nyingine (Kiarabu, Kireno, lugha za Kibantu), mabadiliko ya kihistoria kama uhamiaji na biashara, ukosefu wa mawasiliano ya karibu, ukuaji wa miji, na mabadiliko ya lugha katika kila kundi. Hizi zilisababisha kila jamii kukuza matamshi na maneno yake.",Kiamu kiliendelea kivyake katika kisiwa cha Lamu kutokana na kutengwa kwa bahari.,"Leo, watu wa maeneo mbalimbali bado wanaonesha lahaja zao katika kuongea.",Taja sababu moja ya kuibuka kwa lahaja.::Umbali wa kijiografia au mwingiliano na lugha nyingine.||Kwa nini Kiamu kilijitofautisha?::Kutokana na kutengwa kwa bahari katika kisiwa cha Lamu.||Biashara huchangiaje lahaja?::Huleta mwingiliano wa lugha na kuleta mabadiliko.,
2023-JSS015-Kidato VI,Kuthamini Kiswahili kama lugha ya taifa,Kutambua chimbuko na asili ya Kiswahili,Kujadili dhana na mchakato wa usanifishaji wa Kiswahili,Dhana na Mchakato wa Usanifishaji wa Kiswahili,30,Uchambuzi wa matini,Kuwaongoza Wanafunzi,Dhana na mchakato wa usanifishaji wa Kiswahili vimejadiliwa.,Ramani ya mtawanyiko wa lahaja na matini,"TET(2023), MUHTASARI WA KISWAHILI ELIMU YA SEKONDARI KIDATO CHA V-VI, TET, DAR ES SALAAM",Usanifishaji ni mchakato wa kuweka kanuni na viwango vya lugha ili itumike kwa usawa katika matumizi rasmi.,"Mchakato wa usanifishaji wa Kiswahili ulianza mwaka 1930 kwa Kamati ya Lugha ya Afrika Mashariki iliyochagua Kiunguja cha mjini Unguja kuwa msingi wa Kiswahili sanifu. Hatua zake ni: kuchagua lahaja msingi, kuunda kanuni za tahajia na sarufi, kutunga kamusi, kutoa vitabu vya kiada na kutumia lugha hiyo katika elimu na vyombo vya habari. Taasisi za BAKITA, TATAKI na BAKIZA husimamia usanifishaji leo.",Kamusi Sanifu ya Kiswahili ilichapishwa ili kuwa kigezo cha tahajia na matumizi ya maneno.,"Kwa sababu ya usanifishaji, Watanzania wote hutumia tahajia ileile bila kujali wanatoka wapi.",Usanifishaji ni nini?::Ni kuweka kanuni na viwango vya lugha kwa matumizi rasmi.||Lahaja gani ilichaguliwa kuwa msingi wa Kiswahili sanifu?::Kiunguja.||Taja chombo kimoja kinachosimamia Kiswahili.::BAKITA.,
2023-JSS015-Kidato VI,Kuthamini Kiswahili kama lugha ya taifa,Kutambua chimbuko na asili ya Kiswahili,Kujadili umuhimu wa lahaja katika ukuzaji na usanifishaji wa Kiswahili,Umuhimu wa Lahaja katika Ukuzaji na Usanifishaji wa Kiswahili,30,Bunguabongo,Kuwaongoza Wanafunzi,Umuhimu wa lahaja katika ukuzaji na usanifishaji wa Kiswahili umejadiliwa.,Ramani ya mtawanyiko wa lahaja na matini,"TET(2023), MUHTASARI WA KISWAHILI ELIMU YA SEKONDARI KIDATO CHA V-VI, TET, DAR ES SALAAM","Lahaja huchangia utajiri wa msamiati, fasihi na utambulisho wa Kiswahili, na ni chanzo cha maneno mapya katika usanifishaji.","Umuhimu wa lahaja ni: kuongeza msamiati wa Kiswahili sanifu (mfano maneno kutoka Kimvita na Kiamu), kuhifadhi fasihi ya awali (tenzi za Kiamu na Kimvita), kudumisha utamaduni wa jamii, kusaidia utafiti wa kihistoria wa lugha, na kutoa mwelekeo wa mabadiliko ya lugha. Kwa hiyo usanifishaji haupaswi kufuta lahaja bali kuzitumia kama rasilimali.",Maneno kama 'shauri' na 'nyakati' katika lahaja za pwani yameingizwa katika Kiswahili sanifu.,"Watu wa pwani hujivunia lahaja zao katika mashairi, nyimbo na sherehe za jadi.","Taja umuhimu mmoja wa lahaja.::Kuongeza msamiati wa Kiswahili sanifu.||Lahaja huhifadhi nini?::Fasihi na utamaduni wa jamii.||Je, usanifishaji unapaswa kuua lahaja?::Hapana, unapaswa kuzitumia kama rasilimali.",
2023-JSS015-Kidato VI,Kuthamini Kiswahili kama lugha ya taifa,Kutathmini kukua na kuenea kwa Kiswahili,Kujadili kukua na kuenea kwa Kiswahili kutokana na muamko wa utangamano wa nchi za Afrika,Kukua na Kuenea kwa Kiswahili Kutokana na Muamko wa Utangamano wa Nchi za Afrika,30,Majadiliano,Kuwaongoza Wanafunzi,Kukua na kuenea kwa Kiswahili kutokana na muamko wa utangamano wa nchi za Afrika kumejadiliwa.,Kitabu cha kiada|Kamusi|Karatasi ngumu,"TET(2023), MUHTASARI WA KISWAHILI ELIMU YA SEKONDARI KIDATO CHA V-VI, TET, DAR ES SALAAM","Utangamano wa kikanda na wa kibara umeongeza matumizi ya Kiswahili katika Afrika Mashariki, Kusini na Kati.",Jumuiya ya Afrika Mashariki (EAC) na SADC zimekitambua Kiswahili kama lugha ya kazi. Umoja wa Afrika umekifanya lugha rasmi ya kazi (2022). Utangamano wa kiuchumi umeongeza biashara ya mipakani inayotumia Kiswahili. Wabunge wa Bunge la Afrika Mashariki hutumia Kiswahili. Taasisi kama Baraza la Kiswahili la Afrika Mashariki huratibu maendeleo ya lugha. Changamoto ni utofauti wa sera za lugha katika nchi wanachama.,"Biashara ya mpakani kati ya Tanzania na Kenya hufanyika kwa Kiswahili, jambo linaloonesha nafasi yake katika utangamano.",Wafanyabiashara na wasafiri hutumia Kiswahili wanapokwenda katika nchi za jirani.,Taja jumuiya mbili zinazotambua Kiswahili.::EAC na Umoja wa Afrika.||Kiswahili kina hadhi gani katika Umoja wa Afrika?::Lugha rasmi ya kazi.||Utangamano husaidiaje Kiswahili?::Huongeza biashara na mawasiliano yanayotumia Kiswahili.,
2023-JSS015-Kidato VI,Kuthamini Kiswahili kama lugha ya taifa,Kutathmini kukua na kuenea kwa Kiswahili,Kutathimini kukua na kuenea kwa Kiswahili duniani,Kukua na Kuenea kwa Kiswahili Duniani,30,Majadiliano,Kuwaongoza Wanafunzi,Kukua na kuenea kwa Kiswahili duniani kumetathminiwa.,Kitabu cha kiada|Kamusi|Karatasi ngumu,"TET(2023), MUHTASARI WA KISWAHILI ELIMU YA SEKONDARI KIDATO CHA V-VI, TET, DAR ES SALAAM","Kiswahili kimeenea nje ya Afrika kupitia elimu, vyombo vya habari, utalii na jamii za wahamiaji wa Afrika.","Vyuo vikuu vya Marekani, Uingereza, Ujerumani, Uchina, Japani na India hufundisha Kiswahili. Redio za kimataifa (BBC, VOA, DW, Radio China, Radio Japan) hutangaza kwa Kiswahili. Kiswahili kimekuwa somo katika shule za nchi mbalimbali. UNESCO imetangaza Julai 7 kuwa Siku ya Kiswahili Duniani (2021). Utalii, muziki na filamu vinaeneza msamiati kama 'hakuna matata' na 'safari'.",Wimbo wa Hakuna Matata katika filamu ya Simba Mfalme ulisambaza maneno ya Kiswahili ulimwenguni.,Watalii wengi hujifunza salamu za Kiswahili wanapotembelea Tanzania na Kenya.,"Taja chombo kimoja cha habari cha kimataifa kinachotangaza kwa Kiswahili.::BBC (au VOA, DW).||UNESCO ilitangaza Siku ya Kiswahili mwaka gani?::Mwaka 2021.||Neno la Kiswahili lililoenea duniani kupitia filamu ni lipi?::Hakuna matata (au safari).",
2023-JSS015-Kidato VI,Kuthamini Kiswahili kama lugha ya taifa,Kutathmini kukua na kuenea kwa Kiswahili,Kujadili fursa mbalimbali za lugha ya Kiswahili,Fursa Mbalimbali za Lugha ya Kiswahili,30,Tafakuri binafsi,Kuwaongoza Wanafunzi,Fursa mbalimbali za lugha ya Kiswahili zimejadiliwa.,Kitabu cha kiada|Kamusi|Karatasi ngumu,"TET(2023), MUHTASARI WA KISWAHILI ELIMU YA SEKONDARI KIDATO CHA V-VI, TET, DAR ES SALAAM","Kiswahili hutoa fursa za ajira, biashara, elimu na diplomasia ndani na nje ya nchi.","Fursa za ajira ni ualimu, ukalimani, utafsiri, uandishi wa habari, utangazaji, uhariri, uandishi wa vitabu na utafiti wa kiisimu. Fursa za kibiashara ni uchapishaji, uandaaji wa filamu na muziki, maudhui ya mtandaoni, utalii wa kitamaduni na huduma za tafsiri. Kiswahili pia kinatumika katika diplomasia, mahakama, na kufundisha wageni.",Kijana aliyebobea katika Kiswahili anaweza kuwa mkalimani bungeni au mtafsiri wa kampuni ya kimataifa.,"Vijana wengi hujipatia kipato kwa kutengeneza maudhui ya Kiswahili katika YouTube, mitandao ya kijamii na redio.","Taja fursa mbili za ajira kupitia Kiswahili.::Ukalimani na ualimu.||Kiswahili kinatumikaje katika biashara?::Katika uchapishaji, filamu, muziki na maudhui ya mtandaoni.||Mtu anaweza kupata kipato kutokana na maudhui ya Kiswahili vipi?::Kupitia YouTube na mitandao ya kijamii.",
2023-JSS015-Kidato VI,Kuhariri kazi mbalimbali,Kumudu stadi za uhariri,Kuhariri matini changamani anuai za kiufundi,Kuhariri Matini Changamani za Kiufundi,20,Onesho mbinu,Kuwaongoza Wanafunzi,Matini changamani anuai za kiufundi zimehaririwa.,Matini za kiufundi na kamusi za fani mahususi,"TET(2023), MUHTASARI WA KISWAHILI ELIMU YA SEKONDARI KIDATO CHA V-VI, TET, DAR ES SALAAM","Kuhariri matini za kiufundi ni kusahihisha na kuboresha kazi za sheria, sayansi, teknolojia, kitaaluma na sera kwa kuzingatia usahihi wa istilahi na muundo.","Mhariri wa matini za kiufundi huthibitisha istilahi, huhakiki takwimu na vyanzo, huhakikisha uthabiti wa muundo (kichwa, vichwa vidogo, vielelezo, majedwali), huondoa utata na huzingatia mtindo rasmi. Hutumia miongozo ya mtindo wa taasisi na alama za uhariri, na hushauriana na mwandishi au mtaalamu wa fani pale inapohitajika. Hufuata ratiba ya uhariri: uhariri wa maudhui, wa lugha na wa mwisho (usomaji wa chapa).","Katika ripoti ya sera ya afya, mhariri hulinganisha takwimu za jedwali na maelezo ya maandishi ili kuhakikisha zinalingana.","Kazi za kiufundi zisizohaririwa vizuri zinaweza kusababisha maamuzi mabaya katika sheria, afya na uchumi.","Mhariri wa matini za kiufundi huthibitisha nini?::Istilahi, takwimu na vyanzo.||Taja hatua mbili za uhariri wa mwisho.::Usomaji wa chapa na ukaguzi wa uthabiti.||Kwa nini kushauriana na mtaalamu wa fani?::Ili kuhakikisha usahihi wa maudhui ya kitaalamu.",
2023-JSS015-Kidato VI,Kuhariri kazi mbalimbali,Kumudu stadi za uhariri,Kutathmini matini za kiufundi zilizohaririwa na wengine,Kutathmini Matini za Kiufundi Zilizohaririwa na Wengine,20,Uchambuzi wa matini,Kuwaongoza Wanafunzi,Matini za kiufundi zilizohaririwa na wengine zimetathminiwa.,Matini za kiufundi na kamusi za fani mahususi,"TET(2023), MUHTASARI WA KISWAHILI ELIMU YA SEKONDARI KIDATO CHA V-VI, TET, DAR ES SALAAM","Kutathmini matini ya kiufundi iliyohaririwa ni kupima ubora wa uhariri kwa kutumia vigezo vya usahihi, uwazi, uthabiti na ufanisi.","Mtathmini hulinganisha matini ya awali na iliyohaririwa, hukagua kama istilahi na takwimu ziko sahihi, mpangilio ni wa kimantiki, lugha ni rasmi na hakuna marudio, na kama alama za uhariri zimeeleweka. Huandika ripoti fupi yenye alama, mifano ya makosa yaliyobaki na mapendekezo. Hutumia orodha hakiki na vigezo vinavyokubalika.",Mwanafunzi hutathmini muhtasari wa sheria uliohaririwa na kubaini kuwa neno 'mshtakiwa' limetumika kimakosa badala ya 'mlalamikaji' katika aya ya pili.,Watafiti na wataalamu hutegemea tathmini za wenzao ili kuboresha ubora wa kazi kabla ya kuchapisha.,Taja kigezo kimoja cha kutathmini matini iliyohaririwa.::Usahihi au uwazi.||Mtathmini huandika nini mwishoni?::Ripoti yenye mifano ya makosa na mapendekezo.||Kwa nini kulinganisha matini ya awali na ya baadaye?::Kubaini mabadiliko yaliyofanywa na ubora wake.,
2023-JSS015-Kidato VI,Kutafsiri na kukalimani kazi mbalimbali,Kutafsiri matini mbalimbali,"Kutafsiri matini za fani mahususi kwa mbinu ya kisemantiki na kimawasiliano (mfano: kifasihi, kisayansi, na kisheria)",Kutafsiri Matini za Fani Mahususi,12,Onesho mbinu,Kuwaongoza Wanafunzi,Matini za fani mahususi zimetafsiriwa kwa usahihi kwa mbinu ya kisemantiki na kimawasiliano.,Kitabu cha kiada|Kamusi|Karatasi ngumu,"TET(2023), MUHTASARI WA KISWAHILI ELIMU YA SEKONDARI KIDATO CHA V-VI, TET, DAR ES SALAAM","Kutafsiri matini za kifasihi, kisayansi na kisheria kwa mbinu ya kisemantiki na kimawasiliano huhitaji ujuzi wa lugha zote mbili na wa fani husika.","Matini za kifasihi hutafsiriwa kwa kisemantiki ili kuhifadhi mtindo na taswira. Matini za kisayansi hutafsiriwa kwa istilahi sanifu na usahihi wa maelezo. Matini za kisheria hutafsiriwa kwa uangalifu kwa kutumia istilahi za kisheria ili kuepuka utata. Hatua ni kuchambua matini, kubainisha istilahi, kutumia kamusi za fani, kutafsiri, kuhariri na kuhakiki na mtaalamu wa fani.",Sentensi ya kisheria 'The accused shall be presumed innocent' hufasiriwa 'Mshtakiwa atachukuliwa kuwa hana hatia mpaka thibitisho lifanyike'.,"Watafsiri wa sheria na sayansi huwezesha wananchi kuelewa mikataba, sera na machapisho ya kitaaluma.",Matini ipi hutafsiriwa kisemantiki ili kuhifadhi mtindo?::Ya kifasihi.||Kwa nini matini ya kisheria hutafsiriwa kwa uangalifu?::Ili kuepuka utata wa maana.||Fasiri 'accused' katika sheria.::Mshtakiwa.,
2023-JSS015-Kidato VI,Kutafsiri na kukalimani kazi mbalimbali,Kukalimani mazungumzo mbalimbali,Kukalimani mazungumzo kwa ukalimani sawia/sambamba,Ukalimani Sawia na Sambamba,28,Masimulizi,Kuwaongoza Wanafunzi,Ukalimani wa mazungumzo kwa ukalimani sawia/ sambamba umefanyika.,Matini mbalimbali|Mada zitakazo fanyiwa ukalimani|Visikilizio|Kizimba|Na visemeo,"TET(2023), MUHTASARI WA KISWAHILI ELIMU YA SEKONDARI KIDATO CHA V-VI, TET, DAR ES SALAAM",Ukalimani sawia ni kutafsiri kwa mdomo wakati msemaji anaendelea kuongea kwa kutumia vifaa kama vipokea sauti na maikrofoni.,"Mkalimani hukaa katika chumba maalumu (kibanda), husikia msemaji kupitia vipokea sauti na hutafsiri kwa sauti kupitia maikrofoni. Ustadi unaohitajika ni umakini wa hali ya juu, kasi ya kufikiri, msamiati mpana, kumbukumbu ya muda mfupi na uwezo wa kugawa umakini. Wakalimani hubadilishana kila baada ya dakika 20-30 kwa sababu kazi inachosha. Ukalimani sambamba hutumika mikutano ya kimataifa kama UN, AU na EAC.","Katika mkutano wa EAC, mkalimani hutafsiri hotuba ya Kiingereza kwa Kiswahili wakati mzungumzaji anaendelea.",Watu wengi wanaotazama mikutano ya kimataifa kwenye televisheni hunufaika kutokana na wakalimani sawia.,Ukalimani sawia ni nini?::Ni kutafsiri wakati msemaji anaendelea kuongea.||Wakalimani hubadilishana lini?::Kila baada ya dakika 20 hadi 30.||Taja kifaa kimoja kinachotumika katika ukalimani sawia.::Vipokea sauti au maikrofoni.,
2023-JSS015-Kidato VI,Kutafsiri na kukalimani kazi mbalimbali,Kukalimani mazungumzo mbalimbali,Kubaini changamoto zinazojitokeza katika ukalimani sawia/sambamba,Changamoto za Ukalimani Sawia na Sambamba,28,Ushuhudiaji,Kuwaongoza Wanafunzi,Changamoto zinazojitokeza katika ukalimani sawia/ sambamba zimebainishwa.,Matini mbalimbali|Mada zitakazo fanyiwa ukalimani|Visikilizio|Kizimba|Na visemeo,"TET(2023), MUHTASARI WA KISWAHILI ELIMU YA SEKONDARI KIDATO CHA V-VI, TET, DAR ES SALAAM","Ukalimani sawia una changamoto za kiakili, kiufundi na kilugha zinazoweza kuathiri ubora wa tafsiri.","Changamoto ni kasi kubwa ya msemaji, matamshi yasiyoeleweka, istilahi zisizojulikana, uchovu, kelele au kukatika kwa vifaa, mada ngumu zisizoandaliwa mapema, tofauti za kiutamaduni, nahau na vichekesho vinavyoshindikana kufasiriwa, na msongo wa mawazo. Kutokuwa na nakala ya hotuba mapema huongeza ugumu.","Msemaji akizungumza kwa haraka mno kuhusu takwimu za uchumi, mkalimani hupata shida kunasa namba zote kwa usahihi.",Changamoto hizi huonekana pia katika kazi za kawaida zinazohitaji kusikiliza na kuandika kwa wakati mmoja.,Taja changamoto mbili za ukalimani sawia.::Kasi ya msemaji na uchovu.||Kwa nini nahau ni changamoto?::Kwa sababu maana yake haifasiriki neno kwa neno.||Nini hupunguza changamoto ya istilahi?::Kupata nyaraka za mkutano mapema.,
2023-JSS015-Kidato VI,Kutafsiri na kukalimani kazi mbalimbali,Kukalimani mazungumzo mbalimbali,Kutatua changamoto zinazojitokeza katika ukalimani sawia/sambamba,Kutatua Changamoto za Ukalimani Sawia na Sambamba,28,Bunguabongo,Kuwaongoza Wanafunzi,Changamoto zinazojitokeza katika ukalimani sawia/ sambamba zimetatuliwa.,Matini mbalimbali|Mada zitakazo fanyiwa ukalimani|Visikilizio|Kizimba|Na visemeo,"TET(2023), MUHTASARI WA KISWAHILI ELIMU YA SEKONDARI KIDATO CHA V-VI, TET, DAR ES SALAAM","Changamoto za ukalimani hutatuliwa kwa maandalizi, mafunzo na mbinu za kitaalamu.","Njia ni kupata nyaraka na ratiba ya mkutano mapema, kutengeneza orodha ya istilahi, kufanya mazoezi ya kivuli (kurudia unachosikia), kuwa na mkalimani mwenzi wa kubadilishana, kutumia vifaa vizuri na kupima kabla ya mkutano, kupumzika, kuomba msemaji apunguze kasi, na kufanya tafsiri ya jumla kwa nahau zisizofasirika. Pia ni muhimu kuendelea kujifunza msamiati mpya.","Mkalimani huandaa orodha ya istilahi za mkutano wa afya kama chanjo, kinga na magonjwa ya mlipuko kabla ya siku ya mkutano.",Mtu anayejiandaa vizuri kwa mahojiano au mtihani wa kusikiliza hunufaika kwa mbinu zilezile.,Taja njia mbili za kutatua changamoto za ukalimani.::Kupata nyaraka mapema na kufanya mazoezi ya kivuli.||Mazoezi ya kivuli ni yapi?::Ni kurudia unachosikia mara moja kwa lugha ileile.||Kwa nini kuna mkalimani mwenzi?::Ili kubadilishana wakati wa uchovu.,
2023-JSS015-Kidato VI,Kutafsiri na kukalimani kazi mbalimbali,Kutathmini kazi mbalimbali za tafsiri,"Kueleza dhana ya kutathmini tafsiri (maana, sababu, umuhimu na matokeo)",Dhana ya Kutathmini Tafsiri,28,Majadiliano,Kuwaongoza Wanafunzi,Dhana ya kutathmini tafsiri imeelezwa.,Matini chanzi|Matini lengwa|Kamusi|Na orodha ya vifupisho,"TET(2023), MUHTASARI WA KISWAHILI ELIMU YA SEKONDARI KIDATO CHA V-VI, TET, DAR ES SALAAM",Kutathmini tafsiri ni kupima ubora wa tafsiri kwa kulinganisha matini chanzi na lengwa kwa vigezo vilivyokubaliwa.,"Maana ya tathmini ni kupima na kutoa hukumu ya kitaalamu. Sababu ni kuhakikisha usahihi, kubaini makosa, kuboresha kazi na kujenga imani ya wasomaji. Umuhimu wake ni kulinda ubora wa tafsiri, mafunzo ya watafsiri na kuepuka madhara ya tafsiri mbaya (kama katika sheria au tiba). Matokeo ya tathmini ni ripoti yenye alama, mapendekezo na, inapobidi, marekebisho ya tafsiri.",Tafsiri ya maelekezo ya dawa yenye kosa la kipimo hupelekea tathmini kubaini na kurekebisha kabla ya kusambazwa.,Watumiaji wa vitabu na programu za tafsiri hunufaika kutokana na tathmini zinazoboresha ubora.,Kutathmini tafsiri ni nini?::Ni kupima ubora wa tafsiri kwa kulinganisha na matini chanzi.||Taja sababu moja ya kutathmini tafsiri.::Kubaini makosa na kuboresha kazi.||Matokeo ya tathmini ni yapi?::Ripoti yenye alama na mapendekezo.,
2023-JSS015-Kidato VI,Kutafsiri na kukalimani kazi mbalimbali,Kutathmini kazi mbalimbali za tafsiri,Kufafanua mbinu za kutathmini tafsiri,Mbinu za Kutathmini Tafsiri,28,Uchambuzi wa matini,Kuwaongoza Wanafunzi,Mbinu za kutathmini tafsiri zimefafanuliwa.,Matini chanzi|Matini lengwa|Kamusi|Na orodha ya vifupisho,"TET(2023), MUHTASARI WA KISWAHILI ELIMU YA SEKONDARI KIDATO CHA V-VI, TET, DAR ES SALAAM","Mbinu za kutathmini tafsiri ni njia za kupima usahihi, uwazi na uaminifu wa tafsiri kwa vigezo maalumu.","Mbinu ni: ulinganisho wa matini chanzi na lengwa, tafsiri rudi (kufasiri tena hadi lugha chanzi), kupima kwa vigezo (usahihi wa maana, mtiririko, istilahi, mtindo, sarufi), kuomba maoni ya wasomaji lengwa, kutumia orodha hakiki na kutumia mtaalamu wa fani. Mfasiri hupewa alama kwa kila kigezo.","Katika tafsiri rudi, sentensi 'Mimi ni mwanafunzi' ikifasiriwa 'I am a student' kisha kurudishwa 'Mimi ni mwanafunzi' inaonesha uaminifu wa tafsiri.",Mashirika ya kimataifa hutumia mbinu hizi kupima ubora wa tafsiri za hati muhimu kama mikataba.,Tafsiri rudi ni nini?::Ni kufasiri matini lengwa tena hadi lugha chanzi ili kulinganisha.||Taja kigezo kimoja cha tathmini ya tafsiri.::Usahihi wa maana au istilahi.||Nani hutoa maoni ya kutathmini?::Wasomaji lengwa na wataalamu wa fani.,
2023-JSS015-Kidato VI,Kutafsiri na kukalimani kazi mbalimbali,Kutathmini kazi mbalimbali za tafsiri,Kutathmini matini mbalimbali zilizotafsiriwa,Kutathmini Matini Mbalimbali Zilizotafsiriwa,28,Kazimradi,Kuwaongoza Wanafunzi,Matini mbalimbali zilizotafsiriwa zimetathminiwa.,Matini chanzi|Matini lengwa|Kamusi|Na orodha ya vifupisho,"TET(2023), MUHTASARI WA KISWAHILI ELIMU YA SEKONDARI KIDATO CHA V-VI, TET, DAR ES SALAAM","Mwanafunzi hutumia mbinu za tathmini kupima matini halisi zilizotafsiriwa kama makala, matangazo na maandishi ya kisheria.","Hatua ni kupata matini chanzi na lengwa, kubaini lengo na hadhira, kusoma zote, kuweka alama kwenye makosa (ya maana, sarufi, istilahi, mtindo), kupima kila kigezo, kuandika ripoti na kutoa mapendekezo ya marekebisho. Mtathmini huhakikisha maadili ya kitaaluma na haki za mwandishi.",Mwanafunzi hutathmini tangazo la biashara lililotafsiriwa 'Buy one get one free' kama 'Nunua moja upate moja bure' na kuliona sahihi.,"Wateja hutegemea tafsiri sahihi za maelekezo ya bidhaa, na tathmini huhakikisha hilo.","Taja hatua ya kwanza ya kutathmini tafsiri.::Kupata matini chanzi na lengwa.||Makosa gani huwekewa alama?::Ya maana, sarufi, istilahi na mtindo.||Toa mfano wa tafsiri sahihi ya 'Keep left'.::Endesha upande wa kushoto.",
2023-JSS015-Kidato VI,Kutafsiri na kukalimani kazi mbalimbali,Kutathmini ukalimani,"Kueleza dhana ya kutathmini ukalimani (maana, sababu, umuhimu, na matokeo ya tathmini)",Dhana ya Kutathmini Ukalimani,36,Ramani ya dhana,Kuwaongoza Wanafunzi,Dhana ya kutathmini ukalimani imeelezewa.,Matini mbalimbali kuhusu ukalimani,"TET(2023), MUHTASARI WA KISWAHILI ELIMU YA SEKONDARI KIDATO CHA V-VI, TET, DAR ES SALAAM","Kutathmini ukalimani ni kupima ubora wa kazi ya mkalimani kwa kutumia vigezo vya usahihi, ufasaha na uaminifu.","Maana yake ni kupima kazi ya mkalimani kama alivyoifanya. Sababu ni kuhakikisha mawasiliano sahihi, kuwafunza wakalimani na kuweka viwango. Umuhimu ni kulinda ubora wa huduma na haki za wahusika. Matokeo ya tathmini ni alama, mrejesho, mapendekezo ya mafunzo na wakati mwingine kuthibitisha au kuondoa cheti.","Katika mahakama, ukalimani mbaya unaweza kuathiri haki ya mshtakiwa, hivyo tathmini ni muhimu.",Wagonjwa hospitalini hutegemea ukalimani sahihi ili kupata matibabu ya kufaa.,Kutathmini ukalimani ni nini?::Ni kupima ubora wa kazi ya mkalimani.||Taja sababu moja ya kutathmini ukalimani.::Kuhakikisha mawasiliano sahihi.||Matokeo ya tathmini yanaweza kuwa yapi?::Alama na mapendekezo ya mafunzo.,
2023-JSS015-Kidato VI,Kutafsiri na kukalimani kazi mbalimbali,Kutathmini ukalimani,Kubaini mbinu za kutathmini ukalimani,Mbinu za Kutathmini Ukalimani,36,Majadiliano,Kuwaongoza Wanafunzi,Mbinu za kutathmini ukalimani zimebainishwa.,Matini mbalimbali kuhusu ukalimani,"TET(2023), MUHTASARI WA KISWAHILI ELIMU YA SEKONDARI KIDATO CHA V-VI, TET, DAR ES SALAAM","Mbinu za kutathmini ukalimani ni njia za kupima usahihi, kasi, ufasaha na maadili ya mkalimani.","Mbinu ni kusikiliza rekodi ya ukalimani na kuilinganisha na hotuba asilia, kutumia orodha hakiki yenye vigezo (usahihi wa maudhui, ufasaha wa lugha, kasi, sauti, uwazi, kukamilika, maadili), kutazama moja kwa moja wakati wa kazi, maoni ya wasikilizaji na mtihani wa vitendo. Tathmini hupima pia mbinu za kukabili changamoto na matumizi ya nukuu.",Rekodi ya ukalimani wa dakika tano hutumika kupima ni asilimia ngapi ya hoja zimefasiriwa kwa usahihi.,Waajiri wa wakalimani huwafanyia mtihani wa vitendo kabla ya kuwaajiri.,Taja mbinu mbili za kutathmini ukalimani.::Kusikiliza rekodi na kutumia orodha hakiki.||Taja kigezo kimoja cha ukalimani.::Usahihi wa maudhui au ufasaha wa lugha.||Mtihani wa vitendo hufanya nini?::Hupima uwezo wa mkalimani katika kazi halisi.,
2023-JSS015-Kidato VI,Kutafsiri na kukalimani kazi mbalimbali,Kutathmini ukalimani,Kutathmini ukalimani,Kutathmini Ukalimani,36,Onesho mbinu,Kuwaongoza Wanafunzi,Ukalimani umetathminiwa.,Matini mbalimbali kuhusu ukalimani,"TET(2023), MUHTASARI WA KISWAHILI ELIMU YA SEKONDARI KIDATO CHA V-VI, TET, DAR ES SALAAM",Mwanafunzi hutumia mbinu na vigezo kupima ubora wa ukalimani halisi au wa rekodi.,"Wanafunzi hupewa rekodi ya hotuba na ukalimani wake, huisikiliza kwa makini, hujaza orodha hakiki, hutoa alama kwa kila kigezo, hubainisha makosa ya kuacha, kuongeza au kubadili maana, huandika ripoti na kupendekeza njia za kuboresha. Hupima pia matumizi ya lugha ya mwili, sauti na maadili kama siri na uaminifu.",Mwanafunzi anagundua kuwa mkalimani aliacha takwimu ya asilimia 20 katika hotuba ya waziri na anaipa alama ya chini kigezo cha ukamilifu.,Ujuzi huu hutumika na wasimamizi wa huduma kama mahakama na hospitali.,"Makosa gani hubainishwa katika tathmini ya ukalimani?::Kuacha, kuongeza au kubadili maana.||Ripoti ya tathmini huwa na nini?::Alama, makosa na mapendekezo.||Maadili mawili ya mkalimani ni yapi?::Siri na uaminifu.",
2023-JSS015-Kidato VI,Kutafsiri na kukalimani kazi mbalimbali,Kutathmini ukalimani,Kubainisha fursa mbalimbali za ukalimani,Fursa Mbalimbali za Ukalimani,36,Fikiri-Andika-Jozisha- Shirikisha,Kuwaongoza Wanafunzi,Fursa mbalimbali za ukalimani zimebainishwa.,Matini mbalimbali kuhusu ukalimani,"TET(2023), MUHTASARI WA KISWAHILI ELIMU YA SEKONDARI KIDATO CHA V-VI, TET, DAR ES SALAAM",Ukalimani hutoa fursa za ajira na kazi za kujitegemea katika sekta nyingi.,"Fursa ni katika mikutano ya kimataifa, mahakama, hospitali, polisi, uhamiaji, vyombo vya habari, utalii, ubalozi, mashirika yasiyo ya kiserikali na biashara. Wakalimani wanaweza kuajiriwa au kufanya kazi kwa kujitegemea. Ujuzi wa lugha nyingine kama Kiingereza, Kifaransa, Kichina na Kiarabu huongeza fursa. Kuna pia ukalimani wa lugha ya alama kwa viziwi.","Mkalimani wa Kiswahili-Kiingereza anaweza kufanya kazi Umoja wa Mataifa, EAC au ubalozi.",Watalii na wageni hutafuta wakalimani wa kuwaongoza katika ziara na mikutano.,"Taja sehemu mbili wakalimani wanapohitajika.::Mahakama na mikutano ya kimataifa.||Lugha gani nyingine huongeza fursa za mkalimani?::Kiingereza, Kifaransa, Kichina au Kiarabu.||Mkalimani wa lugha ya alama huhudumia nani?::Viziwi.",
2023-JSS015-Kidato VI,Kuthamini kazi za fasihi,Kutathmini maendeleo ya fasihi,Kujadili maendeleo ya fasihi katika kipindi cha utandawazi,Maendeleo ya Fasihi Katika Kipindi cha Utandawazi,18,Majadiliano,Kuwaongoza Wanafunzi,Maendeleo ya fasihi kutokana na maendeleo ya sayansi na teknolojia yamejadiliwa.,Matini mbalimbali za kifasihi,"TET(2023), MUHTASARI WA KISWAHILI ELIMU YA SEKONDARI KIDATO CHA V-VI, TET, DAR ES SALAAM","Utandawazi ni mchakato wa mwingiliano wa kiuchumi, kisiasa na kiutamaduni ulimwenguni ambao umeathiri uandishi, usambazaji na usomaji wa fasihi.","Katika kipindi cha utandawazi fasihi imepata fursa mpya kama vitabu vya mtandaoni, blogu, majukwaa ya mitandao ya kijamii, uchapishaji binafsi, tafsiri za kazi kutoka lugha za kigeni na muziki wa kizazi kipya (bongo fleva). Maudhui mapya ni umaskini, ukosefu wa ajira, utandawazi wenyewe, maambukizi ya UKIMWI, mazingira na mahusiano ya kimataifa. Changamoto ni kupungua kwa usomaji wa vitabu vya karatasi, uharamia wa kazi za kifasihi na kutawala kwa tamaduni za kigeni.",Mwandishi kijana anaweza kuchapisha hadithi yake katika blogu na kusomwa na maelfu ya watu ndani ya siku chache.,"Vijana husoma na kusikiliza kazi za fasihi kupitia simu, redio na mitandao bila kununua vitabu.","Utandawazi ni nini?::Ni mwingiliano wa kiuchumi, kisiasa na kiutamaduni ulimwenguni.||Taja fursa moja ya fasihi katika utandawazi.::Kuchapisha katika mitandao na blogu.||Taja changamoto moja ya fasihi katika utandawazi.::Uharamia wa kazi au kupungua kwa usomaji wa vitabu.",
2023-JSS015-Kidato VI,Kuthamini kazi za fasihi,Kutathmini maendeleo ya fasihi,Kujadili nafasi ya uhuru wa mwandishi na udhamini katika maendeleo ya fasihi,Nafasi ya Uhuru wa Mwandishi na Udhamini katika Maendeleo ya Fasihi,18,Kazimradi,Kuwaongoza Wanafunzi,Nafasi ya uhuru wa mwandishi na udhamini katika maendeleo ya fasihi yamejadiliwa.,Matini mbalimbali za kifasihi,"TET(2023), MUHTASARI WA KISWAHILI ELIMU YA SEKONDARI KIDATO CHA V-VI, TET, DAR ES SALAAM","Uhuru wa mwandishi ni haki ya kuandika bila vizuizi, na udhamini ni msaada wa kifedha au wa kitaasisi unaowezesha uandishi na uchapishaji.","Uhuru wa mwandishi hukuza ubunifu, ukosoaji wa jamii na fasihi yenye ujumbe wa kweli. Vizuizi ni udhibiti wa serikali, sheria za uandishi, kujidhibiti kwa hofu na maslahi ya wafadhili. Udhamini kutoka serikalini, mashirika, wachapishaji na tuzo za fasihi huwezesha uchapishaji na kutoa motisha. Hata hivyo udhamini unaweza kuathiri maudhui ikiwa mfadhili ana masharti. Uwiano wa uhuru na udhamini ni muhimu.",Mwandishi aliyepata udhamini wa kuandika riwaya anaweza kutunga kwa uhuru kuhusu rushwa bila kuhofia kukosa fedha.,Waandishi wa kisasa hutafuta ufadhili na hutumia mitandao kujitegemea kifedha.,Uhuru wa mwandishi ni nini?::Ni haki ya kuandika bila vizuizi.||Udhamini una faida gani?::Huwezesha uchapishaji na hutoa motisha.||Udhamini una hatari gani?::Unaweza kuathiri maudhui ikiwa mfadhili ana masharti.,
2023-JSS015-Kidato VI,Kuthamini kazi za fasihi,Kuhakiki kazi za fasihi,Kuhakiki fani na maudhui katika mashairi,Kuhakiki Fani na Maudhui katika Mashairi,28,Kazimradi,Kuwaongoza Wanafunzi,Fani na maudhui katika mashairi zimehakikiwa.,Diwani za mashairi|Na matini za kifasihi,"TET(2023), MUHTASARI WA KISWAHILI ELIMU YA SEKONDARI KIDATO CHA V-VI, TET, DAR ES SALAAM","Ushairi ni sanaa ya lugha ya mkusanyo wa maneno teule yenye mpangilio wa vina na mizani, na huhakikiwa kwa fani na maudhui.","Fani ya shairi hujumuisha muundo (beti, mistari, mizani, vina, kituo), aina ya shairi (ngonjera, tarabu, mashairi ya kimapokeo na huru), lugha (taswira, sitiari, tashbihi, methali, ishara, takriri, kejeli), na mtindo. Maudhui ni dhamira, ujumbe, hisia na falsafa ya mtunzi. Mhakiki hutoa mifano kutoka kwenye shairi, hutathmini uhusiano wa fani na maudhui na hupima kama ujumbe umefika kwa hadhira.","Shairi lenye mistari ya mizani 8 na vina vya mwisho vinavyofanana huitwa shairi la kimapokeo, na ujumbe wake wa kukemea ubadhirifu huonekana kupitia methali zilizotumika.","Wasomaji hupata burudani na mafunzo ya maisha kupitia mashairi katika redio, mitandao na vitabu.",Mizani ni nini?::Ni idadi ya silabi katika mstari wa shairi.||Vina ni nini?::Ni silabi za mwisho zinazofanana katika mistari.||Taja kipengele kimoja cha maudhui ya shairi.::Dhamira au ujumbe.,
2023-JSS015-Kidato VI,Kuthamini kazi za fasihi,Kuhakiki kazi za fasihi,Kuhusianisha ujumbe unaopatikana katika mashairi na maisha ya kila siku,Kuhusianisha Ujumbe wa Mashairi na Maisha ya Kila Siku,28,Tafakuri binafsi,Kuwaongoza Wanafunzi,Ujumbe unaopatikana katika mashairi umehusianishwa na maisha ya kila siku.,Diwani za mashairi|Na matini za kifasihi,"TET(2023), MUHTASARI WA KISWAHILI ELIMU YA SEKONDARI KIDATO CHA V-VI, TET, DAR ES SALAAM",Kuhusianisha ujumbe wa mashairi na maisha ni kuoanisha mafunzo ya shairi na mazingira ya jamii ya sasa.,"Wanafunzi hutambua ujumbe (kwa mfano kukemea rushwa, kuhimiza elimu, kutunza mazingira), hutafuta matukio halisi ya jamii yanayoendana na ujumbe, hujadili kama ujumbe bado unafaa, na kupendekeza jinsi jamii inavyoweza kutumia mafunzo hayo. Hutumia mifano halisi ya shuleni, mtaani na katika taifa.",Shairi linalokataza uchafuzi wa mazingira huhusishwa na tatizo la taka za plastiki katika miji.,Watu hutumia maneno ya mashairi na methali kufundisha watoto tabia njema.,Ujumbe wa shairi huhusishwaje na maisha?::Kwa kuoanisha mafunzo yake na hali halisi ya jamii.||Taja ujumbe mmoja unaoweza kupatikana katika shairi.::Kukemea rushwa au kutunza mazingira.||Kwa nini kuhusianisha ni muhimu?::Ili jamii ijifunze na kubadilika kutokana na mafunzo ya fasihi.,
2023-JSS015-Kidato VI,Kuthamini kazi za fasihi,Kuhakiki kazi za fasihi,Kusanifu matini mbalimbali za kisanaa,Kusanifu Matini Mbalimbali za Kisanaa,28,Uchambuzi wa matini,Kuwaongoza Wanafunzi,Matini mbalimbali za kisanaa zimesanifiwa.,Diwani za mashairi|Na matini za kifasihi,"TET(2023), MUHTASARI WA KISWAHILI ELIMU YA SEKONDARI KIDATO CHA V-VI, TET, DAR ES SALAAM","Kusanifu matini za kisanaa ni kubuni na kuunda kazi za sanaa za lugha kama insha za kisanaa, mabango, kijitabu, nyimbo na maigizo kwa mpangilio wa kuvutia.","Hatua ni kubaini lengo na hadhira, kuchagua aina ya matini (bango, wimbo, hadithi fupi, shairi, tangazo), kubuni maudhui na lugha ya picha, kupanga muundo, kutumia rangi, michoro na sauti inapohitajika, kuandika rasimu, kuhariri na kuwasilisha. Matini za kisanaa hutumia ubunifu, ucheshi, ishara na tamathali. Wasanifu hujali maadili na hakimiliki.","Mwanafunzi anabuni bango la kampeni ya kutunza mazingira lenye kauli 'Mazingira safi, maisha bora' na picha ya mti.","Matangazo ya biashara, kampeni za afya na tamasha za shule hutumia matini za kisanaa kuvutia watu.",Kusanifu matini ya kisanaa ni nini?::Ni kubuni na kuunda kazi za sanaa ya lugha zenye mvuto.||Taja aina mbili za matini za kisanaa.::Bango na wimbo.||Nini kizingatiwe kabla ya kubuni matini?::Lengo na hadhira.,
2023-JSS015-Kidato VI,Kuthamini kazi za fasihi,Kutunga kazi za fasihi,Kubaini mbinu za utungaji wa mashairi,Mbinu za Utungaji wa Mashairi,28,Uchambuzi wa matini,Kuwaongoza Wanafunzi,Mbinu za utungaji wa mashairi zimebainishwa.,Diwani za mashairi,"TET(2023), MUHTASARI WA KISWAHILI ELIMU YA SEKONDARI KIDATO CHA V-VI, TET, DAR ES SALAAM",Mbinu za utungaji wa mashairi ni kanuni na ufundi wa lugha unaotumika kuunda shairi lenye mvuto na ujumbe.,"Mbinu hizo ni kuchagua mada na dhamira, kuamua aina ya shairi (kimapokeo, huru, ngonjera, tarabu), kupanga beti na mistari, kutunga mizani na vina, kutumia lugha ya picha (sitiari, tashbihi, tashihisi, kinaya), kutumia takriri, msamiati wa kuvutia na mpangilio wa mtiririko wa mawazo. Pia kuna urari wa vina na mizani, kituo na mwisho wa kila ubeti. Mtunzi husoma kwa sauti na kuhariri.","Katika ubeti wa mistari minne wenye mizani 8 kila mstari na vina vya mwisho -ma, mtunzi huhakikisha kila mstari unaishia kwa silabi 'ma'.","Watunzi wa mashairi hutunga nyimbo na maneno ya sherehe kama harusi, mazishi na kampeni.","Taja mbinu mbili za kutunga shairi.::Kutumia mizani na vina, na lugha ya picha.||Takriri ni nini?::Ni kurudia neno au kifungu cha maneno kwa msisitizo.||Kituo cha shairi ni nini?::Ni mstari au sehemu inayorudiwa mwishoni mwa kila ubeti.",
2023-JSS015-Kidato VI,Kuthamini kazi za fasihi,Kutunga kazi za fasihi,Kutunga mashairi anuai,Kutunga Mashairi Anuai,28,Onesho mbinu,Kuwaongoza Wanafunzi,Mashairi anuai yametungwa.,Diwani za mashairi,"TET(2023), MUHTASARI WA KISWAHILI ELIMU YA SEKONDARI KIDATO CHA V-VI, TET, DAR ES SALAAM","Wanafunzi hutunga mashairi ya aina mbalimbali kama ya kimapokeo, huru, ngonjera na tarabu kwa kuzingatia kanuni za utunzi.","Hatua ni kuchagua mada, kuamua aina, kuandaa muhtasari wa mawazo, kuandika ubeti wa kwanza, kupanga mizani na vina, kuendeleza beti zinazofuata, kutumia tamathali, kuweka kichwa, kusoma kwa sauti, kuhariri na kuwasilisha kwa hadhira. Shairi huru halifuati mizani na vina kikamilifu ila hutegemea mvuto wa lugha. Ngonjera huandikwa kwa mazungumzo ya washiriki wawili.","Shairi lenye kichwa 'Elimu ni Ufunguo' linaweza kuanza ubeti wa kwanza: 'Elimu ni ufunguo, wa maisha yetu sote' na kuendelea.","Mashairi hutungwa kwa ajili ya mashindano ya shule, sherehe za kitaifa na burudani.",Shairi huru ni lipi?::Ni shairi lisilofuata mizani na vina kikamilifu.||Ngonjera huandikwaje?::Kwa mazungumzo ya washiriki wawili.||Taja hatua moja ya kutunga shairi.::Kuchagua mada au kuandaa muhtasari wa mawazo.,
2023-JSS015-Kidato VI,Kuthamini kazi za fasihi,Kutunga kazi za fasihi,Kujadili fursa za utungaji wa kazi za fasihi,Fursa za Utungaji wa Kazi za Fasihi,28,Maswali na majibu,Kuwaongoza Wanafunzi,Fursa za utungaji wa kazi za fasihi zimejadiliwa.,Diwani za mashairi,"TET(2023), MUHTASARI WA KISWAHILI ELIMU YA SEKONDARI KIDATO CHA V-VI, TET, DAR ES SALAAM","Utungaji wa kazi za fasihi hutoa fursa za ajira, kipato na kuchangia maendeleo ya jamii.","Fursa ni uandishi wa vitabu, riwaya, mashairi, tamthiliya na filamu, uchapishaji, utangazaji, ualimu, uhariri, tafsiri, uandishi wa nyimbo, maigizo, uandishi wa maudhui ya mtandaoni na kuandika vitabu vya watoto. Wanafunzi hujadili jinsi ya kutumia TEHAMA kuchapisha na kuuza kazi, kupata tuzo na kuungana na wachapishaji, na kulinda hakimiliki.",Mwandishi wa hadithi za watoto anaweza kuchapisha kitabu chake mtandaoni na kupata mapato kutokana na mauzo.,"Vijana wengi hujiajiri kwa kuandika, kuimba na kuigiza kazi za fasihi katika mitandao.","Taja fursa mbili za utungaji wa fasihi.::Uandishi wa vitabu na uandishi wa nyimbo.||TEHAMA husaidiaje mwandishi?::Huwezesha kuchapisha, kuuza na kusambaza kazi kwa urahisi.||Hakimiliki ni nini?::Ni haki ya kisheria ya mwandishi kumiliki na kudhibiti kazi yake.",
