subject_version_code,main_competence_name,specific_competence_name,learning_activity_name,sla_name,sla_periods,sla_method,sla_leading,sla_assessment_criteria,sla_teaching_aids,sla_references,sla_notes_intro,sla_notes_details,sla_notes_illustrations,sla_notes_daily_life,sla_exercise,sla_diagram_type
2023-JSS015-DRS V,Kuwasiliana katika miktadha mbalimbali,Kuendeleza mazungumzo katika miktadha mbalimbali,"Kutumia msamiati katika kusimulia matukio, habari na vitu mbalimbali kwa kujiamini",Kusoma na kuelewa hadithi ya 'Mtego wa vitendawili',2,Usomaji wa matini; Maswali na majibu,Kuwaongoza Wanafunzi,Mwanafunzi anasoma hadithi ya 'Mtego wa vitendawili' na kujibu maswali ya ufahamu kwa usahihi.,Kitabu cha mwanafunzi|Ubao|Kadi za maswali,"TET(2023), KISWAHILI, KITABU CHA MWANAFUNZI, DARASA LA TANO, TET, DAR ES SALAAM","Hadithi ya 'Mtego wa vitendawili' inasimulia jinsi Mzee Ngedere alivyowasaidia Binadamu kuwakamata Nzige, Panya na Kiwavi waliokuwa wakiharibu mazao shambani kwa kutumia mtego wa vitendawili.","Mzee Ngedere aliandaa shindano la kutegua vitendawili akiahidi shamba na ghala la chakula kwa mshindi. Baada ya Nzige, Panya na Kiwavi kutegua vitendawili vyote, aliwafungia ndani ya chumba kilichokuwa gereza la waharibifu wa mazao.","Mfano: kitendawili 'Nikikutana na adui yangu nanyong'onyea' kiliteguliwa na Kiwavi kuwa 'ugonjwa', na 'Ukumbuu wa babu mrefu' kiliteguliwa na Nzige kuwa 'njia'.",Mwanafunzi anahusisha hadithi hii na matukio ya jamii yanayohusu hila zinazotumika kudhibiti watu wanaoharibu mali za wengine.,"Nani alimsaidia Binadamu kuwakamata Nzige, Panya na Kiwavi?::Mzee Ngedere alimsaidia Binadamu.||Mzee Ngedere aliahidi zawadi gani kwa mshindi wa shindano?::Aliahidi shamba na ghala la chakula kizuri.||Mzee Ngedere aliwakamataje Nzige, Panya na Kiwavi?::Aliwakamata kwa hila ya mtego wa vitendawili kisha akawafungia ndani ya chumba.",
2023-JSS015-DRS V,Kuwasiliana katika miktadha mbalimbali,Kuendeleza mazungumzo katika miktadha mbalimbali,"Kutumia msamiati katika kusimulia matukio, habari na vitu mbalimbali kwa kujiamini",Kutumia msamiati mpya uliomo katika hadithi ya 'Mtego wa vitendawili',2,Mazoezi ya msamiati; Maswali na majibu,Kuwaongoza Wanafunzi,Mwanafunzi anaeleza maana za maneno mapya kutoka hadithi na kuyatumia kwa usahihi katika sentensi.,Kitabu cha mwanafunzi|Kamusi ya Kiswahili|Ubao,"TET(2023), KISWAHILI, KITABU CHA MWANAFUNZI, DARASA LA TANO, TET, DAR ES SALAAM","Msamiati mpya katika hadithi ya 'Mtego wa vitendawili' ni pamoja na maneno kama 'kiwavi', 'jibanza', 'maringo', 'gutuka', 'dhihaka', 'kiinimacho' na 'hila' yaliyotumika kuelezea matukio ya hadithi.","Kila neno linafafanuliwa kwa maana yake kisha wanafunzi wanatunga sentensi mbili kwa kila neno kama zoezi la pili la sura linavyoelekeza, kwa kuzingatia muktadha wa hadithi waliyosoma.","Mfano: 'maringo' ni majivuno, kama Panya na Kiwavi walivyoingia ukumbini kwa maringo; 'kiinimacho' ni udanganyifu wa macho, kama Nzige, Panya na Kiwavi walivyodhani kufungiwa kwao ni kiinimacho.",Mwanafunzi hutumia neno 'dhihaka' anapoeleza jinsi watu wanavyocheka bila huruma matatizo ya wenzao mtaani au shuleni.,Maana ya neno 'jibanza' ni nini?::Kujificha au kujibanza mahali fulani.||Tunga sentensi kwa neno 'maringo'.::Wachezaji waliingia uwanjani kwa maringo makubwa.||Maana ya neno 'gutuka' ni nini?::Kushtuka ghafla kutokana na jambo lisilotarajiwa.||Tunga sentensi kwa neno 'hila'.::Mwizi alitumia hila kuiba mali ya jirani yake.,
2023-JSS015-DRS V,Kuwasiliana katika miktadha mbalimbali,Kuendeleza mazungumzo katika miktadha mbalimbali,"Kutumia msamiati katika kusimulia matukio, habari na vitu mbalimbali kwa kujiamini",Kutegua vitendawili na kueleza matukio yanayohusiana navyo,1,Mchezo; Maswali na majibu,Kuwaongoza Wanafunzi,Mwanafunzi anategua vitendawili aliyopewa na kueleza tukio linalohusiana na jibu la kila kitendawili.,Kitabu cha mwanafunzi|Kadi za vitendawili|Picha,"TET(2023), KISWAHILI, KITABU CHA MWANAFUNZI, DARASA LA TANO, TET, DAR ES SALAAM","Vitendawili ni sanaa ya lugha inayotumia maneno ya mafumbo kuwakilisha vitu au matukio, kama inavyooneshwa katika Zoezi la 4 la hadithi ya 'Mtego wa vitendawili'.","Wanafunzi wanategua vitendawili kwa zamu kisha wanaeleza tukio la kila siku linalohusiana na jibu, kwa kufuata mfano wa 'Akitokea, watu wote humwona - jua' unaohusishwa na tukio la kuota jua asubuhi.","Mfano: kitendawili 'Hasemi na akisema hatasahaulika' lina jibu 'kalamu', na tukio lake ni kuandika wimbo unaokumbukwa kila mara.",Mwanafunzi hutumia stadi ya kutegua vitendawili anapocheza na wenzake jioni nyumbani kama burudani ya jamii.,Tegua kitendawili: 'Mtungini mwangu hamuingii kata.'::Jibu ni yai.||Tegua kitendawili: 'Kondoo wetu ana nyama nje na ngozi ndani.'::Jibu ni ndizi.||Eleza tukio linalohusiana na kitendawili chenye jibu 'jua'.::Jua huchomoza asubuhi na watu hulitegemea kwa kupata joto na mwanga.,
2023-JSS015-DRS V,Kuwasiliana katika miktadha mbalimbali,Kuendeleza mazungumzo katika miktadha mbalimbali,"Kutumia msamiati katika kusimulia matukio, habari na vitu mbalimbali kwa kujiamini",Kutumia msamiati wa nyakati na matukio katika mazungumzo,1,Majadiliano; Uchambuzi wa maneno,Kuwaongoza Wanafunzi,Mwanafunzi anabainisha maneno yanayoonesha wakati na yale yanayoonesha matukio na kuyatumia kwa usahihi katika sentensi.,Kitabu cha mwanafunzi|Ubao|Kadi za maneno,"TET(2023), KISWAHILI, KITABU CHA MWANAFUNZI, DARASA LA TANO, TET, DAR ES SALAAM","Baadhi ya maneno kama 'jana', 'kesho', 'leo' na 'mwaka jana' huonesha wakati, wakati maneno kama 'mashindano', 'harusi' na 'mahafali' huonesha matukio, kama yalivyoorodheshwa katika Zoezi la 5(F).","Wanafunzi wanapangwa katika makundi mawili kwenye kisanduku cha maneno kilichotolewa kitabuni ili kubainisha yale yanayoonesha wakati na yale yanayoonesha matukio, kisha wanatunga sentensi kwa kila kundi.","Mfano: neno 'kesho' linaonesha wakati katika sentensi 'Tutaenda kesho', na neno 'mahafali' linaonesha tukio katika sentensi 'Mahafali ya Darasa la Sita yatafanyika wiki ijayo'.",Mwanafunzi hutumia msamiati huu anapopanga ratiba za shughuli za nyumbani kama harusi au maonesho ya shule.,Taja neno moja linaloonesha wakati kutoka kwenye kisanduku.::Kwa mfano 'jana' au 'kesho'.||Taja neno moja linaloonesha tukio kutoka kwenye kisanduku.::Kwa mfano 'mashindano' au 'mahafali'.||Tunga sentensi kwa neno 'wiki ijayo'.::Shule yetu itafanya mtihani wiki ijayo.,
2023-JSS015-DRS V,Kuwasiliana katika miktadha mbalimbali,Kuendeleza mazungumzo katika miktadha mbalimbali,"Kutumia msamiati katika kusimulia matukio, habari na vitu mbalimbali kwa kujiamini",Kusimulia tukio la furaha kwa kujiamini kwa kutumia msamiati sahihi,1,Masimulizi; Zoezi la utungaji,Kuwaongoza Wanafunzi,Mwanafunzi anasimulia tukio la furaha kwa kutumia msamiati sahihi na kwa kujiamini mbele ya wenzake.,Kitabu cha mwanafunzi|Daftari|Ubao,"TET(2023), KISWAHILI, KITABU CHA MWANAFUNZI, DARASA LA TANO, TET, DAR ES SALAAM","Kusimulia tukio kwa kujiamini humaanisha kueleza matukio yaliyotokea kwa ufasaha na mpangilio mzuri wa msamiati, kama inavyoelekezwa katika Zoezi la 6 la kuandika hadithi ya sherehe ya familia.","Kila mwanafunzi anaandaa simulizi fupi la maneno kati ya 60 na 70 kuhusu tukio la furaha katika sherehe ya familia yake, kisha analisimulia mbele ya darasa kwa sauti ya kujiamini.","Mfano wa muundo wa simulizi: kuanza na wapi na lini tukio lilifanyika, nani walihusika, na kumalizia na hisia za furaha zilizopatikana.",Mwanafunzi hutumia stadi hii anapowaeleza wazazi au marafiki jinsi alivyofurahia sherehe ya kuzaliwa au harusi ya jamaa.,"Taja mambo matatu unayopaswa kuyaeleza unaposimulia tukio.::Mahali, wakati na waliohusika katika tukio.||Kwa nini ni muhimu kusimulia kwa kujiamini?::Ili wasikilizaji waelewe vizuri ujumbe unaotolewa.||Tunga sentensi moja inayoanzisha simulizi la tukio la furaha.::Wiki iliyopita, familia yetu iliadhimisha harusi ya shangazi yangu kwa furaha kubwa.",
2023-JSS015-DRS V,Kuwasiliana katika miktadha mbalimbali,Kuendeleza mazungumzo katika miktadha mbalimbali,Kubainisha nafsi (umoja na wingi) katika mazungumzo,Kusoma habari ya 'Sisi na wao' na kubainisha nafsi zilizotumika,2,Usomaji wa matini; Maswali na majibu,Kuwaongoza Wanafunzi,Mwanafunzi anasoma habari ya 'Sisi na wao' na kubainisha nafsi zilizotumika katika habari hiyo.,Kitabu cha mwanafunzi|Ubao|Kadi za maswali,"TET(2023), KISWAHILI, KITABU CHA MWANAFUNZI, DARASA LA TANO, TET, DAR ES SALAAM","Habari ya 'Sisi na wao' inaeleza kuhusu Fikira na marafiki zake wa Shule ya Msingi Idona waliokuwa washindani wa michezo na wanafunzi wa Shule ya Msingi Chokoni, wakijiita 'sisi' na kuwaita wenzao 'wao'.","Katika habari hiyo yametumika nafsi kama 'mimi' (Fikira), 'sisi' (kikundi cha Fikira), 'wao' (kikundi cha Chokoni) na 'ninyi' (babu kikongwe akiwaita wote wajukuu zake), zinazoonesha umoja na wingi.","Mfano: 'Mimi ni Fikira' ni nafsi ya kwanza umoja, na 'Sisi ni wanafunzi wa Darasa la Tano' ni nafsi ya kwanza wingi, kama ilivyotumika mwanzoni mwa habari.",Mwanafunzi anatumia stadi hii anapotofautisha kati yake mwenyewe na kikundi chake dhidi ya kikundi kingine katika michezo ya shuleni.,Fikira na marafiki zake walisoma shule gani?::Walisoma Shule ya Msingi Idona.||Babu kikongwe aliwaita nini wajukuu zake alipowasihi kuhusu umoja?::Aliwaita 'ninyi wajukuu zangu'.||Taja nafsi moja ya wingi iliyotumika katika habari.::Nafsi 'sisi' au 'wao'.,
2023-JSS015-DRS V,Kuwasiliana katika miktadha mbalimbali,Kuendeleza mazungumzo katika miktadha mbalimbali,Kubainisha nafsi (umoja na wingi) katika mazungumzo,Kutumia msamiati uliomo katika habari ya 'Sisi na wao',1,Mazoezi ya msamiati; Maswali na majibu,Kuwaongoza Wanafunzi,Mwanafunzi anaeleza maana za maneno mapya kutoka habari na kuyatumia kwa usahihi katika sentensi.,Kitabu cha mwanafunzi|Kamusi ya Kiswahili|Ubao,"TET(2023), KISWAHILI, KITABU CHA MWANAFUNZI, DARASA LA TANO, TET, DAR ES SALAAM","Maneno kama 'furika', 'kikongwe', 'tabasamu', 'pongezi', 'mjukuu', 'totoro' na 'msamaha' yametumika katika habari ya 'Sisi na wao' kuelezea matukio ya mashindano na maisha ya vijijini.","Kila neno linafafanuliwa kwa maana yake kisha wanafunzi wanatunga sentensi kwa kila neno wakizingatia muktadha wa habari waliyosoma, kama zoezi la pili la sura linavyoelekeza.","Mfano: 'kikongwe' ni mzee mwenye umri mkubwa sana, kama 'babu kikongwe' aliyeshuhudia mashindano; 'totoro' ni giza kubwa, kama Fikira alivyorudi nyumbani 'kukiwa na giza totoro'.","Mwanafunzi hutumia neno 'msamaha' anapoomba radhi kwa wazazi baada ya kufanya kosa nyumbani, kama Fikira alivyofanya.","Maana ya neno 'furika' ni nini?::Kujaa au kumiminika kwa wingi, mfano watu walifurika kuangalia mashindano.||Tunga sentensi kwa neno 'pongezi'.::Wanafunzi walipewa pongezi kwa ushindi wao.||Maana ya neno 'mjukuu' ni nini?::Ni mtoto wa mtoto wako, kama Fikira alivyoitwa mjukuu na babu kikongwe.",
2023-JSS015-DRS V,Kuwasiliana katika miktadha mbalimbali,Kuendeleza mazungumzo katika miktadha mbalimbali,Kubainisha nafsi (umoja na wingi) katika mazungumzo,Kutambua viwakilishi vya nafsi katika sentensi,2,Maswali na majibu; Mazoezi ya lugha,Kuwaongoza Wanafunzi,Mwanafunzi anatambua na kupigia mstari neno linalowakilisha nafsi katika sentensi mbalimbali.,Kitabu cha mwanafunzi|Ubao|Daftari,"TET(2023), KISWAHILI, KITABU CHA MWANAFUNZI, DARASA LA TANO, TET, DAR ES SALAAM","Viwakilishi vya nafsi ni maneno kama 'mimi', 'sisi', 'wewe', 'ninyi', 'yeye' na 'wao' yanayowakilisha wazungumzaji au wanaozungumziwa katika sentensi, kama inavyoonyeshwa katika Zoezi la 6(A).","Wanafunzi wanapigia mstari kiwakilishi cha nafsi katika kila sentensi waliyopewa kisha wanabainisha kama ni nafsi ya kwanza, ya pili au ya tatu, ya umoja au wingi.","Mfano: katika sentensi 'Sisi tunapika na wao wanalima', 'sisi' ni nafsi ya kwanza wingi na 'wao' ni nafsi ya tatu wingi.",Mwanafunzi anatumia stadi hii anapotambua nani anazungumza katika mazungumzo ya nyumbani kati ya wazazi na watoto.,Pigia mstari kiwakilishi cha nafsi: 'Ninyi mnakula chakula.'::Kiwakilishi ni 'Ninyi'.||Pigia mstari kiwakilishi cha nafsi: 'Wao wanaruka kamba.'::Kiwakilishi ni 'Wao'.||Ni nafsi gani inayowakilishwa na neno 'wewe'?::Nafsi ya pili umoja.,
2023-JSS015-DRS V,Kuwasiliana katika miktadha mbalimbali,Kuendeleza mazungumzo katika miktadha mbalimbali,Kubainisha nafsi (umoja na wingi) katika mazungumzo,Kubadili sentensi kutoka nafsi moja kwenda nyingine na kukanusha sentensi za nafsi,1,Mazoezi ya maandishi; Maswali na majibu,Kuwaongoza Wanafunzi,Mwanafunzi anabadili sentensi kutoka nafsi moja kwenda nyingine na kukanusha sentensi za nafsi kwa usahihi.,Kitabu cha mwanafunzi|Ubao|Daftari,"TET(2023), KISWAHILI, KITABU CHA MWANAFUNZI, DARASA LA TANO, TET, DAR ES SALAAM","Sentensi zenye nafsi tofauti zinaweza kubadilishwa kutoka nafsi moja kwenda nyingine bila kubadili maana, kama inavyofanyika katika Zoezi la 6(F) la kubadili sentensi kuwa nafsi ya pili wingi.","Wanafunzi wanabadili sentensi za nafsi ya tatu kuwa nafsi ya pili wingi kama mfano 'Wao wanacheza mpira wa miguu' unavyokuwa 'Ninyi mnacheza mpira wa miguu', na pia wanakanusha sentensi kama 'Yeye anakula ugali' kuwa 'Yeye hali ugali'.",Mfano: 'Wao ni wanafunzi wa Darasa la Sita' inabadilika kuwa 'Ninyi ni wanafunzi wa Darasa la Sita'; 'Mimi ninapiga kelele' inakanushwa kuwa 'Mimi sipigi kelele'.,Mwanafunzi hutumia stadi hii anapobadilisha jinsi anavyowasiliana na kikundi cha watu tofauti nyumbani au shuleni.,Badili sentensi 'Wao walikwenda kuchota maji kisimani' iwe nafsi ya pili wingi.::Ninyi mlikwenda kuchota maji kisimani.||Kanusha sentensi 'Sisi tutaandika barua.'::Sisi hatutaandika barua.||Kanusha sentensi 'Wao wanapika makande.'::Wao hawapiki makande.,
2023-JSS015-DRS V,Kuwasiliana katika miktadha mbalimbali,Kuendeleza mazungumzo katika miktadha mbalimbali,Kubainisha nafsi (umoja na wingi) katika mazungumzo,Kutunga sentensi na kukamilisha habari kwa kutumia nafsi mbalimbali,1,Zoezi la vitendo; Majadiliano,Kuwaongoza Wanafunzi,Mwanafunzi anatunga sentensi na kukamilisha habari fupi kwa kutumia viwakilishi vya nafsi kwa usahihi.,Kitabu cha mwanafunzi|Ubao|Daftari,"TET(2023), KISWAHILI, KITABU CHA MWANAFUNZI, DARASA LA TANO, TET, DAR ES SALAAM","Kutunga sentensi na kukamilisha habari kwa nafsi sahihi husaidia mwanafunzi kutumia nafsi katika muktadha halisi wa mawasiliano, kama inavyoelekezwa katika kazi ya kufanya ya sura hii.","Wanafunzi wanajaza viwakilishi sahihi vya nafsi katika nafasi zilizoachwa wazi kwenye sentensi kama zoezi la 6(B) linavyoelekeza, kisha wanatunga habari fupi kuhusu tukio walilolisikia au kulisoma wakitumia nafsi tofauti.",Mfano: 'Sisi tunalima bustani kubwa ya nyanya' ni mfano uliotolewa kitabuni wa kujaza nafsi 'sisi' katika sentensi iliyoachwa wazi.,"Mwanafunzi hutumia stadi hii anaposimulia habari za TEHAMA alizosikia kwa kutumia nafsi sahihi, kama kazi ya kufanya inavyoelekeza.",Jaza nafsi sahihi: '______ ninakula chakula.'::Mimi ninakula chakula.||Jaza nafsi sahihi: '______ mnaruka juu.'::Ninyi mnaruka juu.||Tunga sentensi moja kwa kutumia nafsi 'sisi' kuhusu shughuli ya darasani.::Sisi tunasoma Kiswahili kila siku asubuhi.,
2023-JSS015-DRS V,Kuwasiliana katika miktadha mbalimbali,Kuendeleza mazungumzo katika miktadha mbalimbali,Kutumia nahau na methali katika mazungumzo,Kusoma hadithi ya 'Jongoo na Nyoka',1,Usomaji wa matini; Maswali na majibu,Kuwaongoza Wanafunzi,Mwanafunzi anasoma hadithi ya 'Jongoo na Nyoka' na kujibu maswali ya ufahamu kwa usahihi.,Kitabu cha mwanafunzi|Ubao,"TET(2023), KISWAHILI, KITABU CHA MWANAFUNZI, DARASA LA TANO, TET, DAR ES SALAAM","Hadithi ya 'Jongoo na Nyoka' inasimulia urafiki kati ya Jongoo aliyekuwa na macho lakini bila miguu, na Nyoka aliyekuwa na miguu lakini bila macho, na jinsi walivyobadilishana viungo hivyo.","Jongoo aliugua na Nyoka akampeleka kwa babu yake ili apate matibabu, wakabadilishana macho na miguu, lakini baadaye Nyoka alikataa kumrudishia Jongoo macho yake baada ya kupona.","Mfano: Nyoka alimwambia Jongoo, 'Wewe unipe macho, na mimi nikupe miguu', na baadaye alikataa kumrudishia akisema, 'Nikikurudishia macho yako, ugonjwa utakurudia tena'.",Mwanafunzi anahusisha hadithi hii na matukio ya jamii yanayohusu urafiki unaovunjika kwa sababu ya choyo au usaliti.,Jongoo na Nyoka walibadilishana nini?::Walibadilishana macho na miguu.||Kwa nini Nyoka alimkatalia Jongoo kumrudishia macho?::Alidai kwamba ugonjwa ungemrudia tena Jongoo.||Nani aliwatibu Jongoo?::Babu yake Nyoka aliwatibu.,
2023-JSS015-DRS V,Kuwasiliana katika miktadha mbalimbali,Kuendeleza mazungumzo katika miktadha mbalimbali,Kutumia nahau na methali katika mazungumzo,Kufafanua maana ya nahau zilizomo katika hadithi ya 'Jongoo na Nyoka',2,Maswali na majibu; Mazoezi ya msamiati,Kuwaongoza Wanafunzi,Mwanafunzi anafafanua maana za nahau zilizomo katika hadithi na kuzitumia kwa usahihi katika sentensi.,Kitabu cha mwanafunzi|Kadi za nahau|Ubao,"TET(2023), KISWAHILI, KITABU CHA MWANAFUNZI, DARASA LA TANO, TET, DAR ES SALAAM","Nahau ni misemo yenye maana maalumu isiyotokana na maneno yake halisi, mfano 'kula chumvi nyingi' kwa maana ya kuishi miaka mingi, kama inavyotumika katika Zoezi la 4(A) la hadithi ya 'Jongoo na Nyoka'.","Wanafunzi wanafafanua maana za nahau kama 'chapa kazi', 'kata shauri', 'kufa moyo', 'chungulia kaburi' na 'shika tama' kama zilivyotumika katika hadithi, kisha wanatunga sentensi kwa kila nahau.","Mfano: 'chungulia kaburi' lina maana ya kukaribia kufa, kama Jongoo alivyokuwa mgonjwa sana; 'shika tama' lina maana ya kuhuzunika sana, kama Mwewe alivyofanya baada ya kifo cha mwanawe.",Mwanafunzi hutumia nahau 'kata shauri' anapoeleza jinsi anavyofanya uamuzi wa mwisho kuhusu jambo fulani nyumbani.,Toa maana ya nahau 'kufa moyo'.::Kukosa matumaini au kukata tamaa.||Toa maana ya nahau 'chapa kazi'.::Kufanya kazi kwa bidii kubwa.||Tunga sentensi kwa nahau 'kata shauri'.::Baba alikata shauri la kuuza ng'ombe wake ili kulipia ada.,
2023-JSS015-DRS V,Kuwasiliana katika miktadha mbalimbali,Kuendeleza mazungumzo katika miktadha mbalimbali,Kutumia nahau na methali katika mazungumzo,Kufafanua maana ya methali zilizomo katika hadithi ya 'Jongoo na Nyoka',2,Maswali na majibu; Majadiliano,Kuwaongoza Wanafunzi,Mwanafunzi anafafanua maana za methali zilizomo katika hadithi na kueleza mafunzo yanayopatikana kutoka kwazo.,Kitabu cha mwanafunzi|Ubao|Kadi za methali,"TET(2023), KISWAHILI, KITABU CHA MWANAFUNZI, DARASA LA TANO, TET, DAR ES SALAAM","Methali ni misemo ya hekima inayobeba mafunzo ya jamii, mfano 'Akufaaye kwa dhiki ndiye rafiki wa kweli' iliyotumika kuelezea urafiki wa awali kati ya Jongoo na Nyoka.","Wanafunzi wanafafanua maana za methali kama 'Mficha ugonjwa hufichuliwa na kilio', 'Heri nusu ya shari kuliko shari kamili', 'Shukurani ya punda ni mateke' na 'Kikulacho ki nguoni mwako' kama zilivyotumika katika hadithi, kisha wanaeleza mafunzo yake.","Mfano: 'Shukurani ya punda ni mateke' ilitumika kuelezea jinsi Nyoka alivyomlipa Jongoo ubaya baada ya wema aliomfanyia, badala ya kumshukuru.",Mwanafunzi hutumia methali 'Mficha ugonjwa hufichuliwa na kilio' anapowashauri wenzake wasifiche matatizo yao bali waseme ili wapate msaada.,Eleza maana ya methali 'Heri nusu ya shari kuliko shari kamili'.::Ni bora kupata hasara kidogo kuliko hasara kubwa zaidi.||Eleza maana ya methali 'Kikulacho ki nguoni mwako'.::Mara nyingi madhara humfikia mtu kutoka kwa watu wa karibu naye.||Methali 'Akufaaye kwa dhiki ndiye rafiki wa kweli' inamaanisha nini?::Rafiki wa kweli ni yule anayekusaidia wakati wa shida.,
2023-JSS015-DRS V,Kuwasiliana katika miktadha mbalimbali,Kuendeleza mazungumzo katika miktadha mbalimbali,Kutumia nahau na methali katika mazungumzo,Kutumia nahau na methali katika mazungumzo ya kila siku,1,Igizodhima; Majadiliano,Kuwaongoza Wanafunzi,Mwanafunzi anatumia nahau na methali sahihi katika mazungumzo yanayolingana na hali halisi.,Kitabu cha mwanafunzi|Kadi za nahau na methali|Ubao,"TET(2023), KISWAHILI, KITABU CHA MWANAFUNZI, DARASA LA TANO, TET, DAR ES SALAAM","Nahau na methali hutumika kupamba mazungumzo na kuyafanya yawe na maana zaidi, kama inavyooneshwa katika zoezi la kuoanisha maana za Sehemu A na nahau za Sehemu B katika Zoezi la 4(D).","Wanafunzi wanaoanisha maana za nahau kama 'kula njama', 'piga kisogo' na 'kucheza karata chini ya meza' na maana zake sahihi, kisha wanaigiza mazungumzo mafupi wakitumia nahau hizo katika muktadha sahihi.","Mfano: nahau 'kula njama' ina maana ya kupanga mpango wa siri, kama Nyoka alivyofanya njama na babu yake kumnyang'anya Jongoo macho yake.",Mwanafunzi hutumia nahau kama 'piga kisogo' anapoeleza jinsi mtu anavyomwacha rafiki yake katika shida.,Oanisha 'kula njama' na maana yake sahihi.::Kula njama humaanisha kufanya jambo kwa siri au hila.||Oanisha 'piga kisogo' na maana yake sahihi.::Piga kisogo humaanisha kumpuuza au kutomzingatia mtu.||Tunga sentensi ukitumia nahau 'kula njama'.::Wezi walikula njama za kuiba mazao ya wakulima usiku.,
2023-JSS015-DRS V,Kuwasiliana katika miktadha mbalimbali,Kuendeleza mazungumzo katika miktadha mbalimbali,Kutumia nahau na methali katika mazungumzo,Kukamilisha hadithi kwa kutumia nahau na methali sahihi,1,Kazimradi; Zoezi la utungaji,Kuwaongoza Wanafunzi,Mwanafunzi anakamilisha hadithi fupi kwa kutumia nahau na methali sahihi kulingana na muktadha wa hadithi.,Kitabu cha mwanafunzi|Daftari|Ubao,"TET(2023), KISWAHILI, KITABU CHA MWANAFUNZI, DARASA LA TANO, TET, DAR ES SALAAM","Kukamilisha hadithi kwa nahau na methali sahihi humwezesha mwanafunzi kuonesha uelewa wa matumizi ya lugha katika muktadha halisi, kama inavyoelekezwa katika Zoezi la 5 la utungaji la hadithi ya Mzee Mkungu.","Wanafunzi wanamalizia hadithi ya Mzee Mkungu na ngedere waliokuwa wakiharibu ndizi zake kwa maneno yasiyopungua mia moja, wakitumia nahau na methali kama 'kata tamaa', 'ponea chupuchupu', 'Subira yavuta heri' na 'Baada ya dhiki faraja'.","Mfano: mwanafunzi anaweza kuandika, 'Mzee Mkungu hakukata tamaa; alisubiri kwa uvumilivu mpaka baada ya dhiki faraja ilipowadia na akaponea chupuchupu kupoteza mavuno yake yote.'",Mwanafunzi hutumia stadi hii anapotunga hadithi za kufundishia maadili kwa ndugu zake wadogo nyumbani.,"Kamilisha hadithi kwa kutumia methali 'Baada ya dhiki faraja'.::Mfano: Baada ya siku nyingi za taabu, Mzee Mkungu hatimaye alifurahia mavuno mazuri.||Tumia msemo 'ponea chupuchupu' katika sentensi kuhusu Mzee Mkungu.::Mzee Mkungu aliponea chupuchupu kupoteza ndizi zake zote kwa ngedere.||Kwa nini ni muhimu kutumia methali unapokamilisha hadithi?::Methali huongeza mafunzo na uzito wa maana katika hadithi.",
2023-JSS015-DRS V,Kuwasiliana katika miktadha mbalimbali,Kutumia maandishi katika mawasiliano kulingana na miktadha mbalimbali,"Kuandika kifungu cha habari kwa kuzingatia alama za uakifishaji: nuktapacha (:), nuktamkato (;), ritifaa (') na nuktakatishi (…)",Kutumia alama ya nuktapacha (:) katika kifungu cha habari,2,Oneshombinu; Mazoezi ya maandishi,Kuwaongoza Wanafunzi,Mwanafunzi anatumia alama ya nuktapacha (:) kwa usahihi katika kifungu cha habari.,Kitabu cha mwanafunzi|Ubao|Kadi za sentensi,"TET(2023), KISWAHILI, KITABU CHA MWANAFUNZI, DARASA LA TANO, TET, DAR ES SALAAM","Nuktapacha (:) hutumika kutambulisha orodha ya vitu na kutenganisha saa, dakika na sekunde, kama ilivyotumika katika habari ya 'Fabu apata zawadi' kuonesha muda 'saa 11:00 alfajiri'.","Mwalimu anaonesha mifano ya matumizi ya nuktapacha kutoka habari, mfano Mwalimu Mkuu alipomtaja Fabu 'kuwa ndiye aliyeongoza katika: nidhamu, usafi, na ufaulu', kisha wanafunzi wanaandika sentensi zao wakitumia alama hiyo.",Mfano: 'Fabu huamka saa 11:00 alfajiri kila siku' inaonesha matumizi ya nuktapacha kutenganisha saa na dakika.,Mwanafunzi hutumia nuktapacha anapoandika ratiba ya masomo au orodha ya vitu vya kununua dukani.,"Nuktapacha hutumika kufanya nini?::Kutambulisha orodha ya vitu au kutenganisha saa na dakika.||Andika sentensi ukitumia nuktapacha kuonesha muda.::Darasa huanza saa 2:00 asubuhi.||Andika sentensi ukitumia nuktapacha kutambulisha orodha ya matunda matatu.::Sokoni kuna matunda haya: embe, chungwa na ndizi.",
2023-JSS015-DRS V,Kuwasiliana katika miktadha mbalimbali,Kutumia maandishi katika mawasiliano kulingana na miktadha mbalimbali,"Kuandika kifungu cha habari kwa kuzingatia alama za uakifishaji: nuktapacha (:), nuktamkato (;), ritifaa (') na nuktakatishi (…)",Kutumia alama ya nuktamkato (;) katika kifungu cha habari,2,Oneshombinu; Mazoezi ya maandishi,Kuwaongoza Wanafunzi,Mwanafunzi anatumia alama ya nuktamkato (;) kwa usahihi kuunganisha sentensi zinazohusiana.,Kitabu cha mwanafunzi|Ubao|Kadi za sentensi,"TET(2023), KISWAHILI, KITABU CHA MWANAFUNZI, DARASA LA TANO, TET, DAR ES SALAAM","Nuktamkato (;) hutumika kuunganisha sentensi mbili zinazohusiana bila kutumia kiunganishi na kutenganisha orodha yenye orodha ndani yake, kama ilivyotumika katika sentensi 'Fabu alimsalimia; Bera na Raja hawakumsalimia'.",Wanafunzi wanatambua matumizi ya nuktamkato katika sentensi za habari ya 'Fabu apata zawadi' kisha wanatunga sentensi zao mbili zinazohusiana wakiunganisha kwa nuktamkato badala ya kiunganishi.,Mfano: 'Bera na Raja walinyamaza kimya; Mzee Shibuni aliamua kuondoka na ng'ombe wake' inaonesha jinsi sentensi mbili zinazohusiana zinavyounganishwa kwa nuktamkato.,Mwanafunzi hutumia nuktamkato anapoandika taarifa fupi zenye mawazo mawili yanayohusiana katika insha au barua.,"Nuktamkato hutumika kufanya nini?::Kuunganisha sentensi mbili zinazohusiana bila kiunganishi.||Andika sentensi mbili zinazohusiana ukiziunganisha kwa nuktamkato.::Mvua ilinyesha sana; wanafunzi walichelewa shuleni.||Katika sentensi 'Fabu alimsalimia; Bera na Raja hawakumsalimia', nuktamkato imetumika kufanya nini?::Kuunganisha matukio mawili yanayolinganishwa bila kiunganishi.",
2023-JSS015-DRS V,Kuwasiliana katika miktadha mbalimbali,Kutumia maandishi katika mawasiliano kulingana na miktadha mbalimbali,"Kuandika kifungu cha habari kwa kuzingatia alama za uakifishaji: nuktapacha (:), nuktamkato (;), ritifaa (') na nuktakatishi (…)",Kutumia alama ya ritifaa (') katika maneno na kifungu cha habari,2,Oneshombinu; Maswali na majibu,Kuwaongoza Wanafunzi,Mwanafunzi anatumia alama ya ritifaa (') kwa usahihi kuonesha maneno au sauti zilizoachwa.,Kitabu cha mwanafunzi|Ubao|Kadi za maneno,"TET(2023), KISWAHILI, KITABU CHA MWANAFUNZI, DARASA LA TANO, TET, DAR ES SALAAM","Ritifaa (') hutumika kuonesha kuwa neno au sehemu ya neno imeachwa au kukatwa kwa makusudi, kama ilivyotumika katika hadithi 'Tu...tu...tusamehe mzee' kuonesha usemi uliokatika kwa woga.","Wanafunzi wanatambua matumizi ya ritifaa katika maneno kama 'ng'ombe' na 'ng'aa' yenye sauti mwambatano, kisha wanaandika sentensi zao wakitumia maneno yenye ritifaa kwa usahihi.","Mfano: neno 'ng'ombe' linatumia ritifaa kuonesha sauti maalumu ya 'ng'', tofauti na herufi 'n' na 'g' zinazosimama peke yake.",Mwanafunzi hutumia ritifaa anapoandika majina ya wanyama kama 'ng'ombe' na 'ng'ende' katika kazi za shule na nyumbani.,Ritifaa hutumika kuonesha nini?::Kuonesha kuwa sauti au neno limeachwa au kukatwa kimakusudi.||Andika neno moja lenye ritifaa linalomaanisha mnyama wa kufugwa.::Ng'ombe.||Kwa nini neno 'ng'ombe' linahitaji ritifaa?::Ili kuonesha sauti maalumu ya 'ng'' tofauti na herufi za kawaida.,
2023-JSS015-DRS V,Kuwasiliana katika miktadha mbalimbali,Kutumia maandishi katika mawasiliano kulingana na miktadha mbalimbali,"Kuandika kifungu cha habari kwa kuzingatia alama za uakifishaji: nuktapacha (:), nuktamkato (;), ritifaa (') na nuktakatishi (…)",Kutumia alama ya nuktakatishi (…) katika kifungu cha habari,1,Maswali na majibu; Mazoezi ya maandishi,Kuwaongoza Wanafunzi,Mwanafunzi anatumia alama ya nuktakatishi (…) kwa usahihi kuashiria kukatishwa kwa maneno au sentensi.,Kitabu cha mwanafunzi|Ubao|Kadi za sentensi,"TET(2023), KISWAHILI, KITABU CHA MWANAFUNZI, DARASA LA TANO, TET, DAR ES SALAAM","Nuktakatishi (…) hutumika kuashiria kukatishwa kwa maneno au sentensi, kama ilivyotumika kwenye hadithi isiyokamilika ya Zoezi la 5 kuhusu Mzee Mkungu iliyoishia 'walinzi walikuwa wamejificha…'.",Wanafunzi wanatambua matumizi ya nuktakatishi katika sentensi zilizokatishwa kwenye kitabu kisha wanajaribu kukamilisha sentensi hizo au kuandika sentensi zao wenyewe wakitumia nuktakatishi kuonesha mawazo yasiyomalizika.,Mfano: 'Siku ilipofika…' katika zoezi la utungaji la habari ya Bwina inaonesha matumizi ya nuktakatishi kuashiria simulizi litakaloendelea.,Mwanafunzi hutumia nuktakatishi anapoandika hadithi ya kusisimua inayomwachia msomaji kutafakari kitakachofuata.,"Nuktakatishi hutumika kuashiria nini?::Kukatishwa kwa maneno au sentensi.||Andika sentensi inayotumia nuktakatishi kuonesha mawazo yasiyomalizika.::Alifungua mlango na kuona…||Katika 'Siku ilipofika…', nuktakatishi imetumika kufanya nini?::Kuonesha kwamba simulizi litaendelea.",
2023-JSS015-DRS V,Kuwasiliana katika miktadha mbalimbali,Kutumia maandishi katika mawasiliano kulingana na miktadha mbalimbali,"Kuandika kifungu cha habari kwa kuzingatia alama za uakifishaji: nuktapacha (:), nuktamkato (;), ritifaa (') na nuktakatishi (…)",Kuandika kifungu cha habari kwa kuzingatia alama nne za uakifishaji,1,Zoezi la vitendo; Kazimradi,Kuwaongoza Wanafunzi,"Mwanafunzi anaandika kifungu cha habari akizingatia matumizi sahihi ya nuktapacha, nuktamkato, ritifaa na nuktakatishi.",Kitabu cha mwanafunzi|Daftari|Ubao,"TET(2023), KISWAHILI, KITABU CHA MWANAFUNZI, DARASA LA TANO, TET, DAR ES SALAAM","Kuandika kifungu cha habari kwa kuzingatia alama za uakifishaji humsaidia mwandishi kuwasilisha ujumbe wake kwa uwazi, kama inavyoelekezwa katika Zoezi la 5(F) la kuandika upya habari isiyo na alama za uandishi.","Wanafunzi wanaandika upya habari waliyopewa isiyo na alama za uandishi kwa kuiweka alama sahihi za nuktapacha, nuktamkato, ritifaa na nuktakatishi, kisha wanaandika habari yao fupi wakizingatia alama hizo nne kama Zoezi la 6 la utungaji linavyoelekeza.",Mfano: sentensi 'nilikimbilia chumbani kwangu nilifunga mlango' inaweza kuandikwa 'Nilikimbilia chumbani kwangu; nilifunga mlango' kwa kutumia nuktamkato kuunganisha vitendo vinavyohusiana.,Mwanafunzi hutumia stadi hii anapoandika insha au barua zenye mtiririko mzuri wa alama za uakifishaji shuleni na nyumbani.,"Kwa nini ni muhimu kutumia alama za uakifishaji kwa usahihi?::Ili kuwasilisha ujumbe kwa uwazi na kuepusha utata.||Andika sentensi inayotumia angalau alama mbili kati ya nne ulizojifunza.::Saa 3:00 nilikimbia; nikafika shuleni mapema.||Taja alama nne za uandishi ulizojifunza katika sura hii.::Nuktapacha, nuktamkato, ritifaa na nuktakatishi.",
2023-JSS015-DRS V,Kuwasiliana katika miktadha mbalimbali,Kutumia maandishi katika mawasiliano kulingana na miktadha mbalimbali,Kutumia msamiati sahihi katika uandishi wa insha kwa kuzingatia mada,Kujenga msamiati wa jumla unaotumika katika insha kuhusu mada za kijamii,2,Mazoezi ya msamiati; Maswali na majibu,Kuwaongoza Wanafunzi,Mwanafunzi anaeleza maana za maneno mapya na kuyatumia kwa usahihi katika sentensi zinazohusiana na mada za kijamii.,Kitabu cha mwanafunzi|Kamusi ya Kiswahili|Ubao,"TET(2023), KISWAHILI, KITABU CHA MWANAFUNZI, DARASA LA TANO, TET, DAR ES SALAAM","Uandishi mzuri wa insha huhitaji msamiati sahihi unaoendana na mada, kama maneno 'athirika', 'tafakari', 'ridhaa', 'nasaha' na 'dhoofu' yaliyotumika katika hadithi ya 'Maisha ya Kanenge' kuhusu mada ya afya.","Wanafunzi wanafafanua maana za maneno hayo kutoka Zoezi la pili la sura, kisha wanatunga sentensi mbili kwa kila neno kwa kuzingatia mada inayohusiana na hadithi ya Kanenge.","Mfano: 'tafakari' ina maana ya kuwaza kwa kina, kama shangazi alivyotafakari njia nzuri ya kumweleza Kanenge ukweli kuhusu wazazi wake.",Mwanafunzi hutumia neno 'nasaha' anapoeleza ushauri anaopewa na wazazi au walimu kuhusu tabia njema.,"Maana ya neno 'athirika' ni nini?::Kupatwa na madhara kutokana na jambo fulani, mfano Kanenge aliathirika na VVU.||Tunga sentensi kwa neno 'tafakari'.::Mwalimu alitafakari njia bora ya kuwafundisha wanafunzi wake.||Maana ya neno 'ridhaa' ni nini?::Kibali au idhini ya kufanya jambo, kama ridhaa aliyotoa Kanenge kufanyiwa vipimo.",
2023-JSS015-DRS V,Kuwasiliana katika miktadha mbalimbali,Kutumia maandishi katika mawasiliano kulingana na miktadha mbalimbali,Kutumia msamiati sahihi katika uandishi wa insha kwa kuzingatia mada,Kutumia msamiati wa kitaalamu unaoendana na mada ya insha,2,Maswali na majibu; Majadiliano,Kuwaongoza Wanafunzi,Mwanafunzi anatambua na kutumia msamiati wa kitaalamu unaoendana na mada teule katika kuandika insha.,Kitabu cha mwanafunzi|Ubao|Kadi za msamiati,"TET(2023), KISWAHILI, KITABU CHA MWANAFUNZI, DARASA LA TANO, TET, DAR ES SALAAM","Insha nzuri hutumia msamiati unaoendana na mada husika, mfano insha ya Kanenge kuhusu 'Namna ya Kuishi na Virusi vya UKIMWI' ilitumia msamiati wa kitaalamu kama 'VVU', 'ARV', 'kinga ya mwili' na 'maambukizi'.","Wanafunzi wanaorodhesha msamiati wa kitaalamu uliotumika katika insha ya Kanenge kama 'kudhoofisha kinga', 'kujitunza' na 'unyanyapaa', kisha wanajadili kwa nini kila neno linafaa kwa mada hiyo badala ya msamiati mwingine wa kawaida.","Mfano: badala ya kusema tu 'ugonjwa', insha ya Kanenge ilitumia msamiati sahihi zaidi kama 'maambukizi ya virusi vya UKIMWI' ili kulenga mada kwa usahihi zaidi.",Mwanafunzi hutumia msamiati wa kitaalamu anapoandika kuhusu mada za kiafya au kimazingira katika kazi za shule.,Taja msamiati mmoja wa kitaalamu uliotumika katika insha ya Kanenge.::Kwa mfano 'VVU' au 'ARV'.||Kwa nini ni muhimu kutumia msamiati wa kitaalamu unaoendana na mada?::Huongeza usahihi na uzito wa maudhui ya insha.||Andika neno mbadala la kitaalamu badala ya 'ugonjwa wa UKIMWI'.::Maambukizi ya virusi vya UKIMWI (VVU).,
2023-JSS015-DRS V,Kuwasiliana katika miktadha mbalimbali,Kutumia maandishi katika mawasiliano kulingana na miktadha mbalimbali,Kutumia msamiati sahihi katika uandishi wa insha kwa kuzingatia mada,Kuchagua msamiati unaoendana na mada kabla ya kuandika insha,2,Majadiliano; Zoezi la vitendo,Kuwaongoza Wanafunzi,Mwanafunzi anachagua msamiati unaoendana na mada teule ya insha kabla ya kuanza kuandika.,Kitabu cha mwanafunzi|Ubao|Kadi za mada,"TET(2023), KISWAHILI, KITABU CHA MWANAFUNZI, DARASA LA TANO, TET, DAR ES SALAAM","Kabla ya kuandika insha, mwandishi mzuri hupanga kwanza msamiati unaoendana na mada yake, kama Kanenge alivyofanya baada ya kusikiliza kipindi cha redio kuhusu UKIMWI kabla ya kuandika insha yake.",Wanafunzi wanapewa mada mbili tofauti (mfano 'Umuhimu wa elimu' na 'Namna ya kujikinga na UKIMWI') kisha wanaorodhesha kwa vikundi msamiati unaofaa kwa kila mada kabla ya kuandika aya fupi.,"Mfano: kwa mada ya elimu, msamiati unaofaa ni kama 'maarifa', 'ustawi' na 'ufaulu'; kwa mada ya afya, msamiati unaofaa ni kama 'kinga', 'matibabu' na 'maambukizi'.",Mwanafunzi hutumia stadi hii anapopanga mawazo yake kabla ya kuzungumza kuhusu mada mbalimbali darasani au nyumbani.,Taja msamiati mmoja unaofaa kwa mada ya 'Umuhimu wa elimu'.::Kwa mfano 'maarifa' au 'ufaulu'.||Taja msamiati mmoja unaofaa kwa mada ya afya.::Kwa mfano 'kinga' au 'matibabu'.||Kwa nini ni muhimu kuchagua msamiati kabla ya kuandika insha?::Husaidia insha kubaki ndani ya mada na kuwa na mtiririko mzuri.,
2023-JSS015-DRS V,Kuwasiliana katika miktadha mbalimbali,Kutumia maandishi katika mawasiliano kulingana na miktadha mbalimbali,Kutumia msamiati sahihi katika uandishi wa insha kwa kuzingatia mada,Kutunga sentensi kwa kutumia msamiati sahihi wa mada teule,1,Zoezi la vitendo; Maswali na majibu,Kuwaongoza Wanafunzi,Mwanafunzi anatunga sentensi sahihi kwa kutumia msamiati wa mada teule anayoipenda.,Kitabu cha mwanafunzi|Daftari|Ubao,"TET(2023), KISWAHILI, KITABU CHA MWANAFUNZI, DARASA LA TANO, TET, DAR ES SALAAM","Kutunga sentensi kwa msamiati wa mada teule humsaidia mwanafunzi kujiandaa kuandika insha kamili yenye mtiririko mzuri wa maneno, kama Kanenge alivyofanya kabla ya kuandika insha yake ya UKIMWI.","Wanafunzi wanachagua mada moja wanayoipenda kisha wanatunga sentensi tano kwa kutumia msamiati unaoendana na mada hiyo, kama zoezi linaloandaa kwa Zoezi la 6 la utungaji wa insha kamili.","Mfano: kwa mada ya 'Michezo shuleni', mwanafunzi anaweza kutunga sentensi kama 'Mazoezi husaidia kuimarisha afya ya mwili na akili.'",Mwanafunzi hutumia stadi hii anapoandaa mazungumzo au insha fupi kabla ya mtihani au shindano la utungaji shuleni.,Tunga sentensi moja kwa kutumia msamiati wa mada ya afya.::Kunywa dawa kwa usahihi husaidia kuimarisha kinga ya mwili.||Tunga sentensi moja kwa kutumia msamiati wa mada ya elimu.::Bidii darasani huleta ufaulu mzuri wa mitihani.||Kwa nini mazoezi haya ya kutunga sentensi ni muhimu kabla ya kuandika insha kamili?::Humwezesha mwanafunzi kupanga msamiati sahihi mapema.,
2023-JSS015-DRS V,Kuwasiliana katika miktadha mbalimbali,Kutumia maandishi katika mawasiliano kulingana na miktadha mbalimbali,Kuandika barua ya kiofisi kwa kuzingatia muundo sahihi,Kusoma na kuelewa barua ya kiofisi ya Kabonza,1,Usomaji wa matini; Maswali na majibu,Kuwaongoza Wanafunzi,Mwanafunzi anasoma barua ya kiofisi ya Kabonza na kueleza madhumuni yake kwa usahihi.,Kitabu cha mwanafunzi|Ubao,"TET(2023), KISWAHILI, KITABU CHA MWANAFUNZI, DARASA LA TANO, TET, DAR ES SALAAM",Barua ya kiofisi ya Kabonza kwa Mwalimu Mkuu ilikuwa ni ombi la ruhusa ya kumuuguza mama yake aliyekuwa hospitalini kwa muda wa wiki mbili kuanzia tarehe 9 hadi 22 Julai 2025.,"Baada ya kusoma barua ya Kabonza, Mwalimu Mkuu aliipokea, akaisoma na kuwaeleza walimu wenzake yaliyomsibu mwanafunzi wao, kisha walimu walikwenda kumtembelea mama yake hospitalini.",Mfano: barua ya Kabonza ilikuwa na kichwa cha habari 'YAH: OMBI LA RUHUSA YA KUMUUGUZA MAMA' na ilimalizika kwa maneno 'Wako mtiifu' kabla ya jina lake.,Mwanafunzi anahusisha stadi hii na uandishi wa barua za kuomba ruhusa kwa mwalimu wake anapokuwa na dharura ya kifamilia.,"Kabonza aliomba ruhusa ya kufanya nini?::Aliomba ruhusa ya kumuuguza mama yake aliyekuwa mgonjwa.||Kabonza aliomba ruhusa kwa muda gani?::Kwa muda wa wiki mbili, kuanzia tarehe 9 hadi 22 Julai 2025.||Baada ya kupokea barua, Mwalimu Mkuu alifanya nini?::Aliwaeleza walimu wenzake na wakaenda kumtembelea mama yake Kabonza hospitalini.",
2023-JSS015-DRS V,Kuwasiliana katika miktadha mbalimbali,Kutumia maandishi katika mawasiliano kulingana na miktadha mbalimbali,Kuandika barua ya kiofisi kwa kuzingatia muundo sahihi,Kutambua vipengele vya barua ya kiofisi,2,Maswali na majibu; Uchambuzi wa matini,Kuwaongoza Wanafunzi,Mwanafunzi anatambua na kuorodhesha vipengele vya barua ya kiofisi kwa usahihi.,Kitabu cha mwanafunzi|Ubao|Kadi za vipengele vya barua,"TET(2023), KISWAHILI, KITABU CHA MWANAFUNZI, DARASA LA TANO, TET, DAR ES SALAAM","Barua ya kiofisi ina vipengele kama anwani ya mwandishi, tarehe, anwani ya mwandikiwa, salamu, kichwa cha habari, kiini cha barua, hitimisho, salamu ya mwisho na saini, kama inavyoonekana katika barua ya Kabonza.","Wanafunzi wanachambua barua ya Kabonza na kuorodhesha kila kipengele mahali kilipo, kisha wanalinganisha na orodha ya vipengele iliyotolewa katika Zoezi la 4(D) kama 'anwani ya mwandikiwa', 'salamu ya awali' na 'mwisho wa barua'.","Mfano: katika barua ya Kabonza, 'YAH: OMBI LA RUHUSA YA KUMUUGUZA MAMA' ni kichwa cha habari, na 'K. Digo, Kabonza Digo' ni saini na jina la mwandishi.",Mwanafunzi hutumia stadi hii anapoandika barua rasmi kwa mwenyekiti wa kijiji au ofisi za serikali za mtaa.,"Taja vipengele vitatu vya barua ya kiofisi.::Anwani ya mwandishi, tarehe na kichwa cha habari (miongoni mwa vingine kama salamu, kiini na saini).||Kichwa cha habari cha barua ya Kabonza kilikuwa nini?::YAH: OMBI LA RUHUSA YA KUMUUGUZA MAMA.||Barua ya kiofisi humalizika na kipengele gani baada ya salamu ya mwisho?::Saini na jina kamili la mwandishi.",
2023-JSS015-DRS V,Kuwasiliana katika miktadha mbalimbali,Kutumia maandishi katika mawasiliano kulingana na miktadha mbalimbali,Kuandika barua ya kiofisi kwa kuzingatia muundo sahihi,Kupanga vipengele vya barua ya kiofisi kwa mtiririko sahihi,2,Zoezi la vitendo; Majadiliano,Kuwaongoza Wanafunzi,Mwanafunzi anapanga vipengele vya barua ya kiofisi kwa mtiririko sahihi wa muundo wa barua.,Kitabu cha mwanafunzi|Kadi za vipengele vya barua|Ubao,"TET(2023), KISWAHILI, KITABU CHA MWANAFUNZI, DARASA LA TANO, TET, DAR ES SALAAM","Muundo sahihi wa barua ya kiofisi hufuata mtiririko maalumu kuanzia anwani ya mwandishi hadi saini, kama inavyoelekezwa katika Zoezi la 4(C) la kupanga vipengele vya barua ya Doto Jumanne.","Wanafunzi wanapangwa katika vikundi kupanga vipande vya barua vilivyochanganywa (anwani, tarehe, kichwa cha habari, salamu, kiini, hitimisho, saini) kwa mtiririko sahihi ili kuunda barua kamili.","Mfano: barua ya Doto Jumanne kwa Mwalimu Mkuu wa Shule ya Msingi Malugala huanza na anwani ya mwandishi, ikifuatiwa na tarehe, kisha anwani ya mwandikiwa, salamu, kichwa cha habari, kiini, hitimisho na saini.",Mwanafunzi hutumia stadi hii anapoandaa barua ya kuomba ruhusa au kushiriki shughuli ya shule kwa mtiririko sahihi.,"Baada ya anwani ya mwandishi na tarehe, kipengele kinachofuata katika barua ya kiofisi ni kipi?::Anwani ya mwandikiwa.||Kipengele gani hufuata mara baada ya kichwa cha habari na kiini cha barua?::Hitimisho la barua.||Barua ya kiofisi humalizikaje?::Humalizika kwa salamu ya mwisho kisha saini na jina la mwandishi.",
2023-JSS015-DRS V,Kuwasiliana katika miktadha mbalimbali,Kutumia maandishi katika mawasiliano kulingana na miktadha mbalimbali,Kuandika barua ya kiofisi kwa kuzingatia muundo sahihi,Kutumia msamiati unaohusiana na barua za kiofisi,1,Mazoezi ya msamiati; Maswali na majibu,Kuwaongoza Wanafunzi,Mwanafunzi anaeleza maana za maneno yanayohusiana na barua za kiofisi na kuyatumia kwa usahihi.,Kitabu cha mwanafunzi|Kamusi ya Kiswahili|Ubao,"TET(2023), KISWAHILI, KITABU CHA MWANAFUNZI, DARASA LA TANO, TET, DAR ES SALAAM","Maneno kama 'uangalizi', 'shauri', 'ruhusa', 'kibali' na 'mwanya' hutumika mara kwa mara katika muktadha wa barua za kiofisi, kama yalivyotumika katika habari ya Kabonza amuuguza mama yake.","Kila neno linafafanuliwa kwa maana yake kisha wanafunzi wanatunga sentensi mbili kwa kila neno kama Zoezi la 2 la sura linavyoelekeza, wakizingatia muktadha wa barua za kiofisi.","Mfano: 'ruhusa' ni idhini ya kufanya jambo, kama Kabonza alivyoomba ruhusa ya kumuuguza mama yake; 'mwanya' ni nafasi au fursa, kama Kabonza alivyopata mwanya wa kwenda shule baada ya mama yake kupona.",Mwanafunzi hutumia neno 'kibali' anapoomba idhini ya mzazi kwenda kucheza na wenzake baada ya kazi za nyumbani.,"Maana ya neno 'ruhusa' ni nini?::Idhini au kibali cha kufanya jambo fulani.||Tunga sentensi kwa neno 'uangalizi'.::Mgonjwa aliwekwa chini ya uangalizi maalumu wa daktari.||Maana ya neno 'mwanya' ni nini?::Nafasi au fursa ya kufanya jambo, mfano mwanya wa kurudi shuleni.",
2023-JSS015-DRS V,Kuwasiliana katika miktadha mbalimbali,Kutumia maandishi katika mawasiliano kulingana na miktadha mbalimbali,Kuandika barua ya kiofisi kwa kuzingatia muundo sahihi,Kuandika barua kamili ya kiofisi kwa kuzingatia muundo sahihi,1,Kazimradi; Zoezi la utungaji,Kuwaongoza Wanafunzi,Mwanafunzi anaandika barua kamili ya kiofisi kwa kuzingatia muundo sahihi wa vipengele vyote.,Kitabu cha mwanafunzi|Daftari|Ubao,"TET(2023), KISWAHILI, KITABU CHA MWANAFUNZI, DARASA LA TANO, TET, DAR ES SALAAM","Kuandika barua kamili ya kiofisi humwezesha mwanafunzi kutumia vipengele vyote alivyojifunza kwa mpangilio sahihi, kama inavyoelekezwa katika Zoezi la 5 la utungaji la kuomba msamaha kwa mwalimu wa darasa.","Kila mwanafunzi anaandika barua ya kiofisi kwa mwalimu wa darasa akiomba msamaha kwa kosa la kufanya fujo darasani, akitumia anwani ya Shule ya Msingi Bombambili, S.L.P. 335, Songea, kwa kuzingatia vipengele vyote vya barua ya kiofisi.","Mfano wa muundo: anwani ya mwandishi na tarehe juu kulia, anwani ya mwandikiwa kushoto, salamu, kichwa cha habari, kiini chenye maelezo ya ombi la msamaha, hitimisho, salamu ya mwisho na saini.",Mwanafunzi hutumia stadi hii anapoandika barua halisi ya kuomba ruhusa au kuomba msamaha kwa walimu au viongozi wa shule yake.,"Barua ya kuomba msamaha kwa mwalimu wa darasa inapaswa kuwa na kichwa cha habari kipi?::Kwa mfano 'YAH: OMBI LA MSAMAHA KWA KOSA LA KUFANYA FUJO DARASANI'.||Barua hiyo inapaswa kuanza na anwani ya nani?::Anwani ya mwandishi (mwanafunzi mwenyewe).||Barua hiyo inapaswa kumalizika na nini?::Salamu ya mwisho, saini na jina kamili la mwandishi.",
2023-JSS015-DRS V,Kuonesha uelewa wa jambo alilolisikiliza au kulisoma,Kuonesha stadi za kusikiliza na kuelewa,Kusimulia hadithi aliyoisikiliza kwa usahihi,Kusikiliza na kuelewa hadithi ya 'Kisa cha wanyama kuishi na binadamu',2,Usomaji wa matini; Maswali na majibu,Kuwaongoza Wanafunzi,Mwanafunzi anasikiliza hadithi ya wanyama kuishi na binadamu na kujibu maswali ya ufahamu kwa usahihi.,Kitabu cha mwanafunzi|Ubao|Kinasa sauti,"TET(2023), KISWAHILI, KITABU CHA MWANAFUNZI, DARASA LA TANO, TET, DAR ES SALAAM","Hadithi ya 'Kisa cha wanyama kuishi na binadamu' inaeleza jinsi ng'ombe, mbwa, paka, punda, kondoo na mbuzi walivyomwacha simba porini na kwenda kuishi na binadamu kwa kubadilishana huduma.","Kila mnyama aliahidi huduma tofauti kwa binadamu; ng'ombe alitoa maziwa na kulima, punda alibeba mizigo, mbwa alilinda nyumba, paka alilinda nafaka dhidi ya panya, na kondoo na mbuzi walitoa maziwa na sufu.","Mfano: mbwa alisema, 'Mimi nitamlindia nyumba mchana na usiku... Nitakula chakula kidogo anachokula yeye,' akionesha ahadi yake kwa binadamu.","Mwanafunzi anahusisha hadithi hii na ufugaji wa wanyama wa nyumbani kama ng'ombe, mbwa na paka anaowaona katika mazingira yake.","Ni wanyama gani waliomwacha Simba na kwenda kuishi na binadamu?::Ng'ombe, mbuzi, kondoo, mbwa, paka na punda.||Ng'ombe aliahidi kumsaidia binadamu nini?::Kumpatia maziwa, siagi, samadi na kumsaidia kulima mashamba.||Mbwa aliahidi kufanya kazi gani kwa binadamu?::Kulinda nyumba na mashamba dhidi ya wanyama waharibifu.",
2023-JSS015-DRS V,Kuonesha uelewa wa jambo alilolisikiliza au kulisoma,Kuonesha stadi za kusikiliza na kuelewa,Kusimulia hadithi aliyoisikiliza kwa usahihi,Kubainisha mtindo wa usimuliaji uliotumika katika hadithi,1,Maswali na majibu; Majadiliano,Kuwaongoza Wanafunzi,Mwanafunzi anabainisha mtindo wa usimuliaji uliotumika katika hadithi ya wanyama kuishi na binadamu.,Kitabu cha mwanafunzi|Ubao,"TET(2023), KISWAHILI, KITABU CHA MWANAFUNZI, DARASA LA TANO, TET, DAR ES SALAAM","Hadithi hii inatumia mtindo wa maswali na majibu kati ya msimuliaji na wasikilizaji unaoanza na 'Paukwa...Pakawa...' pamoja na mazungumzo ya moja kwa moja kati ya wahusika mbalimbali kama ng'ombe, mbwa na binadamu.","Wanafunzi wanabainisha sehemu za mtindo wa 'paukwa-pakawa' na sehemu za mazungumzo ya wahusika katika hadithi, kisha wanajadili faida ya kila mtindo katika kuvutia wasikilizaji.",Mfano: 'Msimuliaji: Paukwa... Wasikilizaji: Pakawa...' ni mwanzo wa kawaida wa hadithi za jadi unaoashiria mwanzo wa usimuliaji.,Mwanafunzi hutumia mtindo huu anaposimulia hadithi za jadi kwa ndugu zake wadogo jioni nyumbani.,Hadithi hii ilianzaje kulingana na mtindo wa jadi?::Ilianza na 'Paukwa...' na wasikilizaji kujibu 'Pakawa...'.||Taja mtindo mmoja uliotumika katika hadithi hii.::Mtindo wa mazungumzo kati ya wahusika (mfano ng'ombe na mbwa).||Kwa nini watunzi wa hadithi za jadi hutumia mtindo wa paukwa-pakawa?::Ili kuvutia wasikilizaji na kuashiria mwanzo wa hadithi.,
2023-JSS015-DRS V,Kuonesha uelewa wa jambo alilolisikiliza au kulisoma,Kuonesha stadi za kusikiliza na kuelewa,Kusimulia hadithi aliyoisikiliza kwa usahihi,Kutumia msamiati uliomo katika hadithi ya wanyama,1,Mazoezi ya msamiati; Maswali na majibu,Kuwaongoza Wanafunzi,Mwanafunzi anaeleza maana za maneno mapya kutoka hadithi na kuyatumia kwa usahihi katika sentensi.,Kitabu cha mwanafunzi|Kamusi ya Kiswahili|Ubao,"TET(2023), KISWAHILI, KITABU CHA MWANAFUNZI, DARASA LA TANO, TET, DAR ES SALAAM","Maneno kama 'siagi', 'samadi', 'kokota', 'zizi' na 'pango' yametumika katika hadithi kuelezea maisha ya wanyama na huduma walizoahidi kumpa binadamu.",Kila neno linafafanuliwa kwa maana yake kisha wanafunzi wanatunga sentensi mbili kwa kila neno kama Zoezi la pili la sura linavyoelekeza.,"Mfano: 'samadi' ni mbolea itokanayo na kinyesi cha mifugo, kama ng'ombe alivyoahidi kumpatia binadamu samadi; 'zizi' ni banda la kufugia kondoo na mbuzi.",Mwanafunzi hutumia neno 'zizi' anapoeleza mahali anapofugia mbuzi au kondoo wa nyumbani kwake.,Maana ya neno 'samadi' ni nini?::Mbolea inayotokana na kinyesi cha wanyama.||Tunga sentensi kwa neno 'kokota'.::Punda alikokota gari lililojaa mizigo.||Maana ya neno 'zizi' ni nini?::Banda la kufugia mbuzi au kondoo.,
2023-JSS015-DRS V,Kuonesha uelewa wa jambo alilolisikiliza au kulisoma,Kuonesha stadi za kusikiliza na kuelewa,Kusimulia hadithi aliyoisikiliza kwa usahihi,Kusimulia hadithi ya wanyama kwa usahihi kwa maneno yake mwenyewe,2,Masimulizi; Igizodhima,Kuwaongoza Wanafunzi,Mwanafunzi anasimulia hadithi aliyoisikiliza kwa usahihi kwa kutumia maneno yake mwenyewe na mpangilio sahihi wa matukio.,Kitabu cha mwanafunzi|Ubao|Kadi za picha za wanyama,"TET(2023), KISWAHILI, KITABU CHA MWANAFUNZI, DARASA LA TANO, TET, DAR ES SALAAM","Kusimulia hadithi kwa usahihi humaanisha kuelezea matukio kwa mpangilio uleule wa hadithi bila kubadilisha ukweli wake, kama simulizi la wanyama kutoroka porini hadi kukubaliwa na binadamu.","Wanafunzi wanagawanywa katika vikundi vidogo kusimuliana hadithi hiyo kwa zamu wakizingatia mwanzo, kati na mwisho wa hadithi, kisha mwakilishi mmoja wa kila kikundi anasimulia mbele ya darasa zima.","Mfano wa mpangilio: kwanza wanyama kutoroka wakiwa na simba, pili kujadili watamsaidiaje binadamu njiani, na mwisho binadamu kuwakubali baada ya kusikia ahadi zao.",Mwanafunzi hutumia stadi hii anaposimulia hadithi alizosikia redioni au kutoka kwa wazazi kwa ndugu na marafiki zake.,Taja tukio la kwanza katika hadithi hii.::Wanyama waliishi porini wakishirikiana na Simba kutafuta chakula.||Ni tukio gani lililotokea baada ya wanyama kumwacha Simba?::Walikutana na kujadiliana watamsaidiaje binadamu kabla ya kufika kwake.||Hadithi hii iliishaje?::Binadamu aliwakubali wanyama kuishi naye baada ya kusikia ahadi zao za kumsaidia.,
2023-JSS015-DRS V,Kuonesha uelewa wa jambo alilolisikiliza au kulisoma,Kuonesha stadi za kusikiliza na kuelewa,Kutafsiri ujumbe mkuu uliomo kwenye hadithi na mazingira halisi,Kusikiliza na kuelewa hadithi ya 'Umuhimu wa familia',2,Usomaji wa matini; Maswali na majibu,Kuwaongoza Wanafunzi,Mwanafunzi anasikiliza hadithi ya 'Umuhimu wa familia' na kujibu maswali ya ufahamu kwa usahihi.,Kitabu cha mwanafunzi|Ubao|Kinasa sauti,"TET(2023), KISWAHILI, KITABU CHA MWANAFUNZI, DARASA LA TANO, TET, DAR ES SALAAM","Hadithi ya 'Umuhimu wa familia' inaeleza kuhusu Doto aliyeondoka nyumbani kwa jeuri kwenda kuishi peke yake porini, tofauti na kaka yake Kulwa aliyependa kushirikiana na familia.","Doto aliishi porini kwa kiburi akijiona shujaa asiyehitaji msaada wa mtu yeyote, lakini alipopatwa na homa kali, ndege na wanyama waliharibu mazao yake naye hakuwa na mtu wa kumsaidia, jambo lililomfanya atambue umuhimu wa familia.","Mfano: Doto alijisemea akiwa mgonjwa, 'Sasa nimetambua umuhimu wa familia. Ningekuwa na familia yangu, haya yote yasingenitokea,' kisha alirejea nyumbani na kupokelewa kwa furaha.",Mwanafunzi anahusisha hadithi hii na umuhimu wa kushirikiana na wanafamilia badala ya kujitenga katika maisha ya kila siku.,Kwa nini Doto aliondoka kwenda kuishi peke yake porini?::Alikataa ushauri wa babu yake wa kushirikiana na familia na alijiona shujaa asiyehitaji msaada.||Doto alipatwa na tatizo gani akiwa porini?::Alipatwa na homa kali na wanyama waliharibu mazao yake bila yeye kuweza kujilinda.||Doto alifanya nini baada ya kutambua umuhimu wa familia?::Alirejea nyumbani na kuomba msamaha kwa familia yake.,
2023-JSS015-DRS V,Kuonesha uelewa wa jambo alilolisikiliza au kulisoma,Kuonesha stadi za kusikiliza na kuelewa,Kutafsiri ujumbe mkuu uliomo kwenye hadithi na mazingira halisi,Kubainisha ujumbe mkuu wa hadithi ya 'Umuhimu wa familia',2,Maswali na majibu; Majadiliano,Kuwaongoza Wanafunzi,Mwanafunzi anabainisha ujumbe mkuu uliomo katika hadithi na kuueleza kwa maneno yake mwenyewe.,Kitabu cha mwanafunzi|Ubao,"TET(2023), KISWAHILI, KITABU CHA MWANAFUNZI, DARASA LA TANO, TET, DAR ES SALAAM","Ujumbe mkuu wa hadithi hii ni kwamba mtu hawezi kufanikiwa peke yake bila msaada wa familia na jamii inayomzunguka, kama methali 'Umoja ni nguvu, utengano ni udhaifu' inavyofundisha.","Wanafunzi wanajadili kwa vikundi ujumbe mkuu wa hadithi kwa kulinganisha maisha ya Doto alipokuwa peke yake porini na baada ya kurudi kwenye familia yake, kisha wanaandika kwa maneno yao ujumbe waliouelewa.",Mfano: hali ya Doto kuachwa akitazama tu wanyama wakiharibu mazao yake bila msaada inaonesha jinsi mtu asiyekuwa na familia anavyoweza kupatwa na madhara makubwa peke yake.,Mwanafunzi hutumia ujumbe huu anapowashauri wenzake wanaopenda kujitenga kushirikiana na wengine shuleni na nyumbani.,"Ujumbe mkuu wa hadithi hii ni upi?::Umoja na ushirikiano wa familia ni muhimu sana kwa mafanikio ya mtu.||Ni methali gani inayoendana na ujumbe wa hadithi hii?::Umoja ni nguvu, utengano ni udhaifu.||Kwa nini babu alimshauri Doto ashirikiane na familia yake?::Kwa sababu hakuna binadamu anayeweza kufanikiwa kwa kuishi peke yake.",
2023-JSS015-DRS V,Kuonesha uelewa wa jambo alilolisikiliza au kulisoma,Kuonesha stadi za kusikiliza na kuelewa,Kutafsiri ujumbe mkuu uliomo kwenye hadithi na mazingira halisi,Kuhusianisha ujumbe wa hadithi na mazingira halisi ya maisha,2,Majadiliano; Uchambuzi wa matini,Kuwaongoza Wanafunzi,Mwanafunzi anahusianisha ujumbe wa hadithi na mazingira halisi ya maisha yake ya kila siku.,Kitabu cha mwanafunzi|Ubao|Picha za familia,"TET(2023), KISWAHILI, KITABU CHA MWANAFUNZI, DARASA LA TANO, TET, DAR ES SALAAM","Kuhusianisha ujumbe wa hadithi na mazingira halisi humaanisha kutafuta mfano wa jinsi mafunzo ya hadithi yanavyojitokeza katika maisha ya kweli ya jamii, kama swali la 9 la Zoezi la kwanza linavyouliza kuhusu watu waliojitenga na familia.","Wanafunzi wanashiriki mifano halisi kutoka jamii zao kuhusu watu waliojitenga na familia zao na madhara waliyoyapata, au watu walioshirikiana na familia zao na kufanikiwa, wakilinganisha na hali ya Doto na Kulwa.","Mfano: kama Doto alivyopata shida akiwa peke yake, mwanafunzi anaweza kutaja mfano wa mtu katika jamii aliyeshindwa kumudu maisha kwa sababu ya kutokushirikiana na ndugu zake.",Mwanafunzi hutumia ujumbe huu wa umuhimu wa familia anapowasaidia wazazi na ndugu zake kazi za nyumbani badala ya kufanya mambo peke yake.,Toa mfano wa jinsi ushirikiano wa familia unavyosaidia maishani.::Familia inayoshirikiana kazi za shambani huvuna mazao mengi kwa haraka.||Ni madhara gani yanayoweza kumpata mtu anayejitenga na familia yake kama Doto?::Anaweza kukosa msaada wakati wa shida kama ugonjwa au hatari.||Kwa nini ni muhimu kuwashirikisha wazazi na ndugu katika maamuzi yako?::Wanaweza kukupa ushauri na msaada unaokuepusha na madhara.,
2023-JSS015-DRS V,Kuonesha uelewa wa jambo alilolisikiliza au kulisoma,Kuonesha stadi za kusikiliza na kuelewa,Kuhusianisha mienendo ya wahusika waliomo katika hadithi na mazingira halisi,Kusoma hadithi ya 'Mkutano wa wanyama' na kutambua wahusika wake,1,Usomaji wa matini; Maswali na majibu,Kuwaongoza Wanafunzi,Mwanafunzi anasoma hadithi ya 'Mkutano wa wanyama' na kutambua wahusika wote waliomo.,Kitabu cha mwanafunzi|Ubao,"TET(2023), KISWAHILI, KITABU CHA MWANAFUNZI, DARASA LA TANO, TET, DAR ES SALAAM","Hadithi ya 'Mkutano wa wanyama' inaeleza kuhusu Mfalme Tembo aliyeitisha mkutano wa wanyama kutatua tatizo la chakula, na jinsi Kiboko alivyoadhibiwa kwa kutoshiriki na kudanganya wenzake.","Wahusika wakuu wa hadithi hii ni Tembo (mfalme mwenye busara), Simba (aliyetuma tangazo na baadaye kudanganywa na Kiboko), Kiboko (mjanja asiyeshirikiana), Twiga (aliyeona mbali) na Nguchiro (aliyetoa wazo la kulima kwa pamoja).","Mfano: Twiga aligundua kuwa Kiboko hakufika mkutanoni kwa sababu ya urefu wake, akamwambia mfalme 'Mfalme! Kiboko hayupo,' akionesha umakini wake.","Mwanafunzi anahusisha wahusika hawa na watu wenye tabia mbalimbali anaowajua katika jamii yake, kama viongozi wenye busara au watu wasioshirikiana.",Nani alikuwa mfalme wa wanyama katika hadithi hii?::Tembo alikuwa mfalme wa wanyama.||Ni nani aliyegundua kuwa Kiboko hakufika mkutanoni?::Twiga aligundua kuwa Kiboko hakufika.||Nani alitoa wazo la kulima shamba la pamoja?::Nguchiro alitoa wazo hilo.,
2023-JSS015-DRS V,Kuonesha uelewa wa jambo alilolisikiliza au kulisoma,Kuonesha stadi za kusikiliza na kuelewa,Kuhusianisha mienendo ya wahusika waliomo katika hadithi na mazingira halisi,Kubainisha sifa za wahusika katika hadithi ya 'Mkutano wa wanyama',2,Maswali na majibu; Majadiliano,Kuwaongoza Wanafunzi,Mwanafunzi anabainisha sifa za wahusika mbalimbali katika hadithi kwa kutolea mifano kutoka matendo yao.,Kitabu cha mwanafunzi|Ubao|Kadi za wahusika,"TET(2023), KISWAHILI, KITABU CHA MWANAFUNZI, DARASA LA TANO, TET, DAR ES SALAAM","Kila mhusika katika hadithi ana sifa tofauti zinazojitokeza kupitia matendo yake, mfano Tembo ana busara ya uongozi, Kiboko ana ujanja na uongo, na Simba ana uaminifu unaomfanya adanganyike kirahisi.","Wanafunzi wanajadili kwa vikundi sifa za kila mhusika kwa kutolea ushahidi kutoka kwenye maneno na matendo yao katika hadithi, kisha wanawasilisha mbele ya darasa.","Mfano: Kiboko anaonesha ujanja alipomwambia Simba, 'Nywele zako zimekaa shaghalabaghala; ninaomba nikusuke,' kumbe alitaka kumfunga juu ya mti ili aende kuharibu mazao.",Mwanafunzi hutumia stadi hii anapotambua sifa za watu wenye ujanja au uaminifu anaokutana nao katika jamii yake.,"Taja sifa moja ya Tembo kama mfalme wa wanyama.::Ana busara katika kuongoza na kutatua matatizo.||Taja sifa moja ya Kiboko kutokana na matendo yake.::Ana ujanja na udanganyifu, alimdanganya Simba ili kuiba mazao.||Kwa nini Simba alidanganyika kirahisi na Kiboko?::Kwa sababu alikuwa mwaminifu na hakutarajia hila kutoka kwa Kiboko.",
2023-JSS015-DRS V,Kuonesha uelewa wa jambo alilolisikiliza au kulisoma,Kuonesha stadi za kusikiliza na kuelewa,Kuhusianisha mienendo ya wahusika waliomo katika hadithi na mazingira halisi,Kuhusianisha tabia za wahusika na tabia za watu halisi katika jamii,2,Majadiliano; Uchambuzi wa matini,Kuwaongoza Wanafunzi,Mwanafunzi anahusianisha tabia na mienendo ya wahusika wa hadithi na tabia za watu halisi katika jamii yake.,Kitabu cha mwanafunzi|Ubao|Picha za watu,"TET(2023), KISWAHILI, KITABU CHA MWANAFUNZI, DARASA LA TANO, TET, DAR ES SALAAM","Wahusika wa hadithi mara nyingi huwakilisha tabia za watu halisi katika jamii, kama kazi ya kufanya ya sura hii inavyoelekeza kulinganisha tabia za Nguchiro, Twiga, Kiboko na Simba na watu halisi.","Wanafunzi wanachunguza na kutaja watu wanaowajua wenye tabia zinazofanana na Kiboko (wajanja wasioshirikiana), Nguchiro (wenye mawazo mazuri ya maendeleo) au Twiga (waangalifu wanaogundua matatizo mapema), kisha wanaeleza matokeo ya tabia hizo.","Mfano: kama Kiboko alivyoadhibiwa kwa kutoshirikiana na jamii yake, mtu katika jamii asiyeshirikiana na wenzake katika shughuli za maendeleo mara nyingi hukosa faida za ushirikiano huo.",Mwanafunzi hutumia stadi hii anapotambua matokeo ya tabia njema au mbaya za watu anaowaona shuleni na mtaani.,Toa mfano wa mtu mwenye tabia kama ya Kiboko katika jamii.::Mtu asiyeshiriki kazi za pamoja lakini anataka kufaidika na matunda ya kazi hizo.||Kwa nini Mfalme Tembo aliamua kumwadhibu Kiboko?::Kwa sababu hakushirikiana na wenzake katika kulima na kulinda shamba.||Tunaweza kujifunza nini kutokana na tabia ya Nguchiro?::Kutoa mawazo mazuri na kushiriki kikamilifu huleta maendeleo kwa jamii.,
2023-JSS015-DRS V,Kuonesha uelewa wa jambo alilolisikiliza au kulisoma,Kuonesha stadi za kusikiliza na kuelewa,Kufafanua maana ya nahau na methali zilizomo katika hadithi kwa usahihi,Kufafanua maana ya nahau zilizomo katika hadithi ya 'Mkutano wa wanyama',2,Maswali na majibu; Mazoezi ya msamiati,Kuwaongoza Wanafunzi,Mwanafunzi anafafanua maana za nahau zilizomo katika hadithi aliyoisikiliza kwa usahihi.,Kitabu cha mwanafunzi|Ubao|Kadi za nahau,"TET(2023), KISWAHILI, KITABU CHA MWANAFUNZI, DARASA LA TANO, TET, DAR ES SALAAM","Nahau nyingi hutumika ndani ya hadithi kuongeza mvuto wa lugha, mfano 'mtu hufa na ulimi wake' na 'ana ndimi mbili' zilizotolewa katika Zoezi la 5 la sura ya 'Uhusika katika hadithi' zinazoendana na tabia ya Kiboko mwenye uongo.","Wanafunzi wanafafanua maana za nahau kama 'mtu hufa na ulimi wake', 'ana ndimi mbili' na 'mtu nyoka' kisha wanaeleza jinsi zinavyomfaa mhusika Kiboko katika hadithi ya 'Mkutano wa wanyama'.","Mfano: nahau 'ana ndimi mbili' ina maana ya mtu mnafiki asemaye tofauti na atendavyo, kama Kiboko alivyomsifia Simba kwa maneno matamu kumbe alikuwa na nia ya kumdhuru.",Mwanafunzi hutumia nahau 'ana ndimi mbili' anapoeleza tabia ya watu wanafiki anaowajua katika jamii yake.,Toa maana ya nahau 'ana ndimi mbili'.::Ni mtu mnafiki anayesema jambo moja lakini ana nia tofauti.||Toa maana ya nahau 'mtu hufa na ulimi wake'.::Maneno ya mtu yanaweza kumletea madhara au mauti.||Nahau 'ana ndimi mbili' inamfaa Kiboko kwa jinsi gani katika hadithi?::Alimsifia Simba kwa maneno matamu kumbe alitaka kumdanganya.,
2023-JSS015-DRS V,Kuonesha uelewa wa jambo alilolisikiliza au kulisoma,Kuonesha stadi za kusikiliza na kuelewa,Kufafanua maana ya nahau na methali zilizomo katika hadithi kwa usahihi,Kufafanua maana ya nahau zilizomo katika hadithi ya 'Umuhimu wa familia',2,Maswali na majibu; Mazoezi ya msamiati,Kuwaongoza Wanafunzi,Mwanafunzi anafafanua maana za nahau zilizomo katika hadithi ya 'Umuhimu wa familia' kwa usahihi.,Kitabu cha mwanafunzi|Ubao|Kadi za nahau,"TET(2023), KISWAHILI, KITABU CHA MWANAFUNZI, DARASA LA TANO, TET, DAR ES SALAAM","Nahau kama 'fungasha virago', 'kaza roho', 'piga chenga' na 'kata maini' zilitumika katika hadithi ya 'Umuhimu wa familia' kuelezea hisia na matendo ya Doto alipokuwa akiondoka na kurudi nyumbani.","Wanafunzi wanafafanua maana za nahau hizo nne kutoka Zoezi la 3 la sura ya nane, kisha wanaeleza mahali zilipotumika katika hadithi na hisia zinazowakilishwa na kila nahau.","Mfano: nahau 'fungasha virago' ina maana ya kujiandaa kuondoka, kama Doto alivyofungasha virago kurejea nyumbani baada ya kuugua; 'kata maini' ina maana ya kuhuzunisha sana, kama alivyoona wanyama wakiharibu mazao yake bila kuweza kuzuia.",Mwanafunzi hutumia nahau 'kaza roho' anapoeleza jinsi anavyovumilia hali ngumu bila kukata tamaa.,"Toa maana ya nahau 'fungasha virago'.::Kujiandaa kuondoka mahali fulani.||Toa maana ya nahau 'kata maini'.::Kuhuzunisha au kusikitisha sana.||Nahau 'piga chenga' ilitumika vipi kumwelezea Doto?::Alikuwa akipiga chenga masuala yote yaliyohusu umoja wa familia, yaani aliyaepuka.",
2023-JSS015-DRS V,Kuonesha uelewa wa jambo alilolisikiliza au kulisoma,Kuonesha stadi za kusikiliza na kuelewa,Kufafanua maana ya nahau na methali zilizomo katika hadithi kwa usahihi,"Kufafanua matumizi ya methali 'Umoja ni nguvu, utengano ni udhaifu' katika hadithi",1,Majadiliano; Maswali na majibu,Kuwaongoza Wanafunzi,Mwanafunzi anafafanua matumizi ya methali zilizomo katika hadithi na kueleza uhusiano wake na ujumbe wa hadithi.,Kitabu cha mwanafunzi|Ubao|Kadi za methali,"TET(2023), KISWAHILI, KITABU CHA MWANAFUNZI, DARASA LA TANO, TET, DAR ES SALAAM","Methali 'Umoja ni nguvu, utengano ni udhaifu' ilitumika mara kadhaa katika hadithi za sura hizi, ikiwemo maneno ya babu kwa Doto na maneno ya Mfalme Tembo kwa wanyama wake kuhusu umuhimu wa kushirikiana.","Wanafunzi wanajadili jinsi methali hii inavyojitokeza katika matukio mawili tofauti, yaani Doto kuachwa peke yake porini na wanyama kufanikiwa kulima kwa kushirikiana, kisha wanaeleza uhusiano wake na maisha yao.","Mfano: Mfalme Tembo aliwaambia wanyama wake, 'Wahenga wetu walinena kwamba umoja ni nguvu, utengano ni udhaifu,' kabla ya kuwahamasisha kulima shamba la pamoja.",Mwanafunzi hutumia methali hii anapowahamasisha wenzake kushirikiana katika usafi wa darasa au kazi za kikundi.,"Methali 'Umoja ni nguvu, utengano ni udhaifu' inamaanisha nini?::Watu wanapofanya kazi kwa pamoja hufanikiwa zaidi kuliko wanapokuwa peke yao.||Ni nani aliyetumia methali hii katika hadithi ya wanyama?::Mfalme Tembo aliitumia kuwahamasisha wanyama.||Methali hii inahusianaje na hadithi ya Doto?::Doto alishindwa kujitegemea peke yake porini, akathibitisha kuwa utengano ni udhaifu.",
2023-JSS015-DRS V,Kuonesha uelewa wa jambo alilolisikiliza au kulisoma,Kusoma matini kwa ufasaha na ufahamu,Kusoma matini ndefu sahili,Kusoma kwa ufasaha aya za mwanzo za hadithi ya 'Msitu wa Mzee Sunga na mazimwi',3,Usomaji wa matini; Oneshombinu,Kuwaongoza Wanafunzi,"Mwanafunzi anasoma aya za mwanzo za hadithi kwa ufasaha, akizingatia matamshi sahihi na mkato wa sauti.",Kitabu cha mwanafunzi|Ubao|Kinasa sauti,"TET(2023), KISWAHILI, KITABU CHA MWANAFUNZI, DARASA LA TANO, TET, DAR ES SALAAM","Kusoma kwa ufasaha humaanisha kusoma matini kwa kasi inayofaa, matamshi sahihi na kiimbo kinachoeleweka, kama inavyohitajika katika hadithi ndefu ya 'Msitu wa Mzee Sunga na mazimwi'.","Mwalimu anasoma aya za mwanzo za hadithi kama mfano akizingatia mkato wa sauti kwenye kila sentensi, kisha wanafunzi wanasoma kwa zamu wakijaribu kuiga ufasaha huo, hususani sehemu inayoeleza jinsi mazimwi yalivyokuwa yakitafuta makazi.","Mfano: aya inayosema 'Hapo kale, palitokea mazimwi matatu; baba, mama na mtoto wao. Yalihangaika sana kutafuta mahali pa kuishi' inatoa fursa nzuri ya mazoezi ya kusoma kwa mkato sahihi wa nuktamkato.",Mwanafunzi hutumia ufasaha wa kusoma anaposoma habari za magazetini au vitabu vingine nyumbani kwa sauti kwa ndugu zake.,Soma kwa sauti aya ya kwanza ya hadithi kwa ufasaha.::Mwanafunzi anasoma kwa kasi na matamshi sahihi.||Kwa nini ni muhimu kusoma kwa mkato sahihi wa sauti?::Husaidia msikilizaji kuelewa vizuri maana ya sentensi.||Hadithi hii inasimulia kuhusu viumbe gani wanaotafuta makazi?::Inasimulia kuhusu mazimwi matatu yanayotafuta mahali pa kuishi.,
2023-JSS015-DRS V,Kuonesha uelewa wa jambo alilolisikiliza au kulisoma,Kusoma matini kwa ufasaha na ufahamu,Kusoma matini ndefu sahili,Kusoma kwa ufasaha mazungumzo ya Mzee Sunga na mazimwi,3,Usomaji wa matini; Igizodhima,Kuwaongoza Wanafunzi,Mwanafunzi anasoma sehemu za mazungumzo katika hadithi kwa ufasaha na kiimbo kinachoendana na hisia za wahusika.,Kitabu cha mwanafunzi|Ubao|Kadi za majina ya wahusika,"TET(2023), KISWAHILI, KITABU CHA MWANAFUNZI, DARASA LA TANO, TET, DAR ES SALAAM","Sehemu za mazungumzo katika hadithi ya Mzee Sunga na mazimwi zinahitaji msomaji kubadilisha sauti na kiimbo kulingana na hisia za kila mhusika, kama vile udadisi wa mazimwi na msimamo thabiti wa Mzee Sunga.","Wanafunzi wanagawanywa majukumu ya kusoma kwa sauti sehemu za mazungumzo kati ya Mzee Sunga na mazimwi, wakizingatia kiimbo cha maswali, mshangao na vitisho vinavyojitokeza katika mazungumzo hayo.","Mfano: sentensi 'Sisi tuko watatu, na wewe u peke yako tu. Unawezaje kutukatalia?' inahitaji kusomwa kwa sauti ya vitisho, tofauti na jibu la Mzee Sunga 'Siwezi kuuza urithi wangu adhimu huu' linalohitaji sauti ya msimamo thabiti.",Mwanafunzi hutumia stadi hii anaposoma au kuigiza mazungumzo katika michezo ya kuigiza shuleni.,Soma kwa sauti sentensi ya Mzee Sunga: 'Siwezi kuuza urithi wangu adhimu huu.'::Mwanafunzi anasoma kwa sauti ya msimamo thabiti.||Ni sauti gani inayofaa kusomea maneno ya kutisha ya mazimwi?::Sauti ya vitisho au ukali.||Kwa nini ni muhimu kubadilisha kiimbo unaposoma mazungumzo ya wahusika tofauti?::Husaidia kuonesha hisia halisi za kila mhusika na kuvutia msikilizaji.,
2023-JSS015-DRS V,Kuonesha uelewa wa jambo alilolisikiliza au kulisoma,Kusoma matini kwa ufasaha na ufahamu,Kusoma matini ndefu sahili,Kusoma kwa ufasaha shairi la 'Maua',3,Usomaji wa mashairi; Oneshombinu,Kuwaongoza Wanafunzi,"Mwanafunzi anasoma beti za shairi la 'Maua' kwa ufasaha, mapigo sahihi na kiimbo cha kishairi.",Kitabu cha mwanafunzi|Ubao,"TET(2023), KISWAHILI, KITABU CHA MWANAFUNZI, DARASA LA TANO, TET, DAR ES SALAAM","Kusoma shairi kwa ufasaha huhitaji kuzingatia mapigo ya kila mstari na kituo mwishoni mwa kila ubeti, kama inavyojitokeza katika shairi la 'Maua' lenye beti kumi zinazosifia umuhimu wa maua.","Mwalimu anasoma ubeti wa kwanza wa shairi la 'Maua' kama mfano wa mapigo na kituo sahihi, kisha wanafunzi wanasoma beti zilizobaki kwa zamu wakizingatia kibwagizo 'Maua ni kitu bora, mazingira kuyapamba' kinachorudiwa kila ubeti.","Mfano: ubeti wa kwanza 'Enyi jicho la taifa, tunu kuwaandalia... Maua ni kitu bora, mazingira kuyapamba' unaonesha jinsi kibwagizo kinavyorudiwa kutoa mshikamano wa maudhui.",Mwanafunzi hutumia ufasaha wa kusoma mashairi anaposoma au kuimba nyimbo na mashairi katika sherehe za shule.,"Shairi la 'Maua' lina kibwagizo gani kinachorudiwa kila ubeti?::'Maua ni kitu bora, mazingira kuyapamba.'||Soma kwa sauti ubeti wa kwanza wa shairi la 'Maua'.::Mwanafunzi anasoma kwa mapigo na kituo sahihi.||Kwa nini ni muhimu kuzingatia kibwagizo unaposoma shairi?::Kinasaidia kudumisha mshikamano wa maudhui ya shairi.",
2023-JSS015-DRS V,Kuonesha uelewa wa jambo alilolisikiliza au kulisoma,Kusoma matini kwa ufasaha na ufahamu,Kusoma matini ndefu sahili,Kusoma kimya kwa lengo la kuelewa matini ndefu,2,Usomaji wa kimya; Maswali na majibu,Kuwaongoza Wanafunzi,Mwanafunzi anasoma matini kimya kwa muda uliopangwa na kueleza alichokielewa kwa usahihi.,Kitabu cha mwanafunzi|Saa/kipima muda,"TET(2023), KISWAHILI, KITABU CHA MWANAFUNZI, DARASA LA TANO, TET, DAR ES SALAAM","Kusoma kimya ni stadi muhimu inayomwezesha msomaji kuelewa matini kwa haraka bila kutamka maneno kwa sauti, ikimtayarisha kuelewa mawazo makuu kabla ya kuyawasilisha kwa wengine.",Wanafunzi wanapewa muda maalumu wa kusoma kimya sehemu ya hadithi ya 'Msitu wa Mzee Sunga na mazimwi' kisha wanajibu maswali machache ya haraka kuhusu walichokisoma bila kurudi kuangalia kitabu.,"Mfano: baada ya kusoma kimya aya inayoeleza jinsi mazimwi yalivyojigeuza kuwa binadamu kumtafuta Mzee Sunga, mwanafunzi anapaswa kueleza kwa ufupi kilichotokea.",Mwanafunzi hutumia usomaji wa kimya anaposoma vitabu vya hadithi peke yake nyumbani kabla ya kulala.,"Kwa nini usomaji wa kimya ni muhimu kabla ya kuwasilisha mawazo makuu?::Humwezesha msomaji kuelewa vizuri matini kabla ya kuieleza kwa wengine.||Baada ya kusoma kimya, mazimwi yalijigeuza kuwa nini kumtafuta Mzee Sunga?::Yalijigeuza kuwa binadamu.||Taja tofauti moja kati ya kusoma kimya na kusoma kwa sauti.::Kusoma kimya hakutamki maneno kwa sauti wakati kusoma kwa sauti hutamka maneno yote.",
2023-JSS015-DRS V,Kuonesha uelewa wa jambo alilolisikiliza au kulisoma,Kusoma matini kwa ufasaha na ufahamu,Kuwasilisha mawazo makuu aliyoyasoma katika matini ndefu,Kubainisha mawazo makuu ya hadithi ya 'Msitu wa Mzee Sunga na mazimwi',3,Maswali na majibu; Majadiliano,Kuwaongoza Wanafunzi,Mwanafunzi anabainisha mawazo makuu ya hadithi ndefu aliyoisoma na kuyaeleza kwa ufupi.,Kitabu cha mwanafunzi|Ubao,"TET(2023), KISWAHILI, KITABU CHA MWANAFUNZI, DARASA LA TANO, TET, DAR ES SALAAM","Kubainisha mawazo makuu humaanisha kutambua vipengele muhimu vya hadithi bila maelezo madogo yasiyo ya lazima, kama swali la 9 la Zoezi la kwanza la sura hii linavyowataka wanafunzi kubainisha mawazo makuu ya hadithi ya Mzee Sunga.","Wanafunzi wanasoma hadithi tena kwa makini kisha wanaorodhesha mawazo makuu matano kama vile mazimwi kutafuta makazi, kukuta msitu wa Mzee Sunga, kujaribu kumshawishi na kumtishia, na hatimaye askari wa maliasili kuwaokoa.","Mfano: wazo kuu moja ni kwamba Mzee Sunga alikataa kuuza urithi wake wa msitu licha ya vitisho vya mazimwi, akisema 'Siwezi kuuza urithi wangu adhimu huu.'",Mwanafunzi hutumia stadi hii anapofupisha habari za magazetini au vipindi vya televisheni anavyoviona nyumbani.,Taja wazo kuu moja la hadithi ya Msitu wa Mzee Sunga na mazimwi.::Mazimwi yalitaka kupokonya msitu wa Mzee Sunga kwa udanganyifu na vitisho.||Nani hatimaye alimwokoa Mzee Sunga kutoka kwa mazimwi?::Askari wa maliasili walimwokoa.||Kwa nini Mzee Sunga alikataa kuuza msitu wake?::Kwa sababu ulikuwa ni urithi wa familia yake tangu babu zake.,
2023-JSS015-DRS V,Kuonesha uelewa wa jambo alilolisikiliza au kulisoma,Kusoma matini kwa ufasaha na ufahamu,Kuwasilisha mawazo makuu aliyoyasoma katika matini ndefu,Kufupisha habari ya 'Msitu wa Mzee Sunga na mazimwi',3,Zoezi la vitendo; Kazimradi,Kuwaongoza Wanafunzi,Mwanafunzi anafupisha habari ndefu kwa maneno kati ya thelathini na hamsini bila kupoteza maana kuu.,Kitabu cha mwanafunzi|Daftari|Ubao,"TET(2023), KISWAHILI, KITABU CHA MWANAFUNZI, DARASA LA TANO, TET, DAR ES SALAAM","Kufupisha habari humaanisha kuandika kwa maneno machache mawazo makuu ya habari ndefu bila kubadilisha maana yake, kama inavyoelekezwa katika kazi ya kufanya ya kufupisha hadithi ya Msitu wa Mzee Sunga kwa maneno 30 hadi 50.","Wanafunzi wanaandika kwanza mawazo makuu ya hadithi kwenye vipande vidogo, kisha wanayaunganisha kuwa aya moja fupi isiyozidi maneno hamsini yenye mtiririko mzuri wa habari nzima.","Mfano wa muhtasari: 'Mazimwi matatu yalitafuta msitu wa kuishi, yakakuta msitu wa Mzee Sunga na kujaribu kuununua kwa udanganyifu na vitisho. Mzee Sunga alikataa. Askari wa maliasili walifika na kuwaokoa kabla mazimwi hayajamdhuru.'",Mwanafunzi hutumia stadi ya kufupisha habari anapowaeleza wazazi kwa ufupi habari alizosikia redioni au shuleni.,Fupisha kwa sentensi moja kilichotokea mwanzoni mwa hadithi.::Mazimwi yalihangaika kutafuta msitu wa kuishi baada ya misitu mingi kukatwa.||Fupisha kwa sentensi moja kilichotokea mwishoni mwa hadithi.::Askari wa maliasili walifika na kumwokoa Mzee Sunga kutoka kwa mazimwi.||Habari iliyofupishwa inapaswa kuwa na maneno mangapi kulingana na maelekezo ya kitabu?::Kati ya maneno thelathini na hamsini.,
2023-JSS015-DRS V,Kuonesha uelewa wa jambo alilolisikiliza au kulisoma,Kusoma matini kwa ufasaha na ufahamu,Kuwasilisha mawazo makuu aliyoyasoma katika matini ndefu,Kuwasilisha wazo kuu la kila ubeti wa shairi la 'Maua',3,Majadiliano; Maswali na majibu,Kuwaongoza Wanafunzi,Mwanafunzi anawasilisha wazo kuu la kila ubeti wa shairi kwa usahihi na kwa maneno yake mwenyewe.,Kitabu cha mwanafunzi|Ubao|Kadi za mawazo,"TET(2023), KISWAHILI, KITABU CHA MWANAFUNZI, DARASA LA TANO, TET, DAR ES SALAAM","Kila ubeti wa shairi la 'Maua' una wazo kuu tofauti linalochangia maudhui ya jumla ya shairi kuhusu umuhimu wa maua katika mazingira, kama Zoezi la 6 la utungaji la sura hii linavyoelekeza.","Wanafunzi wanasoma kila ubeti wa shairi kisha wanaandika kwa sentensi moja wazo kuu la ubeti huo, mfano ubeti wa tano unaozungumzia ua la asumini linalotoa harufu nzuri jioni na kutumika kutengeneza shada.",Mfano: wazo kuu la ubeti wa nane ni kwamba maua huwa na faida za kiuchumi kwani watu hununua maua ili kupamba kumbi na sherehe mbalimbali.,Mwanafunzi hutumia stadi hii anapoeleza kwa ufupi mawazo ya nyimbo au mashairi anayoyasikia shuleni na kanisani au msikitini.,Wazo kuu la ubeti wa kwanza wa shairi la Maua ni lipi?::Maua ni tunu muhimu inayostahili kuandaliwa na kuenziwa.||Ubeti wa tano unazungumzia ua gani na sifa zake?::Unazungumzia ua la asumini linalochanua jioni na kutoa harufu nzuri.||Wazo kuu la ubeti wa tisa ni lipi kuhusu faida za maua?::Maua huuzwa nje ya nchi na kuongeza kipato cha taifa.,
2023-JSS015-DRS V,Kuonesha uelewa wa jambo alilolisikiliza au kulisoma,Kusoma matini kwa ufasaha na ufahamu,Kuwasilisha mawazo makuu aliyoyasoma katika matini ndefu,Kutumia methali sahihi kuwasilisha mafunzo ya hadithi ndefu,2,Majadiliano; Zoezi la vitendo,Kuwaongoza Wanafunzi,Mwanafunzi anachagua methali sahihi inayoendana na tukio la hadithi na kuitumia kuwasilisha wazo lake kuu.,Kitabu cha mwanafunzi|Kadi za methali|Ubao,"TET(2023), KISWAHILI, KITABU CHA MWANAFUNZI, DARASA LA TANO, TET, DAR ES SALAAM","Methali huweza kutumika kuwasilisha kwa ufupi wazo kuu la tukio fulani katika hadithi, kama inavyoelekezwa katika Zoezi la 4 la sura hii linalotaka wanafunzi kuchagua methali sahihi kwa kila maelezo ya tukio.","Wanafunzi wanapewa maelezo ya matukio mbalimbali (mfano mtu aliyeachwa na wenzake baada ya kuumia, au mzazi aliyetetea tabia mbaya ya mtoto wake) na kuchagua methali sahihi kutoka orodha kama 'Asiyefunzwa na mamaye hufunzwa na ulimwengu' au 'Akufaaye kwa dhiki ndiye rafiki wa kweli'.","Mfano: methali 'Ukiona vyaelea, ujue vimeundwa' inafaa kutumika kuwasilisha wazo kuu la jinsi mazimwi yalivyojigeuza kuwa binadamu wazuri kumbe walikuwa na nia mbaya dhidi ya Mzee Sunga.",Mwanafunzi hutumia methali sahihi anapotoa mafunzo kwa wenzake baada ya kusikia habari za matukio mbalimbali ya jamii.,"Ni methali gani inayofaa kuwasilisha tukio la mazimwi kujifanya wema wakati wana nia mbaya?::Ukiona vyaelea, ujue vimeundwa.||Methali 'Umoja ni nguvu, utengano ni udhaifu' inafaa kuwasilisha wazo gani la hadithi?::Kwamba ushirikiano huleta ufanisi zaidi kuliko kufanya jambo peke yako.||Kwa nini ni muhimu kutumia methali sahihi unapowasilisha mafunzo ya hadithi?::Methali hufupisha na kuimarisha ujumbe unaowasilishwa kwa msikilizaji.",
2023-JSS015-DRS V,Kuwasilisha hoja kwa mazungumzo na kwa maandishi kulingana na muktadha,Kuwasilisha hoja kwa njia ya mazungumzo katika miktadha mbalimbali,Kutoa hoja kwa kutumia msamiati unaoendana na muktadha mahususi wa mazungumzo,Kughani na kuelewa utenzi wa Usafi kama msingi wa kutoa hoja,4,Maswali na majibu,Kuwaongoza Wanafunzi,Mwanafunzi ataweza kughani utenzi wa Usafi na kueleza hoja kuu zilizotolewa na mtunzi kuhusu umuhimu wa usafi.,Kitabu cha mwanafunzi|Ubao|Kadi za maswali,"TET(2023), KISWAHILI, KITABU CHA MWANAFUNZI, DARASA LA TANO, TET, DAR ES SALAAM","Kutoa hoja ni kuwasilisha wazo kwa mpangilio unaoeleweka kwa msikilizaji; utenzi wa Usafi unaotolewa katika sura hii unatoa hoja kuhusu umuhimu wa usafi wa kinywa, mwili, nguo, shuleni na nyumbani.","Mtunzi anapanga hoja zake kwa mfuatano akitumia maneno KWANZA, PILI, TATU, NNE na TANO kuonesha aina tano za usafi anazozitolea hoja; kila ubeti unatoa sababu ya kwa nini aina hiyo ya usafi ni muhimu.","Kwa mfano, ubeti wa nne unatoa hoja ya usafi wa kinywa ukisema kuwa hukinga magonjwa na kuzuia harufu mbaya; ubeti wa kumi na tano unatoa hoja ya usafi shuleni ukisema mazingira ya shuleni yawe nadhifu.",Mwanafunzi anatumia hoja hizi anapowashawishi wenzake nyumbani kufanya usafi wa vyumba na mazingira kama utenzi unavyoelekeza.,"Utenzi wa Usafi unatoa hoja za aina ngapi za usafi?::Unatoa hoja za aina tano za usafi: kinywa, mwili, nguo, shuleni na nyumbani.||Kwa nini ni muhimu kupiga mswaki kila asubuhi kulingana na utenzi?::Kwa sababu husafisha uchafu wa chakula na kuzuia harufu mbaya kinywani.||Mtunzi ametumia maneno gani kupanga hoja zake kwa mfuatano?::Ametumia maneno KWANZA, PILI, TATU, NNE na TANO.||Taja hoja moja inayohusu usafi wa mazingira ya shule.::Nyasi zifyekwe, taka zifagiliwe njiani na bustani za maua zitunzwe ili mazingira yawe nadhifu.",
2023-JSS015-DRS V,Kuwasilisha hoja kwa mazungumzo na kwa maandishi kulingana na muktadha,Kuwasilisha hoja kwa njia ya mazungumzo katika miktadha mbalimbali,Kutoa hoja kwa kutumia msamiati unaoendana na muktadha mahususi wa mazungumzo,Kutumia msamiati sahihi wa kutolea hoja kwa staha,5,Mazoezi ya msamiati; Maswali na majibu,Kuwaongoza Wanafunzi,Mwanafunzi ataweza kueleza maana za misemo inayohusiana na utoaji wa hoja na kuitumia kwa usahihi katika sentensi.,Kitabu cha mwanafunzi|Ubao|Kadi za msamiati,"TET(2023), KISWAHILI, KITABU CHA MWANAFUNZI, DARASA LA TANO, TET, DAR ES SALAAM","Kutoa hoja kwa ufanisi kunahitaji msamiati maalumu unaoonesha jinsi ya kuwasilisha maoni mbele ya wasikilizaji, kama vile kutoa hoja mbele ya jopo na kutetea haki.","Sura hii inaoanisha nahau na misemo ya utoaji hoja na maana zake, mfano kuweka mambo wazi maana yake ni kufafanua jambo kwa uwazi bila kutetereka, kusimama imara ni kudumisha msimamo bila kuyumba, na kutoa ushahidi thabiti ni kutoa uthibitisho wa kutosha kuunga mkono hoja.","Kwa mfano, kutoa hoja kistaarabu maana yake ni kuwasilisha maoni kwa heshima bila uchokozi, na kutoa mifano hai ni kuonesha kielelezo halisi kinachohusiana na hali halisi ya maisha ili kuthibitisha hoja.",Mwanafunzi anatumia msamiati huu anapotoa maoni yake darasani au nyumbani kwa staha na bila kuwakwaza wasikilizaji wake.,"Kusimama imara katika utoaji wa hoja ina maana gani?::Ni kudumisha au kushikilia msimamo kuhusu jambo fulani bila kuyumba.||Eleza maana ya kutoa hoja kistaarabu.::Ni kuwasilisha maoni au maneno kwa njia ya heshima na kwa staha, bila uchokozi.||Kwa nini ni muhimu kutoa ushahidi thabiti wakati wa kutoa hoja?::Kwa sababu huunga mkono hoja na kuifanya ikubalike kwa wasikilizaji.||Tunga sentensi ukitumia kutoa mifano hai.::Mfano: Msemaji alitoa mifano hai kuthibitisha kuwa elimu huleta maendeleo.||Neno nidhamu lina maana gani?::Ni tabia ya kufuata kanuni na maadili yanayokubalika katika jamii.",
2023-JSS015-DRS V,Kuwasilisha hoja kwa mazungumzo na kwa maandishi kulingana na muktadha,Kuwasilisha hoja kwa njia ya mazungumzo katika miktadha mbalimbali,Kutoa hoja kwa kutumia msamiati unaoendana na muktadha mahususi wa mazungumzo,Kukamilisha na kufafanua nahau zinazotumika kutolea hoja,4,Majadiliano,Kuwaongoza Wanafunzi,Mwanafunzi ataweza kueleza maana za nahau zinazotumika kuimarisha hoja na kutumia methali wakati wa mazungumzo.,Kitabu cha mwanafunzi|Ubao|Kadi za methali na nahau,"TET(2023), KISWAHILI, KITABU CHA MWANAFUNZI, DARASA LA TANO, TET, DAR ES SALAAM",Methali na nahau hutumika kuimarisha hoja na kuipamba lugha ya mzungumzaji wakati wa kutoa maoni katika mazungumzo.,"Nahau kama kuwa popo (kuwa kigeugeu), fuata upepo (kufuata mawazo ya wengine bila kujali usahihi), kuwa tumbo joto (kuwa na wasiwasi), fyata mkia (kaa kimya) na kujipalia mkaa (kujitia matatani) hueleza tabia za watu wakati wa majadiliano.","Kwa mfano, mzungumzaji anayebadilisha msimamo wake bila sababu anaweza kuelezwa kuwa anafuata upepo, ilhali anayekaa kimya bila kutoa hoja amefyata mkia.",Mwanafunzi anaweza kutumia nahau hizi anapoeleza tabia za watu wanaoshiriki mijadala shuleni au nyumbani bila kuwakwaza moja kwa moja.,"Eleza maana ya nahau kuwa popo.::Ni kuwa kigeugeu, yaani kubadilikabadilika kimsimamo.||Eleza maana ya nahau kujipalia mkaa.::Ni kujitia matatani mwenyewe.||Eleza maana ya nahau kuwa tumbo joto.::Ni kuwa na wasiwasi.||Methali ni nini?::Ni msemo mfupi wenye mafunzo unaotumika kuimarisha hoja katika mazungumzo.",
2023-JSS015-DRS V,Kuwasilisha hoja kwa mazungumzo na kwa maandishi kulingana na muktadha,Kuwasilisha hoja kwa njia ya mazungumzo katika miktadha mbalimbali,Kutoa hoja kwa kutumia msamiati unaoendana na muktadha mahususi wa mazungumzo,Kushiriki mdahalo kwa kutoa hoja zenye ushahidi,5,Mdahalo,Kuwaongoza Wanafunzi,Mwanafunzi ataweza kushiriki mdahalo kwa kutoa hoja zenye ushahidi kuhusu mada Michezo ni muhimu kwa jamii.,Kitabu cha mwanafunzi|Ubao|Kadi za hoja,"TET(2023), KISWAHILI, KITABU CHA MWANAFUNZI, DARASA LA TANO, TET, DAR ES SALAAM","Mdahalo ni njia ya kutoa na kutetea hoja mbele ya jopo kuhusu mada fulani, kama mada Michezo ni muhimu kwa jamii inavyoelekezwa katika Kazi ya kufanya ya sura hii.","Wanafunzi wanagawanywa makundi mawili, moja linaunga mkono mada na jingine linapinga, kila upande ukitoa hoja, ushahidi na mifano hai kuunga mkono msimamo wake kabla ya kufikia hitimisho.","Kwa mfano, upande unaounga mkono unaweza kutoa hoja kuwa michezo huimarisha afya na kujenga umoja, huku ukitoa ushahidi wa matukio halisi ya mashindano ya shule.",Mwanafunzi anatumia stadi ya kutoa hoja kwa ushahidi anapojadili mambo ya kila siku na wenzake au familia yake kuhusu maamuzi ya pamoja.,"Mdahalo ni nini?::Ni njia ya kutoa na kutetea hoja mbele ya jopo kuhusu mada fulani.||Toa hoja moja inayounga mkono kuwa michezo ni muhimu kwa jamii.::Michezo huimarisha afya ya mwili na kujenga umoja miongoni mwa washiriki.||Kwa nini ni muhimu kutoa ushahidi wakati wa mdahalo?::Ili kuimarisha hoja na kuwashawishi wasikilizaji kukubaliana na msimamo wako.||Mdahalo hufungwa vipi kwa kawaida?::Kwa kufunga mviringo, yaani kuhitimisha hoja za kikao au mjadala.",
2023-JSS015-DRS V,Kuwasilisha hoja kwa mazungumzo na kwa maandishi kulingana na muktadha,Kuwasilisha hoja kwa njia ya mazungumzo katika miktadha mbalimbali,Kutoa hoja kwa kutumia msamiati unaoendana na muktadha mahususi wa mazungumzo,Kutunga na kuwasilisha majadiliano ya wahusika watatu kwa kutolea hoja,4,Majadiliano,Kuwaongoza Wanafunzi,Mwanafunzi ataweza kutunga na kuwasilisha majadiliano ya wahusika watatu wakitoa hoja kuhusu mada Kilimo ni uti wa mgongo.,Daftari|Kalamu|Kitabu cha mwanafunzi,"TET(2023), KISWAHILI, KITABU CHA MWANAFUNZI, DARASA LA TANO, TET, DAR ES SALAAM",Kutunga majadiliano ni njia ya kuwasilisha hoja mbalimbali kupitia mazungumzo ya wahusika zaidi ya mmoja kuhusu mada husika.,"Kila mhusika katika majadiliano hutoa mtazamo wake kuhusu mada, akitumia msamiati na hoja zinazoendana na mada Kilimo ni uti wa mgongo, huku wahusika wakijibizana na kukamilishana hoja bila kuzidi maneno mia mbili.","Kwa mfano, mhusika mmoja anaweza kusema kilimo ndicho chanzo cha chakula na ajira, mwingine akaongeza kuwa kilimo huingizia taifa fedha za kigeni kupitia mazao ya biashara.",Mwanafunzi anatumia stadi hii anapojadiliana na wanafamilia kuhusu umuhimu wa shughuli za kilimo wanazozifanya nyumbani.,Majadiliano yanapaswa kuwa na wahusika wangapi kulingana na zoezi hili?::Wahusika watatu.||Mada ya majadiliano katika zoezi hili ni ipi?::Kilimo ni uti wa mgongo.||Toa hoja moja inayothibitisha kuwa kilimo ni uti wa mgongo.::Kilimo hutoa chakula na ajira kwa wananchi wengi.||Majadiliano yasizidi maneno mangapi?::Yasizidi maneno mia mbili (200).,
2023-JSS015-DRS V,Kuwasilisha hoja kwa mazungumzo na kwa maandishi kulingana na muktadha,Kuandika matini mbalimbali kuzingatia vipengele vya insha,Kuandika insha fupi kwa kuzingatia vipengele vya insha,Kutambua vipengele vinne vya insha,4,Maswali na majibu,Kuwaongoza Wanafunzi,"Mwanafunzi ataweza kutaja na kueleza vipengele vinne vya insha: kichwa, utangulizi, kiini na hitimisho.",Kitabu cha mwanafunzi|Ubao|Chati ya vipengele vya insha,"TET(2023), KISWAHILI, KITABU CHA MWANAFUNZI, DARASA LA TANO, TET, DAR ES SALAAM","Insha nzuri huandikwa kwa kuzingatia vipengele vinne: kichwa cha insha, utangulizi, kiini na hitimisho, kama inavyooneshwa katika Zoezi la 5(E) la sura hii.",Kichwa cha insha huandikwa kwa maneno machache yanayoonesha mada; utangulizi huelezea kwa ufupi kile kitakachozungumzwa; kiini hueleza kwa undani jambo linaloandikiwa; na hitimisho hufunga insha kwa kutoa muhtasari au wito.,"Katika mfano wa insha ya Umuhimu wa michezo, sentensi inayoeleza maana ya michezo ni utangulizi, maelezo ya jinsi michezo inavyoimarisha afya na kujenga ushirikiano ni kiini, na wito wa kushiriki michezo ni hitimisho.",Mwanafunzi hutumia vipengele hivi anapoandika insha za shuleni kuhusu matukio ya maisha yake ya kila siku ili ziwe na mpangilio mzuri.,"Taja vipengele vinne vya insha.::Kichwa cha insha, utangulizi, kiini na hitimisho.||Kiini cha insha kina kazi gani?::Huelezea kwa undani jambo analoliandikia mwandishi.||Sentensi ya wito wa mwisho katika insha huitwa kipengele gani?::Hitimisho.||Je, ni kweli kwamba mawazo katika insha huandikwa katika aya?::Ni kweli.",
2023-JSS015-DRS V,Kuwasilisha hoja kwa mazungumzo na kwa maandishi kulingana na muktadha,Kuandika matini mbalimbali kuzingatia vipengele vya insha,Kuandika insha fupi kwa kuzingatia vipengele vya insha,Kupanga aya kwa mtiririko sahihi wa insha,4,Majadiliano,Kuwaongoza Wanafunzi,Mwanafunzi ataweza kupanga aya zilizochanganywa kwa mtiririko sahihi ili kupata insha yenye mpangilio mzuri.,Kitabu cha mwanafunzi|Kadi za aya|Ubao,"TET(2023), KISWAHILI, KITABU CHA MWANAFUNZI, DARASA LA TANO, TET, DAR ES SALAAM","Insha yenye mpangilio mzuri huanza na utangulizi, kisha kiini chenye aya zinazofuatana kimantiki, na kuishia na hitimisho.","Katika Zoezi la 5(F), aya tano kuhusu Umuhimu wa elimu hupangwa kwa kuanzia aya inayotambulisha maana ya elimu, kufuatiwa na aya zinazoeleza faida za elimu darasani na maadili, na kuishia na aya ya hitimisho.","Aya inayosema Elimu ni mfumo wa mafunzo yanayopatikana shuleni au maishani ni utangulizi kwa kuwa inatambulisha mada, wakati aya ya Kwa kumalizia ni hitimisho kwa sababu inafunga mawazo yote.",Mwanafunzi anatumia stadi hii anapopanga mawazo yake kwa mpangilio kabla ya kuandika insha yoyote shuleni au nyumbani.,"Aya gani inapaswa kuwa ya kwanza katika insha ya Umuhimu wa elimu?::Aya inayoeleza maana ya elimu kuwa ni mfumo wa mafunzo yanayopatikana shuleni au maishani.||Aya ya hitimisho katika zoezi hili inaanzaje?::Inaanza kwa maneno Kwa kumalizia, ni wazi kuwa elimu ni silaha kubwa.||Kwa nini ni muhimu kupanga aya kwa mtiririko mzuri katika insha?::Ili mawazo yaeleweke kwa urahisi na kwa mfuatano wa kimantiki.||Taja jambo moja ambalo elimu hutufundisha kulingana na aya za zoezi hili.::Elimu hutufundisha maadili mema kama kufanya kazi kwa bidii na kuwaheshimu wengine.",
2023-JSS015-DRS V,Kuwasilisha hoja kwa mazungumzo na kwa maandishi kulingana na muktadha,Kuandika matini mbalimbali kuzingatia vipengele vya insha,Kuandika insha fupi kwa kuzingatia vipengele vya insha,Kuandika insha fupi ikizingatia vipengele vya insha,3,Utungaji,Kuwaongoza Wanafunzi,Mwanafunzi ataweza kuandika insha fupi yenye maneno kati ya mia moja na ishirini kwa kuzingatia vipengele vyote vinne vya insha.,Daftari|Kalamu|Chati ya vipengele vya insha,"TET(2023), KISWAHILI, KITABU CHA MWANAFUNZI, DARASA LA TANO, TET, DAR ES SALAAM","Uandishi wa insha fupi unahitaji mwandishi kuzingatia kichwa, utangulizi, kiini na hitimisho ili insha ieleweke vizuri kwa msomaji.","Mwanafunzi anachagua kichwa cha insha, kisha anaandika utangulizi mfupi, kiini chenye maelezo ya kutosha kilichogawanywa katika aya, na hitimisho linalofunga mawazo yote, akizingatia mpaka wa maneno mia moja hadi ishirini kama zoezi linavyoelekeza.","Kwa mfano, insha ya Kanenge kuhusu Namna ya Kuishi na Virusi vya UKIMWI ina utangulizi unaoeleza maana ya UKIMWI, kiini chenye aya za jinsi ya kujitunza, na hitimisho linalosisitiza umuhimu wa kufuata ushauri wa madaktari.",Mwanafunzi hutumia stadi hii anapoandika insha za mitihani au za mashindano shuleni ili ziwe na mpangilio unaoridhisha wasomaji.,"Insha katika zoezi hili inapaswa kuwa na maneno kati ya yapi?::Kati ya maneno mia moja (100) na mia moja na ishirini (120).||Kabla ya kuandika insha, mwandishi anapaswa kufanya nini kwanza?::Kuchagua kichwa cha insha na kupanga mawazo yake katika utangulizi, kiini na hitimisho.||Insha ya Kanenge ilihusu nini?::Ilihusu namna ya kuishi na virusi vya UKIMWI.||Kwa nini kiini cha insha huandikwa katika aya kadhaa?::Ili kugawanya mawazo makuu kwa mpangilio unaosomeka kwa urahisi.",
2023-JSS015-DRS V,Kuwasilisha hoja kwa mazungumzo na kwa maandishi kulingana na muktadha,Kuandika matini mbalimbali kuzingatia vipengele vya insha,Kujibu barua ya kirafiki,Kusoma na kuelewa mfano wa barua ya kirafiki,3,Maswali na majibu,Kuwaongoza Wanafunzi,Mwanafunzi ataweza kusoma na kueleza maudhui ya barua ya kirafiki aliyoiandika Nia kumjibu Suma.,Kitabu cha mwanafunzi|Ubao,"TET(2023), KISWAHILI, KITABU CHA MWANAFUNZI, DARASA LA TANO, TET, DAR ES SALAAM","Barua ya kirafiki ni barua inayoandikwa kati ya watu wanaofahamiana kwa lengo la kubadilishana taarifa au salamu, kama barua ya Nia kwa rafiki yake Suma kuhusu kupatikana kwa mdogo wake Bute.","Katika habari, Nia alimjibu Suma baada ya kupokea barua ya Suma iliyouliza kama Bute alishapatikana; barua ya Nia ilianza kwa anwani na tarehe, salamu, kisha ilieleza lengo la barua na kumalizia kwa salamu na saini.","Barua ya Nia inasema Lengo la barua hii ni kujibu barua uliyoniandikia kuhusu kupotea kwa mdogo wangu, na kuongeza kuwa Bute alipatikana salama.",Mwanafunzi anaweza kuandika barua kama hii kumjibu rafiki yake aliyeko mbali kuhusu taarifa za nyumbani au shuleni kwake.,"Nia alimwandikia barua nani?::Alimwandikia rafiki yake Suma.||Lengo la barua ya Nia lilikuwa nini?::Kujibu barua ya Suma kuhusu kupotea kwa mdogo wake Bute na kumjulisha kuwa alipatikana.||Barua ya Nia ilianza vipi?::Ilianza kwa anwani ya shule, tarehe na salamu Kwako rafiki yangu Suma.||Nia alimalizia barua yake vipi?::Alimalizia kwa salamu kwa wazazi wa Suma na saini Mimi rafiki yako, Nia Fukama.",
2023-JSS015-DRS V,Kuwasilisha hoja kwa mazungumzo na kwa maandishi kulingana na muktadha,Kuandika matini mbalimbali kuzingatia vipengele vya insha,Kujibu barua ya kirafiki,Kutambua mtiririko wa vipengele vya barua ya kirafiki,3,Majadiliano,Kuwaongoza Wanafunzi,Mwanafunzi ataweza kupanga vipengele vya barua ya kirafiki kwa mtiririko sahihi wa uandishi.,Kitabu cha mwanafunzi|Kadi za vipengele vya barua|Ubao,"TET(2023), KISWAHILI, KITABU CHA MWANAFUNZI, DARASA LA TANO, TET, DAR ES SALAAM",Barua ya kirafiki huandikwa kwa kufuata mtiririko maalumu wa vipengele ili ieleweke vizuri na aliyeandikiwa.,"Mtiririko sahihi wa vipengele vya barua ya kirafiki ni anwani ya mwandishi, tarehe, salamu, utangulizi, kiini au madhumuni ya barua, hitimisho na hatimaye saini au jina la mwandishi.","Katika barua ya Nia, anwani Shule ya Msingi Ushindi, S.L.P. 45, Bora na tarehe 07/05/2018 vinatangulia, kisha salamu Kwako rafiki yangu Suma, ikifuatiwa na kiini na hatimaye saini Nia Fukama.",Mwanafunzi anazingatia mtiririko huu kila anapoandika barua ya kirafiki kwa jamaa au rafiki yake.,"Ni kipengele gani huandikwa kwanza kabisa katika barua ya kirafiki?::Anwani ya mwandishi.||Baada ya salamu, kipengele kinachofuata ni kipi?::Utangulizi.||Kipengele cha mwisho katika barua ya kirafiki ni kipi?::Saini au jina la mwandishi.||Kiini cha barua kina kazi gani?::Huelezea madhumuni au ujumbe halisi wa barua.",
2023-JSS015-DRS V,Kuwasilisha hoja kwa mazungumzo na kwa maandishi kulingana na muktadha,Kuandika matini mbalimbali kuzingatia vipengele vya insha,Kujibu barua ya kirafiki,Kukamilisha vipengele vya barua ya kirafiki isiyo kamili,2,Zoezi la kujaza mapengo,Kuwaongoza Wanafunzi,Mwanafunzi ataweza kujaza mapengo katika barua ya kirafiki kwa vipengele sahihi vinavyokosekana.,Kitabu cha mwanafunzi|Ubao|Kadi za maneno,"TET(2023), KISWAHILI, KITABU CHA MWANAFUNZI, DARASA LA TANO, TET, DAR ES SALAAM",Mwanafunzi anapaswa kutambua vipengele vinavyokosekana katika barua na kuvijaza kwa usahihi kulingana na muktadha wa barua husika.,"Katika Zoezi la 5(D), barua isiyo kamili inahitaji kujazwa anwani S.L.P. 3, Kalambo, tarehe 9/4/2025, maudhui ya kiini na hitimisho Wasalimie wadogo zangu, pamoja na saini J. Hashimu.","Kwa mfano, pengo la kiini linajazwa kwa maelezo kama nilipokea barua uliyoniandikia pamoja na taarifa ya nauli kwa ajili ya safari ya kurudi nyumbani.",Mwanafunzi hutumia ujuzi huu anapokamilisha au kuhakiki barua zake mwenyewe kabla ya kuzituma.,"Kipengele kinachokosekana kabla ya Kalambo katika zoezi hili ni kipi?::S.L.P. 3, yaani sanduku la posta la mwandishi.||Ni tarehe ipi inayotakiwa kujazwa katika barua hii?::9/4/2025.||Salamu ya hitimisho inayopendekezwa katika zoezi hili ni ipi?::Wasalimie wadogo zangu.||Jina la mwandishi wa barua katika zoezi hili ni nani?::J. Hashimu.",
2023-JSS015-DRS V,Kuwasilisha hoja kwa mazungumzo na kwa maandishi kulingana na muktadha,Kuandika matini mbalimbali kuzingatia vipengele vya insha,Kujibu barua ya kirafiki,Kuandika barua ya kumjibu rafiki kwa vitendo,3,Utungaji,Kuwaongoza Wanafunzi,Mwanafunzi ataweza kuandika barua kamili ya kumjibu rafiki yake akizingatia vipengele vyote vya barua ya kirafiki.,Daftari|Kalamu|Mfano wa barua kutoka kitabuni,"TET(2023), KISWAHILI, KITABU CHA MWANAFUNZI, DARASA LA TANO, TET, DAR ES SALAAM","Baada ya kupokea barua kutoka kwa rafiki, mwanafunzi anapaswa kuandika barua ya kumjibu kwa kuzingatia vipengele vyote vya barua ya kirafiki.","Kwa mfano, baada ya kusoma barua ya Salma Maulidi kuhusu mashindano ya UMITASHUMTA, mwanafunzi anaandika barua ya kumjibu akieleza mchezo alioshiriki na ngazi aliyofikia, akizingatia anwani, tarehe, salamu, kiini na hitimisho.","Barua ya kumjibu inaweza kuanza kwa salamu Mpendwa rafiki yangu Salma, kisha kueleza taarifa za mashindano kabla ya kuhitimisha kwa salamu za mwisho.",Mwanafunzi anatumia stadi hii anapojibu barua za marafiki au ndugu wanaomwandikia kuhusu matukio ya shuleni na nyumbani.,"Salma Maulidi aliandika barua kumweleza rafiki yake kuhusu nini?::Kuhusu mashindano ya UMITASHUMTA na kushinda kwake mchezo wa ngoma.||Barua ya kumjibu Salma inapaswa kuanza na kipengele gani?::Anwani ya mwandishi na tarehe, ikifuatiwa na salamu.||Kiini cha barua ya kumjibu Salma kinapaswa kueleza nini?::Mchezo aliouhusika mwandishi na ngazi aliyofikia katika mashindano.||Barua ya kumjibu inapaswa kuhitimishwa vipi?::Kwa salamu za mwisho na saini ya mwandishi.",
2023-JSS015-DRS V,Kuwasilisha hoja kwa mazungumzo na kwa maandishi kulingana na muktadha,Kuchanganua mawazo yaliyowasilishwa katika matini mbalimbali,Kuchambua mawazo mbalimbali yaliyojitokeza katika matini fupi sahili aliyoisoma,Kughani na kuelewa shairi la Naipenda nchi yangu,3,Maswali na majibu,Kuwaongoza Wanafunzi,Mwanafunzi ataweza kughani shairi Naipenda nchi yangu na kujibu maswali ya ufahamu kwa usahihi.,Kitabu cha mwanafunzi|Ubao,"TET(2023), KISWAHILI, KITABU CHA MWANAFUNZI, DARASA LA TANO, TET, DAR ES SALAAM","Shairi Naipenda nchi yangu linaeleza mawazo ya mshairi kuhusu sifa mbalimbali za Tanzania kama milima, maziwa, madini na utamaduni.","Kila ubeti wa shairi unatoa wazo tofauti kuhusu sifa za nchi, kama vile ubeti wa pili unaozungumzia maziwa makubwa ya Nyasa, Tanganyika na Nyanza, na ubeti wa tatu unaozungumzia Mlima Kilimanjaro.","Kwa mfano, ubeti wa sita unataja madini kama tanzanaiti, dhahabu, almasi na rubi kuwa ni utajiri wa ardhini, huku kibwagizo Naisifu nchi yangu kikijirudia kila ubeti.",Mwanafunzi anaweza kutumia stadi hii kutunga au kughani mashairi yanayosifu mambo anayoyapenda kuhusu shule au kijiji chake.,"Shairi Naipenda nchi yangu linahusu nini?::Linahusu sifa mbalimbali za nchi ya Tanzania kama milima, maziwa, madini na utamaduni.||Taja maziwa matatu yaliyotajwa katika shairi.::Nyasa, Tanganyika na Nyanza.||Mlima Kilimanjaro una sifa gani kulingana na shairi?::Ni mlima mrefu zaidi barani Afrika.||Kibwagizo kinachojirudia katika kila ubeti wa shairi ni kipi?::Naisifu nchi yangu, nchi yangu Tanzania.",
2023-JSS015-DRS V,Kuwasilisha hoja kwa mazungumzo na kwa maandishi kulingana na muktadha,Kuchanganua mawazo yaliyowasilishwa katika matini mbalimbali,Kuchambua mawazo mbalimbali yaliyojitokeza katika matini fupi sahili aliyoisoma,Kuchambua mawazo yaliyojitokeza katika kila ubeti,3,Majadiliano,Kuwaongoza Wanafunzi,Mwanafunzi ataweza kuchambua na kueleza wazo kuu lililojitokeza katika kila ubeti wa shairi analolisoma.,Kitabu cha mwanafunzi|Chati ya beti|Ubao,"TET(2023), KISWAHILI, KITABU CHA MWANAFUNZI, DARASA LA TANO, TET, DAR ES SALAAM","Kuchambua mawazo ni kutambua na kueleza kwa maneno wazo kuu linalojitokeza katika kila sehemu ya matini, kama ubeti wa shairi.","Kwa mfano, ubeti wa saba unachambua wazo la utamaduni na sanaa za Tanzania, ubeti wa nane unachambua wazo la Kiswahili kuwa lugha ya taifa na ya Umoja wa Afrika, na ubeti wa tisa unachambua azma ya taifa kukuza kilimo na sayansi.","Katika ubeti wa nane, mshairi anasema Kiswahili ni lugha yetu asilia inayotumika hata katika Umoja wa Afrika, wazo linaloonesha fahari ya lugha ya Kiswahili kimataifa.",Mwanafunzi hutumia stadi hii anapochambua mawazo katika nyimbo au mashairi anayosikia redioni au shuleni.,Wazo kuu la ubeti wa nane la shairi ni lipi?::Kiswahili ni lugha ya taifa na hutumika katika Umoja wa Afrika.||Ubeti wa tisa unazungumzia azma gani ya taifa?::Kukuza kilimo na kuimarisha sayansi ili kuinua uchumi.||Ubeti wa saba unachambua wazo gani?::Wazo la utamaduni na wigo mpana wa sanaa nchini Tanzania.||Kwa nini ni muhimu kuchambua mawazo katika kila ubeti wa shairi?::Ili kuelewa vizuri ujumbe kamili anaoutoa mshairi.,
2023-JSS015-DRS V,Kuwasilisha hoja kwa mazungumzo na kwa maandishi kulingana na muktadha,Kuchanganua mawazo yaliyowasilishwa katika matini mbalimbali,Kuchambua mawazo mbalimbali yaliyojitokeza katika matini fupi sahili aliyoisoma,Kuchambua mawazo katika wimbo wa Tazama ramani,2,Uimbaji,Kuwaongoza Wanafunzi,Mwanafunzi ataweza kuimba wimbo Tazama ramani na kuchambua mawazo yaliyojitokeza katika kila ubeti wake.,Kitabu cha mwanafunzi|Ubao,"TET(2023), KISWAHILI, KITABU CHA MWANAFUNZI, DARASA LA TANO, TET, DAR ES SALAAM",Wimbo Tazama ramani unaeleza mawazo ya mapenzi ya mwimbaji kwa nchi yake Tanzania na historia ya ukombozi wake.,Ubeti wa kwanza unachambua wazo la kuutazama uzuri wa nchi kupitia ramani; ubeti wa pili unachambua hisia za shukrani na amani; ubeti wa tatu unachambua wazo la Azimio na uongozi wa taifa.,Kibwagizo kinachorudiwa Utumwa wa nchi Nyerere ameukomesha kinachambua wazo la ukombozi kutoka kwa utawala wa kikoloni chini ya uongozi wa Mwalimu Nyerere.,Mwanafunzi anaweza kuimba na kuchambua nyimbo za taifa kama Wimbo wa Taifa wakati wa shughuli za shule kama gwaride.,Wimbo Tazama ramani unahusu nini?::Unahusu mapenzi ya mwimbaji kwa nchi yake Tanzania na historia ya ukombozi wake.||Kibwagizo cha wimbo huu kinataja nani aliyekomesha utumwa wa nchi katika ubeti wa kwanza?::Nyerere.||Ubeti wa tatu unachambua wazo gani?::Wazo la Azimio lenye tumaini na uongozi wa taifa kupitia TANU.||Kwa nini ni muhimu kuchambua mawazo katika nyimbo za taifa?::Ili kuelewa historia na maadili yanayowasilishwa kwa jamii.,
2023-JSS015-DRS V,Kuwasilisha hoja kwa mazungumzo na kwa maandishi kulingana na muktadha,Kuchanganua mawazo yaliyowasilishwa katika matini mbalimbali,Kueleza mawazo yaliyojitokeza katika matini fupi sahili kwa kuzungumza,Kusikiliza na kuelewa mahojiano ya Chiku redioni,3,Maswali na majibu,Kuwaongoza Wanafunzi,Mwanafunzi ataweza kusikiliza au kusoma mahojiano ya Chiku na kujibu maswali ya ufahamu kwa usahihi.,Kitabu cha mwanafunzi|Redio (kama ipo)|Ubao,"TET(2023), KISWAHILI, KITABU CHA MWANAFUNZI, DARASA LA TANO, TET, DAR ES SALAAM",Mahojiano ya Chiku na mtangazaji yanaeleza ratiba yake ya kila siku kuanzia anapoamka hadi anaporudi nyumbani na majukumu ya wikiendi.,"Katika mahojiano, Chiku anaeleza kuwa huamka saa 12:00 asubuhi, anawasalimu wazazi, anasafisha chumba, anaoga na kwenda shuleni saa 12:45; vipindi vya shule huanza saa 2:00 na kumalizika kwa shughuli za usafi wa mazingira saa 8:30 mchana.",Chiku anasema kuwa hutumia ratiba aliyoiandaa kwa sababu inamwezesha kufanya mambo kwa utaratibu bila kusahau.,Mwanafunzi anaweza kutumia mfano wa Chiku kupanga ratiba yake mwenyewe ya shughuli za nyumbani na shuleni.,"Chiku alishinda shindano gani?::Shindano la uandishi wa insha.||Chiku huamka saa ngapi kila siku?::Saa 12:00 asubuhi.||Baada ya kuoga, Chiku hufanya nini kabla ya kwenda shuleni?::Anavaa nguo za shule na kupata kifunguakinywa.||Kwa nini Chiku hasahau shughuli zake?::Kwa sababu anatumia ratiba aliyoiandaa.",
2023-JSS015-DRS V,Kuwasilisha hoja kwa mazungumzo na kwa maandishi kulingana na muktadha,Kuchanganua mawazo yaliyowasilishwa katika matini mbalimbali,Kueleza mawazo yaliyojitokeza katika matini fupi sahili kwa kuzungumza,Kueleza kwa mdomo mawazo yaliyojitokeza kuhusu ratiba ya Chiku,2,Masimulizi,Kuwaongoza Wanafunzi,Mwanafunzi ataweza kueleza kwa mdomo mawazo yaliyojitokeza katika mahojiano ya Chiku kwa mpangilio mzuri na kwa ufasaha.,Kitabu cha mwanafunzi|Ubao,"TET(2023), KISWAHILI, KITABU CHA MWANAFUNZI, DARASA LA TANO, TET, DAR ES SALAAM",Kueleza mawazo kwa mdomo ni kufafanua kile ulichokisoma au kukisikia mbele ya wenzako kwa maneno yako mwenyewe na kwa mpangilio unaoeleweka.,"Mwanafunzi husimama mbele ya darasa na kueleza kwa mpangilio shughuli za Chiku kuanzia asubuhi hadi jioni, akijibu maswali yatakayoulizwa na wanafunzi wenzake au mwalimu.","Kwa mfano, mwanafunzi anaweza kuanza kueleza kwa kusema kuwa Chiku huamka mapema, anasafisha chumba chake, kisha huenda shuleni akiwa amejiandaa vizuri, akifuata mtiririko wa habari aliyoisoma.",Mwanafunzi anatumia stadi hii anapoeleza kwa mdomo matukio ya siku yake kwa wazazi au walimu wake.,Kueleza mawazo kwa mdomo kunahitaji nini?::Kunahitaji mpangilio mzuri wa mawazo na ufasaha wa lugha.||Ni shughuli gani Chiku hufanya siku za wikiendi kuanzia saa 2:00 hadi 3:00 asubuhi?::Huwasaidia wazazi kutunza na kumwagilia bustani ya mbogamboga.||Kwa nini ni muhimu kufafanua mawazo kwa mpangilio mzuri unapoeleza kwa mdomo?::Ili wasikilizaji waelewe ujumbe kwa urahisi na kwa mfuatano sahihi.||Chiku hufanya nini akitoka bustanini siku za wikiendi?::Hufua sare zake za shule na kujisomea.,
2023-JSS015-DRS V,Kuwasilisha hoja kwa mazungumzo na kwa maandishi kulingana na muktadha,Kuchanganua mawazo yaliyowasilishwa katika matini mbalimbali,Kueleza mawazo yaliyojitokeza katika matini fupi sahili kwa kuzungumza,Kueleza mawazo yanayojitokeza katika methali na nahau za habari ya Chiku,2,Maswali na majibu,Kuwaongoza Wanafunzi,Mwanafunzi ataweza kueleza kwa mdomo maana za nahau na methali zilizojitokeza zinazohusiana na habari ya Chiku.,Kitabu cha mwanafunzi|Kadi za nahau na methali|Ubao,"TET(2023), KISWAHILI, KITABU CHA MWANAFUNZI, DARASA LA TANO, TET, DAR ES SALAAM","Nahau na methali hutumika kueleza mawazo kwa ufasaha zaidi, kama nahau piga usingizi inayomaanisha kulala sana bila kufanya kazi.","Mfano wa nahau ni piga mwayo (kuwa na hamu ya kupata jambo) na methali Ahadi ni deni inayomaanisha ukimuahidi mtu kitu chochote huna budi kutimiza, ikihusiana na jinsi Chiku anavyofuata ratiba yake kwa uaminifu.","Kwa mfano, methali Ndo ndo ndo hujaza ndoo inaeleza kwamba kidogokidogo mwisho jambo hukamilika, sawa na jinsi Chiku anavyokamilisha majukumu yake kwa hatua ndogo ndogo za ratiba.",Mwanafunzi anaweza kutumia methali na nahau hizi anapoeleza kwa mdomo umuhimu wa nidhamu ya kazi katika maisha yake ya kila siku.,Nahau piga usingizi ina maana gani?::Ni kulala sana bila kufanya kazi yoyote.||Methali Ahadi ni deni ina maana gani?::Ukimuahidi mtu kitu chochote huna budi kutimiza.||Methali Ndo ndo ndo hujaza ndoo inafundisha nini?::Inafundisha kwamba kidogokidogo mwisho jambo hukamilika.||Kwa nini Chiku hapigi usingizi wikiendi kulingana na habari?::Kwa sababu anafuata ratiba na kufanya kazi za nyumbani.,
2023-JSS015-DRS V,Kuwasilisha hoja kwa mazungumzo na kwa maandishi kulingana na muktadha,Kuchanganua mawazo yaliyowasilishwa katika matini mbalimbali,Kufupisha habari alizozisoma katika matini fupi sahili kwa kuandika,Kutambua maana na hatua za kufupisha habari,2,Maswali na majibu,Kuwaongoza Wanafunzi,Mwanafunzi ataweza kueleza maana ya kufupisha habari na kutaja hatua muhimu za kufupisha habari kwa usahihi.,Kitabu cha mwanafunzi|Ubao,"TET(2023), KISWAHILI, KITABU CHA MWANAFUNZI, DARASA LA TANO, TET, DAR ES SALAAM","Kufupisha habari ni kupunguza maneno ya habari bila kupoteza ujumbe uliokusudiwa, kama ilivyofafanuliwa katika Zoezi la 4(E) la sura hii.","Hatua ya kwanza ya kufupisha habari ni kusoma habari kwa makini ili kuelewa ujumbe wake, kisha kuondoa maelezo yasiyo ya msingi na kuandika ujumbe wa msingi kwa maneno machache yenye maana iliyokusudiwa.","Kwa mfano, sentensi Mwalimu wetu alituambia tusome vitabu vyetu kila siku baada ya masomo hufupishwa kuwa Mwalimu alisema tusome vitabu kila siku bila kupoteza ujumbe wa msingi.",Mwanafunzi hutumia stadi hii anapoandika ujumbe mfupi wa simu au taarifa fupi za matukio ya kila siku nyumbani.,Kufupisha habari ni nini?::Ni kupunguza maneno ya habari bila kupoteza ujumbe uliokusudiwa.||Hatua ya kwanza ya kufupisha habari ni ipi?::Kusoma habari kwa makini.||Ufupisho wa habari unapaswa kuwa na sifa gani muhimu?::Uwe mfupi na ueleweke bila kupoteza maana ya msingi.||Kipengele gani ni muhimu zaidi katika ufupisho wa habari?::Kuhifadhi ujumbe wa msingi wa habari.,
2023-JSS015-DRS V,Kuwasilisha hoja kwa mazungumzo na kwa maandishi kulingana na muktadha,Kuchanganua mawazo yaliyowasilishwa katika matini mbalimbali,Kufupisha habari alizozisoma katika matini fupi sahili kwa kuandika,Kufupisha sentensi na aya fupi kwa usahihi,2,Zoezi la maandishi,Kuwaongoza Wanafunzi,Mwanafunzi ataweza kufupisha sentensi na aya fupi kwa kuchagua ufupisho sahihi unaobeba ujumbe wa msingi.,Kitabu cha mwanafunzi|Ubao|Daftari,"TET(2023), KISWAHILI, KITABU CHA MWANAFUNZI, DARASA LA TANO, TET, DAR ES SALAAM",Kufupisha sentensi kunahitaji kuchagua maneno machache yanayobeba maana kuu ya sentensi bila kubadilisha ujumbe wake.,"Kwa mfano, sentensi Wanafunzi wa Shule ya Msingi Mlimani walifanya usafi katika mazingira ya shule yao ili kuifanya iwe safi na ya kupendeza hufupishwa kuwa Wanafunzi wa Mlimani walifanya usafi shuleni bila kupoteza ujumbe muhimu.","Vilevile, sentensi Mwalimu wetu alituambia tusome vitabu vyetu kila siku baada ya masomo hufupishwa kwa usahihi kuwa Mwalimu alisema tusome vitabu kila siku.",Mwanafunzi hutumia stadi hii anapoandika kumbukumbu fupi za mikutano au taarifa fupi za matangazo shuleni.,Fupisha sentensi: Mwalimu wetu alituambia tusome vitabu vyetu kila siku baada ya masomo.::Mwalimu alisema tusome vitabu kila siku.||Fupisha sentensi: Wanafunzi wa Shule ya Msingi Mlimani walifanya usafi katika mazingira ya shule yao ili kuifanya iwe safi na ya kupendeza.::Wanafunzi wa Mlimani walifanya usafi shuleni.||Kwa nini tunaepuka kuongeza maelezo yasiyo ya lazima wakati wa kufupisha sentensi?::Kwa sababu hufanya ufupisho kuwa mrefu na kupoteza lengo la kufupisha.||Ufupisho mzuri wa sentensi unapaswa kuhifadhi nini?::Unapaswa kuhifadhi ujumbe wa msingi wa sentensi asilia.,
2023-JSS015-DRS V,Kuwasilisha hoja kwa mazungumzo na kwa maandishi kulingana na muktadha,Kuchanganua mawazo yaliyowasilishwa katika matini mbalimbali,Kufupisha habari alizozisoma katika matini fupi sahili kwa kuandika,Kufupisha habari ndefu kwa idadi maalumu ya maneno,3,Utungaji,Kuwaongoza Wanafunzi,Mwanafunzi ataweza kufupisha habari aliyoisoma kwa idadi maalumu ya maneno bila kupotosha ujumbe wa msingi.,Daftari|Kalamu|Kitabu cha mwanafunzi,"TET(2023), KISWAHILI, KITABU CHA MWANAFUNZI, DARASA LA TANO, TET, DAR ES SALAAM",Kufupisha habari ndefu kunahitaji mwandishi kuzingatia idadi ya maneno aliyopewa huku akihifadhi matukio muhimu ya habari asilia.,"Kwa mfano, habari ya Mwalimu Mgeni yenye aya tatu inayoeleza safari yake ya likizo na dharura ya kifamilia hufupishwa kwa maneno arobaini hadi hamsini kwa kuchagua matukio makuu tu kama kuondoka likizo, kuchelewa kurudi na sababu ya dharura ya kifamilia.","Ufupisho unaweza kueleza kuwa Mwalimu Mgeni alisafiri likizo Singida, alichelewa kurudi shuleni kwa wiki mbili kwa dharura ya kifamilia, alimwandikia Mwalimu Mkuu barua ya kuomba siku za ziada, kisha aliendelea kufundisha uandishi wa barua ya kiofisi.",Mwanafunzi hutumia stadi hii anaporipoti kwa ufupi matukio ya nyumbani au shuleni kwa mzazi au mwalimu mwenye muda mfupi.,Habari ya Mwalimu Mgeni inapaswa kufupishwa kwa maneno kati ya yapi?::Kati ya maneno arobaini na hamsini (40-50).||Kwa nini Mwalimu Mgeni alichelewa kurudi shuleni baada ya likizo?::Kwa sababu alipata dharura ya kifamilia iliyomlazimu kukaa muda zaidi.||Mwalimu Mgeni alimwandikia nani barua ya kuomba siku za ziada?::Alimwandikia Mwalimu Mkuu.||Habari ya Yai au kuku inapaswa kufupishwa kwa maneno kati ya yapi kulingana na Zoezi la 5(B)?::Kati ya maneno hamsini na sitini (50-60).,
2023-JSS015-DRS V,Kuwasilisha hoja kwa mazungumzo na kwa maandishi kulingana na muktadha,Kuonesha stadi za awali za ubunifu wa kazi mbalimbali za Kiswahili,Kutunga maigizo rahisi na mafupi kwa kuzingatia kanuni,Kusoma igizo la Maskini Tukutu na kutambua vipengele vyake,3,Maswali na majibu,Kuwaongoza Wanafunzi,"Mwanafunzi ataweza kusoma igizo Maskini Tukutu! na kutambua vipengele vyake kama wahusika, kiongozi na maelekezo ya matendo.",Kitabu cha mwanafunzi|Ubao,"TET(2023), KISWAHILI, KITABU CHA MWANAFUNZI, DARASA LA TANO, TET, DAR ES SALAAM","Igizo ni matini inayoonesha matukio kwa njia ya mazungumzo ya wahusika, ikiwa na kiongozi anayetambulisha hadithi na pazia linaloashiria mwanzo na mwisho wa onesho.","Katika igizo Maskini Tukutu!, kiongozi hutambulisha hadithi mwanzoni, wahusika kama Mama, Mwalimu, Kisa, Kiduku na Shauri hujibizana, na maneno yaliyo ndani ya mabano huelekeza matendo ya wahusika kama vile Tukutu anakubali kuamka.","Kwa mfano, mabano yanayosomeka Anamkwida na kutaka kumnyang'anya begi la shule yanamwelekeza mwigizaji wa Kiduku kufanya tendo hilo bila kulisema kwa sauti.",Mwanafunzi anaweza kutambua vipengele hivi anaposhuhudia maigizo shuleni au televisheni na kuelewa jinsi yanavyoandaliwa.,"Igizo Maskini Tukutu! linahusu mtoto mwenye tabia gani?::Linahusu mtoto mtukutu asiyewasikiliza wazazi, walimu na wanafunzi wenzake.||Kazi ya kiongozi mwanzoni mwa igizo ni ipi?::Kutambulisha wahusika na kueleza kwa ufupi igizo litakalofuata.||Maneno yaliyo ndani ya mabano katika igizo yana kazi gani?::Huelekeza matendo au hisia za wahusika badala ya maneno wanayosema.||Pazia hufunguliwa na kufungwa lini katika igizo?::Hufunguliwa mwanzoni mwa onesho na kufungwa mwisho wa kila tukio kuu.",
2023-JSS015-DRS V,Kuwasilisha hoja kwa mazungumzo na kwa maandishi kulingana na muktadha,Kuonesha stadi za awali za ubunifu wa kazi mbalimbali za Kiswahili,Kutunga maigizo rahisi na mafupi kwa kuzingatia kanuni,Kutambua kanuni za utunzi wa igizo,3,Majadiliano,Kuwaongoza Wanafunzi,Mwanafunzi ataweza kueleza kanuni muhimu zinazozingatiwa katika utunzi wa igizo na tofauti yake na hadithi.,Kitabu cha mwanafunzi|Ubao|Chati ya kanuni za igizo,"TET(2023), KISWAHILI, KITABU CHA MWANAFUNZI, DARASA LA TANO, TET, DAR ES SALAAM","Utunzi wa igizo huzingatia kanuni maalumu tofauti na hadithi, kama kuwa na wahusika wanaozungumza moja kwa moja badala ya msimulizi.","Tofauti na hadithi inayosimuliwa na msimulizi mmoja, igizo huandikwa kwa mazungumzo ya moja kwa moja ya wahusika, huwa na maelekezo ya matendo ndani ya mabano, na huwa na mwanzo wa pazia kufunguliwa, kati na mwisho wa pazia kufungwa unaobeba fundisho.","Katika igizo hili, fundisho linapatikana mwishoni pale Shauri anapomshauri Tukutu aanze kusoma kwa bidii, likionesha kanuni ya kuwa na fundisho la maadili mwishoni mwa igizo.",Mwanafunzi anaweza kutumia kanuni hizi anapopanga maigizo mafupi ya kuelimisha wenzake kuhusu tabia njema shuleni.,"Taja tofauti moja kati ya igizo na hadithi.::Igizo huandikwa kwa mazungumzo ya moja kwa moja ya wahusika, ilhali hadithi husimuliwa na msimulizi.||Igizo zuri linapaswa kuwa na fundisho gani mwishoni?::Fundisho la kimaadili linalowafunza watazamaji au wasomaji.||Kanuni gani inatumika kuonesha matendo ya wahusika katika maandishi ya igizo?::Kutumia mabano kuelekeza matendo au hisia za wahusika.||Fundisho la igizo Maskini Tukutu! ni lipi?::Kuwasikiliza wazazi, walimu na kusoma kwa bidii huepusha madhara katika maisha.",
2023-JSS015-DRS V,Kuwasilisha hoja kwa mazungumzo na kwa maandishi kulingana na muktadha,Kuonesha stadi za awali za ubunifu wa kazi mbalimbali za Kiswahili,Kutunga maigizo rahisi na mafupi kwa kuzingatia kanuni,Kutunga igizo fupi lenye wahusika watano hadi kumi kwa kuzingatia kanuni,5,Kazimradi,Kuwaongoza Wanafunzi,Mwanafunzi ataweza kutunga igizo fupi lenye wahusika kati ya watano na kumi kwa kuzingatia kanuni za utunzi wa igizo.,Daftari|Kalamu|Chati ya kanuni za igizo,"TET(2023), KISWAHILI, KITABU CHA MWANAFUNZI, DARASA LA TANO, TET, DAR ES SALAAM","Kutunga igizo kunahitaji mwandishi kubuni wahusika, mazungumzo yao na maelekezo ya matendo kwa kuzingatia kanuni za igizo alizojifunza.","Mwanafunzi hubuni wahusika kati ya watano na kumi, huweka jina la kiongozi wa kutambulisha igizo, huandika mazungumzo ya wahusika kwa mfuatano wa matukio, na kuweka fundisho mwishoni, huku yeye mwenyewe akiwa mhusika mkuu kama zoezi linavyoelekeza.","Kwa mfano, mwanafunzi anaweza kutunga igizo kuhusu umuhimu wa usafi shuleni akijumuisha wahusika kama mwalimu, wanafunzi na kiranja, akitumia mabano kuonesha matendo kama anafagia darasa.",Mwanafunzi anaweza kutumia igizo alilolitunga kufundisha wenzake au familia yake tabia njema kwa njia ya burudani.,Igizo linalotungwa katika zoezi hili linapaswa kuwa na wahusika wangapi?::Kati ya wahusika watano na kumi.||Ni nani anayepaswa kuwa mhusika mkuu wa igizo kulingana na maelekezo ya zoezi?::Mwanafunzi mwenyewe.||Taja kitu kimoja muhimu kinachopaswa kuwepo mwishoni mwa igizo lolote.::Fundisho linalowafunza watazamaji au wasomaji.||Mabano hutumika kwa kazi gani wakati wa kutunga igizo?::Kuonesha matendo au hisia za wahusika badala ya maneno wanayosema.||Kwa nini ni muhimu kupanga mazungumzo ya wahusika kwa mfuatano wa matukio?::Ili igizo lieleweke vizuri na liwe na mtiririko mzuri wa hadithi.,
2023-JSS015-DRS V,Kuwasilisha hoja kwa mazungumzo na kwa maandishi kulingana na muktadha,Kuonesha stadi za awali za ubunifu wa kazi mbalimbali za Kiswahili,Kuigiza michezo sahili,Kuigiza sehemu ya utangulizi wa igizo,3,Igizodhima,Kuwaongoza Wanafunzi,Mwanafunzi ataweza kuigiza sehemu ya utangulizi wa igizo akijitambulisha kama mhusika na kuvutia watazamaji.,Kadi za wahusika|Kitabu cha mwanafunzi|Ubao,"TET(2023), KISWAHILI, KITABU CHA MWANAFUNZI, DARASA LA TANO, TET, DAR ES SALAAM",Uigizaji wa sehemu ya utangulizi wa igizo huhusisha kiongozi kuwatambulisha wahusika na kuwakaribisha watazamaji kabla ya pazia kufunguliwa kikamilifu.,"Katika igizo Maskini Tukutu!, kiongozi husema maneno ya kutambulisha hadithi, kisha waigizaji wote husema kwa pamoja maneno ya kuwakaribisha watazamaji, na watazamaji hujibu kwa makofi, vigelegele na mbinja.","Wanafunzi wanaigiza sehemu hii kwa kubadilishana majukumu ya kiongozi na waigizaji wengine, wakizingatia sauti na miondoko inayolingana na hisia za tukio.","Mwanafunzi hutumia ujasiri na sauti ya kujiamini anapowasilisha kitu mbele ya hadhira shuleni, kama vile kuongoza kipindi cha maadhimisho.","Kiongozi wa igizo hufanya kazi gani mwanzoni mwa onesho?::Huwatambulisha wahusika na kueleza kwa ufupi igizo litakalofuata.||Watazamaji hujibuje baada ya kukaribishwa na waigizaji?::Hupiga makofi, vigelegele na mbinja.||Kwa nini ni muhimu kuigiza kwa sauti na miondoko inayoendana na hisia za tukio?::Ili kuwavutia na kuwafanya watazamaji waelewe vizuri ujumbe wa igizo.||Taja jambo moja unalopaswa kuzingatia unapoigiza sehemu ya utangulizi wa igizo.::Kuzungumza kwa sauti ya wazi na kujiamini ili watazamaji wasikie na kuelewa.",
2023-JSS015-DRS V,Kuwasilisha hoja kwa mazungumzo na kwa maandishi kulingana na muktadha,Kuonesha stadi za awali za ubunifu wa kazi mbalimbali za Kiswahili,Kuigiza michezo sahili,Kuigiza matukio ya igizo la Maskini Tukutu kwa kubadili sauti na hisia,4,Igizo,Kuwaongoza Wanafunzi,Mwanafunzi ataweza kuigiza matukio ya igizo Maskini Tukutu! akibadilisha sauti na hisia kulingana na wahusika mbalimbali.,Kadi za wahusika|Kitabu cha mwanafunzi|Ubao,"TET(2023), KISWAHILI, KITABU CHA MWANAFUNZI, DARASA LA TANO, TET, DAR ES SALAAM","Kuigiza kwa ufanisi kunahitaji mwigizaji kubadili sauti na hisia kulingana na mhusika anayemwigiza, kama vile sauti ya wasiwasi ya Mama, hasira ya Mwalimu na ujanja wa Kiduku.","Kwa mfano, mwigizaji wa Mama anatumia sauti ya wasiwasi anapomwuliza Tukutu kwa nini amebadilika, mwigizaji wa Mwalimu anatumia sauti ya mamlaka anapomfokea Tukutu ofisini, na mwigizaji wa Kiduku anatumia sauti ya ujanja anapomdanganya Tukutu.","Wanafunzi wanaigiza tukio la Kiduku kumpiga na kumnyang'anya Tukutu begi, wakionesha hisia za maumivu na woga kwa Tukutu na ukatili kwa Kiduku, kisha tukio la Shauri kumsaidia Tukutu kwa huruma.",Mwanafunzi anatumia ujuzi wa kubadili sauti na hisia anapoigiza matukio ya kila siku au anapowasimulia wenzake matukio kwa uhalisia zaidi.,Mwigizaji wa Mama anatumia sauti ya aina gani anapomwuliza Tukutu kwa nini amebadilika?::Sauti ya wasiwasi na mshangao.||Kiduku alimtendea nini Tukutu kwenye kichochoro?::Alimpiga mateke na vichwa na kumnyang'anya begi lake la shule.||Ni nani aliyemsaidia Tukutu baada ya kuachwa amelala kichochoroni?::Shauri.||Kwa nini ni muhimu kubadili sauti na hisia unapoigiza wahusika tofauti?::Ili kuonesha hisia halisi za kila mhusika na kuufanya uigizaji uwe wa kweli zaidi.,
2023-JSS015-DRS V,Kuwasilisha hoja kwa mazungumzo na kwa maandishi kulingana na muktadha,Kuonesha stadi za awali za ubunifu wa kazi mbalimbali za Kiswahili,Kuigiza michezo sahili,Kuigiza matendo mbalimbali yanayotumika katika maigizo,4,Mchezo,Kuwaongoza Wanafunzi,Mwanafunzi ataweza kuigiza matendo mbalimbali kwa kutumia mwili na sura kuonesha maana ya kila tendo kwa usahihi.,Kadi za maneno ya matendo|Ubao,"TET(2023), KISWAHILI, KITABU CHA MWANAFUNZI, DARASA LA TANO, TET, DAR ES SALAAM","Kuigiza matendo ni kutumia mwili, uso na miondoko kuonesha maana ya tendo fulani bila kutamka maneno mengi.","Wanafunzi hugawanywa vikundi na kupewa maneno ya matendo kama kurupuka, tetemeka, koroga, punga, nyata, furahia, kasirika, fikiri na kwepa, kisha kila kikundi huigiza tendo hilo mbele ya darasa huku wenzao wakikisia ni tendo lipi.","Kwa mfano, mwanafunzi anayeigiza tetemeka hutikisa mwili wake kama mtu mwenye baridi kali, na anayeigiza nyata hutembea kimya kimya na taratibu bila kuonekana.",Mwanafunzi hutumia stadi hii anapoigiza hisia au matendo mbalimbali katika michezo ya kuigiza pamoja na wenzake nje ya darasa.,Unaigizaje tendo la tetemeka?::Kwa kutikisa mwili kuonesha hali ya baridi au hofu kali.||Tendo la nyata huigizwaje?::Kwa kutembea kimya kimya na taratibu bila kusikika.||Taja matendo mawili yanayohusiana na hisia za furaha au hasira kutoka kwenye zoezi hili.::Furahia na kasirika.||Kwa nini uigizaji wa matendo ni muhimu katika sanaa ya maigizo?::Husaidia kuwasilisha ujumbe na hisia bila kutegemea maneno pekee.,
