subject_version_code,main_competence_name,specific_competence_name,learning_activity_name,sla_name,sla_periods,sla_method,sla_leading,sla_assessment_criteria,sla_teaching_aids,sla_references,sla_notes_intro,sla_notes_details,sla_notes_illustrations,sla_notes_daily_life,sla_exercise,sla_diagram_type
2023-JSS033-Kidato I,Master basic Chinese language skills,"Develop awareness of Chinese phonemes, initial, final, tone and characters",Listen to different Chinese words while paying attention to Correct tones,Hearing Chinese tones,16,Modeling and Games and songs,Guiding the students,Different Chinese words are listened to while paying attention to Correct tones.,Recorded text|Written materials|Downloaded videos from YouTube that show tongue twisters etc,"TET(2023), CHINESE LANGUAGE SYLLABUS FOR ORDINARY SECONDARY EDUCATION, TET, DAR ES SALAAM","Chinese is a tonal language, so the pitch contour of a syllable changes its meaning. In this lesson learners listen to single words and short pairs and decide which tone they heard.","Standard Mandarin (Putonghua) has four tones plus a neutral tone. Tone 1 is high and level (ˉ), tone 2 rises like a question (ˊ), tone 3 falls and then rises (ˇ) and tone 4 falls sharply (ˋ). A neutral tone is short and light and carries no mark. Teachers model initials and finals from cards (b p m f, a o e i u ü) and learners imitate them, then listen to recorded words and raise a hand or hold up a tone card (1 to 4) for the tone they hear. The tone mark is placed on the main vowel of the final: the order of priority is a, then o or e, and for iu and ui it goes on the second vowel.","The syllable ma changes meaning with each tone: mā 妈 (mother), má 麻 (hemp), mǎ 马 (horse), mà 骂 (to scold), and ma 吗 (question particle, neutral tone). The teacher says mǎ and learners hold up card 3; the teacher says shū 书 (book) and learners hold up card 1.","Using the wrong tone can change what you mean, for example asking for 马 (horse) instead of 妈 (mother). Careful listening helps learners follow Chinese songs, greetings and instructions from Chinese friends, tutors or business partners.","Name the four tones of Mandarin and describe the shape of each.::Tone 1 is high and level, tone 2 rises, tone 3 falls then rises, and tone 4 falls sharply. There is also a light neutral tone.||Which tone does mǎ 马 (horse) carry?::It carries the third tone (falling then rising).||Give the pinyin with tone marks for 妈 (mother) and 骂 (to scold).::妈 is mā (tone 1) and 骂 is mà (tone 4).",
2023-JSS033-Kidato I,Master basic Chinese language skills,"Develop awareness of Chinese phonemes, initial, final, tone and characters",Participate in simple conversation while observing Correct tones,Using tones in simple conversation,16,Mnemonic method and Tone color,Guiding the students,Correct tones are observed while participating in simple conversation.,Recorded text|Written materials|Downloaded videos from YouTube that show tongue twisters etc,"TET(2023), CHINESE LANGUAGE SYLLABUS FOR ORDINARY SECONDARY EDUCATION, TET, DAR ES SALAAM",Learners practise saying short greetings in pairs while paying attention to the correct tone of each syllable. Accurate tones make the speaker understood the first time.,"Before speaking, learners memorise each tone with a memory aid such as a hand gesture drawn in the air (flat hand for tone 1, rising hand for tone 2, dipping hand for tone 3, chopping hand for tone 4). Simple dialogues are rehearsed slowly and then at natural speed. Basic greeting patterns are 你好 nǐ hǎo (hello), 你叫什么名字? nǐ jiào shénme míngzi? (what is your name?), 我叫... wǒ jiào ... (my name is ...), 你好吗? nǐ hǎo ma? and 我很好 wǒ hěn hǎo (I am fine). Learners note that two third tones in a row change: 你好 is pronounced ní hǎo.","Pair work. A: 你好! Nǐ hǎo! B: 你好! 你叫什么名字? Nǐ hǎo! Nǐ jiào shénme míngzi? A: 我叫阿里。Wǒ jiào Ālǐ. B: 你好吗? Nǐ hǎo ma? A: 我很好,谢谢。Wǒ hěn hǎo, xièxie. Each partner checks that the tones are correct.","Polite greetings in correct tones let learners talk with Chinese visitors, tourists and investors, and make a good first impression.","How do you say 'hello' in Chinese, with pinyin?::你好 nǐ hǎo.||How is 你好 actually pronounced when two third tones meet?::The first third tone becomes a rising tone, so it sounds like ní hǎo.||Answer this question in Chinese: 你叫什么名字?::我叫 (your name), for example 我叫阿里 (wǒ jiào Ālǐ).",
2023-JSS033-Kidato I,Master basic Chinese language skills,"Develop awareness of Chinese phonemes, initial, final, tone and characters",Read Chinese words in pinyin while observing Correct tones,Reading pinyin words with correct tones,16,Mnemonic method and Games and Songs,Guiding the students,Correct tones are observed while reading Chinese words in pinyin.,Recorded text|Written materials|Downloaded videos from YouTube that show tongue twisters etc,"TET(2023), CHINESE LANGUAGE SYLLABUS FOR ORDINARY SECONDARY EDUCATION, TET, DAR ES SALAAM",Hanyu pinyin is the Roman-letter system used to spell the sounds of Chinese. Learners read pinyin words aloud and give every syllable its tone.,"A pinyin syllable is made up of an initial (声母), a final (韵母) and a tone (声调). Examples: b + ā = bā, x + ué = xué. Some syllables have no initial, such as ā or ài. Learners read from the tone marks: mā, má, mǎ, mà. When i is written with a tone mark the dot is dropped (nǐ). Syllables are joined to make words, for example xué + xiào = xuéxiào 学校 (school) and lǎo + shī = lǎoshī 老师 (teacher). Reading is practised first with the teacher, then in chorus, then individually.","Reading a word list on the board: shū (书, book), bǐ (笔, pen), lǎoshī (老师, teacher), xuésheng (学生, student), jiàoshì (教室, classroom). The learner reads each word, names the tone of every syllable and the class checks.","Pinyin is the key to typing Chinese on phones and computers, looking up words in dictionaries and reading street signs and product labels in China.","What three parts make up a pinyin syllable?::An initial, a final and a tone.||Read and give the tone numbers of 老师 lǎoshī.::lǎo is tone 3 and shī is tone 1.||What does 学校 xuéxiào mean?::It means school.",
2023-JSS033-Kidato I,Master basic Chinese language skills,"Develop awareness of Chinese phonemes, initial, final, tone and characters",Write Chinese words in pinyin while observing the correct tones,Writing pinyin with correct tone marks,16,Labeling and Field trips and real-life experiences,Guiding the students,Correct tones are observed while writing Chinese words in pinyin.,Recorded text|Written materials|Downloaded videos from YouTube that show tongue twisters etc,"TET(2023), CHINESE LANGUAGE SYLLABUS FOR ORDINARY SECONDARY EDUCATION, TET, DAR ES SALAAM",Learners write Chinese words in pinyin and put each tone mark in the right place. Careful writing makes reading and later typing easier.,"Tone marks are written above the main vowel of the final. Rules: if there is an a, mark the a (hǎo, bāo); if there is no a but there is o or e, mark that (gōu, měi); in iu and ui the mark goes on the last vowel (liú, huí); a single vowel takes the mark itself (nǐ, shū). Where the mark falls on i, the dot is replaced by the mark. The vowel ü is written u after j, q, x and y (jù, qù) but stays ü after n and l (nǚ, lǜ). Words are written in lower case, syllables of one word are joined, and the first letter of a name or sentence is capitalised (Tǎnsāngníyà).","Dictation. The teacher says 你好, 谢谢, 老师, 学校 and learners write nǐ hǎo, xièxie, lǎoshī, xuéxiào with the correct marks. Then they swap books and mark each other's work, pointing out the position of every tone mark.","Writing correct pinyin helps learners text Chinese friends, type their names and label items in Chinese.",On which vowel does the tone mark go in hǎo?::On the vowel a.||Write 'thank you' in pinyin with tone marks.::xièxie.||Write pinyin for the word 老师 (teacher).::lǎoshī.,
2023-JSS033-Kidato I,Master basic Chinese language skills,"Develop awareness of Chinese phonemes, initial, final, tone and characters",Write Chinese characters with 9-11 strokes,Writing Chinese characters of 9 to 11 strokes,16,Labeling and Field trips and real-life experiences,Guiding the students,Chinese characters with 9-11 strokes are written.,Recorded text|Written materials|Downloaded videos from YouTube that show tongue twisters etc,"TET(2023), CHINESE LANGUAGE SYLLABUS FOR ORDINARY SECONDARY EDUCATION, TET, DAR ES SALAAM",A Chinese character is built from strokes written in a fixed order and direction. Learners write characters that have between nine and eleven strokes.,"Basic strokes are héng 一 (horizontal), shù 丨 (vertical), piě 丿 (left-falling), nà 丶 (right-falling or dot) and zhé 乛 (turning). Stroke order rules: top to bottom, left to right, horizontal before vertical when they cross, left-falling before right-falling, outside before inside, and close a box last. Counting strokes helps to look up characters in a dictionary. Characters are written in a square grid (田字格, tiánzìgé) so that proportions are correct. Learners trace, copy and then write from memory characters such as 是 (9 strokes), 很 (9), 高 (10), 家 (10), 校 (10), 教 (11) and 常 (11).","Using a tianzige sheet, the learner writes 校 (xiào, school) in ten strokes: 木 first (four strokes) and then 交 (six strokes), left part before right part. The learner counts aloud, checks the total is ten and compares it with the model.","Correct handwriting is needed to write your name and short messages in Chinese, and to read handwritten notes and signs.","How many strokes does 校 have?::Ten strokes.||State the rule for the order in which a horizontal and a vertical stroke are written when they cross.::The horizontal stroke is written first, then the vertical stroke.||Give two characters with 10 strokes.::Examples are 高 (gāo, tall or high) and 家 (jiā, home).",
2023-JSS033-Kidato I,Master basic Chinese language skills,Master the correct Chinese vocabulary in various contexts,Write new words associated with the school environment,Writing school vocabulary,10,Labeling and Field trips and real-life experiences,Guiding the students,New words associated with the school environment are written.,Pictures of the school environment|Downloaded materials|ICT tools|Real objects,"TET(2023), CHINESE LANGUAGE SYLLABUS FOR ORDINARY SECONDARY EDUCATION, TET, DAR ES SALAAM","Vocabulary about the school environment is one of the first sets of words learners need. They write the characters, the pinyin and the English meaning.","Key words: 学校 xuéxiào (school), 老师 lǎoshī (teacher), 学生 xuésheng (student), 同学 tóngxué (classmate), 教室 jiàoshì (classroom), 书 shū (book), 笔 bǐ (pen), 本子 běnzi (exercise book), 书包 shūbāo (school bag), 桌子 zhuōzi (desk), 椅子 yǐzi (chair), 黑板 hēibǎn (blackboard), 操场 cāochǎng (playground). Learners label objects in the classroom with paper tags showing character, pinyin and picture, and copy them into a vocabulary notebook. Measure words are introduced with nouns: 一本书 yì běn shū (one book), 一支笔 yì zhī bǐ (one pen).","Labelling activity. Groups walk around the classroom and stick tags on objects: 黑板 hēibǎn on the board, 桌子 zhuōzi on a desk, 门 mén on the door. Each group reads its tags aloud and writes the list in pinyin.",Knowing school words lets learners follow classroom instructions in Chinese and introduce their school to Chinese visitors or partner-school pupils.,"What is 老师 in English?::Teacher.||How do you write 'desk' in Chinese and pinyin?::桌子, zhuōzi.||Give the Chinese word for 'classroom'.::教室 (jiàoshì).",
2023-JSS033-Kidato I,Master basic Chinese language skills,Master the correct Chinese vocabulary in various contexts,Construct simple oral sentences using new words associated with the school environment,Speaking sentences about school,10,Role-playing and Collaborative activities,Guiding the students,Simple oral sentences using new words associated with the school environment are constructed.,Pictures of the school environment|Downloaded materials|ICT tools|Real objects,"TET(2023), CHINESE LANGUAGE SYLLABUS FOR ORDINARY SECONDARY EDUCATION, TET, DAR ES SALAAM","Learners use the new school words to say short, correct sentences. They start by repeating a model and then create their own.","A basic sentence pattern is Subject + Verb + Object. Useful patterns: 这是... zhè shì ... (this is ...), 那是... nà shì ... (that is ...), 我有... wǒ yǒu ... (I have ...), 他是... tā shì ... (he is ...), plus the question particle 吗 for yes/no questions and the negative 不 or 没. Learners substitute words into frames in role-play and collaborative activities, for example 这是我的书 zhè shì wǒ de shū (this is my book) and 他不是老师 tā bú shì lǎoshī (he is not a teacher). Note that 不 becomes bú before a fourth tone.",Role play. Learner A holds up a pen and asks 这是什么? Zhè shì shénme? Learner B answers 这是笔。Zhè shì bǐ. A asks 你有书吗? Nǐ yǒu shū ma? and B answers 我有书。Wǒ yǒu shū.,Talking about school objects in Chinese helps learners take part in exchange visits and school clubs with Chinese-speaking friends.,Translate 'This is my book' into Chinese.::这是我的书 (zhè shì wǒ de shū).||What does 你有书吗? mean?::It means 'Do you have a book?'||Why is 不是 pronounced bú shì?::Because 不 changes from bù to bú before a fourth-tone syllable.,
2023-JSS033-Kidato I,Master basic Chinese language skills,Master the correct Chinese vocabulary in various contexts,Write simple sentences using new words associated with the school environment,Writing sentences about school,10,Interactive games,Guiding the students,Simple sentences using new words associated with the school environment are written.,Pictures of the school environment|Downloaded materials|ICT tools|Real objects,"TET(2023), CHINESE LANGUAGE SYLLABUS FOR ORDINARY SECONDARY EDUCATION, TET, DAR ES SALAAM","Learners write short, complete sentences using school vocabulary, with characters and pinyin, and end each with proper punctuation.","A written sentence starts with the subject and ends with a full stop 。 Chinese punctuation takes a full-width form: 。 (full stop), ， (comma), ？ (question mark) and ！ (exclamation mark), and each occupies one character space. Learners build sentences from word cards, then copy and write them in the tianzige exercise book. Simple sentences: 我是学生 wǒ shì xuésheng (I am a student), 这是教室 zhè shì jiàoshì (this is the classroom), 老师有书 lǎoshī yǒu shū (the teacher has a book). Games such as word searches and crosswords consolidate spelling.","The teacher gives the words 我, 的, 老师, 是, 数学 and learners arrange them to form 我的老师是数学老师。Wǒ de lǎoshī shì shùxué lǎoshī. (My teacher is a mathematics teacher.) They write it in characters and pinyin.","Writing simple sentences lets learners write name tags, notes to classmates and short messages in Chinese.",Write 'I am a student' in Chinese and pinyin.::我是学生。Wǒ shì xuésheng.||Which punctuation mark ends a question in Chinese?::The question mark ？||Arrange to form a sentence: 教室 / 这 / 是::这是教室。Zhè shì jiàoshì.,
2023-JSS033-Kidato I,Master basic Chinese language skills,Develop the use of appropriate grammar and vocabulary in conversation and writing,"Use directional noun such as in front of, and behind to express locations",Expressing location with directional nouns,10,Role-Playing Exercises,Guiding the students,Locations are expressed by using directional nouns such as in front of and behind.,ICT tools|Pictures|Games|Flash cards,"TET(2023), CHINESE LANGUAGE SYLLABUS FOR ORDINARY SECONDARY EDUCATION, TET, DAR ES SALAAM",Directional nouns such as front and behind tell where a person or thing is. Learners use them with the verb 在 (to be at).,"Common directional words: 上边 shàngbian (above), 下边 xiàbian (below), 前边 qiánbian (in front of), 后边 hòubian (behind), 左边 zuǒbian (left), 右边 yòubian (right), 里边 lǐbian (inside), 外边 wàibian (outside), 旁边 pángbiān (beside). Pattern: Thing + 在 + Place + Direction word, e.g. 书在桌子上边 shū zài zhuōzi shàngbian (the book is on the desk). Asking: ...在哪儿? ... zài nǎr? (where is ...?). Pairs practise placing objects and describing them.",The teacher places a pen in front of a bag. Question: 笔在哪儿? Bǐ zài nǎr? Answer: 笔在书包前边。Bǐ zài shūbāo qiánbian. (The pen is in front of the bag.) Moving the pen behind the bag changes the answer to 后边.,Directions help learners say where things are at home and school and follow simple directions from Chinese speakers.,Translate 'behind' and 'in front of' into Chinese.::后边 (hòubian) and 前边 (qiánbian).||Say in Chinese: The book is on the desk.::书在桌子上边。Shū zài zhuōzi shàngbian.||What does 老师在哪儿? ask?::It asks 'Where is the teacher?',
2023-JSS033-Kidato I,Master basic Chinese language skills,Develop the use of appropriate grammar and vocabulary in conversation and writing,"Use conjunctions such as and, and but to construct simple oral sentences",Joining ideas with conjunctions (speaking),10,Role-playing,Guiding the students,"Simple oral sentences are constructed by using conjunctions such as and, and but.",ICT tools|Pictures|Games|Flash cards,"TET(2023), CHINESE LANGUAGE SYLLABUS FOR ORDINARY SECONDARY EDUCATION, TET, DAR ES SALAAM",Conjunctions link words and clauses. Learners use 和 and 但是 to build simple spoken sentences.,"和 hé (and) joins nouns or pronouns, not whole clauses: 我和你 wǒ hé nǐ (you and I), 苹果和香蕉 píngguǒ hé xiāngjiāo (apples and bananas). 但是 dànshì or 可是 kěshì (but) joins two clauses with a contrast: 我喜欢茶,但是他喜欢咖啡 wǒ xǐhuan chá, dànshì tā xǐhuan kāfēi (I like tea but he likes coffee). In role play, learners give two opposite preferences and link them. The other conjunctions 因为 yīnwèi (because) and 所以 suǒyǐ (so) are previewed with easy examples.","Role play about food. A: 你喜欢米饭吗? B: 我喜欢米饭,但是我不喜欢鱼。Wǒ xǐhuan mǐfàn, dànshì wǒ bù xǐhuan yú. (I like rice, but I do not like fish.)","Linking ideas lets learners describe what they like, compare things and speak more naturally.","Translate 'You and I' into Chinese.::你和我 (nǐ hé wǒ) or 我和你 (wǒ hé nǐ).||What does 但是 mean?::It means 'but'.||Complete: 我喜欢书,___ 我不喜欢笔。::但是 (dànshì).",
2023-JSS033-Kidato I,Master basic Chinese language skills,Develop the use of appropriate grammar and vocabulary in conversation and writing,"Write simple sentences using conjunctions such as and, and but",Joining ideas with conjunctions (writing),10,Real-life examples and Writing Practice Sheets,Guiding the students,"Simple sentences using conjunction such as and, and but are written.",ICT tools|Pictures|Games|Flash cards,"TET(2023), CHINESE LANGUAGE SYLLABUS FOR ORDINARY SECONDARY EDUCATION, TET, DAR ES SALAAM",Learners write simple sentences that use the conjunctions 和 and 但是 with correct characters and punctuation.,"In writing, a comma ， is put before 但是: 我有书，但是没有笔。 (I have a book but I have no pen.) The word 和 does not take a comma. Learners note that the negative of 有 is 没有 méiyǒu. Steps: choose two ideas, decide if they agree (use 和) or contrast (use 但是), write the sentence, add punctuation and check the characters against the vocabulary list. Real-life examples from learners' own bags and desks make the sentences meaningful.","The learner writes: 我的书包里有书和笔。Wǒ de shūbāo lǐ yǒu shū hé bǐ. (In my bag there are books and pens.) 我有笔，但是没有本子。Wǒ yǒu bǐ, dànshì méiyǒu běnzi. (I have a pen but no exercise book.)",Writing linked sentences prepares learners for writing simple notes and messages to Chinese-speaking friends.,Write in Chinese: I have a book and a pen.::我有书和笔。Wǒ yǒu shū hé bǐ.||Where does the comma go in 我有书但是没有笔?::Before 但是: 我有书，但是没有笔。||How do you say 'do not have' in Chinese?::没有 (méiyǒu).,
2023-JSS033-Kidato I,Demonstrate understanding of information in conversation and writing,Develop the ability to listen and understand information,Practice pronunciation of words from oral and audio/visual sources,Practising pronunciation from audio,4,Repeat what you hear and Listen for tone and intonation,Guiding the students,Pronunciation of words from oral and audio/visual sources is practised.,Downloaded video or audio related to learning contents|ICT tools,"TET(2023), CHINESE LANGUAGE SYLLABUS FOR ORDINARY SECONDARY EDUCATION, TET, DAR ES SALAAM","Learners listen to Chinese words on audio or video and repeat them, working on initials, finals and tones.","Method: the teacher plays a word, learners repeat in chorus, then in groups, then individually. Attention is paid to difficult sounds for Swahili and English speakers: the aspirated and unaspirated pairs b/p, d/t, g/k, the retroflex zh, ch, sh, r, and the palatals j, q, x. Note that in pinyin j sounds like a soft 'j', q like 'ch' with a puff of air, and x like 'sh' made with the tongue tip lowered. Learners listen for tone and intonation of the speaker and mark the tone on word lists.",Minimal pairs. The audio says bā 八 (eight) and pā 趴 (to lie prone); jī 鸡 (chicken) and qī 七 (seven); xī 西 (west) and shī 诗 (poem). Learners repeat each pair and say which one they heard.,Clear pronunciation makes learners easy to understand when they speak with Chinese people or use voice assistants and translation apps.,"Name two pairs of sounds that differ by aspiration.::For example b and p, d and t, or g and k.||How is 七 pronounced in pinyin?::qī (tone 1).||Why do learners listen to recordings more than once?::To hear the tone and pronunciation clearly and to imitate them accurately.",
2023-JSS033-Kidato I,Demonstrate understanding of information in conversation and writing,Develop the ability to listen and understand information,Listen and respond to simple instructions,Responding to simple instructions,4,Field trips and real-life experiences,Guiding the students,Simple instructions are listened to and responded to.,Downloaded video or audio related to learning contents|ICT tools,"TET(2023), CHINESE LANGUAGE SYLLABUS FOR ORDINARY SECONDARY EDUCATION, TET, DAR ES SALAAM",Learners listen to short classroom instructions in Chinese and respond by doing the action.,"Common classroom instructions: 请坐 qǐng zuò (please sit), 请站起来 qǐng zhàn qǐlai (please stand up), 请安静 qǐng ānjìng (please be quiet), 请听 qǐng tīng (please listen), 请看黑板 qǐng kàn hēibǎn (please look at the board), 请打开书 qǐng dǎkāi shū (please open your book), 请读 qǐng dú (please read), 举手 jǔ shǒu (raise your hand), 请再说一遍 qǐng zài shuō yí biàn (please say it again). The word 请 qǐng makes a polite request. A field-trip activity (for example a visit to the school canteen) is used to practise instructions in a real setting.",Total physical response. The teacher says 请站起来 and learners stand; 请坐 and they sit; 请打开书 and they open their books; 请看黑板 and they look at the board.,"Understanding simple instructions helps learners follow directions at Chinese-language centres, in shops and when working with Chinese partners.",What does 请坐 mean?::Please sit down.||Give the Chinese for 'Please open your book'.::请打开书 (qǐng dǎkāi shū).||What does the word 请 add to an instruction?::It makes the request polite (please).,
2023-JSS033-Kidato I,Demonstrate understanding of information in conversation and writing,Develop the ability to listen and understand information,Listen and reproduce simple sentences,Listening and repeating simple sentences,4,Active Listening and Gallery work,Guiding the students,Simple sentences are listened and produced.,Downloaded video or audio related to learning contents|ICT tools,"TET(2023), CHINESE LANGUAGE SYLLABUS FOR ORDINARY SECONDARY EDUCATION, TET, DAR ES SALAAM","Learners listen to short Chinese sentences and repeat them accurately, keeping tone and rhythm.","Active listening steps: listen to the whole sentence, listen again and notice key words, repeat in chunks (my name / is / Ali), then repeat the whole sentence. Sentences should be short and about known topics, for example 我是学生 wǒ shì xuésheng, 我们是同学 wǒmen shì tóngxué, 她是我的老师 tā shì wǒ de lǎoshī. Rhythm groups are marked with slashes and stress falls on the last important word. Gallery work is used: sentences are placed on the walls and learners listen to audio at each station and repeat.","Audio: 我们是同学。Wǒmen shì tóngxué. (We are classmates.) The learner listens, repeats slowly wǒ-men / shì / tóng-xué and then at normal speed, and the teacher corrects tone 2 on tóng.","Being able to repeat what you hear is the first step towards conversation, singing Chinese songs and learning new words from native speakers.",How do you say 'We are classmates' in Chinese?::我们是同学 (wǒmen shì tóngxué).||What is the pronoun 她 (tā) in English?::She.||Why are long sentences repeated in chunks?::Chunking makes it easier to remember words and keep the tones right.,
2023-JSS033-Kidato I,Demonstrate understanding of information in conversation and writing,Develop the ability to read and understand various texts,Read and respond to instructions presented in a simple text,Reading and responding to written instructions,6,Reading for Comprehension Exercises,Guiding the students,Instructions presented in a simple text are read and responded.,ICT tools|Pictures|Games|Flash cards,"TET(2023), CHINESE LANGUAGE SYLLABUS FOR ORDINARY SECONDARY EDUCATION, TET, DAR ES SALAAM",Learners read short written instructions in a simple text and respond to them correctly.,"Written instructions contain verbs of command such as 请写 qǐng xiě (please write), 请读 qǐng dú (please read), 请回答 qǐng huídá (please answer), 请看图 qǐng kàn tú (look at the picture), 请连线 qǐng liánxiàn (match). Reading strategy: find the verb, find the object, and do the action. Learners underline the verb and the object, translate the instruction in their own words and carry it out. Comprehension exercises use short worksheets with pinyin above the characters.",Worksheet line: 请写你的名字。Qǐng xiě nǐ de míngzi. (Please write your name.) The learner underlines 写 (write) and 名字 (name) and writes their name. Next line: 请读句子。Qǐng dú jùzi. (Please read the sentence.),"Reading instructions is needed for using exam papers, textbooks, apps and labels written in Chinese.",What does 请写你的名字 ask you to do?::Please write your name.||What is 请读 in English?::Please read.||Which word in 请回答 means 'answer'?::回答 (huídá).,
2023-JSS033-Kidato I,Demonstrate understanding of information in conversation and writing,Develop the ability to read and understand various texts,Read a simple text and answer questions based on it,Reading a simple text and answering questions,6,Pre - reading strategies and Active reading,Guiding the students,Questions based on simple text are read and answered.,ICT tools|Pictures|Games|Flash cards,"TET(2023), CHINESE LANGUAGE SYLLABUS FOR ORDINARY SECONDARY EDUCATION, TET, DAR ES SALAAM",Learners read a short text in Chinese and answer questions on its content.,"Pre-reading: look at the title and pictures and predict. While reading: scan the headings, find the key words and read the text twice. Post-reading: answer who, what, where questions using question words 谁 shéi (who), 什么 shénme (what), 哪儿 nǎr (where), 几 jǐ (how many), 吗 ma (yes/no). Answers are given in full sentences to practise word order. Active reading also involves underlining new words and adding them to the vocabulary book.","Text: 我叫玛丽。我是学生。我的学校很大。Wǒ jiào Mǎlì. Wǒ shì xuésheng. Wǒ de xuéxiào hěn dà. (My name is Mary. I am a student. My school is big.) Q: 玛丽是老师吗? A: 玛丽不是老师,她是学生。","Reading and answering questions is the basis for comprehension in exams and for understanding notices, news and messages.","What is the question word for 'what' in Chinese?::什么 (shénme).||Answer: 玛丽是学生吗? (Mary is a student, isn't she?)::是,玛丽是学生。(Yes, Mary is a student.)||What does 我的学校很大 mean?::My school is big.",
2023-JSS033-Kidato I,Demonstrate understanding of information in conversation and writing,Show the right response in various communicative contexts,Listen and respond to complex orders given in a school setting,Responding to complex spoken orders in school,10,Practice Exercises,Guiding the students,Complex orders given in a school setting are listened and responded.,ICT tools|Pictures|Games|Flash cards,"TET(2023), CHINESE LANGUAGE SYLLABUS FOR ORDINARY SECONDARY EDUCATION, TET, DAR ES SALAAM",Learners listen to longer orders with two or more steps in a school setting and carry them out in order.,"Complex orders combine actions with sequence words: 先...然后... xiān ... ránhòu ... (first ... then ...), and location words. Example: 请先打开书,然后读第五页 (please first open your book, then read page five). Learners practise with numbers 一 to 一百 and page or line numbers, for instance 第五页 dì wǔ yè (page five). Practice exercises use recorded orders and the teacher's live orders. Learners repeat the order to confirm before acting: 好的,我先... hǎo de, wǒ xiān ...","Order: 请你先把书放在桌子上,然后去黑板前边。Qǐng nǐ xiān bǎ shū fàng zài zhuōzi shàng, ránhòu qù hēibǎn qiánbian. The learner puts the book on the desk and then goes to the front of the board.","Following multi-step orders is useful in school, laboratories, workplaces and when someone gives directions.","What does 先...然后... express?::It expresses the order of actions: first ... then ...||Translate: 请先读,然后写。::Please read first, and then write.||How do you say 'page five' in Chinese?::第五页 (dì wǔ yè).",
2023-JSS033-Kidato I,Demonstrate understanding of information in conversation and writing,Show the right response in various communicative contexts,Participate in simple discussions on topics associated with the school environment,Discussing school topics,10,Group discussion and Field trip,Guiding the students,Simple discussions on topics associated with the school environment are participated in.,ICT tools|Pictures|Games|Flash cards,"TET(2023), CHINESE LANGUAGE SYLLABUS FOR ORDINARY SECONDARY EDUCATION, TET, DAR ES SALAAM","Learners join a simple discussion in Chinese on familiar school topics such as subjects, teachers and timetable.","Useful expressions: 你喜欢什么课? nǐ xǐhuan shénme kè? (what subject do you like?), 我喜欢数学 wǒ xǐhuan shùxué, 因为... yīnwèi ... (because ...), 我觉得... wǒ juéde ... (I think ...), 同意 tóngyì (agree), 不同意 bù tóngyì (disagree). Subject words: 汉语 Hànyǔ, 英语 Yīngyǔ, 数学 shùxué, 科学 kēxué, 历史 lìshǐ, 地理 dìlǐ. In group discussion each learner takes a turn, listens to others and adds one sentence. A news story about the school can serve as the topic.",Group of four. A: 你喜欢什么课? B: 我喜欢汉语。汉语很有意思。Wǒ xǐhuan Hànyǔ. Hànyǔ hěn yǒu yìsi. (Chinese is interesting.) C: 我喜欢数学。,Discussion skills help learners share opinions in school clubs and debate and communicate with Chinese exchange students.,Say 'I like mathematics' in Chinese.::我喜欢数学 (wǒ xǐhuan shùxué).||What does 同意 mean?::Agree.||Translate 你喜欢什么课?::What subject do you like?,
2023-JSS033-Kidato I,Demonstrate understanding of information in conversation and writing,Show the right response in various communicative contexts,Read and respond to complex orders given in a school setting,Reading and responding to written orders in school,10,Active Listening and Clarification of orders,Guiding the students,Complex orders given in a school setting are read and responded.,ICT tools|Pictures|Games|Flash cards,"TET(2023), CHINESE LANGUAGE SYLLABUS FOR ORDINARY SECONDARY EDUCATION, TET, DAR ES SALAAM",Learners read written orders of some length in the school setting and respond by acting or writing an answer.,"Written orders may appear on notice boards, worksheets or in class chat. Example verbs: 交 jiāo (hand in), 带 dài (bring), 准备 zhǔnbèi (prepare), 完成 wánchéng (finish), 检查 jiǎnchá (check). Steps: read the whole order, underline the verbs and the time or place words, clarify anything unclear by asking 请问,这是什么意思? qǐngwèn, zhè shì shénme yìsi? (excuse me, what does this mean?), and carry it out. Learners then reply in writing: 好的,我明天带书 hǎo de, wǒ míngtiān dài shū.","Notice: 明天请带汉语书和本子。Míngtiān qǐng dài Hànyǔ shū hé běnzi. (Tomorrow please bring your Chinese book and exercise book.) Reply: 好的,老师。Hǎo de, lǎoshī.","This skill helps learners understand school notices, homework instructions and group chat messages.","What does 带 mean?::To bring or carry.||Translate 明天 into English.::Tomorrow.||How do you ask 'What does this mean?' politely?::请问,这是什么意思? (qǐngwèn, zhè shì shénme yìsi?)",
2023-JSS033-Kidato I,Demonstrate understanding of information in conversation and writing,Develop the ability to read correctly various texts,"Read different words with the required speed, correct tone and pronunciation",Reading words aloud with speed and correct tone,4,Reading aloud and Read for Comprehension,Guiding the students,"Different words are read with the required speed, correct tone and pronunciation.",ICT tools|Pictures|Games|Flash cards,"TET(2023), CHINESE LANGUAGE SYLLABUS FOR ORDINARY SECONDARY EDUCATION, TET, DAR ES SALAAM","Learners read Chinese words aloud at a natural pace, pronouncing every syllable and tone accurately.","Reading aloud develops fluency. Steps: teacher models, class reads together, small groups read, then individuals read. Speed increases gradually: start slowly to get the tones right, then increase to a natural rate without dropping tones. Comprehension exercises after reading confirm meaning. Learners record themselves and compare with a model. Word lists include two-syllable words such as 学习 xuéxí (study), 朋友 péngyou (friend), 老师 lǎoshī, 谢谢 xièxie and 再见 zàijiàn.","Word-list reading. The learner reads 学习 xuéxí, 朋友 péngyou, 老师 lǎoshī, 谢谢 xièxie, 再见 zàijiàn at a steady speed. The teacher notes that 朋友 ends in a neutral tone and 谢谢 has a neutral second syllable.","Reading aloud clearly is important for presentations, reciting poems and reading announcements in Chinese.","Name two skills practised in reading aloud.::Correct pronunciation and tones, and fluent reading speed.||Which syllable in 朋友 péngyou has the neutral tone?::The second syllable 友.||How do you say 'goodbye' in Chinese?::再见 (zàijiàn).",
2023-JSS033-Kidato I,Communicate effectively in a variety of contexts,Develop an understanding of the characteristics of spoken and written language,"Use appropriately the four tones, the neutral/zero tone and their changes in oral communication",Using the four tones and the neutral tone in speech,6,Role-playing and Collaborative activities,Guiding the students,"The four tones, the neutral/zero tone and their changes are used appropriately in oral communication.",Videos|Games on how to use tones|Pictures that display tones,"TET(2023), CHINESE LANGUAGE SYLLABUS FOR ORDINARY SECONDARY EDUCATION, TET, DAR ES SALAAM",Learners learn how tones change in connected speech and how the neutral tone is used in everyday words.,"Rules of tone change: (1) two third tones together: the first becomes second (你好 nǐ hǎo is said ní hǎo). (2) 不 bù becomes bú before a fourth tone (不是 bú shì, 不去 bú qù). (3) 一 yī becomes yí before a fourth tone (一个 yí gè) and yì before tones 1, 2 and 3 (一天 yì tiān, 一年 yì nián, 一起 yì qǐ). The neutral tone is short and light in words such as 妈妈 māma, 爸爸 bàba, 谢谢 xièxie, 朋友 péngyou, and in particles 的, 了, 吗, 吧. The pitch of a neutral syllable depends on the tone before it (it is relatively high after tone 3 and lowest after tone 4). Role-playing dialogues embed these changes.","Dialogue with tone change: A: 你去学校吗? Nǐ qù xuéxiào ma? B: 不去,我在家。Bú qù, wǒ zài jiā. (No, I am at home.) 不 changes to bú before qù (4th tone).","Correct tone changes make speech sound natural, which helps learners talk with Chinese speakers and understand them in real time.",How is 不是 pronounced?::bú shì; 不 changes to the second tone before a fourth tone.||Give two words that have a neutral tone.::For example 妈妈 māma and 谢谢 xièxie.||How is 一个 pronounced?::yí gè.,
2023-JSS033-Kidato I,Communicate effectively in a variety of contexts,Develop an understanding of the characteristics of spoken and written language,"Use punctuation marks correctly in writing simple texts (full stop, comma, apostrophe, question mark, exclamation mark etc)",Using punctuation marks correctly in writing,6,Use prompts and Brainstorming,Guiding the students,"Punctuation marks are used correctly in writing simple texts (full stop, comma, apostrophe, question mark, exclamation mark etc.).",Videos|Games on how to use tones|Pictures that display tones,"TET(2023), CHINESE LANGUAGE SYLLABUS FOR ORDINARY SECONDARY EDUCATION, TET, DAR ES SALAAM",Learners use Chinese punctuation marks correctly when they write simple texts.,"Chinese punctuation is written in full-width form and takes its own space. 。 (句号 jùhào, full stop) ends a statement. ， (逗号 dòuhào, comma) separates parts of a sentence. 、 (顿号 dùnhào, enumeration comma) separates items in a list: 苹果、香蕉、芒果. ？ (问号 wènhào) ends a question. ！ (感叹号 gǎntànhào) marks exclamation or command. In vertical layout marks appear at the lower right, in horizontal writing at the lower left of the character. Learners use prompts such as pictures to write short texts and then check every mark.","Text with marks: 我有苹果、香蕉和芒果。你呢? Wǒ yǒu píngguǒ, xiāngjiāo hé mángguǒ. Nǐ ne? (I have apples, bananas and mangoes. And you?) The learner identifies 、 in the list, 。 at the end of the first sentence and ？ after 你呢.","Punctuation helps make written messages clear and avoids misunderstanding in text messages, letters and homework.",Which Chinese mark separates items in a list?::The enumeration comma 、 (dùnhào).||What is the Chinese name for the full stop?::句号 (jùhào).||Punctuate: 你叫什么名字::你叫什么名字?,
2023-JSS033-Kidato I,Communicate effectively in a variety of contexts,Developing the ability to communicate orally,Participate in simple conversation (e.g. greetings),Greeting and simple conversation,4,Think-pair-share and Small group discussions,Guiding the students,Simple conversation is participated in (e.g. greetings).,ICT tools|Pictures|Games|Flash cards,"TET(2023), CHINESE LANGUAGE SYLLABUS FOR ORDINARY SECONDARY EDUCATION, TET, DAR ES SALAAM","Learners take part in simple greeting conversations, using correct tones, polite forms and simple questions and answers.","Greetings by time of day: 早上好 zǎoshang hǎo (good morning), 下午好 xiàwǔ hǎo (good afternoon), 晚上好 wǎnshang hǎo (good evening), 晚安 wǎn'ān (good night). Introductions: 我叫... wǒ jiào ..., 我是... wǒ shì ..., 我是坦桑尼亚人 wǒ shì Tǎnsāngníyà rén (I am Tanzanian), 认识你很高兴 rènshi nǐ hěn gāoxìng (nice to meet you). Farewells: 再见 zàijiàn, 明天见 míngtiān jiàn (see you tomorrow). Politeness: 请 qǐng, 谢谢 xièxie, 不客气 bú kèqi (you are welcome), 对不起 duìbuqǐ (sorry), 没关系 méi guānxi (never mind). Think-pair-share is used: think, discuss with a partner and share with the class.",Dialogue. A: 早上好! Zǎoshang hǎo! B: 早上好! 你叫什么名字? A: 我叫萨米。认识你很高兴。Wǒ jiào Sāmǐ. Rènshi nǐ hěn gāoxìng. B: 认识你我也很高兴。再见! A: 再见!,"Greeting in Chinese is a friendly way to start relationships with visitors, business people and friends from China.","Say 'Good morning' in Chinese.::早上好 (zǎoshang hǎo).||What is the reply to 谢谢?::不客气 (bú kèqi), meaning 'you are welcome'.||Translate 认识你很高兴.::Nice to meet you.",
2023-JSS033-Kidato II,Master basic Chinese language skills,"Develop awareness of Chinese phonemes, initial, final, tone and characters",Listen to different Chinese words and mark tones on their positions,Listening and marking tones,10,Tone color,Guiding the students,Different Chinese words and tones are marked-on their positions.,Recorded text|Written materials|Downloaded videos from YouTube that show tongue twisters etc,"TET(2023), CHINESE LANGUAGE SYLLABUS FOR ORDINARY SECONDARY EDUCATION, TET, DAR ES SALAAM",Learners listen to Chinese words and mark the tone on the correct vowel. This links what they hear to what they write.,"Rules for tone position: the mark goes on a if it is present (hǎo, māo); otherwise on o or e (zhōu, dōu, xiě); in iu and ui it goes on the second vowel (jiǔ, duì); and on i or u when it stands alone (nǐ, shū). When i carries a tone the dot is replaced by the mark. Learners listen to a word, write the toneless pinyin, and then add the mark. Colour is used to distinguish tones (red for tone 1, blue for tone 2, green for tone 3, black for tone 4). Words are chosen from home and daily life: māma, bàba, gēge, jiějie, dìdi, mèimei.","Listening task. The teacher says 爸爸, 哥哥, 姐姐, 弟弟 and learners write bàba, gēge, jiějie, dìdi with tone marks on the right vowels, e.g. jiějie has a third tone on the e of the first syllable and a neutral tone on the second.","Marking tones correctly helps learners spell names and words in Chinese chat, dictionaries and language apps.","On which vowel does the tone mark go in 学 xué?::On the e, giving xué.||Where does the mark go in jiǔ (九, nine)?::On the last vowel, u.||Add the tone: 爸爸 (father), ba ba, first syllable fourth tone.::bàba.",
2023-JSS033-Kidato II,Master basic Chinese language skills,"Develop awareness of Chinese phonemes, initial, final, tone and characters",Write the Chinese words while observing tone positions,Writing words with correct tone positions,10,Mnemonic method and Digital tools,Guiding the students,Chinese words are written while observing tone positions.,Recorded text|Written materials|Downloaded videos from YouTube that show tongue twisters etc,"TET(2023), CHINESE LANGUAGE SYLLABUS FOR ORDINARY SECONDARY EDUCATION, TET, DAR ES SALAAM",Learners write Chinese words in pinyin and place the tone mark correctly on each syllable.,"Learners apply the rules to their written work: mark the a first, then o or e, and the second vowel of iu and ui. When writing a word of several syllables, each syllable is marked separately and neutral-tone syllables get no mark (māma). Names of people and places begin with a capital letter and the syllables are joined: Dálèisīsàlāmǔ for Dar es Salaam, Tǎnsāngníyà for Tanzania. Mnemonic aids such as 'a first, o and e next, then the last of iu/ui' help learners remember the rules and digital tools such as a pinyin keyboard help them practise.","Dictation of family words: the teacher says 爷爷 奶奶 妈妈 and the learner writes yéye, nǎinai, māma. The partner checks that the mark on nǎinai is on the a and that the second syllable is neutral.",Writing tones correctly is needed to type Chinese with a pinyin keyboard and to spell names and addresses correctly.,"Write the pinyin of 奶奶 (grandmother).::nǎinai.||What is the rule for placing a tone mark on a syllable containing a?::The mark is written on the a.||Where is the tone mark in duì 对?::On the i, the second vowel of ui.",
2023-JSS033-Kidato II,Master basic Chinese language skills,"Develop awareness of Chinese phonemes, initial, final, tone and characters",Write Chinese characters with 12-13 strokes,Writing Chinese characters of 12 to 13 strokes,10,Mnemonic method and Digital tools,Guiding the students,Chinese characters with 12-13 strokes are written.,Recorded text|Written materials|Downloaded videos from YouTube that show tongue twisters etc,"TET(2023), CHINESE LANGUAGE SYLLABUS FOR ORDINARY SECONDARY EDUCATION, TET, DAR ES SALAAM","Learners write characters of twelve and thirteen strokes carefully, following the stroke order rules.","Characters with 12 strokes include 就 jiù (then), 喝 hē (drink), 湖 hú (lake) and 等 děng (wait). Characters with 13 strokes include 想 xiǎng (think, want), 新 xīn (new), 睡 shuì (sleep) and 楼 lóu (building). Components are written in order: left to right, top to bottom. For 想, the top part 相 is written first (木 then 目) and 心 (heart) is written last. Learners break a character into radicals: 喝 = 口 (mouth) + 曷; 睡 = 目 (eye) + 垂. Mnemonics and digital tools such as stroke-order animation apps help.","The learner writes 想 (xiǎng) in the tianzige: 木 (4 strokes), 目 (5 strokes), 心 (4 strokes), total 13. The learner counts strokes aloud and checks the balance of the character.","Correct characters are essential for writing personal letters, greeting cards and social media messages in Chinese.",How many strokes does 想 have?::Thirteen strokes.||Give two characters that have 12 strokes.::For example 就 (jiù) and 喝 (hē).||What radical (component) means 'mouth' in 喝?::口.,
2023-JSS033-Kidato II,Master basic Chinese language skills,Master the correct Chinese vocabulary in various contexts,Write new words associated with the home environment,Writing words about the home,10,Labeling,Guiding the students,New words associated with the home environment are written.,ICT tools|Pictures|Games|Flash cards,"TET(2023), CHINESE LANGUAGE SYLLABUS FOR ORDINARY SECONDARY EDUCATION, TET, DAR ES SALAAM","The home is a familiar topic. Learners write words for family members, rooms and household objects.","Family: 爸爸 bàba, 妈妈 māma, 哥哥 gēge (elder brother), 姐姐 jiějie (elder sister), 弟弟 dìdi (younger brother), 妹妹 mèimei (younger sister), 爷爷 yéye, 奶奶 nǎinai. Rooms: 客厅 kètīng (living room), 厨房 chúfáng (kitchen), 卧室 wòshì (bedroom), 厕所 cèsuǒ (toilet). Objects: 床 chuáng (bed), 桌子 zhuōzi (table), 椅子 yǐzi (chair), 电视 diànshì (television), 门 mén (door), 窗户 chuānghu (window). Learners label the rooms of a house drawing in characters and pinyin, and use the measure word 个 gè and 间 jiān (rooms).","Picture labelling. Learners draw a house and write 厨房 chúfáng near the cooking area, 卧室 wòshì by the bed and 客厅 kètīng by the sofa, then list the family members who use each room.",The vocabulary allows learners to describe their family and home to Chinese-speaking friends and to understand the language of household products.,"Write 'kitchen' in Chinese and pinyin.::厨房, chúfáng.||What is 弟弟 in English?::Younger brother.||Which word means 'bedroom'?::卧室 (wòshì).",
2023-JSS033-Kidato II,Master basic Chinese language skills,Master the correct Chinese vocabulary in various contexts,Construct simple oral sentences using new words associated with the home environment,Speaking sentences about the home,10,Role-playing and Collaborative activities,Guiding the students,Simple oral sentences using new words associated with the home environment are Constructed.,ICT tools|Pictures|Games|Flash cards,"TET(2023), CHINESE LANGUAGE SYLLABUS FOR ORDINARY SECONDARY EDUCATION, TET, DAR ES SALAAM","Learners build spoken sentences using home vocabulary, describing people, rooms and objects.","Sentence patterns: 我家有... wǒ jiā yǒu ... (my family has ...), 我家有五口人 wǒ jiā yǒu wǔ kǒu rén (there are five people in my family), 这是我的妈妈 zhè shì wǒ de māma (this is my mother), 厨房很大 chúfáng hěn dà (the kitchen is big). Adjectives take 很 as a link, not 是: 房子很大, not 房子是大. Questions: 你家有几口人? nǐ jiā yǒu jǐ kǒu rén? Learners use role-playing to introduce their families and collaborate to describe a picture.","Role play. A: 你家有几口人? Nǐ jiā yǒu jǐ kǒu rén? B: 我家有六口人:爸爸、妈妈、哥哥、妹妹、弟弟和我。Wǒ jiā yǒu liù kǒu rén: bàba, māma, gēge, mèimei, dìdi hé wǒ.",Talking about the family is the first topic in most conversations with new Chinese-speaking friends.,How do you ask 'How many people are in your family?'::你家有几口人? (nǐ jiā yǒu jǐ kǒu rén?)||Translate: 我的厨房很大。::My kitchen is big.||Why do we say 房子很大 and not 房子是大?::Adjective predicates use 很 (or another adverb) and not 是.,
2023-JSS033-Kidato II,Master basic Chinese language skills,Master the correct Chinese vocabulary in various contexts,Write simple sentences using new words associated with the home environment,Writing sentences about the home,10,Interactive games and Reading exercises,Guiding the students,Simple sentences using new words associated with the home environment are written.,ICT tools|Pictures|Games|Flash cards,"TET(2023), CHINESE LANGUAGE SYLLABUS FOR ORDINARY SECONDARY EDUCATION, TET, DAR ES SALAAM","Learners write simple sentences about the home, using correct characters, word order and punctuation.","Word order in Chinese sentences is Subject + Time + Place + Verb + Object. Examples: 我家在坦桑尼亚 wǒ jiā zài Tǎnsāngníyà (my home is in Tanzania), 我爸爸在厨房 wǒ bàba zài chúfáng (my father is in the kitchen). Learners write sentences from picture prompts, use the enumeration comma 、 for lists of family members and end with 。 They are encouraged to use interactive games (word searches, crosswords) to fix spelling, and to read their sentences aloud after writing.",Picture prompt: a kitchen with a mother cooking. Sentence: 妈妈在厨房做饭。Māma zài chúfáng zuò fàn. (Mother is cooking in the kitchen.),"Writing about home prepares learners to write short self-introductions, messages and emails to Chinese friends.","Write in Chinese: My father is in the sitting room.::我爸爸在客厅。Wǒ bàba zài kètīng.||What is the correct word order of a Chinese sentence?::Subject, time, place, verb, object.||Translate 妈妈在厨房。::Mother is in the kitchen.",
2023-JSS033-Kidato II,Master basic Chinese language skills,Develop the use of appropriate grammar and vocabulary in conversation and writing,"Use appropriate preposition such as at, on, in, to express locations",Using prepositions to express location,10,Map searching,Guiding the students,"Locations are expressed using appropriate prepositions such as at, on, in and to.",ICT tools|Pictures|Games|Flash cards,"TET(2023), CHINESE LANGUAGE SYLLABUS FOR ORDINARY SECONDARY EDUCATION, TET, DAR ES SALAAM","Prepositions such as 在, 从 and 到 show place and direction. Learners use them in short sentences about where things are and where people go.","在 zài (at, in, on) shows position: 我在学校 wǒ zài xuéxiào (I am at school). 从 cóng (from) shows origin: 我从坦桑尼亚来 wǒ cóng Tǎnsāngníyà lái (I come from Tanzania). 到 dào (to, arrive at) shows a destination: 我到学校 wǒ dào xuéxiào. 去 qù (go) and 来 lái (come) are verbs of motion. 给 gěi (to, for) marks the receiver. Prepositional phrases come before the verb: 我在家学习 wǒ zài jiā xuéxí (I study at home). A map of Tanzania is used to practise regions and towns: 从达累斯萨拉姆到多多马 cóng Dálèisīsàlāmǔ dào Duōduōmǎ (from Dar es Salaam to Dodoma).","Map task. Learners say 我从阿鲁沙到姆万扎 wǒ cóng Ālǔshā dào Mǔwànzhā (I am going from Arusha to Mwanza) and 我在莫希 wǒ zài Mòxī (I am in Moshi), then write two similar sentences.","Prepositions of place are needed for giving addresses, saying where you come from and describing journeys.",Translate 'I come from Tanzania'.::我从坦桑尼亚来 (wǒ cóng Tǎnsāngníyà lái).||What is the meaning of 在 in 我在家?::At (I am at home).||Where does the phrase 在家 go in the sentence 我在家学习?::Before the verb 学习.,
2023-JSS033-Kidato II,Master basic Chinese language skills,Develop the use of appropriate grammar and vocabulary in conversation and writing,Participate in conversations about telling time,Conversations about telling time,10,Map searching,Guiding the students,Conversations about time telling are participated in.,ICT tools|Pictures|Games|Flash cards,"TET(2023), CHINESE LANGUAGE SYLLABUS FOR ORDINARY SECONDARY EDUCATION, TET, DAR ES SALAAM",Learners ask for and give the time in Chinese and take part in short dialogues about daily schedules.,"Question: 现在几点? xiànzài jǐ diǎn? (what time is it now?). Answers: 现在三点 (three o'clock), 三点五分 sān diǎn wǔ fēn (3:05), 三点一刻 sān diǎn yí kè (3:15), 三点半 sān diǎn bàn (3:30), 差五分四点 chà wǔ fēn sì diǎn (five minutes to four), 两点 liǎng diǎn (2 o'clock, note liǎng not èr). Time words come before the verb: 我七点起床 wǒ qī diǎn qǐchuáng (I get up at seven). Days: 星期一 xīngqī yī (Monday) to 星期日 xīngqī rì (Sunday). Map searching and pair practice make the conversations real.",Dialogue. A: 现在几点? Xiànzài jǐ diǎn? B: 现在七点半。Xiànzài qī diǎn bàn. A: 你几点上课? Nǐ jǐ diǎn shàng kè? B: 我八点上课。Wǒ bā diǎn shàng kè.,"Telling time helps learners arrange meetings, follow timetables and make appointments in Chinese.",How do you say '3:30' in Chinese?::三点半 (sān diǎn bàn).||Why do we say 两点 and not 二点 for 2 o'clock?::Because 两 liǎng is used with measure words and time units instead of 二 èr.||Ask 'What time is it now?' in Chinese.::现在几点? (xiànzài jǐ diǎn?),
2023-JSS033-Kidato II,Master basic Chinese language skills,Develop the use of appropriate grammar and vocabulary in conversation and writing,Write simple sentences about telling time,Writing sentences about telling time,10,Songs and rhymes and Real-life examples,Guiding the students,Simple sentences about time telling are written.,ICT tools|Pictures|Games|Flash cards,"TET(2023), CHINESE LANGUAGE SYLLABUS FOR ORDINARY SECONDARY EDUCATION, TET, DAR ES SALAAM",Learners write short sentences about their daily routine and the time of activities.,"Time words come after the subject and before the verb: Subject + Time + Verb. Pattern: 我+七点+起床。 Sentences: 我六点半起床 wǒ liù diǎn bàn qǐchuáng (I get up at 6:30), 我七点吃早饭 wǒ qī diǎn chī zǎofàn (I eat breakfast at seven), 我八点去学校 wǒ bā diǎn qù xuéxiào (I go to school at eight), 我十点睡觉 wǒ shí diǎn shuìjiào (I go to bed at ten). Songs and rhymes about the days of the week and real-life daily routines are used for memorisation. Learners write in characters with pinyin and read the sentences aloud.","Daily routine. The learner writes: 我早上六点起床,七点吃早饭,八点上课,下午四点回家。Wǒ zǎoshang liù diǎn qǐchuáng, qī diǎn chī zǎofàn, bā diǎn shàng kè, xiàwǔ sì diǎn huí jiā.","Writing the time is useful for timetables, invitations and messages about when to meet.",Write 'I go to school at eight' in Chinese.::我八点去学校。Wǒ bā diǎn qù xuéxiào.||Where does the time word go in a sentence?::After the subject and before the verb.||What does 我十点睡觉 mean?::I go to bed at ten o'clock.,
2023-JSS033-Kidato II,Demonstrate understanding of information in conversation and writing,Develop the ability to listen and understand information,Listen to a presentation and answer questions based on it,Listening to a presentation and answering questions,10,Note taking and Listen and retell,Guiding the students,Presentation are listened and questions based on presentation are answered.,ICT tools|Pictures|Games|Flash cards,"TET(2023), CHINESE LANGUAGE SYLLABUS FOR ORDINARY SECONDARY EDUCATION, TET, DAR ES SALAAM",Learners listen to a short talk in Chinese and answer questions about it.,"Note-taking helps recall: while listening, write key words such as names, numbers and places. After listening, answer questions, first orally and then in writing. Question words: 谁 shéi, 什么 shénme, 哪儿 nǎr, 什么时候 shénme shíhou, 为什么 wèi shénme, 几 jǐ. Learners then retell the main content in their own words. The presentation should be based on familiar topics such as 我的家 wǒ de jiā (my family) or 我的一天 wǒ de yì tiān (my day).","Presentation: 我叫玛丽。我家有四口人。我爸爸是老师,妈妈是医生。Wǒ jiào Mǎlì. Wǒ jiā yǒu sì kǒu rén. Wǒ bàba shì lǎoshī, māma shì yīshēng. Q: 玛丽的妈妈做什么工作? A: 她是医生。","Listening with understanding is necessary for following talks, lectures, radio and video messages in Chinese.","What does 医生 mean?::Doctor.||Which question word means 'why'?::为什么 (wèi shénme).||Why do learners take notes while listening?::To remember key details such as names, numbers and places so they can answer questions.",
2023-JSS033-Kidato II,Demonstrate understanding of information in conversation and writing,Develop the ability to listen and understand information,Listen to complex sentences and construct simple sentences using new words derived from them,Constructing sentences from words heard,10,Identifying key information,Guiding the students,Complex sentences are listened and simple sentences using new words are constructed.,ICT tools|Pictures|Games|Flash cards,"TET(2023), CHINESE LANGUAGE SYLLABUS FOR ORDINARY SECONDARY EDUCATION, TET, DAR ES SALAAM",Learners listen to complex sentences and pick out new words to build their own simple sentences.,"Identify key information in the heard sentence, write the new words with pinyin, and then create a new short sentence with each word. Complex sentences contain link words such as 因为...所以... (because ... so ...), 但是, 如果...就... (if ... then ...). Example: 因为今天下雨,所以我在家学习。Yīnwèi jīntiān xià yǔ, suǒyǐ wǒ zài jiā xuéxí. New words: 下雨 xià yǔ (to rain), 今天 jīntiān (today). Simple sentence: 今天下雨。Jīntiān xià yǔ.","The learner hears 我的姐姐喜欢在厨房做蛋糕。Wǒ de jiějie xǐhuan zài chúfáng zuò dàngāo. New words: 喜欢 xǐhuan (like), 蛋糕 dàngāo (cake). New sentences: 我喜欢蛋糕。Wǒ xǐhuan dàngāo.","Picking out and re-using new words is how learners build vocabulary from conversations, videos and songs.",Translate 因为...所以...::Because ... therefore/so ...||What does 今天 mean?::Today.||Make a simple sentence using 蛋糕.::For example 我喜欢蛋糕 (I like cake).,
2023-JSS033-Kidato II,Demonstrate understanding of information in conversation and writing,Develop the ability to listen and understand information,Listen and reproduce complex sentences,Listening to and repeating complex sentences,10,Vocabulary building and Practice Exercises,Guiding the students,Complex sentences are listened and reproduced.,ICT tools|Pictures|Games|Flash cards,"TET(2023), CHINESE LANGUAGE SYLLABUS FOR ORDINARY SECONDARY EDUCATION, TET, DAR ES SALAAM","Learners listen to longer sentences, remember them and repeat them accurately.","Techniques: vocabulary building before listening; listening for meaning first and then for details; chunking sentences into meaningful groups; and repeating with the same rhythm. Complex sentences contain more than one clause, time words and link words. Example: 我每天早上七点起床,然后吃早饭,再去学校。Wǒ měitiān zǎoshang qī diǎn qǐchuáng, ránhòu chī zǎofàn, zài qù xuéxiào. Learners repeat, first with support (key words on the board) and then without.","Chunking: 我每天/早上七点/起床,/然后/吃早饭,/再去学校。 The learner repeats the chunks in order and then the whole sentence, and the teacher checks tone and word order.","Being able to hold a longer sentence in memory helps learners take messages, follow directions and interpret.",What does 每天 mean?::Every day.||Which word means 'then' in the example sentence?::然后 (ránhòu).||Why is a long sentence divided into chunks for repetition?::It is easier to remember and repeat correctly in meaningful groups.,
2023-JSS033-Kidato II,Demonstrate understanding of information in conversation and writing,Develop the ability to read and understand various texts,Identify new words used in a simple written text,Identifying new words in a simple text,7,Reading comprehension exercises and Contextual learning,Guiding the students,New words used in a simple written text are identified.,ICT tools|Pictures|Games|Flash cards,"TET(2023), CHINESE LANGUAGE SYLLABUS FOR ORDINARY SECONDARY EDUCATION, TET, DAR ES SALAAM","Learners read a short text and find the words they do not yet know, using context and the dictionary.","Strategies: read the text once for meaning; underline unknown words; guess from context and radicals; check in a pinyin dictionary; record in a vocabulary book with pinyin, meaning and an example sentence. Radicals hint at meaning: 氵 relates to water (河 hé river, 湖 hú lake), 讠to speech (说 shuō speak, 请 qǐng invite), 口 to the mouth (吃 chī eat, 喝 hē drink), 木 to wood or trees (树 shù tree, 桌 zhuō table). Reading comprehension exercises follow.","Text: 我家有一个大花园。花园里有很多树。Wǒ jiā yǒu yí gè dà huāyuán. Huāyuán lǐ yǒu hěn duō shù. Unknown words: 花园 huāyuán (garden), 树 shù (tree). The radical 木 in 树 gives a clue that it means a tree.","Working out new words from context helps learners read signs, articles and messages without stopping for a dictionary.",What does the radical 氵 usually indicate?::Water.||What is 花园 in English?::Garden.||Name two things learners record for each new word in their vocabulary book.::The pinyin and the meaning (and an example sentence).,
2023-JSS033-Kidato II,Demonstrate understanding of information in conversation and writing,Develop the ability to read and understand various texts,Sequence the events in a story in a logical order,Sequencing events in a story,7,Pre - reading Strategies and Active reading,Guiding the students,The events in a story are sequenced in a logical order.,ICT tools|Pictures|Games|Flash cards,"TET(2023), CHINESE LANGUAGE SYLLABUS FOR ORDINARY SECONDARY EDUCATION, TET, DAR ES SALAAM","Learners read a short story and put the events in the correct order, using sequence words.","Sequence words: 首先 shǒuxiān (first), 然后 ránhòu (then), 接着 jiēzhe (next), 最后 zuìhòu (finally), 后来 hòulái (later). Reading strategies: preview the title and pictures, read for the main idea, note who did what and when, then number the events. Learners rearrange strips of sentences and retell the story orally in order. Active reading includes asking questions about the story as they read.","Story strips: (a) 最后,他回到家。(b) 早上,小明去市场。(c) 然后,他买了香蕉。 Correct order: b, c, a. Retell: 首先小明去市场,然后他买了香蕉,最后他回到家。","Ordering events helps learners narrate what happened, understand instructions with steps and write reports.","How do you say 'finally' in Chinese?::最后 (zuìhòu).||Put in order: 然后 / 首先 / 最后.::首先, 然后, 最后 (first, then, finally).||What does 回到家 mean?::Return home.",
2023-JSS033-Kidato II,Demonstrate understanding of information in conversation and writing,Show the right response in various communicative contexts,Listen and respond to complex orders given in a home setting,Responding to complex spoken orders at home,7,Vocabulary building and Practice Exercises,Guiding the students,Complex orders given in a home setting are listened to and responded to.,Downloaded video from YouTube with related contents,"TET(2023), CHINESE LANGUAGE SYLLABUS FOR ORDINARY SECONDARY EDUCATION, TET, DAR ES SALAAM",Learners listen to several-step orders given in a home setting and act on them correctly.,"Home orders use verbs such as 洗 xǐ (wash), 打扫 dǎsǎo (sweep, clean), 做饭 zuò fàn (cook), 关 guān (close), 开 kāi (open), 拿 ná (take) and 放 fàng (put). The 把 bǎ pattern moves the object before the verb: 请把门关上 qǐng bǎ mén guānshàng (please close the door). Sequence words 先 and 再 link steps. Vocabulary is built before listening, and practice exercises use realistic tasks (for example laying the table).","Order: 请先把桌子擦干净,然后把碗放在桌子上。Qǐng xiān bǎ zhuōzi cā gānjìng, ránhòu bǎ wǎn fàng zài zhuōzi shàng. The learner wipes the table and then puts the bowls on it.","Following spoken orders is needed to help at home, cooperate at work and respond in Chinese-speaking families or workplaces.",What does 关门 mean?::Close the door.||Translate 请把书放在桌子上。::Please put the book on the desk.||What is the function of 把 in a sentence?::It moves the object in front of the verb to show what is done to it.,
2023-JSS033-Kidato II,Demonstrate understanding of information in conversation and writing,Show the right response in various communicative contexts,Read and respond to complex orders given in a home setting,Reading and responding to written orders at home,7,Project,Guiding the students,Complex orders given in a home setting are read and responded.,Downloaded video from YouTube with related contents,"TET(2023), CHINESE LANGUAGE SYLLABUS FOR ORDINARY SECONDARY EDUCATION, TET, DAR ES SALAAM",Learners read a written order in a home setting and respond by carrying out the task or answering in writing.,"Written orders may be notes on a fridge, a shopping list, or a recipe. Steps: read the order, underline the verbs and the objects, check unknown characters, do the task. Sample vocabulary: 买 mǎi (buy), 洗 xǐ (wash), 做 zuò (do, make), 带 dài (bring), 别 bié (do not), 不要 búyào (do not). Prohibitions use 不要 or 别: 别忘了关灯 bié wàng le guān dēng (do not forget to turn off the light). Learners do a project by writing their own set of home instructions and exchange them.","Note on the door: 妈妈,我去市场了,请把饭放在冰箱里。Māma, wǒ qù shìchǎng le, qǐng bǎ fàn fàng zài bīngxiāng lǐ. Learner reads and puts the food in the fridge.","Reading household instructions is useful for following recipes, labels on appliances and messages from family.",What does 别 mean in an order?::Do not.||Translate 请买两个苹果。::Please buy two apples.||How do you say 'turn off the light' in Chinese?::关灯 (guān dēng).,
2023-JSS033-Kidato II,Demonstrate understanding of information in conversation and writing,Develop the ability to read correctly various texts,"Read accurately simple sentences using standard speed, correct tone, pronunciation and punctuation marks",Reading sentences accurately,5,Reading for comprehension exercises and Contextual learning,Guiding the students,"Simple sentences using standard speed, correct tone, pronunciation and punctuation marks are read accurately.",ICT tools|Pictures|Games|Flash cards,"TET(2023), CHINESE LANGUAGE SYLLABUS FOR ORDINARY SECONDARY EDUCATION, TET, DAR ES SALAAM","Learners read simple sentences aloud at a standard speed, with correct tones, pronunciation and punctuation.","Accuracy means: every syllable pronounced clearly, tones correct, tone changes applied, pauses at commas (short) and full stops (longer), and rising intonation for questions. Steps: read silently for meaning, mark the pauses, read aloud slowly, then at natural speed. Comprehension exercises after reading check understanding. Sentences include questions with 吗 and 呢, exclamations with 啊 and 吧, and lists with 、.","Reading: 你今天几点回家? 我四点回家,你呢? Nǐ jīntiān jǐ diǎn huí jiā? Wǒ sì diǎn huí jiā, nǐ ne? The learner pauses at the comma, uses rising intonation for the questions and reads 不 as bú where needed.",Reading accurately builds confidence for presentations and for reading aloud in class and at school events.,How does the voice change at the end of a yes/no question?::It rises slightly.||What is the function of 吗 at the end of a sentence?::It turns a statement into a yes/no question.||How long should the pause be at a comma compared with a full stop?::Shorter at a comma than at a full stop.,
2023-JSS033-Kidato II,Communicate effectively in a variety of contexts,Develop the ability to communicate orally,Pronounce different phrases in various contexts,Pronouncing phrases in different contexts,7,Reflective listening,Guiding the students,Different phrases in various contexts are pronounced.,ICT tools|Pictures|Games|Flash cards,"TET(2023), CHINESE LANGUAGE SYLLABUS FOR ORDINARY SECONDARY EDUCATION, TET, DAR ES SALAAM","Learners pronounce common phrases correctly in contexts such as greeting, shopping and asking for help.","Common phrases: 请问 qǐngwèn (excuse me, may I ask), 对不起 duìbuqǐ (sorry), 没关系 méi guānxi (it does not matter), 麻烦你 máfan nǐ (sorry to trouble you), 请再说一遍 qǐng zài shuō yí biàn (please say it again), 我不明白 wǒ bù míngbai (I do not understand), 你说得太快了 nǐ shuō de tài kuài le (you speak too fast). Phrases are pronounced as one unit with natural rhythm. Reflective listening: after a partner speaks, the listener repeats the sentence to confirm the meaning and pronunciation.","Role play at a bus stop. A: 请问,去市场怎么走? Qǐngwèn, qù shìchǎng zěnme zǒu? B: 一直走,然后往左拐。Yìzhí zǒu, ránhòu wǎng zuǒ guǎi. A: 谢谢! B: 不客气。","Common phrases let learners ask for help, get directions and be polite when speaking to Chinese speakers.","Translate 请再说一遍。::Please say it again.||What does 我不明白 mean?::I do not understand.||Which phrase is used to say 'excuse me, may I ask'?::请问 (qǐngwèn).",
2023-JSS033-Kidato II,Communicate effectively in a variety of contexts,Develop the ability to communicate orally,Participate in a simple conversation (e.g. asking for permission),Simple conversation asking for permission,7,Note taking and Debate,Guiding the students,Simple conversation (e.g. asking for permission) are participated in.,ICT tools|Pictures|Games|Flash cards,"TET(2023), CHINESE LANGUAGE SYLLABUS FOR ORDINARY SECONDARY EDUCATION, TET, DAR ES SALAAM",Learners take part in short dialogues where they ask for permission and give or refuse it politely.,"Asking: 我可以...吗? wǒ kěyǐ ... ma? (may I ...?) Giving: 可以 kěyǐ (yes, you may). Refusing: 不可以 bù kěyǐ or 对不起,现在不行 duìbuqǐ, xiànzài bù xíng (sorry, not now). Examples: 老师,我可以进来吗? lǎoshī, wǒ kěyǐ jìnlái ma? (teacher, may I come in?), 我可以用你的笔吗? wǒ kěyǐ yòng nǐ de bǐ ma? (may I use your pen?). Learners note the polite word 请 for granting: 请进 qǐng jìn (please come in). Note taking and role play are used to prepare dialogues.","Dialogue. A: 老师,我可以去厕所吗? Lǎoshī, wǒ kěyǐ qù cèsuǒ ma? B: 可以,去吧。Kěyǐ, qù ba. A: 谢谢老师。Xièxie lǎoshī.","Asking for permission politely is important at school, at work and in someone else's home.","How do you say 'May I come in?' in Chinese?::我可以进来吗? (wǒ kěyǐ jìnlái ma?)||What does 不可以 mean?::You may not (not allowed).||Give a polite reply that grants permission.::可以,请进。 (Yes, please come in.)",
2023-JSS033-Kidato II,Communicate effectively in a variety of contexts,Developing the ability to communicate accurately in writing in various contexts,"Communicate in chat groups using social media such as WeChat, Telegram and WhatsApp by using short messages",Communicating by short messages on social media,4,Group chats,Guiding the students,"Short messages are used to communicate in chat groups on social media such as WeChat, Telegram and WhatsApp.",ICT tools|Pictures|Games|Flash cards,"TET(2023), CHINESE LANGUAGE SYLLABUS FOR ORDINARY SECONDARY EDUCATION, TET, DAR ES SALAAM","Learners write short messages in Chinese chat groups such as WeChat, Telegram and WhatsApp, using correct and polite language.","Chat messages are short and informal, but should still be clear. Useful messages: 你好! nǐ hǎo! 在吗? zài ma? (are you there?), 好的 hǎo de (OK), 没问题 méi wèntí (no problem), 谢谢 xièxie, 明天见 míngtiān jiàn (see you tomorrow), 晚安 wǎn'ān (good night), 生日快乐 shēngrì kuàilè (happy birthday). Learners type with a pinyin keyboard: type the pinyin and choose the character. Good practice: use polite forms, do not use offensive words, keep messages short, and avoid sharing private information. Learners create a class chat group and discuss topics in it.","Class chat. A: 大家好!明天几点上课? Dàjiā hǎo! Míngtiān jǐ diǎn shàng kè? B: 八点。Bā diǎn. A: 好的,谢谢! Hǎo de, xièxie!",Using Chinese on social media allows learners to keep in touch with friends and practise the language every day.,What does 在吗? mean in chat?::Are you there?||How do you type Chinese characters with a pinyin keyboard?::Type the pinyin and select the correct character from the list.||Write 'Happy birthday' in Chinese.::生日快乐 (shēngrì kuàilè).,
2023-JSS033-Kidato III,Master basic Chinese language skills,"Develop awareness of Chinese phonemes, initial, final, tone and characters",Listen to Chinese words in pinyin while observing appropriate sequencing of tones,Listening to pinyin and tone sequences,9,Mnemonic method,Guiding the students,Chinese words in pinyin are listened while observing appropriate sequencing of tones.,Recorded text|Written materials,"TET(2023), CHINESE LANGUAGE SYLLABUS FOR ORDINARY SECONDARY EDUCATION, TET, DAR ES SALAAM",Learners listen to Chinese words in pinyin and notice how tones combine and change when several syllables are joined.,"In two-syllable words there are twenty possible tone combinations, and each has a pattern. Learners listen for the order of the tones and mark them: tone 1 + tone 1 (Zhōngguó has 1+2), 3 + 3 changes to 2 + 3 (nǐ hǎo → ní hǎo), 4 + 4 falls twice (zàijiàn 再见, tòngkuài). In three third tones the first two change to second tone if the words are read as one group: 我很好 wǒ hěn hǎo → wó hén hǎo. 不 and 一 change according to the tone that follows (bú shì, yí gè, yì tiān). Mnemonic aids and tone-chart games help retention.","Listening task. The teacher reads shǒubiǎo 手表 (watch), yǔsǎn 雨伞 (umbrella), and hǎo jiǔ 好久 (a long time). Learners write the tone numbers 3-3, 3-3, 3-3 and then note the change to 2-3 in each.","Recognising tone combinations helps learners follow fast speech in songs, news and conversations.",Which tone change happens when two third tones are together?::The first third tone changes to a second tone.||How is 不是 pronounced?::bú shì.||How is 一天 pronounced?::yì tiān.,
2023-JSS033-Kidato III,Master basic Chinese language skills,"Develop awareness of Chinese phonemes, initial, final, tone and characters",Participate in a conversation while observing appropriate sequencing of tones,Taking part in conversation with correct tone sequences,9,Mnemonic method and Role-playing,Guiding the students,Sequencing of tones are observed appropriately while participating in Conversation.,Recorded text|Written materials,"TET(2023), CHINESE LANGUAGE SYLLABUS FOR ORDINARY SECONDARY EDUCATION, TET, DAR ES SALAAM",Learners join in conversations while applying tone changes and neutral tones correctly.,"Prepared dialogues include tone changes. Learners mark each change before role playing: for example 你好 (ní hǎo), 不好 (bù hǎo), 一起 (yì qǐ), 很好 (hěn hǎo), 不要 (bú yào). The neutral tone appears in particles (吗 ma, 呢 ne, 吧 ba, 的 de, 了 le) and the second syllable of doubled words (妈妈 māma, 看看 kànkan). Partners record their dialogue, listen back and correct tones. Mnemonic and role-play methods are used.","Dialogue. A: 你好吗? Nǐ hǎo ma? B: 很好,你呢? Hěn hǎo, nǐ ne? A: 我也很好。我们一起去学校吧? Wǒmen yìqǐ qù xuéxiào ba? B: 好啊。Hǎo a.",Applying tone changes helps speech sound natural in real conversations with Chinese friends and colleagues.,"Which particle marks a suggestion, as in 我们走吧?::吧 (ba).||How is 一起 pronounced?::yìqǐ (yī becomes yì before a third tone).||What does 你呢? mean?::And you?",
2023-JSS033-Kidato III,Master basic Chinese language skills,"Develop awareness of Chinese phonemes, initial, final, tone and characters",Write Chinese characters with 14-15 strokes,Writing Chinese characters of 14 to 15 strokes,9,Games and activities,Guiding the students,Chinese characters with 14-15 strokes are written.,Recorded text|Written materials,"TET(2023), CHINESE LANGUAGE SYLLABUS FOR ORDINARY SECONDARY EDUCATION, TET, DAR ES SALAAM",Learners write characters that have fourteen and fifteen strokes with correct stroke order and structure.,"Characters with 14 strokes include 静 jìng (quiet), 算 suàn (calculate), 精 jīng (refined), 漂 piào (as in 漂亮 piàoliang, beautiful). Characters with 15 strokes include 影 yǐng (shadow, as in 电影 diànyǐng, film), 德 dé (virtue), 题 tí (topic, question), 熟 shú (familiar). Complex characters are written by component: left before right, top before bottom. Learners write in a big grid first, then in the normal size, and check by counting strokes. Games and activities such as stroke-order relays and character puzzles consolidate learning.","Writing 题 tí (question, topic): left part 是 (9 strokes) then right part 页 (6 strokes), total 15. Learners count and copy it three times, then use it in 问题 wèntí (problem, question).","Complex characters appear in film titles, newspaper headings and exam questions, so accurate writing supports reading and typing.",How many strokes does 静 have?::Fourteen strokes.||What does 电影 mean?::Film (movie).||Write the pinyin for 题.::tí.,
2023-JSS033-Kidato III,Master basic Chinese language skills,Master the correct Chinese vocabulary in various contexts,Write new words associated with the market environment,Writing words about the market,9,Games and activities,Guiding the students,New words associated with the market environment are written.,Written text|Pictures that display the market,"TET(2023), CHINESE LANGUAGE SYLLABUS FOR ORDINARY SECONDARY EDUCATION, TET, DAR ES SALAAM","Learners write words about shopping and the market: goods, prices and people.","Vocabulary: 市场 shìchǎng (market), 商店 shāngdiàn (shop), 买 mǎi (buy), 卖 mài (sell), 钱 qián (money), 价格 jiàgé (price), 便宜 piányi (cheap), 贵 guì (expensive), 苹果 píngguǒ (apple), 香蕉 xiāngjiāo (banana), 西红柿 xīhóngshì (tomato), 鱼 yú (fish), 肉 ròu (meat), 蔬菜 shūcài (vegetables), 米 mǐ (rice), 面包 miànbāo (bread). Money: 元 yuán, 块 kuài, 分 fēn; in Tanzania 先令 xiānlìng (shilling). Numbers above ten: 十 shí, 二十 èrshí, 一百 yì bǎi, 一千 yì qiān. Measure words: 斤 jīn (half kilogram), 个 gè, 公斤 gōngjīn. Learners use written labels and price tags in a mock market.","Mock market. Learners write price tags: 苹果 五百先令 (píngguǒ wǔbǎi xiānlìng), 鱼 三千先令 (yú sānqiān xiānlìng), 米 两千先令 (mǐ liǎngqiān xiānlìng), and label each stall with its goods.","Market vocabulary is useful when shopping, trading with Chinese customers and reading labels on Chinese products.","What is 便宜 in English?::Cheap.||How do you write 'market' in Chinese and pinyin?::市场, shìchǎng.||Write 'one hundred' in Chinese.::一百 (yì bǎi).",
2023-JSS033-Kidato III,Master basic Chinese language skills,Master the correct Chinese vocabulary in various contexts,Construct simple oral sentences using new words associated with the market environment,Speaking sentences about the market,9,Dictogloss,Guiding the students,Simple oral sentences using new words associated with the market environment are constructed.,Written text|Pictures that display the market,"TET(2023), CHINESE LANGUAGE SYLLABUS FOR ORDINARY SECONDARY EDUCATION, TET, DAR ES SALAAM","Learners create spoken sentences with market vocabulary, asking prices and quantities and bargaining politely.","Key sentences: 你要什么? nǐ yào shénme? (what do you want?), 我要买...wǒ yào mǎi ... (I want to buy ...), 多少钱? duōshao qián? (how much?), 一斤多少钱? yì jīn duōshao qián? (how much per jin?), 太贵了 tài guì le (too expensive), 便宜一点儿 piányi yìdiǎnr (a bit cheaper), 可以 kěyǐ (OK), 给你钱 gěi nǐ qián (here is the money). Verb+object combinations and measure words are stressed: 三个苹果 sān gè píngguǒ (three apples), 两斤鱼 liǎng jīn yú (two jin of fish). Dictogloss is used: the teacher reads a text twice and learners reconstruct it from notes.","Role play. Buyer: 这个苹果多少钱? Zhège píngguǒ duōshao qián? Seller: 一个五百先令。Yí gè wǔbǎi xiānlìng. Buyer: 太贵了,便宜一点儿吧。Tài guì le, piányi yìdiǎnr ba. Seller: 好,四百先令。Hǎo, sìbǎi xiānlìng.","Being able to ask prices and bargain helps learners in shops, tourism work and trade with Chinese-speaking customers.",How do you ask 'How much is it?'::多少钱? (duōshao qián?)||Say 'Too expensive' in Chinese.::太贵了 (tài guì le).||Translate 我要买三个苹果。::I want to buy three apples.,
2023-JSS033-Kidato III,Master basic Chinese language skills,Master the correct Chinese vocabulary in various contexts,Write simple sentences using new words associated with the market environment,Writing sentences about the market,9,Dictogloss and Use prompts,Guiding the students,Simple sentences using new words associated with the market environment are written.,Written text|Pictures that display the market,"TET(2023), CHINESE LANGUAGE SYLLABUS FOR ORDINARY SECONDARY EDUCATION, TET, DAR ES SALAAM","Learners write sentences about shopping and the market, using vocabulary, measure words and punctuation.","Written sentences use the pattern Subject + Verb + Number + Measure word + Noun. Examples: 我在市场买了三个苹果 wǒ zài shìchǎng mǎi le sān gè píngguǒ (I bought three apples at the market), 妈妈买了两斤鱼 māma mǎi le liǎng jīn yú (mother bought two jin of fish). The particle 了 marks a completed action. Learners write the total price, e.g. 一共一千五百先令 yígòng yìqiān wǔbǎi xiānlìng (in total 1,500 shillings). Dictogloss and writing prompts are used to plan and check the sentences.","Shopping list. 我要买:苹果三个,香蕉五个,西红柿两斤。Wǒ yào mǎi: píngguǒ sān gè, xiāngjiāo wǔ gè, xīhóngshì liǎng jīn. Learner writes total price sentence: 一共两千先令。",Writing shopping lists and receipts in Chinese is useful for trade and for communicating with Chinese-speaking customers.,Write in Chinese: I want to buy two kilograms of rice.::我要买两公斤米。Wǒ yào mǎi liǎng gōngjīn mǐ.||What does 一共 mean?::In total.||What does the particle 了 show in 我买了苹果?::That the action of buying has been completed.,
2023-JSS033-Kidato III,Master basic Chinese language skills,Develop the use of appropriate grammar and vocabulary in conversation and writing,Listen and respond to simple sentences,Listening and responding to simple sentences,9,Dialogue and Games and activities,Guiding the students,Simple sentences listened and responded.,Recorded text|Audio-visual devices,"TET(2023), CHINESE LANGUAGE SYLLABUS FOR ORDINARY SECONDARY EDUCATION, TET, DAR ES SALAAM",Learners listen to simple sentences in different situations and respond suitably.,"Listening practice uses recorded dialogues and teacher speech. Response types: answering a question (你叫什么名字?), agreeing or disagreeing (对,不对), giving information (我是学生), and doing an action. Dialogue technique: teacher asks, learner answers in a full sentence, then learners swap roles. Common question-answer pairs: 你是哪国人? Nǐ shì nǎ guó rén? — 我是坦桑尼亚人。 你几岁? Nǐ jǐ suì? — 我十五岁。 你住在哪儿? Nǐ zhù zài nǎr? — 我住在达累斯萨拉姆。","Audio: 你是哪国人? Learners write the answer 我是坦桑尼亚人。Wǒ shì Tǎnsāngníyà rén. The teacher plays the next question, 你几岁? and the learner answers with their own age.","Answering simple questions quickly is essential in everyday conversations, interviews and customer service.",Answer in Chinese: 你是哪国人?::我是坦桑尼亚人 (wǒ shì Tǎnsāngníyà rén).||What does 你几岁? ask?::How old are you?||Translate 我住在达累斯萨拉姆。::I live in Dar es Salaam.,
2023-JSS033-Kidato III,Master basic Chinese language skills,Develop the use of appropriate grammar and vocabulary in conversation and writing,Use different words to construct simple oral sentences,Constructing oral sentences with different words,9,Dialogue and Games and activities,Guiding the students,Different words are used to construct oral simple sentences.,Recorded text|Audio-visual devices,"TET(2023), CHINESE LANGUAGE SYLLABUS FOR ORDINARY SECONDARY EDUCATION, TET, DAR ES SALAAM",Learners use a range of new words to make simple spoken sentences.,"Learners study the parts of speech: nouns (书), verbs (读), adjectives (大, 好), adverbs (很, 也, 都), measure words (个, 本) and particles (的, 了, 吗). Building blocks: Subject + Adverb + Verb + Object (我也喜欢音乐 wǒ yě xǐhuan yīnyuè, I also like music), Subject + 很 + Adjective (天气很好 tiānqì hěn hǎo), possession with 的 (我的书 wǒ de shū). Dialogue-based activities and game-like tasks such as 'add one word' encourage varied sentences.","Add-one-word game. Start: 我喜欢书。 → 我喜欢汉语书。 → 我也喜欢汉语书。 → 我和朋友都喜欢汉语书。Each learner extends the sentence with one word, saying it aloud.",Building sentences from many words gives learners flexibility to talk about their interests and daily life.,Translate 我也喜欢音乐。::I also like music.||What is the function of 的 in 我的书?::It shows possession (my book).||Which word means 'all' or 'both' in 我们都是学生?::都 (dōu).,
2023-JSS033-Kidato III,Master basic Chinese language skills,Develop the use of appropriate grammar and vocabulary in conversation and writing,Write simple sentences using different words,Writing simple sentences with different words,9,Games and activities,Guiding the students,Simple sentences are written using simple words.,Recorded text|Audio-visual devices,"TET(2023), CHINESE LANGUAGE SYLLABUS FOR ORDINARY SECONDARY EDUCATION, TET, DAR ES SALAAM","Learners write simple sentences with a variety of new vocabulary, verbs and adjectives.","A checklist for written sentences: (1) subject present, (2) verb in place, (3) correct word order, (4) measure word and number, (5) 的 where needed, (6) punctuation. Exercises: rearrange word cards into sentences (我 / 在 / 学习 / 汉语 → 我在学习汉语), fill gaps, complete sentences and write from a picture. Adverbs come before the verb: 他们都去 (they all go). Games and activities such as 'sentence race' consolidate accuracy.",Word cards: 弟弟 / 每天 / 踢 / 足球 → 弟弟每天踢足球。Dìdi měitiān tī zúqiú. (My little brother plays football every day.) Learner writes this in characters and pinyin.,"Correct written sentences are the basis of essays, letters and exam writing in Chinese.",Arrange: 汉语 / 我 / 学习 / 在::我在学习汉语。Wǒ zài xuéxí Hànyǔ.||Where does an adverb such as 都 go in the sentence?::Before the verb.||Translate 弟弟每天踢足球。::My younger brother plays football every day.,
2023-JSS033-Kidato III,Demonstrate understanding of information in conversation and writing,Develop the ability to listen and understand information,Participate in a simple conversation in different communicative settings,Simple conversations in different settings,6,Repeat what hear and Role-plays,Guiding the students,Simple conversation in different communicative settings are participated in.,Recorded text|Audio-visual devices,"TET(2023), CHINESE LANGUAGE SYLLABUS FOR ORDINARY SECONDARY EDUCATION, TET, DAR ES SALAAM","Learners take part in simple conversations in settings such as school, home, the street and the market.","Every conversation has an opening, a body and a closing. Opening: 你好, 请问... Body: questions and answers. Closing: 谢谢, 再见. Useful settings: introducing a friend (这是我的朋友 zhè shì wǒ de péngyou), asking directions (请问,邮局在哪儿? qǐngwèn, yóujú zài nǎr?), making a request (请帮我 qǐng bāng wǒ), and small talk about the weather (今天天气很好 jīntiān tiānqì hěn hǎo). Learners repeat what they hear before responding and use role play to practise.","Role play on the street. A: 请问,邮局在哪儿? Qǐngwèn, yóujú zài nǎr? B: 邮局在学校后边。Yóujú zài xuéxiào hòubian. A: 谢谢! B: 不客气!","Handling different conversational settings prepares learners to communicate in real situations with tourists, business people and friends.","How do you ask 'Where is the post office?'::邮局在哪儿? (yóujú zài nǎr?)||Translate 这是我的朋友。::This is my friend.||Name the three parts of a conversation.::Opening, body and closing.",
2023-JSS033-Kidato III,Demonstrate understanding of information in conversation and writing,Develop the ability to listen and understand information,Listen to a simple text and identify new words used in it,Listening to a text and identifying new words,6,Contextual learning,Guiding the students,New words used in a simple text are listened and identified.,Recorded text|Audio-visual devices,"TET(2023), CHINESE LANGUAGE SYLLABUS FOR ORDINARY SECONDARY EDUCATION, TET, DAR ES SALAAM","Learners listen to a short text and pick out new words, then write and explain them.","Steps: listen for the topic, listen again to note unfamiliar words, write them in pinyin, guess the meaning from context, check with the teacher or dictionary. Learners note the parts of speech and try to use the words in new sentences. Contextual learning makes new words easier to remember: link each word to a picture, action or situation. Text example: 我的爷爷是农民。他每天早上去农场工作。Wǒ de yéye shì nóngmín. Tā měitiān zǎoshang qù nóngchǎng gōngzuò. New words: 农民 nóngmín (farmer), 农场 nóngchǎng (farm), 工作 gōngzuò (work).","After listening, the learner records 农民 nóngmín – farmer, 农场 nóngchǎng – farm, 工作 gōngzuò – work, and makes the sentence 我的姐姐在医院工作。Wǒ de jiějie zài yīyuàn gōngzuò.","Picking up new words from listening lets learners expand vocabulary from radio, video and daily contact with speakers.",What does 农民 mean?::Farmer.||Translate 他在农场工作。::He works on a farm.||Why is it useful to link a new word to a picture or action?::It helps learners remember the meaning in context.,
2023-JSS033-Kidato III,Demonstrate understanding of information in conversation and writing,Develop the ability to read and understand various texts,Read a simple text and summarise the main ideas from it,Summarising the main ideas of a text,6,Songs and Dictogloss,Guiding the students,Main ideas from simple text are read and summarized.,Written text,"TET(2023), CHINESE LANGUAGE SYLLABUS FOR ORDINARY SECONDARY EDUCATION, TET, DAR ES SALAAM",Learners read a simple text and state its main ideas in a few sentences.,"Steps for summarising: read the text; underline key words; find the main idea of each paragraph; leave out details and examples; write the summary in your own words in 2 to 4 sentences. Question prompts: 谁? 在哪儿? 做什么? 为什么? Songs and dictogloss also help learners practise picking main ideas. Example text: 小李的家在乡下。他家有一个大农场。他爸爸每天在农场工作,妈妈在家做饭。 Summary: 小李的家在乡下,爸爸在农场工作。","Text (four sentences) about a market day. Summary: 星期六,大家去市场买菜。市场里人很多。Xīngqīliù, dàjiā qù shìchǎng mǎi cài. Shìchǎng lǐ rén hěn duō. (On Saturday everybody goes to the market to buy vegetables. There are many people.)","Summarising helps learners handle large amounts of information in reading, reporting to others and studying.",What should a good summary leave out?::Small details and examples.||Translate 乡下.::Countryside (village).||How many sentences is a short summary?::About two to four sentences.,
2023-JSS033-Kidato III,Demonstrate understanding of information in conversation and writing,Develop the ability to read and understand various texts,Read a simple story and re-tell it using own words,Retelling a simple story,6,Read for comprehension,Guiding the students,Simple story are read and re-told using own words.,Written text,"TET(2023), CHINESE LANGUAGE SYLLABUS FOR ORDINARY SECONDARY EDUCATION, TET, DAR ES SALAAM",Learners read a simple story and retell it in their own words.,"To retell: read for the main events, list them in order with sequence words (首先, 然后, 后来, 最后), then tell the story without looking at the text. A retelling has characters, place, events and an ending. Simple past narration in Chinese uses 了 for completed actions and time words: 昨天 zuótiān (yesterday), 上午 shàngwǔ (morning). Learners can retell with pictures as prompts, and pair-check details.","Story: 昨天,我和弟弟去市场。我们买了鱼和菜,然后回家。 Retell: 昨天我和弟弟去市场买了鱼和菜,最后我们回家了。Zuótiān wǒ hé dìdi qù shìchǎng mǎi le yú hé cài, zuìhòu wǒmen huí jiā le.","Retelling helps learners share news, explain events and pass on stories in Chinese.",What word means 'yesterday'?::昨天 (zuótiān).||Which particle shows a completed action?::了 (le).||Name two sequence words used in retelling.::For example 首先 (first) and 最后 (finally).,
2023-JSS033-Kidato III,Demonstrate understanding of information in conversation and writing,Show the right response in various communicative contexts,Listen and respond to complex orders in a market setting,Responding to complex orders in a market,6,Speech,Guiding the students,Complex orders in a market setting are listened and responded.,Recorded audios|Videos,"TET(2023), CHINESE LANGUAGE SYLLABUS FOR ORDINARY SECONDARY EDUCATION, TET, DAR ES SALAAM",Learners listen to longer orders given in a market and carry them out correctly.,"Market orders combine goods, quantities and actions: 请给我三个苹果,两斤鱼 qǐng gěi wǒ sān gè píngguǒ, liǎng jīn yú (please give me three apples and two jin of fish), 请把这些菜放进袋子里 qǐng bǎ zhèxiē cài fàng jìn dàizi lǐ (please put these vegetables into the bag). Useful verbs: 拿 ná (take), 称 chēng (weigh), 包 bāo (wrap), 找钱 zhǎo qián (give change). Learners listen to a recorded speech, write the list of goods and quantities, and then act it out as shop assistants.","Audio order: 请给我两斤西红柿,三个香蕉,还要一条鱼。Qǐng gěi wǒ liǎng jīn xīhóngshì, sān gè xiāngjiāo, hái yào yì tiáo yú. Learner writes: tomatoes 2 jin, bananas 3, fish 1.","Understanding orders is needed for shop assistants, customers and people who work in restaurants and markets.",Translate 请给我三个苹果。::Please give me three apples.||What is 找钱?::To give change.||What does 还要 mean?::Also want (want in addition).,
2023-JSS033-Kidato III,Demonstrate understanding of information in conversation and writing,Show the right response in various communicative contexts,Read different posters in the market and react accordingly,Reading market posters and reacting,6,Reading aloud,Guiding the students,Different posters in the market are read and reacted accordingly.,Recorded audios|Videos,"TET(2023), CHINESE LANGUAGE SYLLABUS FOR ORDINARY SECONDARY EDUCATION, TET, DAR ES SALAAM","Learners read posters and notices in a market and respond correctly, for example by choosing a product or price.","Poster vocabulary: 欢迎光临 huānyíng guānglín (welcome), 特价 tèjià (special price), 打折 dǎzhé (discount), 免费 miǎnfèi (free), 新鲜 xīnxiān (fresh), 营业时间 yíngyè shíjiān (opening hours), 出口 chūkǒu (exit), 入口 rùkǒu (entrance), 禁止 jìnzhǐ (prohibited), 请勿吸烟 qǐng wù xīyān (no smoking). Prices are written with numerals: ¥5.00. Reading tips: read the heading, find the price, find the item, decide. Reading aloud helps learners practise pronunciation.","Poster: 新鲜香蕉,特价!每斤五块。 Xīnxiān xiāngjiāo, tèjià! Měi jīn wǔ kuài. (Fresh bananas, special price! Five yuan per jin.) The learner says how much for two jin: 十块 (ten yuan).",Reading signs and posters helps when shopping or travelling in Chinese-speaking areas and when working with Chinese products.,"What does 特价 mean?::Special price.||What does the sign 出口 indicate?::Exit.||If bananas cost five yuan per jin, what do two jin cost?::Ten yuan (十块).",
2023-JSS033-Kidato III,Demonstrate understanding of information in conversation and writing,Develop the ability to read correctly various texts,"Read accurately complex sentences using standard speed, correct tone, pronunciation and punctuation marks",Reading complex sentences accurately,3,Role-Playing and Reading Aloud,Guiding the students,"Complex sentences using standard speed, correct tone, pronunciation and punctuation marks are read accurately.",ICT tools,"TET(2023), CHINESE LANGUAGE SYLLABUS FOR ORDINARY SECONDARY EDUCATION, TET, DAR ES SALAAM","Learners read longer sentences aloud accurately, at standard speed, with correct tone, pronunciation and punctuation.","In a complex sentence the parts are joined by link words: 因为...所以..., 虽然...但是..., 如果...就..., 不但...而且.... Punctuation guides reading: pause at ， (short), 、 (very short), ； (medium), 。 (long). Learners find the link words and the verbs, read once silently, then aloud. Role-playing practice with dialogue containing complex sentences helps intonation. Example: 虽然天气很热,但是学生们都去上学了。Suīrán tiānqì hěn rè, dànshì xuéshengmen dōu qù shàngxué le.","The learner reads 如果明天不下雨,我们就去市场。Rúguǒ míngtiān bú xià yǔ, wǒmen jiù qù shìchǎng. (If it does not rain tomorrow, we will go to the market.) The teacher notes the pause after the comma and the fourth-tone change to bú before xià.","Reading complex sentences aloud fluently prepares learners for reading news, stories and presentations.",What does 如果...就... mean?::If ... then ...||What does 虽然...但是... express?::Although ... yet/but ...||Why is 不 pronounced bú in 不下雨?::Because 下 is a fourth-tone syllable.,
2023-JSS033-Kidato III,Communicate effectively in a variety of contexts,Develop the ability to communicate orally,Read aloud simple sentences in various contexts,Reading simple sentences aloud in different contexts,8,Gallery work and Reading aloud,Guiding the students,Simple sentences in various contexts are read aloud.,Recorded audio,"TET(2023), CHINESE LANGUAGE SYLLABUS FOR ORDINARY SECONDARY EDUCATION, TET, DAR ES SALAAM","Learners read simple sentences with feeling and correct tone in different situations such as announcements, dialogues and stories.","Different contexts affect voice: an announcement is loud, clear and slow; a dialogue is natural; a story has expression. Learners mark stress and pauses on the text, then read. Gallery work: sentences about traffic signs and safety are posted around the room and learners read them aloud at each station. Examples: 请走人行道 qǐng zǒu rénxíngdào (please use the pavement), 红灯停,绿灯行 hóngdēng tíng, lǜdēng xíng (red light stop, green light go).",Gallery. Station 1: 红灯停。Hóngdēng tíng. Station 2: 绿灯行。Lǜdēng xíng. Station 3: 请过马路看车。Qǐng guò mǎlù kàn chē. Learners read each sentence aloud and explain its meaning.,"Reading aloud in different contexts prepares learners for presentations, announcements and road-safety education.","What does 红灯停 mean?::Stop at the red light.||Translate 请走人行道。::Please walk on the pavement.||How should an announcement be read?::Loud, clear and at a steady, slower speed.",
2023-JSS033-Kidato III,Communicate effectively in a variety of contexts,Develop the ability to communicate orally,Participate in a conversation about family relationships and occupations,Conversation about family relationships and occupations,8,Speech and Debate,Guiding the students,Conversation about family relationships and occupations are participated in.,Recorded audio,"TET(2023), CHINESE LANGUAGE SYLLABUS FOR ORDINARY SECONDARY EDUCATION, TET, DAR ES SALAAM",Learners ask and answer about family relationships and jobs.,"Relationships: 父母 fùmǔ (parents), 兄弟姐妹 xiōngdì jiěmèi (siblings), 叔叔 shūshu (uncle), 阿姨 āyí (aunt), 表哥 biǎogē (cousin). Occupations: 老师 lǎoshī, 医生 yīshēng, 护士 hùshi (nurse), 农民 nóngmín, 司机 sījī (driver), 工程师 gōngchéngshī (engineer), 商人 shāngrén (businessperson), 警察 jǐngchá (police officer). Questions: 你爸爸做什么工作? nǐ bàba zuò shénme gōngzuò? (what does your father do?) — 他是司机。Tā shì sījī. Sentence patterns use 在...工作 (work at ...) and 是 for identity. Speech and debate are used to present the occupations learners would like.","Dialogue. A: 你爸爸做什么工作? B: 他是医生,在医院工作。Tā shì yīshēng, zài yīyuàn gōngzuò. A: 你妈妈呢? B: 她是老师,在学校工作。Tā shì lǎoshī, zài xuéxiào gōngzuò.",Talking about jobs and family is very common in conversations with new acquaintances and helps learners discuss their career plans.,"How do you ask 'What does your father do?'::你爸爸做什么工作? (nǐ bàba zuò shénme gōngzuò?)||What is 护士 in English?::Nurse.||Translate 她是老师,在学校工作。::She is a teacher and works at school.",
2023-JSS033-Kidato III,Communicate effectively in a variety of contexts,Develop the ability to communicate accurately in writing in various contexts,Write simple guided paragraphs using appropriate punctuation marks,Writing guided paragraphs,4,Dictogloss,Guiding the students,Simple guided paragraphs using appropriate punctuation marks are written.,Written materials,"TET(2023), CHINESE LANGUAGE SYLLABUS FOR ORDINARY SECONDARY EDUCATION, TET, DAR ES SALAAM","Learners write a short paragraph guided by a model or by questions, using correct punctuation.","A guided paragraph has a topic sentence, two or three supporting sentences and a closing sentence. Cohesive devices: 首先, 然后, 最后; 也 (also), 还 (in addition), 因为...所以.... Punctuation: commas after time words and between clauses, full stops at the end. Learners plan with a mind map, write in characters with tianzige, then proofread punctuation, tones in pinyin and characters. Model: 我的家 (My family). Sentence starters: 我家有...口人。我爸爸是...。我妈妈是...。我喜欢...。","Guided paragraph. 我家有五口人:爸爸、妈妈、哥哥、妹妹和我。爸爸是农民,妈妈是老师。我是学生。我爱我的家。Wǒ jiā yǒu wǔ kǒu rén: bàba, māma, gēge, mèimei hé wǒ. Bàba shì nóngmín, māma shì lǎoshī. Wǒ shì xuésheng. Wǒ ài wǒ de jiā.","Writing short paragraphs prepares learners to write letters, self-introductions and diary entries in Chinese.","What are the parts of a paragraph?::A topic sentence, supporting sentences and a closing sentence.||Which punctuation mark separates the family members in the model paragraph?::The enumeration comma 、.||Translate 我爱我的家。::I love my family.",
2023-JSS033-Kidato III,"Translate, and interpret simple information",Provide simple and accurate translation,Translate complex sentences,Translating complex sentences,10,Games and activities,Guiding the students,Complex sentences are translated.,Written materials,"TET(2023), CHINESE LANGUAGE SYLLABUS FOR ORDINARY SECONDARY EDUCATION, TET, DAR ES SALAAM","Learners translate complex sentences between Chinese and English (or Kiswahili), keeping the meaning correct and natural.","Translation is not word-for-word. Steps: read and understand the whole sentence; find the structure (link words, subject, verb); translate meaning unit by unit; rewrite it naturally in the target language; check. Chinese has no verb tenses, so time is shown by time words and 了; word order of modifiers comes before the noun (我昨天买的书 wǒ zuótiān mǎi de shū, the book that I bought yesterday). Translation games and activities practise structures and vocabulary. Example: 虽然他很忙,但是他每天都学习汉语。 → Although he is very busy, he studies Chinese every day.","Translate: Because it was raining, we stayed at home. → 因为下雨,所以我们在家。Yīnwèi xià yǔ, suǒyǐ wǒmen zài jiā. The learner explains that 因为 and 所以 are both used in Chinese although only one word is needed in English.","Translation skills are valuable in tourism, trade and communication with Chinese-speaking partners.","Translate: Although it is hot, we play football.::虽然天气很热,但是我们踢足球。||Why is translation not done word for word?::Word order and grammar differ between languages, so the meaning must be rendered naturally.||What shows the time of an action in Chinese, since there are no verb tenses?::Time words and the particle 了.",
2023-JSS033-Kidato III,"Translate, and interpret simple information",Provide simple and accurate translation,Translate simple texts,Translating simple texts,10,Listen and translate what you hear,Guiding the students,Simple texts are translated.,Written materials,"TET(2023), CHINESE LANGUAGE SYLLABUS FOR ORDINARY SECONDARY EDUCATION, TET, DAR ES SALAAM",Learners translate short texts of a few sentences between Chinese and English (or Kiswahili).,"A text is translated paragraph by paragraph. Steps: skim for topic, list unknown words, translate sentence by sentence, keep names, numbers and dates accurate, read the whole translation and revise. Names of people are transcribed by sound or kept in pinyin; place names such as 坦桑尼亚 Tǎnsāngníyà (Tanzania) and 中国 Zhōngguó (China) have fixed Chinese forms. Dates are written in the order year, month, day: 2025年3月8日. Listen-and-translate tasks use audio texts. Example text: 我叫汤姆。我十五岁。我是坦桑尼亚人。",Translate: 我叫汤姆。我十五岁。我是坦桑尼亚人。我喜欢汉语。 → My name is Tom. I am fifteen. I am Tanzanian. I like Chinese.,"Translating short texts helps learners with signs, forms, product instructions and short messages.","Write in Chinese: 'Tanzania'.::坦桑尼亚 (Tǎnsāngníyà).||In which order are dates written in Chinese?::Year, month, day.||Translate 我十五岁。::I am fifteen years old.",
2023-JSS033-Kidato III,"Translate, and interpret simple information",Provide simple and accurate translation,Translate simple sentences,Translating simple sentences,10,Dialogue and Field trip,Guiding the students,Simple sentences are translated.,Written materials,"TET(2023), CHINESE LANGUAGE SYLLABUS FOR ORDINARY SECONDARY EDUCATION, TET, DAR ES SALAAM",Learners translate simple sentences between Chinese and English (or Kiswahili) accurately.,"Simple sentences follow Subject + Verb + Object. Translate sentence by sentence: identify the subject, the verb and the object, then rewrite. Points of contrast: Chinese does not use articles (a, the); the copula 是 is not used before adjectives (她很漂亮, not 她是漂亮); questions use 吗 and 呢 without changing word order; negatives use 不 (habit or present) and 没 (past or have). Games and dialogues such as 'say it in Chinese' help practise translation.",Translate: The teacher is in the classroom. → 老师在教室。Lǎoshī zài jiàoshì. Translate: 我没有哥哥。→ I do not have an elder brother. Translate: 他们不是学生。→ They are not students.,Simple sentence translation is used in everyday situations such as helping visitors or asking for help in another language.,"Translate: I have two books.::我有两本书。Wǒ yǒu liǎng běn shū.||Does Chinese use articles like 'a' and 'the'?::No, Chinese has no articles.||Translate 她很漂亮。::She is beautiful.",
2023-JSS033-Kidato IV,Master basic Chinese language skills,"Develop awareness of Chinese phonemes, initial, final, tone and characters",Read Chinese words in pinyin while observing appropriate sequencing of tones,Reading pinyin with correct tone sequences,10,Reading aloud,Guiding the students,Chinese words in pinyin are read while observing appropriate sequencing of tones.,Flash cards|Audio-video recording devices|Recorded|Written materials|Cellphones|Projectors,"TET(2023), CHINESE LANGUAGE SYLLABUS FOR ORDINARY SECONDARY EDUCATION, TET, DAR ES SALAAM","Learners read Chinese words and short phrases in pinyin aloud, applying tone sequences and tone changes correctly.","Reading aloud in pinyin means recognising the tone marks, applying sandhi rules and keeping natural rhythm. Rules recalled: third tone + third tone (the first becomes tone 2), 不 (bù → bú before tone 4), 一 (yī → yí before tone 4; yì before tones 1, 2, 3), and the neutral tone in particles and reduplicated kinship words. Learners read tongue twisters to improve fluency, for example 四是四,十是十 sì shì sì, shí shì shí (four is four, ten is ten). Reading aloud with unfamiliar words also builds confidence: learners identify unfamiliar words and ask about them.","The learner reads: Wǒ měitiān zǎoshang liù diǎn qǐchuáng, bú shì qī diǎn. Then reads the tongue twister Sì shì sì, shí shì shí, shísì shì shísì, sìshí shì sìshí, marking the contrast between the retroflex sh and the plain s.","Reading pinyin fluently supports texting with a pinyin keyboard, using dictionaries and learning new words from textbooks and apps.","How is 一起 read in pinyin, with the tone change?::yìqǐ.||What is the tongue twister 四是四,十是十 meant to train?::The contrast between s and sh and the second and fourth tones.||How is 不对 pronounced?::bú duì.",
2023-JSS033-Kidato IV,Master basic Chinese language skills,"Develop awareness of Chinese phonemes, initial, final, tone and characters",Write Chinese words in pinyin while observing appropriate sequencing of tones,Writing pinyin with correct tone sequences,10,Note taking and Debate,Guiding the students,Chinese words in pinyin are written while observing appropriate sequencing of tones.,Flash cards|Audio-video recording devices|Recorded|Written materials|Cellphones|Projectors,"TET(2023), CHINESE LANGUAGE SYLLABUS FOR ORDINARY SECONDARY EDUCATION, TET, DAR ES SALAAM",Learners write pinyin for Chinese sentences and record tone changes accurately in their writing.,"In official pinyin spelling the tone marks show the base tone of the word. Whether to write the changed tone is a convention: textbooks normally write 不 as bù or bú according to pronunciation (bú shì) and 一 as yī, yí or yì according to pronunciation, but write third-tone pairs with the original marks (nǐ hǎo). Learners write by note taking from a spoken text and by debating in writing which tone applies. Words are joined by word (xuéxí, not xué xí) and sentences begin with capital letters. Proper nouns are capitalised.",Dictation. The teacher says 你今天不去学校吗? and the learner writes Nǐ jīntiān bú qù xuéxiào ma? The learner underlines bú and explains that qù is a fourth-tone syllable.,Writing accurate pinyin helps learners type Chinese and label names and addresses correctly.,"Write 不是 in pinyin, showing the actual tone.::bú shì.||Why do we write xuéxí as one word?::Because pinyin is written by words, not by single syllables.||Which letter starts a sentence in pinyin?::A capital letter.",
2023-JSS033-Kidato IV,Master basic Chinese language skills,"Develop awareness of Chinese phonemes, initial, final, tone and characters",Write Chinese characters with 16-17 strokes,Writing Chinese characters of 16 to 17 strokes,10,Tianzige methods and Games and activities,Guiding the students,Chinese characters with 16-17 strokes are written.,Flash cards|Audio-video recording devices|Recorded|Written materials|Cellphones|Projectors,"TET(2023), CHINESE LANGUAGE SYLLABUS FOR ORDINARY SECONDARY EDUCATION, TET, DAR ES SALAAM","Learners write complex characters of sixteen and seventeen strokes, applying the rules of order and balance.","Characters with 16 strokes include 整 zhěng (whole, tidy), 餐 cān (meal), 镜 jìng (mirror, as in 眼镜 yǎnjìng, glasses), 操 cāo (exercise, as in 操场 cāochǎng, playground) and 器 qì (device, as in 电器 diànqì, electrical appliance). The character 戴 dài (to wear) has 17 strokes. Learners use the tianzige method: write the character in a grid with several lines so that the strokes are well distributed. Complex characters are split into components and written part by part, for example 整 = 敕 + 正 and 镜 = 钅 + 竟. Games and activities such as timed writing relays consolidate learning.","Learner writes 整 (16 strokes) in a tianzige: 敕 (upper part, 11 strokes) and 正 (5 strokes), total sixteen. Then writes 整理 zhěnglǐ (to tidy up) and 整个 zhěnggè (whole).","Writing these characters supports reading menus (餐厅 cāntīng, restaurant), sport (操场) and everyday objects (眼镜, glasses).","How many strokes does 整 have?::Sixteen strokes.||Give a Chinese word using 餐 and its meaning.::餐厅 (cāntīng), restaurant.||What does 戴 mean?::To wear (for example glasses or a hat).",
2023-JSS033-Kidato IV,Master basic Chinese language skills,Master the correct Chinese vocabulary in various contexts,Write new words associated with the hospital environment,Writing words about the hospital,10,Note taking and Writing Practice Sheets,Guiding the students,New words associated with the hospital environment are written.,Recorded texts with lists of vocabulary|Written materials,"TET(2023), CHINESE LANGUAGE SYLLABUS FOR ORDINARY SECONDARY EDUCATION, TET, DAR ES SALAAM","Learners write vocabulary about hospitals, illness and treatment.","Vocabulary: 医院 yīyuàn (hospital), 医生 yīshēng (doctor), 护士 hùshi (nurse), 病人 bìngrén (patient), 药 yào (medicine), 药房 yàofáng (pharmacy), 挂号 guàhào (register), 检查 jiǎnchá (examination), 打针 dǎzhēn (injection), 发烧 fāshāo (fever), 咳嗽 késou (cough), 头疼 tóu téng (headache), 肚子疼 dùzi téng (stomach ache), 感冒 gǎnmào (cold, flu), 急诊 jízhěn (emergency). Learners write a word bank with pinyin and English, and note-take from an audio speech about a hospital visit. The doctor's typical questions are 你哪儿不舒服? nǐ nǎr bù shūfu? (what is wrong?)","Word list. Learners write: 医院 yīyuàn – hospital; 药 yào – medicine; 发烧 fāshāo – fever; 头疼 tóu téng – headache; and label a hospital plan with 挂号处 guàhào chù (registration), 药房 yàofáng, 急诊室 jízhěnshì.",Medical vocabulary is important when helping Chinese-speaking visitors who are ill or working as an interpreter in health services.,"Write 'hospital' in Chinese and pinyin.::医院, yīyuàn.||What is 头疼?::Headache.||How does a doctor ask 'What is wrong with you?'::你哪儿不舒服? (nǐ nǎr bù shūfu?)",
2023-JSS033-Kidato IV,Master basic Chinese language skills,Master the correct Chinese vocabulary in various contexts,Construct simple oral sentences using new words associated with the hospital environment,Speaking sentences about the hospital,10,Listening and dictation exercises,Guiding the students,Simple oral sentences using new words associated with the hospital environment are constructed.,Recorded texts with lists of vocabulary|Written materials,"TET(2023), CHINESE LANGUAGE SYLLABUS FOR ORDINARY SECONDARY EDUCATION, TET, DAR ES SALAAM","Learners make oral sentences with hospital words, describing symptoms and giving simple advice.","Patterns: 我...疼 wǒ ... téng (my ... hurts), 我发烧了 wǒ fāshāo le (I have a fever), 我咳嗽两天了 wǒ késou liǎng tiān le (I have coughed for two days), 你应该... nǐ yīnggāi ... (you should ...), 多喝水 duō hē shuǐ (drink plenty of water), 好好休息 hǎohǎo xiūxi (rest well). Dictation and listening exercises help learners recall the words before speaking. Doctor-patient role play uses complete sentences.","Role play. Doctor: 你哪儿不舒服? Patient: 我头疼,还发烧。Wǒ tóu téng, hái fāshāo. Doctor: 你应该吃药,多喝水,好好休息。Nǐ yīnggāi chī yào, duō hē shuǐ, hǎohǎo xiūxi.",Describing symptoms lets learners explain how they feel and understand medical advice.,Translate 我头疼。::I have a headache.||How do you say 'You should rest' in Chinese?::你应该休息 (nǐ yīnggāi xiūxi).||What does 多喝水 mean?::Drink plenty of water.,
2023-JSS033-Kidato IV,Master basic Chinese language skills,Master the correct Chinese vocabulary in various contexts,Write simple sentences using new words associated with the hospital environment,Writing sentences about the hospital,10,Writing Practice Sheets,Guiding the students,Simple sentences using new words associated with the hospital environment are written.,Recorded texts with lists of vocabulary|Written materials,"TET(2023), CHINESE LANGUAGE SYLLABUS FOR ORDINARY SECONDARY EDUCATION, TET, DAR ES SALAAM","Learners write sentences about a visit to a hospital, symptoms and treatment.","Written sentences use time words and the particle 了: 昨天我发烧了 zuótiān wǒ fāshāo le (yesterday I had a fever), 医生给我开了药 yīshēng gěi wǒ kāi le yào (the doctor prescribed medicine for me). Prescriptions include frequency and timing: 一天三次,每次一片 yì tiān sān cì, měi cì yí piàn (three times a day, one tablet each time), 饭后吃 fàn hòu chī (take after meals). Writing practice sheets guide learners to use characters accurately, with the right measure words (一片药 yí piàn yào, 一瓶水 yì píng shuǐ).","Learner writes: 我昨天不舒服,所以去了医院。医生说我感冒了。他给我开了药。Wǒ zuótiān bù shūfu, suǒyǐ qù le yīyuàn. Yīshēng shuō wǒ gǎnmào le. Tā gěi wǒ kāi le yào.","Writing about health matters helps in filling forms, writing messages to a doctor or reporting an illness.",Write 'take medicine three times a day' in Chinese.::一天吃三次药 (yì tiān chī sān cì yào).||What does 饭后吃 mean?::Take after meals.||What is the measure word for a tablet?::片 (piàn).,
2023-JSS033-Kidato IV,Master basic Chinese language skills,Develop the use of appropriate grammar and vocabulary in conversation and writing,Listen and respond to complex sentences,Listening and responding to complex sentences,10,Reading aloud,Guiding the students,Complex sentences are listened and responded.,Recorded texts with lists of vocabulary|Written materials,"TET(2023), CHINESE LANGUAGE SYLLABUS FOR ORDINARY SECONDARY EDUCATION, TET, DAR ES SALAAM",Learners listen to complex sentences with several clauses and respond in a suitable way.,"Common complex structures: 虽然...但是... (although ... but ...), 因为...所以... (because ... so ...), 如果...就... (if ... then ...), 不但...而且... (not only ... but also ...), 一边...一边... (do two things at once), 先...再...(first ... then ...). Learners listen for the link words, work out the relationship between clauses and answer. Reading aloud and repeating build accuracy. Example: 虽然他病了,但是他还去上学。Suīrán tā bìng le, dànshì tā hái qù shàngxué. Response: 他应该在家休息。Tā yīnggāi zài jiā xiūxi.","Audio: 不但医生很热情,而且护士也很热情。Bùdàn yīshēng hěn rèqíng, érqiě hùshi yě hěn rèqíng. Question: 谁很热情? Answer: 医生和护士都很热情。","Following complex sentences is necessary to understand news, explanations and real conversations.",What does 不但...而且... mean?::Not only ... but also ...||Translate 一边吃饭一边看电视。::Eat while watching TV.||Which word means 'although' in 虽然...但是...?::虽然 (suīrán).,
2023-JSS033-Kidato IV,Master basic Chinese language skills,Develop the use of appropriate grammar and vocabulary in conversation and writing,Use different words to construct complex oral sentences,Constructing complex oral sentences,10,Dictation exercises,Guiding the students,Complex oral sentences are constructed by using different words.,Recorded texts with lists of vocabulary|Written materials,"TET(2023), CHINESE LANGUAGE SYLLABUS FOR ORDINARY SECONDARY EDUCATION, TET, DAR ES SALAAM",Learners use different words and link words to build complex spoken sentences.,"Steps: choose two related ideas, choose the link words, put the clauses in order, and say the whole sentence with correct pauses. Patterns: 因为...所以...; 虽然...但是...; 如果...就...; 只要...就... (as long as ... then); 除了...以外,还... (besides ..., also ...). Dictation exercises help learners record sentences as models. Example: 除了英语以外,我还学习汉语。Chúle Yīngyǔ yǐwài, wǒ hái xuéxí Hànyǔ. (Besides English I also study Chinese.)","Oral chain. A: 因为我想去中国,所以我学习汉语。Yīnwèi wǒ xiǎng qù Zhōngguó, suǒyǐ wǒ xuéxí Hànyǔ. B: 如果你学习努力,你就能去。Rúguǒ nǐ xuéxí nǔlì, nǐ jiù néng qù.","Complex sentences let learners give reasons, express conditions and discuss plans and opinions.","Complete: 如果明天下雨,我们___在家学习。::就 (jiù).||Translate 除了汉语以外,我还学习英语。::Besides Chinese, I also study English.||Make a sentence using 因为...所以...::For example 因为我生病了,所以我没有去学校。",
2023-JSS033-Kidato IV,Master basic Chinese language skills,Develop the use of appropriate grammar and vocabulary in conversation and writing,Write complex sentences using different words,Writing complex sentences with different words,10,Writing practice sheets,Guiding the students,Complex sentences using different words are written.,Recorded texts with lists of vocabulary|Written materials,"TET(2023), CHINESE LANGUAGE SYLLABUS FOR ORDINARY SECONDARY EDUCATION, TET, DAR ES SALAAM",Learners write complex sentences with link words and a variety of vocabulary.,"In writing, a comma separates the clauses of a complex sentence. Writing practice sheets, model sentences and error correction help. Common mistakes: using both 但是 and 可是 together, placing the time word after the verb (wrong: 我去学校昨天; correct: 我昨天去学校), and mixing measure words. Learners check word order, characters and punctuation. Example: 虽然汉字很难写,但是我喜欢学汉字。Suīrán Hànzì hěn nán xiě, dànshì wǒ xǐhuan xué Hànzì.","Learner writes three complex sentences on studying Chinese: 因为汉语很有意思,所以我天天练习。 如果我努力学习,我就能进步。 虽然汉字很难,但是我不放弃。","Writing complex sentences is a requirement for essays, emails and letters in Chinese.","Correct the sentence: 我去学校昨天。::我昨天去学校。 (The time word goes before the verb.)||Translate 虽然汉字很难,但是我喜欢。::Although characters are difficult, I like them.||What separates the two clauses in written complex sentences?::A comma.",
2023-JSS033-Kidato IV,Demonstrate understanding of information in conversation and writing,Develop the ability to listen and understand information,Identify the main ideas from a brief oral presentation,Identifying the main ideas in a short oral presentation,7,Debate and Field trip,Guiding the students,The main ideas from a brief oral presentation are identified.,Downloaded video or audio from various sources that are relevant to learning contents,"TET(2023), CHINESE LANGUAGE SYLLABUS FOR ORDINARY SECONDARY EDUCATION, TET, DAR ES SALAAM",Learners listen to a short talk in Chinese and state its main ideas.,"Strategies: listen for the topic sentence (usually first), note key words, notice sequence and link words, and ignore detail. Learners answer questions 主要说了什么? zhǔyào shuō le shénme? (what was mainly said?). Debate and field-trip presentations provide realistic talks. Example presentation: 我们参观了医院。首先,我们看了挂号处。然后,我们参观了药房。最后,医生介绍了他们的工作。 Main idea: a hospital visit and doctor's talk.","After listening to a four-sentence talk on healthy habits (多吃蔬菜,多运动,早睡早起), the learner states the main idea in one sentence: 这段话说的是怎样保持健康。Zhè duàn huà shuō de shì zěnyàng bǎochí jiànkāng.","Finding the main idea helps learners follow lectures, news and discussions.","What does 主要 mean?::Main.||What is the topic sentence?::The sentence that gives the main idea, usually the first.||Translate 保持健康.::Keep healthy.",
2023-JSS033-Kidato IV,Demonstrate understanding of information in conversation and writing,Develop the ability to listen and understand information,Listen to a presentation and paraphrase its content,Paraphrasing an oral presentation,7,Listen and retell and Rewrite what you hear,Guiding the students,Presentation are listened and its content are paraphrased.,Downloaded video or audio from various sources that are relevant to learning contents,"TET(2023), CHINESE LANGUAGE SYLLABUS FOR ORDINARY SECONDARY EDUCATION, TET, DAR ES SALAAM",Learners listen to a presentation and say its content again in different words.,"Paraphrase means expressing the same meaning with other words and structures: change the vocabulary (synonyms), change the structure (active to 把 sentences, reorder clauses), and shorten. Example: 我每天早上跑步 → 我天天早晨去跑步 (same meaning). Learners listen, jot key words, then retell without notes. Useful openers: 他的意思是... tā de yìsi shì ... (he means ...), 也就是说... yě jiù shì shuō ... (that is to say ...). Listening to Chinese audio at different speeds and identifying tones helps them keep the sense.","Original: 医生说我应该多喝水,少吃油。 Paraphrase: 医生的意思是我要多喝水,不要吃太多油。Yīshēng de yìsi shì wǒ yào duō hē shuǐ, bú yào chī tài duō yóu.","Paraphrasing is used to explain what someone said, confirm understanding and interpret.",What does 也就是说 mean?::That is to say.||Paraphrase: 我很累 (I am tired) with a different structure.::For example 我觉得很累 (I feel very tired).||Why do learners note key words before paraphrasing?::They help recall the main content accurately.,
2023-JSS033-Kidato IV,Demonstrate understanding of information in conversation and writing,Develop the ability to listen and understand information,Listen to a presentation and write a summary of its content,Summarising an oral presentation in writing,7,Contextual learning and Rewrite what they hear,Guiding the students,Presentation are listened and a summary of its content are written.,Downloaded video or audio from various sources that are relevant to learning contents,"TET(2023), CHINESE LANGUAGE SYLLABUS FOR ORDINARY SECONDARY EDUCATION, TET, DAR ES SALAAM",Learners listen to a presentation and write a short summary of its content.,"Steps: listen and note key words; write an outline; write the summary in 3 to 5 sentences with sequence words (首先, 其次 qícì, 最后); avoid opinions; check characters and punctuation. Contextual learning: new words heard in the talk are recorded in context. The listener can also 'rewrite what they hear' after a second listening. Summary structure: who spoke, topic, main points, conclusion. Example: 王医生谈了怎样预防感冒。她说要多喝水,多运动,注意休息。","After a talk on malaria prevention, the summary reads: 这个演讲的题目是预防疟疾。演讲者说要睡在蚊帐里,清除积水,生病时及时去医院。Zhège yǎnjiǎng de tímù shì yùfáng nüèjí. (The talk was about preventing malaria.)","Writing summaries is needed for taking notes in lectures, meetings and interviews.",What does 预防 mean?::To prevent.||Name two sequence words for a summary.::For example 首先 and 最后.||How long is a short summary?::Three to five sentences.,
2023-JSS033-Kidato IV,Demonstrate understanding of information in conversation and writing,Develop the ability to read and understand various texts,Read a simple text and identify the intended message,Reading a text and identifying the intended message,5,Read for comprehension,Guiding the students,A simple text is read and the intended message are identified.,Recorded|Written materials,"TET(2023), CHINESE LANGUAGE SYLLABUS FOR ORDINARY SECONDARY EDUCATION, TET, DAR ES SALAAM",Learners read a simple text and identify what the author wants to say.,"Read the title, the first and last sentences, then read the whole text. Ask: who is writing, to whom, and for what purpose (inform, advise, invite, warn)? Signal words: 请 (request), 应该 (advice), 不要 (warning), 欢迎 (invitation). Comprehension strategy: read for comprehension, underline the key sentence, and state the message in a sentence. Example: 请大家不要在医院里大声说话。Qǐng dàjiā bú yào zài yīyuàn lǐ dàshēng shuōhuà. Message: keep quiet in the hospital.","Notice: 明天医院免费检查身体,欢迎大家参加。Míngtiān yīyuàn miǎnfèi jiǎnchá shēntǐ, huānyíng dàjiā cānjiā. Intended message: an invitation to a free medical check-up tomorrow.","Understanding the intent behind a text prevents mistakes with notices, warnings and invitations.",What does 不要 signal in a text?::A warning or prohibition (do not ...).||What does 免费 mean?::Free of charge.||Translate 欢迎大家参加。::Everyone is welcome to take part.,
2023-JSS033-Kidato IV,Demonstrate understanding of information in conversation and writing,Develop the ability to read and understand various texts,Read a simple text and write a summary of its content,Reading a text and writing a summary,5,Writing practice sheets,Guiding the students,Summaries of simple texts are written.,Recorded|Written materials,"TET(2023), CHINESE LANGUAGE SYLLABUS FOR ORDINARY SECONDARY EDUCATION, TET, DAR ES SALAAM",Learners read a simple text and write a summary of it in Chinese.,"Method: read twice, underline key sentences, note each paragraph's main idea, write the summary in your own words (about one third of the original length), and do not copy sentences. Writing practice sheets help structure: introduction of topic, main points with 首先 / 其次 / 最后, and closing. Learners check that names, numbers and places are correct. Example text about a girl who volunteers at a clinic; summary: 小华每个周末在诊所做志愿者。她帮助病人挂号,还帮医生整理病历。","After reading a 100-character text on a clinic, the learner writes: 这篇文章介绍了一家小诊所。诊所里有一位医生和两位护士。他们每天帮助很多病人。Zhè piān wénzhāng jièshào le yì jiā xiǎo zhěnsuǒ.","Summaries are useful in reports, book reviews and notes for study.","How long should a summary be compared with the original?::Much shorter, about one third.||What does 文章 mean?::Article, essay or passage.||Translate 这篇文章介绍了一家诊所。::This article introduces a clinic.",
2023-JSS033-Kidato IV,Demonstrate understanding of information in conversation and writing,Show the right response in various communicative contexts,Listen and respond to complex orders in a hospital setting,Responding to complex spoken orders in a hospital,5,Role-playing,Guiding the students,Complex orders in a hospital setting are listened and responded.,Downloaded video or audio from various sources that are relevant to learning contents,"TET(2023), CHINESE LANGUAGE SYLLABUS FOR ORDINARY SECONDARY EDUCATION, TET, DAR ES SALAAM",Learners listen to complex orders in a hospital setting and react correctly.,"Typical hospital orders: 请先挂号,然后去二楼检查 qǐng xiān guàhào, ránhòu qù èr lóu jiǎnchá (register first, then go to the second floor for examination), 请把袖子卷起来 qǐng bǎ xiùzi juǎn qǐlai (please roll up your sleeve), 请张开嘴 qǐng zhāngkāi zuǐ (please open your mouth), 深呼吸 shēn hūxī (breathe deeply), 请在这里签字 qǐng zài zhèlǐ qiānzì (sign here), 饭后吃药 fàn hòu chī yào. Learners practise with role-play: one plays the medical worker, the other the patient, and react to spoken orders.","Nurse: 请先坐下,把手伸出来,我给你量体温。Qǐng xiān zuòxià, bǎ shǒu shēn chūlai, wǒ gěi nǐ liáng tǐwēn. The patient sits, stretches out an arm and waits while the nurse takes their temperature.",Understanding orders in hospitals is crucial for patient safety and for communication with Chinese doctors.,Translate 请张开嘴。::Please open your mouth.||What does 量体温 mean?::To take one's temperature.||What does 签字 mean?::To sign.,
2023-JSS033-Kidato IV,Demonstrate understanding of information in conversation and writing,Show the right response in various communicative contexts,Read different directions given in a hospital and react accordingly,Reading directions in a hospital and reacting,5,Field trip,Guiding the students,Different directions given in a hospital are read and reacted accordingly.,Downloaded video or audio from various sources that are relevant to learning contents,"TET(2023), CHINESE LANGUAGE SYLLABUS FOR ORDINARY SECONDARY EDUCATION, TET, DAR ES SALAAM",Learners read signs and directions in a hospital and act on them.,"Common hospital signs: 挂号处 (registration), 门诊 ménzhěn (outpatients), 急诊 jízhěn (emergency), 住院部 zhùyuànbù (inpatient department), 药房 (pharmacy), 收费处 shōufèi chù (cashier), 化验室 huàyànshì (laboratory), 洗手间 xǐshǒujiān (toilet), 请保持安静 (please keep quiet), 禁止吸烟 (no smoking). Directions: 往左 wǎng zuǒ (to the left), 往右 (to the right), 一直走 (go straight), 二楼 èr lóu (second floor). Learners plan a field trip to a hospital and read directions while walking the route.","Sign: 药房在二楼,请往右走。Yàofáng zài èr lóu, qǐng wǎng yòu zǒu. Learner goes to the second floor and turns right to find the pharmacy.","Reading signs helps navigate hospitals, clinics and public buildings in Chinese-speaking environments.",What does 急诊 mean?::Emergency department.||What is 一直走?::Go straight ahead.||Translate 请保持安静。::Please keep quiet.,
2023-JSS033-Kidato IV,Demonstrate understanding of information in conversation and writing,Develop the ability to read correctly various texts,"Read accurately a simple text using standard speed, correct tone, pronunciation and punctuation marks","Reading a simple text accurately with speed, tone and punctuation",3,Reading aloud and Read for comprehension,Guiding the students,"Simple text using standard speed, correct tone, pronunciation and punctuation marks are read accurately.",Recorded text|Written materials,"TET(2023), CHINESE LANGUAGE SYLLABUS FOR ORDINARY SECONDARY EDUCATION, TET, DAR ES SALAAM","Learners read a simple text aloud at a suitable speed, with correct pronunciation, tones and punctuation.","Steps: silent reading first; mark pauses and stress; read aloud with correct tones; check that tone changes are applied; adjust speed to be neither too slow nor too rushed (about 150 characters per minute is a good aim at this level); pay attention to punctuation (short pause at commas, longer at full stops, rising tone for questions). Read for comprehension afterwards by answering three questions on the text.","Text: 医院在学校旁边。每天早上,很多病人去医院看病。医生和护士很忙,但是他们很热情。Yīyuàn zài xuéxiào pángbiān. Měitiān zǎoshang, hěn duō bìngrén qù yīyuàn kànbìng. The learner reads aloud with correct pauses and the second-tone rise on yuàn... and answers: 谁很热情?","Reading with fluency and expression is essential for oral exams, public speaking and reading aloud to others.",What should the voice do at a question mark?::Rise at the end of the question.||Why is silent reading done before reading aloud?::To understand the text and mark pauses before reading.||Translate 看病.::See a doctor (go for treatment).,
2023-JSS033-Kidato IV,Communicate effectively in a variety of contexts,Develop the ability to communicate orally,Read aloud complex sentences in various contexts,Reading complex sentences aloud in different contexts,5,Listen and react,Guiding the students,Complex sentences in various contexts are read aloud.,Downloaded video or audio from various sources that are relevant to learning contents,"TET(2023), CHINESE LANGUAGE SYLLABUS FOR ORDINARY SECONDARY EDUCATION, TET, DAR ES SALAAM","Learners read complex sentences aloud clearly in contexts like formal speeches, dialogues and announcements.","Different contexts need different tones of voice: a speech is formal, clear and paced; an announcement is loud and clear; a story is dramatic. Techniques: divide the sentence into meaningful chunks at commas and link words, stress the important word, keep tone changes, and breathe at punctuation. Learners listen to a model and react, and read text on cards representing hospital, market and school contexts. Example: 各位病人,请注意,医生现在开始叫号,请大家在候诊室耐心等待。Gèwèi bìngrén, qǐng zhùyì, yīshēng xiànzài kāishǐ jiàohào, qǐng dàjiā zài hòuzhěnshì nàixīn děngdài.","The learner reads the announcement above using chunks: 各位病人, / 请注意, / 医生现在开始叫号, / 请大家在候诊室耐心等待。 and the class comments on loudness, clarity and tone.",Reading aloud in various contexts helps learners speak in front of an audience and make announcements in Chinese.,"What does 请注意 mean?::Please pay attention.||Why is a long sentence read in chunks?::To keep meaning, tone and breathing under control.||What is 候诊室?::Waiting room (of a clinic).",
2023-JSS033-Kidato IV,Communicate effectively in a variety of contexts,Develop the ability to communicate orally,"Respond to compliments, apologies, wishes and sympathy messages in different contexts","Responding to compliments, apologies, wishes and sympathy",5,Contextual learning,Guiding the students,"Compliments, apologies, wishes and sympathy messages in different contexts are responded to.",Downloaded video or audio from various sources that are relevant to learning contents,"TET(2023), CHINESE LANGUAGE SYLLABUS FOR ORDINARY SECONDARY EDUCATION, TET, DAR ES SALAAM","Learners respond politely to compliments, apologies, good wishes and messages of sympathy in different contexts.","Compliments: 你的汉语说得真好! Nǐ de Hànyǔ shuō de zhēn hǎo! Response: 哪里哪里,还差得远 nǎlǐ nǎlǐ, hái chà de yuǎn (not really, I still have a long way) or 谢谢夸奖 xièxie kuājiǎng. Apologies: 对不起 duìbuqǐ – 没关系 méi guānxi; 不好意思 bù hǎoyìsi – 没事 méishì. Wishes: 生日快乐 shēngrì kuàilè – 谢谢; 新年快乐 xīnnián kuàilè; 祝你成功 zhù nǐ chénggōng (I wish you success); 祝你早日康复 zhù nǐ zǎorì kāngfù (I hope you recover soon). Sympathy: 请节哀 qǐng jié'āi (please accept my condolences), 我很难过 wǒ hěn nánguò (I am very sad). Responses match the situation and the relationship, and contextual learning ties expressions to real events.",Situations. A friend says 我考试考得很好! Response: 恭喜你! Gōngxǐ nǐ! (Congratulations!) A classmate steps on your foot: 对不起! Response: 没关系。A friend's grandmother has died: 请节哀。Response by friend: 谢谢你。,Responding properly in social situations shows respect and builds relationships with Chinese speakers.,What do you say in response to 对不起?::没关系 (méi guānxi).||Translate 祝你早日康复.::I hope you recover soon.||How do you say 'Congratulations' in Chinese?::恭喜 (gōngxǐ).,
2023-JSS033-Kidato IV,Communicate effectively in a variety of contexts,Develop the ability to communicate accurately in writing in various contexts,Write short stories and conversations on familiar topics using appropriate punctuation marks,Writing short stories and conversations,3,Active listening and Gallery work,Guiding the students,Short stories and conversations on familiar topics using appropriate punctuation marks are written.,Downloaded video or audio from various sources that are relevant to learning contents,"TET(2023), CHINESE LANGUAGE SYLLABUS FOR ORDINARY SECONDARY EDUCATION, TET, DAR ES SALAAM","Learners write short stories and conversations on familiar topics, using correct punctuation.","A story has characters, place, time, events and an ending. Conversations show speakers with a colon and quotation marks: 小明说:“你好!” In Chinese writing quotation marks are “ ” and the colon is ： . Steps: plan (mind map), write a draft, add link words and time words, punctuate dialogue, proofread. Active listening to a model story helps learners internalise structure. Gallery work lets classmates read and comment on each other's stories. Topics: a visit to the hospital, a day at the market, a school event.","Conversation. 小华:“你好,医生。我头疼。”Xiǎohuá: “Nǐ hǎo, yīshēng. Wǒ tóu téng.” 医生:“你发烧吗?”Yīshēng: “Nǐ fāshāo ma?” 小华:“有一点儿。”Xiǎohuá: “Yǒu yìdiǎnr.” The learner adds a closing line and checks every mark.","Writing stories and dialogues builds creativity and prepares learners to write scripts, diaries and messages.","Which punctuation mark introduces a speaker's words in Chinese?::The colon ： followed by quotation marks “ ”.||What are the main parts of a story?::Characters, place, time, events and an ending.||Write 'The doctor said: Drink water.' in Chinese.::医生说:“多喝水。” (yīshēng shuō: “duō hē shuǐ”)",
2023-JSS033-Kidato IV,"Translate, and interpret simple information",Provide simple and accurate translation of spoken and written language,Translate complex sentences,Translating complex sentences in writing,5,Translation Exercises,Guiding the students,Complex sentences are translated.,Translated documents|ICT tools used during translation,"TET(2023), CHINESE LANGUAGE SYLLABUS FOR ORDINARY SECONDARY EDUCATION, TET, DAR ES SALAAM",Learners translate complex written sentences between Chinese and English (or Kiswahili) with accuracy.,"Translation exercises begin with simple sentences and gradually increase in difficulty. Steps: read the source sentence twice; identify the link words and the main clause; translate clause by clause; rearrange for natural word order in the target language; proofread. Chinese modifiers precede nouns: 我昨天在医院见到的那位医生 wǒ zuótiān zài yīyuàn jiàn dào de nà wèi yīshēng means 'the doctor whom I met at the hospital yesterday', with the long modifier before the noun. Learners keep a glossary for medical and daily-life terms.","Translate into English: 如果你觉得不舒服,就应该马上去医院。→ If you feel unwell, you should go to the hospital at once. Translate into Chinese: Because I was ill, I did not go to school. → 因为我生病了,所以没有去上学。","Translation supports work in hospitals, schools, tourism and business with Chinese speakers.","Translate: 如果你发烧,就要多喝水。::If you have a fever, you must drink plenty of water.||Where do modifiers go in Chinese noun phrases?::Before the noun they describe.||Translate: Although he is busy, he helps me.::虽然他很忙,但是他帮助我。",
2023-JSS033-Kidato IV,"Translate, and interpret simple information",Provide simple and accurate translation of spoken and written language,Translate simple texts,Translating simple texts in writing,5,Translation exercises,Guiding the students,Simple texts are translated.,Translated documents|ICT tools used during translation,"TET(2023), CHINESE LANGUAGE SYLLABUS FOR ORDINARY SECONDARY EDUCATION, TET, DAR ES SALAAM",Learners translate short simple texts in writing from Chinese to English or Kiswahili and the other way round.,"For a short text, first understand the whole text; then translate each sentence; keep the register (formal or informal); use the correct forms for names, dates and numbers; and check meaning by back-translation. Translation exercises use short notices, invitations, or advertisements. Example text: 通知:明天下午三点在学校礼堂开会,请大家准时参加。→ Notice: A meeting will be held in the school hall at three o'clock tomorrow afternoon; everyone is asked to attend on time. Keywords: 通知 tōngzhī (notice), 礼堂 lǐtáng (hall), 准时 zhǔnshí (on time).",Translate into Chinese: Please come to school at eight o'clock tomorrow. → 请明天八点来学校。Qǐng míngtiān bā diǎn lái xuéxiào.,"Translating short notices and messages is useful in schools, offices and tourism.",What does 通知 mean?::Notice or announcement.||Translate 请准时参加。::Please attend on time.||What is back-translation?::Translating the result back into the original language to check the meaning.,
2023-JSS033-Kidato IV,"Translate, and interpret simple information",Provide simple and correct interpretation,Interpret simple sentences,Interpreting simple sentences,7,Field trip and Role-playing,Guiding the students,Simple sentences are interpreted.,Computer-assisted translation devices|Microphones|Earphones,"TET(2023), CHINESE LANGUAGE SYLLABUS FOR ORDINARY SECONDARY EDUCATION, TET, DAR ES SALAAM","Learners interpret simple sentences orally between Chinese and English or Kiswahili, working in pairs.","Interpreting is oral translation. Consecutive interpreting: the speaker says a short sentence, pauses, and the interpreter conveys it in the other language. Skills: listen closely, remember, note key words, speak clearly. Field-trip settings (hospital, market, school) are used for practice. Vocabulary preparation is needed in advance, and interpreters speak in the first person: if the speaker says 我头疼, the interpreter says 'I have a headache'. Simple sentences: 你好吗? — How are you? 请坐 — Please sit down.",Pair work. Speaker A (Chinese): 我想买一件衣服。Wǒ xiǎng mǎi yí jiàn yīfu. Interpreter B: I want to buy a piece of clothing. Speaker A (English): How much is this? Interpreter B: 这个多少钱? Zhège duōshao qián?,"Interpreting helps learners assist tourists, investors and patients who do not share a language.","Interpret into English: 请坐。::Please sit down.||Interpret into Chinese: How much is this?::这个多少钱? (zhège duōshao qián?)||In what person does an interpreter speak?::The first person, as if they were the speaker.",
2023-JSS033-Kidato IV,"Translate, and interpret simple information",Provide simple and correct interpretation,Interpret complex sentences,Interpreting complex sentences,7,Smart games,Guiding the students,Complex sentences are interpreted.,Computer-assisted translation devices|Microphones|Earphones,"TET(2023), CHINESE LANGUAGE SYLLABUS FOR ORDINARY SECONDARY EDUCATION, TET, DAR ES SALAAM",Learners interpret complex sentences orally with accuracy and appropriate speed.,"For long sentences the interpreter breaks the sentence into meaning units, notes key words and link words, and rebuilds the sentence in the target language in natural order. Smart devices (translation apps and recorders) can be used to practise and to self-check. Challenges: keeping numbers accurate, names, cultural expressions, and word order (time, place before verb in Chinese). Example: 虽然药很苦,但是你必须按时吃。→ Although the medicine is bitter, you must take it on time.","A speaker says 因为路上堵车,所以我们晚了半个小时。 Interpreter: We were half an hour late because there was a traffic jam. The learner checks the numbers and meaning with a partner and a recording.","Interpreting complex information is useful in meetings, hospitals, courts and business talks.",Interpret into English: 你必须按时吃药。::You must take the medicine on time.||Why should numbers be checked carefully in interpreting?::A wrong number can change the meaning completely.||What is a translation app used for in practice?::To check meaning and to practise pronunciation and vocabulary.,
2023-JSS033-Kidato IV,"Translate, and interpret simple information",Provide simple and correct interpretation,Interpret simple conversations,Interpreting simple conversations,7,Role-playing and Field trip,Guiding the students,Simple conversations are interpreted.,Computer-assisted translation devices|Microphones|Earphones,"TET(2023), CHINESE LANGUAGE SYLLABUS FOR ORDINARY SECONDARY EDUCATION, TET, DAR ES SALAAM","Learners interpret a simple two-person conversation, switching between the languages.","In conversation interpreting the interpreter stands between two speakers and renders each turn. Steps: greet and explain the role, listen to each speaker, interpret in the first person, ask for clarification when needed (请再说一遍 qǐng zài shuō yí biàn), and stay neutral. Role-play with a Chinese speaker and a local person who do not share a language, with another learner as the interpreter. Field-trip settings give real practice.","Scenario at a market. Chinese customer: 这条鱼多少钱? Seller (Kiswahili/English): It is five thousand shillings. Interpreter to the customer: 五千先令。Wǔqiān xiānlìng. Customer: 太贵了,四千行吗? Interpreter to the seller: It is too expensive; is four thousand fine?",Interpreting conversations enables learners to help visitors and new business partners and can lead to careers in tourism and trade.,"What should an interpreter do if a speech is unclear?::Politely ask the speaker to repeat: 请再说一遍。||Interpret into English: 四千行吗?::Is four thousand OK?||Should an interpreter add personal opinions?::No, the interpreter must stay neutral and render only what is said.",
