subject_version_code,main_competence_name,specific_competence_name,learning_activity_name,sla_name,sla_periods,sla_method,sla_leading,sla_assessment_criteria,sla_teaching_aids,sla_references,sla_notes_intro,sla_notes_details,sla_notes_illustrations,sla_notes_daily_life,sla_exercise,sla_diagram_type
2023-JSS014-Kidato V,Demonstrate mastery of the advanced English language skills,"Automate the production of oral descriptions and conversations using standard pronunciation (e.g., phonemes, syllables, stress and intonation)","Articulate sentences in connected speech with standard pronunciation (e.g., phonemes, syllables, stress and intonation)",Connected speech and standard pronunciation,30,"Role-Play, Dialogue and Demonstrations",Guiding the students,Words and sentences are articulated with appropriate pronunciation in connected speech.,Recorded audio/video|PA chart|Any relevant texts,"TET(2023), ENGLISH LANGUAGE SYLLABUS FOR ADVANCED SECONDARY EDUCATION, TET, DAR ES SALAAM","Connected speech is the natural flow of spoken English in which sounds, syllables and words influence one another. Standard pronunciation follows the accepted model of the language.","Learners study phonemes (vowels, consonants, diphthongs), syllable division, word stress, sentence stress and intonation (rising, falling and fall-rise). In connected speech, features such as linking (go on), assimilation (ten pounds sounds like tem pounds), elision (next day sounds like nex day) and weak forms (to, for, and) appear. Learners transcribe short sentences, mark stress and practise reading them aloud with a natural rhythm.","In the sentence: I want to go to the market, the content words want, go and market are stressed, while to is reduced to a weak form /tə/. A falling tone at the end signals a statement, and a rising tone in Are you coming? signals a yes/no question.","Clear pronunciation and correct stress help students in interviews, presentations, phone calls and when speaking with foreigners, tourists and colleagues.","What is a phoneme?::The smallest unit of sound that can change the meaning of a word.||Which words are normally stressed in a sentence?::Content words such as nouns, main verbs, adjectives and adverbs.||Name the intonation pattern used for a yes/no question.::Rising intonation.||What is elision?::The omission of a sound in fast speech, as in nex day for next day.",
2023-JSS014-Kidato V,Demonstrate mastery of the advanced English language skills,"Automate the production of oral descriptions and conversations using standard pronunciation (e.g., phonemes, syllables, stress and intonation)","Describe objects, events and situations with appropriate English expressions (e.g., level of formality, pre-supposition, time, audience and topics)","Describing objects, events and situations orally",30,"Discussion, Think-Ink-Pair- Share (TIPS) and Dialogues",Guiding the students,"Objects, events and situation are described in English with appropriate levels of formality, presupposition, time, audience and topics.",Textbook|Manila paper|Audio and video recordings,"TET(2023), ENGLISH LANGUAGE SYLLABUS FOR ADVANCED SECONDARY EDUCATION, TET, DAR ES SALAAM","Oral description means presenting the features of an object, event or situation to listeners using suitable expressions.","A good description considers the audience, topic, level of formality and time. Learners use descriptive adjectives, prepositions of place, sequencing words (first, then, finally), tense choice (past for events already finished, present for general facts) and presuppositions, which are things assumed to be known by the listener. Formal contexts need polite and precise language while informal contexts allow contractions and idioms.","To describe a school assembly to a visitor, a student may say: Every Monday at seven thirty, all students gather on the parade ground; the head prefect leads the national anthem, then the teacher on duty gives announcements.","Describing skills are used when giving directions, reporting an accident to the police, describing a lost item or presenting a product to customers.","Name two factors that determine the register in an oral description.::The audience and the level of formality (or topic and time).||What is a presupposition?::Information that the speaker assumes the listener already knows.||Which tense is normally used to describe a completed event?::The simple past tense.||Give two sequencing words used in describing an event.::First and finally (or then, next).",
2023-JSS014-Kidato V,Demonstrate mastery of the advanced English language skills,"Automate the production of oral descriptions and conversations using standard pronunciation (e.g., phonemes, syllables, stress and intonation)","Participate in discussions on various topical issues (e.g., entrepreneurship, corruption, taxation, child right and security, gender education, cyber security education, disaster management, health and productive education, drug abuse, life skills, financial management education and taxation) with a standard pronunciation",Participating in discussions on topical issues,30,"Discussion, debates and dialogues",Guiding the students,Topical issues are logically discussed.,Textbook|Manila paper|Audio and video recordings,"TET(2023), ENGLISH LANGUAGE SYLLABUS FOR ADVANCED SECONDARY EDUCATION, TET, DAR ES SALAAM",A discussion is an organised exchange of ideas among people on a topic of common interest.,"Learners discuss issues such as entrepreneurship, corruption, taxation, child rights, security and gender education. They use skills of opening a point, agreeing, disagreeing politely, asking for clarification, interrupting appropriately, giving evidence and summarising. Group work roles include chairperson, secretary and contributors. Speakers avoid personal attacks and respect turn-taking.","In a group discussing corruption, one student says: I agree that corruption slows development; however, I think weak enforcement of laws is also a key cause. Another asks: Could you give an example to support that?","Discussion skills are used in staff meetings, village assemblies, school clubs, parliamentary debates and community radio programmes.","Give two expressions for disagreeing politely.::I see your point, but... and I am afraid I do not agree.||What is the role of a chairperson in a discussion?::To guide the discussion, give turns and keep to the topic.||Why should speakers avoid personal attacks?::Because a discussion should address ideas, not people.||Name two topical issues that can be discussed.::Corruption and taxation (or entrepreneurship, gender education).",
2023-JSS014-Kidato V,Demonstrate mastery of the advanced English language skills,Develop vocabulary from conversations and written texts,Write unfamiliar vocabulary from given complex oral and written texts,Identifying and writing unfamiliar vocabulary from texts,20,Engagement with a text,Guiding the students,Unfamiliar vocabulary from given texts are written correctly.,Any relevant passage|Dictionaries|Encyclopaedia,"TET(2023), ENGLISH LANGUAGE SYLLABUS FOR ADVANCED SECONDARY EDUCATION, TET, DAR ES SALAAM",Unfamiliar vocabulary consists of words a learner meets in oral or written texts and cannot yet understand or use.,"While listening or reading, learners note down new words, record the sentence in which each appears, its part of speech, a pronunciation guide and a tentative meaning. They keep a vocabulary notebook or digital glossary, organised by topic or alphabet. Complex texts such as academic articles, speeches and reports provide many technical and abstract words such as ambiguity, paradigm and sustainability.",From a lecture on the economy a student records: inflation (noun) - a general rise in prices - Inflation reduces the buying power of money.,"Building a personal word bank helps students prepare for examinations, read newspapers and follow news broadcasts with confidence.","What details should be recorded for a new word?::Its spelling, part of speech, meaning and an example sentence.||Why is it useful to record the sentence where the word appeared?::It shows the context that helps to understand and remember the meaning.||Name one kind of text that provides advanced vocabulary.::An academic article, report or speech.||What is the part of speech of the word sustainability?::A noun.",
2023-JSS014-Kidato V,Demonstrate mastery of the advanced English language skills,Develop vocabulary from conversations and written texts,"Discover the meanings of vocabulary using context, technical dictionary, thesaurus and encyclopaedia",Discovering meanings of vocabulary using reference sources,20,Close reading and conversations,Guiding the students,Meanings of new vocabulary are discovered.,Any relevant passage|Dictionaries|Encyclopaedia,"TET(2023), ENGLISH LANGUAGE SYLLABUS FOR ADVANCED SECONDARY EDUCATION, TET, DAR ES SALAAM",Learners discover the meaning of unknown words by using context clues and reference materials.,"Context clues include definitions, synonyms, antonyms, examples and general sense. Reference tools include a general dictionary, a technical or subject dictionary (law, medicine, economics), a thesaurus that lists words of similar meaning, and an encyclopaedia that gives background information on people, places and concepts. Learners compare several sources and choose the meaning that fits the context.","In the sentence: The witness was reluctant, hesitating before answering each question, the phrase hesitating before answering suggests that reluctant means unwilling.","Using dictionaries and online references helps students to understand contracts, medical instructions and technical manuals.","What is a thesaurus used for?::To find synonyms and antonyms of words.||Name two kinds of context clues.::Synonyms and examples (or definitions, antonyms).||Which source would give detailed background on a historical figure?::An encyclopaedia.||Why should one check a word in more than one source?::Because words can have different meanings depending on the context.",
2023-JSS014-Kidato V,Demonstrate mastery of the advanced English language skills,Develop vocabulary from conversations and written texts,"Form new words through word formation processes (e.g., compounding, blending, clipping)",Word formation processes,20,"Group discussion, TIPS",Guiding the students,New words are formed correctly through different word formation process.,Textbook|Manila paper|Audio and video recordings,"TET(2023), ENGLISH LANGUAGE SYLLABUS FOR ADVANCED SECONDARY EDUCATION, TET, DAR ES SALAAM",Word formation is the way new words are created in English.,"Main processes include compounding (joining two words: blackboard), blending (parts of two words: brunch from breakfast and lunch; smog from smoke and fog), clipping (shortening: exam from examination), affixation (prefixes and suffixes: unhappiness), conversion (change of word class without change of form: to email from email), acronyms (NATO, HIV) and back-formation (edit from editor). Learners identify and create examples and use them in sentences.",The word Bongo Flava is a blend of a place-based name and a music genre; the word motel is a blend of motor and hotel; the word phone is a clipping of telephone.,"Understanding word formation helps students to decode new words in media, technology and advertising, for example, cyberspace, podcast and edutainment.","What is a blend? Give one example.::A word made from parts of two words, e.g. brunch.||Identify the word formation process in the word exam.::Clipping.||Which process forms the word blackboard?::Compounding.||What process forms NATO?::Acronym formation.",
2023-JSS014-Kidato V,Demonstrate mastery of the advanced English language skills,Use correct grammar and vocabulary in oral and written language tasks,Use the synonyms and antonyms of given words to compose a variety of texts,Using synonyms and antonyms in texts,30,Discussion and Role-play,Guiding the students,Synonyms and antonyms of given words are used properly in oral and written tasks.,Newspapers|Articles related to environment|Gender|Drug abuse|HIV|Road safety|Human rights,"TET(2023), ENGLISH LANGUAGE SYLLABUS FOR ADVANCED SECONDARY EDUCATION, TET, DAR ES SALAAM",Synonyms are words with similar meanings while antonyms are words with opposite meanings.,"Learners study degrees of meaning, since synonyms are rarely identical (for example, thin, slim and skinny differ in tone). They study collocations, connotation and register and choose words that suit the context. Antonyms may be gradable (hot and cold), complementary (alive and dead) or relational (buy and sell). Learners compose paragraphs, descriptions and short stories using varied word choices to avoid repetition.","Instead of repeating big in the sentence: The big company made big profits, a writer may say: The large company made substantial profits.","Using synonyms makes reports, letters and speeches more interesting and precise while antonyms are useful in comparing and contrasting ideas.","Give a synonym of the word difficult.::Hard, challenging or tough.||What kind of antonyms are buy and sell?::Relational antonyms.||Why are synonyms rarely identical in meaning?::They differ in tone, formality or connotation.||Give an antonym of generous.::Mean or stingy.",
2023-JSS014-Kidato V,Demonstrate mastery of the advanced English language skills,Use correct grammar and vocabulary in oral and written language tasks,"Use advanced vocabulary and grammar (e.g., tenses and subject-verb agreement) to describe events, objects and situations","Using advanced vocabulary and grammar to describe events, objects and situations",30,"Discussion, Group work and TIPS",Guiding the students,"Events, objects and situations are described clearly using advanced grammar and vocabulary.",Textbook|Manila paper|Audio and video recordings,"TET(2023), ENGLISH LANGUAGE SYLLABUS FOR ADVANCED SECONDARY EDUCATION, TET, DAR ES SALAAM","Advanced grammar and vocabulary allow speakers and writers to describe events, objects and situations accurately.","Learners review tenses (simple, continuous, perfect and perfect continuous) and their uses, and the rules of subject-verb agreement: singular subjects take singular verbs, collective nouns depend on the intended meaning, subjects joined by and are plural, and with either...or the verb agrees with the nearer subject. They also use complex sentences, relative clauses and precise adjectives and adverbs.","Neither the manager nor the employees were aware of the change (verb agrees with the nearer subject, employees). By the time the police arrived, the thieves had escaped (past perfect shows the earlier action).","Accurate grammar is expected in job applications, reports, interviews and formal presentations.","Correct the sentence: The team are winning the cup.::The team is winning the cup (or are, if members are regarded as individuals).||Which tense is used for an action completed before another past action?::The past perfect tense.||Choose the correct verb: Either the teacher or the students (is/are) absent.::Are.||What is a relative clause? Give an example.::A clause that gives more information about a noun, e.g. the book that I bought.",
2023-JSS014-Kidato V,Demonstrate mastery of the advanced English language skills,Use correct grammar and vocabulary in oral and written language tasks,"Prepare and deliver complex speeches on various topics including cross-cutting issues using appropriate vocabulary and grammar (e.g., tenses and cohesive devices)",Preparing and delivering complex speeches,30,"TIPS, Group discussion and Library search",Guiding the students,Complex speeches on various topics are well prepared and delivered using appropriate grammar and vocabulary.,Textbook|Manila paper|Audio and video recordings,"TET(2023), ENGLISH LANGUAGE SYLLABUS FOR ADVANCED SECONDARY EDUCATION, TET, DAR ES SALAAM","A speech is a formal oral presentation given to an audience for a purpose such as informing, persuading or entertaining.","Steps include analysing the audience and purpose, researching the topic, outlining (introduction, body, conclusion), writing or preparing notes, rehearsing and delivering. Speakers use cohesive devices (firstly, moreover, in conclusion), correct tenses, rhetorical devices, eye contact, voice modulation and gestures. Cross-cutting issues such as environmental conservation, gender equality, HIV/AIDS and digital safety may be addressed.","A speech on environmental conservation may open with a striking statistic, present three main arguments with examples, and conclude with a call to action: Let us plant a tree today for the generations of tomorrow.","Speech skills are needed for graduation ceremonies, political campaigns, community meetings and business presentations.","Name the three main parts of a speech.::Introduction, body and conclusion.||Give two cohesive devices used in a speech.::Moreover and in conclusion (or firstly, however).||Why is it important to analyse the audience?::To choose suitable content, language and tone.||Name one non-verbal skill for a speaker.::Eye contact (or gestures, posture, voice control).",
2023-JSS014-Kidato V,Demonstrate mastery of the advanced English language skills,Use correct grammar and vocabulary in oral and written language tasks,"Write articles (e.g., newspaper articles, magazine articles and journal articles) about events, objects and situations using advanced vocabulary and grammar","Writing articles for newspapers, magazines and journals",30,Discussion and Project work,Guiding the students,"Articles about events, objects and situations are written correctly using advanced vocabulary and grammar.",Textbook|Manila paper|Audio and video recordings,"TET(2023), ENGLISH LANGUAGE SYLLABUS FOR ADVANCED SECONDARY EDUCATION, TET, DAR ES SALAAM","An article is a written piece of non-fiction that informs, explains or argues about a topic for publication.","Learners study the features of newspaper articles (headline, byline, lead paragraph, body with the most important facts first), magazine articles (feature style, subheadings, engaging tone) and journal articles (abstract, introduction, methods, discussion, conclusion and references, in formal academic language). They plan, draft, edit and proofread, using advanced vocabulary and correct grammar and avoiding bias.","A newspaper headline such as: Students Win National Science Fair is followed by a lead paragraph answering who, what, where, when and why.","Article writing skills are useful for school magazines, blogs, journalism, research and community newsletters.","What does a lead paragraph contain?::The main facts: who, what, where, when, why and how.||Name one feature of a journal article.::An abstract (or references, methods, discussion).||How does the tone of a magazine article differ from that of a journal article?::It is more engaging and informal than the formal academic tone of a journal.||What are the last steps in writing an article?::Editing and proofreading.",
2023-JSS014-Kidato V,Comprehend oral and written information,Comprehend oral messages with confidence and autonomy,"Explain different types of meanings from oral information (e.g., denotative, connotative and figurative)",Types of meaning in oral information,28,"Role-play, Group discussion and dialogue",Guiding the students,Different types of meanings are clearly explained from oral information.,Recorded audio/video|Bluetooth speakers|IPA chart|Any relevant text,"TET(2023), ENGLISH LANGUAGE SYLLABUS FOR ADVANCED SECONDARY EDUCATION, TET, DAR ES SALAAM",Meaning in spoken language may be literal or implied depending on the speaker's intention and context.,"Denotative meaning is the dictionary or literal meaning of a word. Connotative meaning is the emotional or cultural association attached to a word. Figurative meaning uses expressions such as metaphor, simile, idiom and hyperbole so that the meaning differs from the literal one. Learners listen to speeches, news items, songs and dialogues and identify the type of meaning used.","The word home denotes a place where one lives, but connotes warmth and security. She has a heart of stone is figurative and means that she is unkind.","Understanding these meanings prevents misunderstanding in conversations, advertisements and political speeches.","Define denotation.::The literal or dictionary meaning of a word.||What is connotation?::The feelings or associations connected with a word.||What does the idiom to spill the beans mean?::To reveal a secret.||Name two figures of speech that give figurative meaning.::Metaphor and simile (or hyperbole, idiom).",
2023-JSS014-Kidato V,Comprehend oral and written information,Comprehend oral messages with confidence and autonomy,"Explain meanings of oral texts derived from different registers (e.g., journalism, law, medicine and religion)",Meanings of oral texts from different registers,28,"Scenario, Group discussions and Project work",Guiding the students,Meanings of texts from different registers are explained clearly.,Textbook|Manila paper|Audio and video recordings,"TET(2023), ENGLISH LANGUAGE SYLLABUS FOR ADVANCED SECONDARY EDUCATION, TET, DAR ES SALAAM",A register is the variety of language used in a particular field or situation.,"Learners listen to oral texts from journalism (news bulletins and interviews), law (court proceedings, oaths), medicine (consultations, health talks) and religion (sermons, prayers). They note specialised vocabulary (for example, plaintiff, adjourned, diagnosis, dosage, sermon), sentence structures and tone, and explain the meaning of the message in each field.","In a court, the judge says: The case is adjourned until further notice, meaning that the hearing is postponed to a later date.","Awareness of registers helps citizens understand court cases, doctors' instructions and news broadcasts.","What is a register?::A variety of language used in a specific field or situation.||Give a word belonging to the legal register.::Plaintiff, defendant, verdict or adjourned.||Give a word belonging to the medical register.::Diagnosis, prescription or dosage.||What does adjourned mean in court?::Postponed to a later time.",
2023-JSS014-Kidato V,Comprehend oral and written information,Comprehend oral messages with confidence and autonomy,Describe rhetorical and implied meanings derived from conversations,Rhetorical and implied meanings in conversations,28,"Scenario, Group discussions and Dialogue",Guiding the students,Rhetorical and implied meanings are correctly derived from conversations.,Textbook|Manila paper|Audio and video recordings,"TET(2023), ENGLISH LANGUAGE SYLLABUS FOR ADVANCED SECONDARY EDUCATION, TET, DAR ES SALAAM","Implied meaning is what a speaker suggests without saying it directly, while rhetorical meaning is created by persuasive language.","Learners identify rhetorical questions (which need no answer), irony, understatement, sarcasm and hints. They use clues such as tone, stress, context and shared knowledge to infer implied meanings, and they discuss the speaker's purpose. Pragmatic notions such as implicature are introduced simply through examples.","When a boss says: It is already ten o'clock, he may imply that the employee is late, even though he only states the time. The question: Who does not want peace? is rhetorical.","Understanding implied meanings avoids misunderstanding in workplaces, negotiations and family conversations.","What is a rhetorical question?::A question asked for effect that does not expect an answer.||What does the remark: Nice weather for a picnic! mean if said during a storm?::It is ironic, meaning the weather is bad.||Name two clues used to identify implied meaning.::Tone of voice and context.||What is sarcasm?::Saying the opposite of what one means in order to mock.",
2023-JSS014-Kidato V,Comprehend oral and written information,Comprehend oral messages with confidence and autonomy,"Respond to oral messages with confidence and autonomy (e.g., seeking clarifications, adding comments, arguing and summarising)",Responding to oral messages with confidence and autonomy,28,"Dialogue, Simulation and role-play",Guiding the students,Oral messages are responded to with confidence and autonomy.,Textbook|Manila paper|Audio and video recordings,"TET(2023), ENGLISH LANGUAGE SYLLABUS FOR ADVANCED SECONDARY EDUCATION, TET, DAR ES SALAAM","Responding means reacting appropriately to what is heard, showing understanding and independent thinking.","Learners practise seeking clarification (Could you repeat that? What do you mean by...?), adding comments, arguing a position with reasons, and summarising the speaker's main points. They use active listening skills: focusing on the speaker, noting main ideas, avoiding interruptions and giving feedback with suitable body language and tone.","After a talk on entrepreneurship a learner says: If I understand you correctly, you are saying that a business plan reduces risk. May I add that market research is equally important?","Confident responses are needed in interviews, classroom discussions, meetings and customer service.","Give two expressions used to seek clarification.::Could you repeat that? and What do you mean by...?||What is active listening?::Paying full attention, understanding and giving feedback to a speaker.||Why is summarising useful?::It confirms understanding and highlights the main points.||How can you disagree respectfully?::By acknowledging the point and giving a reasoned alternative view.",
2023-JSS014-Kidato V,Comprehend oral and written information,Construct complex and stylistic meanings from diverse and multiple texts,"Use complex stylistic features (e.g., dialects, registers and figures of speech) obtained from written texts to convey meanings",Complex stylistic features in written texts,30,"Discussion, TIPS and Project work",Guiding the students,Complex stylistic features obtained from written texts are used correctly to convey messages.,Newspapers|Articles about environment|Gender|Drug abuse|HIV|Road safety|Human rights|Any other relevant texts,"TET(2023), ENGLISH LANGUAGE SYLLABUS FOR ADVANCED SECONDARY EDUCATION, TET, DAR ES SALAAM","Style is the way an author uses language to express ideas, and stylistic features are the devices that create it.","Learners identify dialects (regional or social varieties), registers, and figures of speech such as metaphor, simile, personification, irony, hyperbole, alliteration and symbolism, and discuss how they convey meaning, tone and mood. They also consider diction, sentence length and imagery, and explain how the writer's choices create effects.","In the line: The wind whispered through the trees, personification gives the wind a human ability and creates a peaceful mood.","Recognising style helps learners to analyse advertisements, speeches, poems and news commentaries critically.","Define personification.::Giving human qualities to non-human things.||What is a dialect?::A variety of a language spoken by a particular region or social group.||Name two figures of speech.::Metaphor and simile (or hyperbole, irony).||What effect does a short sentence often create?::Emphasis or tension.",
2023-JSS014-Kidato V,Comprehend oral and written information,Construct complex and stylistic meanings from diverse and multiple texts,"Explain meaning of written texts derived from different registers (journalism, medicine and religion)",Meanings of written texts from different registers,30,Scenario and Project work,Guiding the students,.,Textbook|Manila paper|Audio and video recordings,"TET(2023), ENGLISH LANGUAGE SYLLABUS FOR ADVANCED SECONDARY EDUCATION, TET, DAR ES SALAAM","Written texts in different fields use particular vocabulary and structures, and the reader must interpret them correctly.","Learners read texts from journalism (news reports, editorials), medicine (leaflets, prescriptions and health articles) and religion (scriptural passages and devotional writing). They identify technical terms, sentence patterns, tone and purpose, and use context, dictionaries and background knowledge to explain the meaning of each text.",A medicine leaflet says: Take two tablets twice daily after meals; the reader concludes that four tablets are taken a day in total.,"The skill helps people to follow medical instructions, understand news and interpret religious teachings.",How many tablets in total are taken if the label says: Two tablets three times daily?::Six tablets.||What is the purpose of an editorial?::To give the newspaper's opinion on a current issue.||Name a feature of medical texts.::Technical terms such as dosage and symptoms.||Why is context important in understanding a specialised text?::It helps to identify the intended meaning of technical words.,
2023-JSS014-Kidato V,Communicate effectively in different contexts,Manage conversations with a good command of pronunciation,Interpret information from spontaneous and non-spontaneous conversations,Interpreting information from conversations,30,"Discussion, dialogue, Role-play and Storytelling",Guiding the students,Information from spontaneous and non- spontaneous expressions are interpreted clearly.,Recorded audio/video|Bluetooth speakers|Any relevant text etc,"TET(2023), ENGLISH LANGUAGE SYLLABUS FOR ADVANCED SECONDARY EDUCATION, TET, DAR ES SALAAM",Interpreting information means understanding the message and intention in both planned and unplanned talk.,"Spontaneous conversations are unplanned (casual talk, street conversation, phone calls) while non-spontaneous ones are planned (interviews, formal meetings, news broadcasts). Learners identify main ideas, details, attitude, topic shifts and the speaker's purpose, and note differences in structure, speed, hesitation and formality between the two types.","In an interview the questions are prepared and answers are structured, while in a casual chat speakers use fillers such as well and you know and change topics freely.","This skill helps in understanding lectures, interviews, meetings and everyday talk.","Give an example of a spontaneous conversation.::A casual chat between friends.||Give an example of a non-spontaneous conversation.::A job interview or a formal meeting.||What are fillers?::Words like well, you know and er used while thinking.||Name one difference between formal and casual talk.::Formal talk is planned and polite; casual talk is relaxed with contractions.",
2023-JSS014-Kidato V,Communicate effectively in different contexts,Manage conversations with a good command of pronunciation,Apply pronunciation techniques in spontaneous and non-spontaneous conversations,Pronunciation techniques in conversations,30,"Demonstration, Role- play and Follow-up interview",Guiding the students,"Words and sentences are pronounced correctly using standard pronunciation, stress and intonation.",Textbook|Manila paper|Audio and video recordings,"TET(2023), ENGLISH LANGUAGE SYLLABUS FOR ADVANCED SECONDARY EDUCATION, TET, DAR ES SALAAM",Pronunciation techniques are methods of producing English sounds and patterns so that speech is clear and easy to understand.,"Techniques include correct articulation of sounds that are difficult for speakers of Bantu languages (such as the sounds in think and this, or the distinction between /l/ and /r/), word stress, sentence stress, intonation, rhythm, linking, and appropriate pace and volume. Learners use minimal pairs (ship and sheep), tongue twisters, recordings and dictionary transcriptions for practice.","Minimal pairs such as light and right, or bit and beat, help learners to distinguish sounds and avoid misunderstanding.","Good pronunciation builds confidence and helps workers such as tour guides, call-centre staff and teachers.","What are minimal pairs? Give an example.::Words that differ by one sound, e.g. ship and sheep.||Name two techniques for improving pronunciation.::Practising tongue twisters and listening to recordings.||Why does stress matter?::It can change meaning and make speech understandable.||What is the difference between the vowels in bit and beat?::Bit has a short vowel /I/ and beat a long vowel /i:/.",
2023-JSS014-Kidato V,Communicate effectively in different contexts,Manage conversations with a good command of pronunciation,Participate in spontaneous and non-spontaneous conversations with people using different dialects of the English language,Conversations with speakers of different English dialects,30,Role-play,Guiding the students,Different dialects of English language are used correctly in spontaneous and non- spontaneous conversations.,Textbook|Manila paper|Audio and video recordings,"TET(2023), ENGLISH LANGUAGE SYLLABUS FOR ADVANCED SECONDARY EDUCATION, TET, DAR ES SALAAM","English has many dialects and accents, and effective speakers can communicate with people from different regions.","Learners study varieties such as British, American, Indian, Nigerian, Kenyan and Tanzanian English, noting differences in accent, vocabulary (lift and elevator, lorry and truck) and spelling (colour and color). Strategies for successful communication include listening for meaning, asking for repetition, speaking clearly, avoiding slang and showing respect for differences.","A British speaker says lift, but an American says elevator; both refer to the same thing, and a good communicator understands both.","This skill is needed in international meetings, tourism, online communication and studying abroad.",Give one British and American vocabulary pair.::Lorry and truck (or lift and elevator).||What is an accent?::The way people pronounce a language.||Name a strategy for communicating with speakers of another dialect.::Asking for repetition or speaking clearly.||Why should we respect different dialects?::They are valid varieties of English that show cultural identity.,
2023-JSS014-Kidato V,Communicate effectively in different contexts,Create a variety of complex oral and written texts for different communicative purposes,Compare a variety of complex oral texts with appropriate prosodic features and correct grammar in different contexts.,Comparing complex oral texts with prosodic features,30,Project work,Guiding the students,Various complex oral texts with appropriate prosodic features and correct grammar are compared well.,Recorded audio/video|Any relevant texts,"TET(2023), ENGLISH LANGUAGE SYLLABUS FOR ADVANCED SECONDARY EDUCATION, TET, DAR ES SALAAM","Prosodic features are the sound patterns of speech such as stress, intonation, rhythm, pitch and pace.","Learners listen to speeches, dialogues, news bulletins and poetry recitations and compare how prosody conveys attitude and emphasis. They also check grammar and appropriateness for the context, and contrast formal and informal texts in terms of pace, tone and structure.","A news reader speaks slowly, with even pitch and clear pauses, while a football commentator uses a fast pace and rising pitch to show excitement.",Comparing texts helps students to improve their own speaking for presentations and performances.,"Name two prosodic features.::Stress and intonation (or pitch, rhythm, pace).||How does a commentator's pace differ from that of a news reader?::It is faster and more excited.||What does a pause do in speech?::It separates ideas and gives emphasis.||What is pitch?::How high or low the voice sounds.",
2023-JSS014-Kidato V,Communicate effectively in different contexts,Create a variety of complex oral and written texts for different communicative purposes,"Compose a variety of complex texts (e.g., investigative reports, academic reports, contracts, wills and complex instructional manuals) with appropriate punctuation and style",Composing complex texts,30,Scenario and Project work,Guiding the students,Variety of complex written texts are composed well with appropriate punctuations and style.,Textbook|Manila paper|Audio and video recordings,"TET(2023), ENGLISH LANGUAGE SYLLABUS FOR ADVANCED SECONDARY EDUCATION, TET, DAR ES SALAAM","Complex texts are longer and more formal documents such as investigative reports, academic reports, contracts, wills and instructional manuals.","Each text has a fixed structure and register. An investigative report has a title, terms of reference, findings, conclusion and recommendations. A contract states the parties, obligations, payment, duration and signatures in precise legal wording. A will declares the testator, executor, beneficiaries and distribution of property. An instructional manual lists tools, steps in order, warnings and diagrams. Learners use accurate grammar, clear paragraphing and consistent tone.","A manual for assembling a desk starts with: Requirements, then Step 1: Place the base on a flat surface, and includes a warning: Do not over-tighten the screws.","These documents are used in business, law, education and technology.","What are the main parts of an investigative report?::Title, findings, conclusion and recommendations.||What is a testator?::A person who makes a will.||Which tense mood is common in manuals?::The imperative.||Why must a contract be written precisely?::To avoid disputes about the agreed terms.",
2023-JSS014-Kidato V,Communicate effectively in different contexts,Create a variety of complex oral and written texts for different communicative purposes,"Use prosodic features, punctuation and correct register to create a variety of complex oral and written texts for different communicative purposes","Using prosodic features, punctuation and register in oral and written texts",30,"Scenarios, Role-play and TIPS",Guiding the students,"Prosodic features, punctuation and correct registers are correctly used to create complex oral and written texts.",Textbook|Manila paper|Audio and video recordings,"TET(2023), ENGLISH LANGUAGE SYLLABUS FOR ADVANCED SECONDARY EDUCATION, TET, DAR ES SALAAM","Speakers use prosody to make meaning clear in speech, while writers use punctuation and register in writing.","Punctuation marks such as full stop, comma, semicolon, colon, dash, brackets and quotation marks correspond to pauses and tone in speech. Register must fit the purpose: formal for reports and applications, semi-formal for emails to colleagues and informal for messages to friends. Learners revise texts to correct punctuation and register mismatch.","The sentence Lets eat, grandma may be changed by a comma into Let's eat, Grandma, which shows how punctuation changes meaning.","Correct punctuation and register are important in emails, job applications and reports.","What does a semicolon do?::It joins two closely related independent clauses.||Which register is used in a letter of application?::A formal register.||Punctuate: lets eat grandma.::Let's eat, Grandma.||Which spoken feature is equal to a comma in writing?::A short pause.",
2023-JSS014-Kidato V,Provide advanced English language services to the community,Apply principles of interpretation to provide complex and authentic interpretations,"Differentiate intralingua, interlingua and sign language interpretations","Differentiating intralingual, interlingual and sign language interpretation",25,"Videos, Demonstration and role-play",Guiding the students,"Intralingua, interlingua and sign language interpretations are differentiated correctly.",Recorded audio/ video of interpretation|Any other relevant materials,"TET(2023), ENGLISH LANGUAGE SYLLABUS FOR ADVANCED SECONDARY EDUCATION, TET, DAR ES SALAAM",Interpretation is the oral or signed conveying of a spoken message from one form into another in real time.,"Intralingual interpretation is within the same language (for example, simplifying a legal speech in English into plain English). Interlingual interpretation is between two languages (for example, English to Kiswahili). Sign language interpretation renders spoken language into signs and vice versa for the deaf community. Modes include simultaneous, consecutive and whispered interpretation.","During a presidential speech broadcast on television, a sign language interpreter stands beside the speaker and signs the message simultaneously.","Interpreters are needed in courts, conferences, hospitals, schools for the deaf and international meetings.",What is interlingual interpretation?::Interpretation between two different languages.||Name two modes of interpretation.::Simultaneous and consecutive.||Who benefits from sign language interpretation?::The deaf and hard-of-hearing community.||What is intralingual interpretation?::Interpretation within the same language.,
2023-JSS014-Kidato V,Provide advanced English language services to the community,Apply principles of interpretation to provide complex and authentic interpretations,Analyse theories and principles of interpretation,Theories and principles of interpretation,25,"Read-Ink-Pair- Share (RIPS), Group discussion and Project work",Guiding the students,Theories and principles of interpretation are analysed clearly.,Textbook|Manila paper|Audio and video recordings,"TET(2023), ENGLISH LANGUAGE SYLLABUS FOR ADVANCED SECONDARY EDUCATION, TET, DAR ES SALAAM",Theories of interpretation explain how meaning is understood and transferred from one speaker to another.,"Learners study the interpretive theory of sense (understand, deverbalise, re-express), the effort model (listening, memory and production efforts) and the principles of accuracy, completeness, impartiality, confidentiality and clarity. They learn note-taking techniques for consecutive interpretation, use of symbols and abbreviations, and coping strategies for speed and terminology.","In consecutive interpretation a speaker talks for two minutes, the interpreter uses symbols such as an arrow for cause or result and then delivers the message in the target language.","These principles guide interpreters at conferences, in clinics and in courts.","Name the three steps of the interpretive theory of sense.::Understanding, deverbalising and re-expressing.||Give two principles of interpretation.::Accuracy and confidentiality (or impartiality).||Why do interpreters use symbols in note-taking?::To record ideas quickly and accurately.||What is consecutive interpretation?::The interpreter speaks after the speaker has finished a segment.",
2023-JSS014-Kidato V,Provide advanced English language services to the community,Apply principles of interpretation to provide complex and authentic interpretations,Discuss the ethics of interpretation,Ethics of interpretation,25,Group discussion and TIPS,Guiding the students,Ethics of interpretation are well discussed.,Textbook|Manila paper|Audio and video recordings,"TET(2023), ENGLISH LANGUAGE SYLLABUS FOR ADVANCED SECONDARY EDUCATION, TET, DAR ES SALAAM",Ethics are the moral standards that govern the conduct of interpreters.,"The main ethical duties are confidentiality (not revealing information learned during work), impartiality (not taking sides), accuracy (not adding, omitting or changing), professional competence, respect for all parties, and honesty about limitations. An interpreter should declare conflict of interest and avoid giving personal opinions.","If an interpreter in a hospital learns a patient's medical history, the ethics of confidentiality forbid discussing it with anyone else.","Ethical interpreters earn trust in courts, hospitals and business talks.","What is confidentiality?::Keeping information private.||Why should an interpreter be impartial?::To ensure fair communication for all parties.||What should an interpreter do if he has a conflict of interest?::Declare it and, if necessary, withdraw.||Name two other ethical duties.::Accuracy and professional competence.",
2023-JSS014-Kidato V,Provide advanced English language services to the community,Apply principles of interpretation to provide complex and authentic interpretations,Interpret conversations in a variety of settings,Interpreting conversations in various settings,25,"Role-plays, Demonstration and TIPS",Guiding the students,Conversations in a variety of settings are interpreted correctly.,Textbook|Manila paper|Audio and video recordings,"TET(2023), ENGLISH LANGUAGE SYLLABUS FOR ADVANCED SECONDARY EDUCATION, TET, DAR ES SALAAM","Settings for interpretation include community, business, educational and social situations.","Learners practise role plays of interpreting a conversation between English-speaking and Kiswahili-speaking people at a market, bank, school meeting or tourist site. They apply techniques of listening, memorising, note-taking and controlling turn-taking, and use first person (I) when interpreting for a speaker.",A tourist asks: How much are these baskets? The interpreter tells the seller in Kiswahili: Vikapu hivi ni bei gani? and then conveys the response back in English.,"Interpreting skills help in tourism, community development and diplomacy.","Which person should the interpreter use when speaking for someone?::The first person.||Give two settings in which interpretation is done.::Banks and hospitals (or markets, schools).||Why is turn-taking important?::It ensures each speaker is heard and interpreted clearly.||What skill helps recall long messages?::Note-taking and memory techniques.",
2023-JSS014-Kidato V,Provide advanced English language services to the community,Apply principles of translation to produce complex authentic translation,Analyse theories and principles of translation,Theories and principles of translation,20,"TIPS, Group discussion and project work",Guiding the students,Theories and principles of translation are analysed clearly.,Computer|Various extracts|Any relevant texts,"TET(2023), ENGLISH LANGUAGE SYLLABUS FOR ADVANCED SECONDARY EDUCATION, TET, DAR ES SALAAM",Translation is the transfer of meaning from written text in one language to another.,"Learners study equivalence theory (formal and dynamic equivalence), skopos theory (purpose of translation), and procedures such as literal translation, borrowing, calque, transposition, modulation and adaptation. Principles include fidelity to meaning, naturalness in the target language, consistency of terms and respect for culture.","The English idiom It is raining cats and dogs is translated dynamically as Mvua kubwa inanyesha, not word for word.","Translation is used in publishing, legal documents, subtitling, tourism materials and websites.","Define translation.::Transferring the meaning of a written text from one language to another.||What is dynamic equivalence?::Translation that focuses on producing the same effect on the reader.||Name one translation procedure.::Borrowing (or calque, transposition, modulation).||Why is word-for-word translation sometimes wrong?::Idioms and structures differ between languages.",
2023-JSS014-Kidato V,Provide advanced English language services to the community,Apply principles of translation to produce complex authentic translation,Discuss the ethics of translation as a career,Ethics of translation as a career,20,Case studies and Group discussion,Guiding the students,Ethics of translation as a career are well discussed and appreciated.,Textbook|Manila paper|Audio and video recordings,"TET(2023), ENGLISH LANGUAGE SYLLABUS FOR ADVANCED SECONDARY EDUCATION, TET, DAR ES SALAAM",Translation as a career has professional standards that protect clients and readers.,"Ethical issues include confidentiality of documents, accuracy, avoiding plagiarism and copyright violation, honesty about skills and deadlines, fair pricing, impartiality and proper acknowledgement. Translators avoid machine-only output without human review and do not distort the source message for personal benefit.","A translator of a company's financial report must not disclose the figures to competitors, because doing so would break confidentiality.",Following ethics helps translators earn clients' trust and build a good reputation.,Name two ethical duties of a translator.::Confidentiality and accuracy.||What is plagiarism?::Using another person's work without acknowledgement.||Why should translators meet deadlines?::It is part of professionalism and client trust.||What should a translator do when he does not know the subject?::Research or decline the job honestly.,
2023-JSS014-Kidato V,Provide advanced English language services to the community,Apply principles of translation to produce complex authentic translation,Translate a variety of general texts using Computer-Assisted Translation (CAT) tools,Translating general texts using Computer-Assisted Translation tools,20,Demonstration and Project work,Guiding the students,Variety of general texts are translated correctly using CAT tools.,Textbook|Manila paper|Audio and video recordings,"TET(2023), ENGLISH LANGUAGE SYLLABUS FOR ADVANCED SECONDARY EDUCATION, TET, DAR ES SALAAM",Computer-Assisted Translation (CAT) tools are software applications that help human translators to work faster and more consistently.,"CAT tools include translation memory (a database of previously translated segments), terminology databases or glossaries, alignment tools and quality checks. The translator opens a source document, the tool divides it into segments, suggests matches, and the translator accepts or edits them. CAT differs from machine translation, in which a computer produces the translation on its own.","If the sentence Please submit your application was translated earlier, the translation memory suggests the same Kiswahili sentence when it reappears in a new document.","CAT tools are used by translation agencies, software companies and international organisations.",What is a translation memory?::A database that stores previous translations for reuse.||How does CAT differ from machine translation?::In CAT a human translator does the work with software support.||Name a benefit of using CAT tools.::Consistency and speed.||What is a glossary in translation?::A list of approved terms and their equivalents.,
2023-JSS014-Kidato V,Provide advanced English language services to the community,Apply principles of editing and proofreading a variety of texts,Analyse the theories and principles of editing and proofreading,Theories and principles of editing and proofreading,30,"TIPS, Group discussion and Project work",Guiding the students,The theories and principles of editing and proofreading are analysed clearly.,Written texts|Any other relevant materials,"TET(2023), ENGLISH LANGUAGE SYLLABUS FOR ADVANCED SECONDARY EDUCATION, TET, DAR ES SALAAM","Editing improves a text's content, structure and language, while proofreading is the final check for errors.","Levels of editing include developmental (content and organisation), substantive or copy editing (clarity, style, grammar and consistency) and proofreading (spelling, punctuation and formatting). Principles include respect for the author's voice, consistency, accuracy, fairness and use of style guides. Proofreading marks such as the caret (insert), delete sign and stet are used.","An editor changes: The results was announced yesterday to The results were announced yesterday, and a proofreader corrects a misspelling like recieve to receive.","Editing skills are used in publishing, journalism, offices and academic writing.","What is the difference between editing and proofreading?::Editing improves content and style; proofreading checks final errors.||What does the mark stet mean?::Let it stand, ignore the correction.||Name one level of editing.::Copy editing (or developmental editing).||Correct: The informations are useful.::The information is useful.",
2023-JSS014-Kidato V,Provide advanced English language services to the community,Apply principles of editing and proofreading a variety of texts,Edit and proofread a variety of complex texts,Editing and proofreading complex texts,30,"TIPS, Project work and Demonstration",Guiding the students,A variety of complex texts are edited and proofread correctly.,Textbook|Manila paper|Audio and video recordings,"TET(2023), ENGLISH LANGUAGE SYLLABUS FOR ADVANCED SECONDARY EDUCATION, TET, DAR ES SALAAM","Complex texts such as reports, research papers and articles require careful editing and proofreading.","Learners read the whole text for sense, then check structure, paragraph unity, cohesion, style, tone and grammar. They correct spelling, punctuation, capitalization, tense consistency and repeated words, and check numbers, references and formatting. A checklist and a second reading of the text assist accuracy, and reading aloud or from the end helps to catch errors.","In the sentence: Their going to present there findings tomorow, the editor corrects it to: They are going to present their findings tomorrow.","This skill is used in preparing school magazines, official letters and dissertations.","Correct: Their going to school.::They are going to school.||Why read a text aloud when proofreading?::It helps to detect errors and awkward phrases.||Give one item to check in formatting.::Spacing, headings or font consistency.||What is tense consistency?::Using the same tense throughout unless the time changes.",
2023-JSS014-Kidato V,Appreciate and create literary works,Appreciate the aesthetic and value of literature,"Assess the contribution of elements of form (e.g., plot, language and style) in shaping meanings of any literary work",Assessing the contribution of elements of form in shaping meaning,32,"TIPS, Group discussion, Debate and Demonstration",Guiding the students,Contribution of elements of form in shaping meaning of any literary work is clearly examined.,Oral or recorded songs|Riddles|Drama|Short stories|Folklore,"TET(2023), ENGLISH LANGUAGE SYLLABUS FOR ADVANCED SECONDARY EDUCATION, TET, DAR ES SALAAM","Elements of form are the structural and stylistic components of a literary work, such as plot, language and style, that shape its meaning.","Plot arranges events to create suspense and meaning, language (diction, imagery and figures of speech) conveys feeling and theme, and style is the author's distinctive manner of writing. Learners study how the point of view, structure, setting and tone contribute to the message and judge how effectively the author uses them, supporting answers with quotations.","In a novel narrated by a child, simple language and innocent tone highlight the cruelty of adult society and shape the reader's response.","Analysing form helps readers to evaluate books, films and songs more critically.","Name two elements of form.::Plot and style (or language, setting).||How does plot contribute to meaning?::It organises events to create suspense and develop themes.||What is style?::The author's distinctive way of using language.||Why should answers include quotations?::To provide evidence for the points made.",
2023-JSS014-Kidato V,Appreciate and create literary works,Appreciate the aesthetic and value of literature,Relate the lesson from literary work to real life situations,Relating lessons from literary works to real life,32,"Songs, proverbs and story-telling",Guiding the students,Work of art is related in real live situation accordingly.,Textbook|Manila paper|Audio and video recordings,"TET(2023), ENGLISH LANGUAGE SYLLABUS FOR ADVANCED SECONDARY EDUCATION, TET, DAR ES SALAAM","Literary works teach moral, social and political lessons that can be applied in real life.","Learners identify the message of a work (for example, honesty, hard work, resistance to oppression), examine the characters' choices and consequences, and connect them to issues in their communities such as corruption, gender inequality and poverty. Discussion and reflective essays help them to apply lessons in personal decision-making.","A story in which a corrupt leader is finally punished teaches that dishonesty has consequences, and learners relate this to the real fight against corruption.","Lessons from literature guide behaviour in families, schools and society.","What is a moral lesson?::A message about right and wrong drawn from a story.||Give one social issue that literature often addresses.::Corruption (or gender inequality, poverty).||How can a student apply a lesson from a novel?::By making decisions guided by the values learned.||Why do writers include lessons in their works?::To teach, warn and inspire readers.",
2023-JSS014-Kidato V,Appreciate and create literary works,Appreciate the aesthetic and value of literature,Assess the contribution of Tanzanian literature in moulding a civilized society,Contribution of Tanzanian literature to a civilised society,32,"Songs, Debate and Discussion",Guiding the students,Contribution of Tanzanian literature in moulding a civilized society is assessed.,Textbook|Manila paper|Audio and video recordings,"TET(2023), ENGLISH LANGUAGE SYLLABUS FOR ADVANCED SECONDARY EDUCATION, TET, DAR ES SALAAM","Tanzanian literature reflects the history, culture and aspirations of the nation and helps to shape its values.","Learners study works by Tanzanian writers such as Shaaban Robert, Ebrahim Hussein, Penina Muhando, Abdulrazak Gurnah and Euphrase Kezilahabi. They examine how the works preserve culture, promote unity and language, criticise social evils, record history and motivate development, and how they contribute to civilisation through values of equality, justice and respect.",A play that criticises exploitation of workers can raise public awareness and encourage fairness.,"Tanzanian literature strengthens national identity and is used in education, theatre and media.","Name one Tanzanian writer.::Shaaban Robert (or Ebrahim Hussein, Abdulrazak Gurnah).||How does literature preserve culture?::By recording customs, values, language and history.||Give one role of literature in society.::Educating or criticising social evils.||What value does literature promote?::Unity, justice or respect.",
2023-JSS014-Kidato V,Appreciate and create literary works,Analyse the genres of literature and appreciate their conventions,Explain the distinctive features of different genres of literature,Distinctive features of literary genres,35,Observation,Guiding the students,Distinctive features of different genres of literature are clearly explained.,Selected novels/short stories|Plays|Poetry,"TET(2023), ENGLISH LANGUAGE SYLLABUS FOR ADVANCED SECONDARY EDUCATION, TET, DAR ES SALAAM","A genre is a category of literature with shared conventions, and the main genres are prose, drama and poetry.","Prose (novels and short stories) uses narration in paragraphs; drama is written to be performed, using dialogue, acts, scenes and stage directions; poetry uses verse, rhythm, rhyme, imagery and compression of language. Learners identify sub-genres such as tragedy, comedy, epic, ballad, elegy and satire and describe their features.","A ballad is a narrative poem, often sung, that tells a story in short stanzas with a refrain.","Knowing genres helps readers choose and appreciate the right type of book, play or song.","Name the three main genres of literature.::Prose, drama and poetry.||What is a stanza?::A group of lines in a poem.||What is a tragedy?::A serious drama that ends in misfortune or death of the main character.||Which genre uses stage directions?::Drama.",
2023-JSS014-Kidato V,Appreciate and create literary works,Analyse the genres of literature and appreciate their conventions,Apply the theories of literature in critiquing literary works,Applying theories of literature in critiquing works,35,"RIPS, Project work and Group work",Guiding the students,The theories of literature in critiquing literary works are correctly applied.,Textbook|Manila paper|Audio and video recordings,"TET(2023), ENGLISH LANGUAGE SYLLABUS FOR ADVANCED SECONDARY EDUCATION, TET, DAR ES SALAAM",Literary theories are frameworks that guide how a work is interpreted and judged.,"Learners apply theories such as formalism (focus on form and language), Marxism (class and economic relations), feminism (gender roles and power), post-colonialism (effects of colonial rule) and psychoanalysis (characters' minds). They read a chosen text, select a theory, gather evidence and write a critique that explains meaning and evaluates the work.",A feminist reading of a novel about a woman denied education examines how patriarchal structures limit her opportunities.,"Critical thinking learned through theory helps in analysing media, politics and social issues.",What does Marxist criticism focus on?::Class struggle and economic conditions.||What does feminist criticism examine?::Gender roles and power relations.||What is a critique?::A detailed critical evaluation.||Why apply a theory to a text?::To give a structured interpretation supported by evidence.,
2023-JSS014-Kidato V,Appreciate and create literary works,Analyse the genres of literature and appreciate their conventions,Express a personal point of view after reading a literary work,Expressing a personal point of view after reading a literary work,35,Discussion,Guiding the students,Personal point of view is expressed clearly.,Textbook|Manila paper|Audio and video recordings,"TET(2023), ENGLISH LANGUAGE SYLLABUS FOR ADVANCED SECONDARY EDUCATION, TET, DAR ES SALAAM",A personal response states what a reader thinks and feels about a work and gives reasons.,"Learners state an opinion clearly, support it with evidence such as quotations and events, consider other interpretations, and use first person expressions (In my view, I believe). They discuss what they liked or disliked, whether the characters were convincing, and what the work taught them, in oral or written form.","A student writes: In my view, the ending of the novel is effective because it leaves the reader thinking about the character's choice, as shown when she says: I cannot go back.",Expressing opinions with evidence builds confidence and critical thinking for debates and reviews.,"Give an expression used to introduce an opinion.::In my view or I believe.||Why should opinions be supported by evidence?::To make them convincing and fair.||What is a book review?::A written evaluation of a book.||Should a reader consider other views? Why?::Yes, to be balanced and open-minded.",
2023-JSS014-Kidato VI,Demonstrate mastery of the advanced English language skills,Automate the production of oral descriptions and conversations using standard pronunciation,"Participate in oral conversations in advanced settings (e.g., airports, migration, diplomacy and diplomatic protocols etc)",Oral conversations in advanced settings,30,Role-play and Demonstration,Guiding the students,Oral conversations are made in different settings accordingly.,Recorded oral documentaries/ speech|IPA chat|Speakers,"TET(2023), ENGLISH LANGUAGE SYLLABUS FOR ADVANCED SECONDARY EDUCATION, TET, DAR ES SALAAM","Advanced settings are formal and specialised situations such as airports, immigration offices and diplomatic events where precise spoken English is needed.","Learners study functional language for check-in, security and migration (May I see your passport? What is the purpose of your visit?), and diplomatic protocol (forms of address such as Your Excellency, order of speaking, courtesy and neutrality). They practise polite requests, formal greetings, indirect questions and clarifying statements, using role plays.",At an immigration desk: Officer: How long do you intend to stay? Visitor: I plan to stay for two weeks for a conference.,"These skills prepare students for careers in tourism, aviation, foreign affairs and international organisations.",How do you address an ambassador formally?::Your Excellency.||Give a polite question asked at an immigration desk.::What is the purpose of your visit?||Why is indirect language used in diplomacy?::It is more polite and avoids offence.||Name one feature of diplomatic protocol.::Formal address or order of speaking.,
2023-JSS014-Kidato VI,Demonstrate mastery of the advanced English language skills,Automate the production of oral descriptions and conversations using standard pronunciation,"Narrate documentaries of events, and situations with a standard pronunciation in different contexts (e.g., history, religion and, medicine)",Narrating documentaries of events and situations,30,"Story-telling, songs and poems",Guiding the students,Documentaries of events and situations in different contexts are narrated appropriately with a standard pronunciation.,Textbook|Manila paper|Audio and video recordings,"TET(2023), ENGLISH LANGUAGE SYLLABUS FOR ADVANCED SECONDARY EDUCATION, TET, DAR ES SALAAM","A documentary narration is a spoken factual account of events or situations, often accompanying images.","Learners plan the script (introduction, chronological or thematic development, conclusion), use the past tense for history and the present tense for immediacy, and use suitable vocabulary for fields such as history, religion and medicine. They practise clear pronunciation, steady pace, pauses and tone that suit the subject, and record and review their narration.","A narration on the Maji Maji uprising may begin: In 1905, in the southern regions of German East Africa, people rose against forced cotton growing.","Narration skills are used in radio, television, tourism guiding and museums.","Which tense is often used in historical narration?::The simple past.||Name the parts of a narration script.::Introduction, body and conclusion.||Why are pauses important?::They give emphasis and time to absorb information.||Name a field in which documentaries are made.::History, religion or medicine.",
2023-JSS014-Kidato VI,Demonstrate mastery of the advanced English language skills,Automate the production of oral descriptions and conversations using standard pronunciation,"Participate in dialogues, debates and meetings on topical and cross-cutting issues (e.g. debate, meeting, and presentations) with a standard pronunciation","Dialogues, debates and meetings on topical issues",30,"Debates, dialogues, demonstrations and Role-plays",Guiding the students,"Dialogues, debates and meetings are conducted effectively on topical and cross-cutting issues with a standard pronunciation.",Textbook|Manila paper|Audio and video recordings,"TET(2023), ENGLISH LANGUAGE SYLLABUS FOR ADVANCED SECONDARY EDUCATION, TET, DAR ES SALAAM","Dialogues, debates and meetings are structured speaking events used to exchange and defend ideas.","In a debate there is a motion, proposers and opposers, a speaker, timed speeches, rebuttals and points of information. A meeting has an agenda, chairperson, minutes and resolutions. Learners use formal expressions such as: I beg to propose, Point of order, I second the motion, and discuss cross-cutting issues such as environment, human rights and digital literacy.","Motion: This house believes that plastic bags should be banned. The proposer argues that plastic pollutes the environment, and the opposer replies that a ban harms small traders.","These skills are applied in school parliaments, clubs, board meetings and public forums.",What is a motion in a debate?::The statement or proposal being debated.||What are minutes of a meeting?::The written record of what was discussed and decided.||What does a rebuttal do?::It answers or challenges the opponent's argument.||Give an expression for supporting a motion.::I second the motion.,
2023-JSS014-Kidato VI,Demonstrate mastery of the advanced English language skills,Use correct grammar and vocabulary in oral and written language tasks,"Use advanced vocabulary and grammar (e.g., adverbs, prepositions and conjunctions) to describe field specific past, present and future events",Advanced grammar to describe field-specific events,30,"TIPS, Project work and Group discussions",Guiding the students,Documentaries of events and situations in different contexts are narrated appropriately with a standard pronunciation.,Textbook|Manila paper|Audio and video recordings,"TET(2023), ENGLISH LANGUAGE SYLLABUS FOR ADVANCED SECONDARY EDUCATION, TET, DAR ES SALAAM","Advanced grammar such as adverbs, prepositions and conjunctions links ideas precisely in describing past, present and future events in specific fields.","Learners use adverbs of manner, degree and frequency, complex prepositional phrases (in accordance with, with regard to), and conjunctions and connectors (although, whereas, consequently, nevertheless). They use appropriate tenses to describe past events (in law or history), present processes (in science) and future plans (in business), and the passive voice for formal reports.","The samples were heated slowly; consequently, the solution changed colour. (passive voice and connector in a science report).","Accurate use of advanced grammar matters in professional reports, proposals and academic writing.","Give two conjunctions showing contrast.::Although and whereas (or however, nevertheless).||Change to passive: The lab technician heated the samples.::The samples were heated by the lab technician.||What does the connector consequently show?::Result.||Give a prepositional phrase used in formal writing.::In accordance with.",
2023-JSS014-Kidato VI,Demonstrate mastery of the advanced English language skills,Use correct grammar and vocabulary in oral and written language tasks,"Compose field specific texts using advanced vocabulary and grammar (e.g., therein, thereof, besides, in addition, although, and however) in different contexts",Composing field-specific texts with advanced vocabulary and grammar,30,"Scenario, TIPS and Project work",Guiding the students,Field specific texts are composed using appropriate grammar and vocabulary.,Textbook|Manila paper|Audio and video recordings,"TET(2023), ENGLISH LANGUAGE SYLLABUS FOR ADVANCED SECONDARY EDUCATION, TET, DAR ES SALAAM","Field-specific texts use the vocabulary and structures of a particular profession such as law, medicine, business or engineering.","Formal linking words such as therein, thereof, hereby, besides, in addition, although and however are used. Learners write texts such as memoranda, agreements, clinical notes, business proposals and technical descriptions with the correct format. They apply precise terminology, concise sentences and an impersonal tone and check for coherence and accuracy.",The tenant shall pay the rent monthly and any damages thereof shall be borne by the tenant (legal English).,"The skill is used in workplaces, legal drafting and professional communication.","What does thereof mean?::Of that or of it.||Write one linking word that shows addition.::Besides or in addition.||Why is an impersonal tone used in technical texts?::To keep the writing objective and formal.||Name one document type in the field of law.::A contract, will or affidavit.",
2023-JSS014-Kidato VI,Demonstrate mastery of the advanced English language skills,Use correct grammar and vocabulary in oral and written language tasks,Evaluate the appropriateness of grammar and vocabulary used in speech and written texts in field specific contexts,Evaluating appropriateness of grammar and vocabulary in field-specific contexts,30,Group discussions and TIPS,Guiding the students,Usage of grammar and vocabulary in speech and written the texts of field specific context is evaluated accordingly.,Textbook|Manila paper|Audio and video recordings,"TET(2023), ENGLISH LANGUAGE SYLLABUS FOR ADVANCED SECONDARY EDUCATION, TET, DAR ES SALAAM","Evaluating means judging whether the language used suits the purpose, audience and field of a text.","Learners use criteria: accuracy of grammar, suitability of register, precision of terminology, clarity, conciseness and tone. They compare texts such as a medical report and a social media post, and identify inappropriate slang, ambiguity, wordiness, redundancy or misuse of terms, and suggest corrections.",The sentence: The patient is kind of sick is inappropriate in a clinical report and should be: The patient presents with symptoms of illness.,The skill helps workers to write and check professional documents.,Why is slang inappropriate in a legal document?::Legal texts require formal and precise language.||Name two criteria for evaluating language.::Accuracy and appropriateness.||Give an example of redundancy.::Return back (return already implies back).||What is ambiguity?::A statement that can be understood in more than one way.,
2023-JSS014-Kidato VI,Comprehend oral and written information,Demonstrate advanced oral and written proficiency in a variety of communicative contexts,"Participate in complex conversations (e.g., death, violence, discrimination, accidents and poor results)",Complex conversations on sensitive issues,25,"Role-play, Debates and Dialogues",Guiding the students,Formal conversations in more complex settings are made accordingly.,Dictionary|Newspaper|Articles|Any relevant texts,"TET(2023), ENGLISH LANGUAGE SYLLABUS FOR ADVANCED SECONDARY EDUCATION, TET, DAR ES SALAAM","Complex conversations deal with sensitive topics such as death, violence, discrimination, accidents and poor results, requiring tact and empathy.","Learners use empathetic language (I am sorry for your loss), euphemisms (passed away), softeners (I am afraid that...), careful listening, calm tone and non-judgemental wording. They practise breaking bad news, consoling, reporting a crime and counselling a student with poor results.","A teacher tells a student: I am afraid your results are below expectation, but we can plan how to improve them together.","These skills are essential for counsellors, teachers, health workers and community leaders.","What is a euphemism?::A gentle word used in place of a harsh one, e.g. passed away.||Give one empathetic expression.::I am sorry for your loss.||Why is a calm tone important?::It shows respect and reduces distress.||Suggest a softener before bad news.::I am afraid that...",
2023-JSS014-Kidato VI,Comprehend oral and written information,Demonstrate advanced oral and written proficiency in a variety of communicative contexts,Respond to conversations using rhetorical devices,Responding to conversations using rhetorical devices,25,"Debate, dialogues, Role-plays and Story- telling",Guiding the students,Rhetorical devices are used in conversations of different settings correctly to convey meanings.,Technical dictionary|Audio/video|Extracts|Any relevant materials,"TET(2023), ENGLISH LANGUAGE SYLLABUS FOR ADVANCED SECONDARY EDUCATION, TET, DAR ES SALAAM",Rhetorical devices are language techniques that make speech persuasive and memorable.,"Devices include rhetorical questions, repetition, parallelism, the rule of three, analogy, hyperbole, anecdote, antithesis and appeals to logic (logos), emotion (pathos) and credibility (ethos). Learners identify them in speeches and use them to respond in debates and discussions.","I have a dream, repeated in a famous speech, is an example of anaphora. Ask not what your country can do for you is antithesis.","Rhetorical skills help in advocacy, marketing and leadership.","Define repetition as a rhetorical device.::Saying a word or phrase repeatedly for emphasis.||What is ethos?::An appeal based on the speaker's credibility.||What is an analogy?::A comparison to explain an idea.||Give an example of the rule of three.::Government of the people, by the people, for the people.",
2023-JSS014-Kidato VI,Comprehend oral and written information,Demonstrate advanced oral and written proficiency in a variety of communicative contexts,Employ paralinguistic features to communicate information in a variety of settings,Paralinguistic features in communication,25,"Demonstration, Debate, Role-play and Dialogue",Guiding the students,Paralinguistic features are employed in communicating information in a variety of settings.,Textbook|Manila paper|Audio and video recordings,"TET(2023), ENGLISH LANGUAGE SYLLABUS FOR ADVANCED SECONDARY EDUCATION, TET, DAR ES SALAAM",Paralinguistic features are the non-word elements of communication that accompany speech.,"They include tone of voice, volume, pitch, pace, pauses, laughter, sighs, gestures, facial expressions, posture, eye contact and proximity. Their meaning varies with culture and setting, and they may reinforce, contradict or replace words. Learners practise using them in interviews, presentations and counselling.",Saying Fine in a low voice with a frown contradicts the word and shows unhappiness.,"Understanding paralinguistic cues helps in negotiation, teaching and customer relations.",Name two paralinguistic features.::Gestures and tone of voice.||How can body language contradict words?::A speaker may say yes while shaking the head.||Why do meanings of gestures differ?::Because cultures differ.||What is proximity?::The distance between speakers.,
2023-JSS014-Kidato VI,Comprehend oral and written information,Read texts critically to recognise potential implications beyond the author’s explicit meaning,"Read a variety of texts and identifying the contextual clues (e.g., general context, co-text, punctuations) for understanding implied meanings",Contextual clues for implied meaning,25,Project work,Guiding the students,Contextual clues are recognised and used to understanding implied meanings of texts.,Newspapers|Magazine|Pictures|Any other relevant materials,"TET(2023), ENGLISH LANGUAGE SYLLABUS FOR ADVANCED SECONDARY EDUCATION, TET, DAR ES SALAAM",Contextual clues are hints in and around a text that help readers infer the meaning that the author does not state directly.,"General context refers to the situation, purpose and cultural background; co-text refers to the surrounding words and sentences; punctuation marks such as quotation marks, dashes and exclamation marks suggest tone, irony or emphasis. Readers also use headings, images and the writer's style to draw inferences.","In: The so-called expert failed to answer any question, the phrase so-called signals that the writer doubts the person's expertise.","The skill helps in reading newspapers, contracts and social media critically.",What is co-text?::The words and sentences around a word or phrase.||What can quotation marks around a word suggest?::Irony or doubt.||What does an exclamation mark show?::Strong feeling or emphasis.||Define inference.::A conclusion reached from evidence and reasoning.,
2023-JSS014-Kidato VI,Comprehend oral and written information,Read texts critically to recognise potential implications beyond the author’s explicit meaning,"Read a variety of texts (e.g., letters, articles and newspapers) to obtain implied meanings","Reading letters, articles and newspapers for implied meanings",25,"Close reading, TIPS and Group works",Guiding the students,Various texts are red and implied meanings are recognised.,Textbook|Manila paper|Audio and video recordings,"TET(2023), ENGLISH LANGUAGE SYLLABUS FOR ADVANCED SECONDARY EDUCATION, TET, DAR ES SALAAM","Different text types imply meanings through structure, choice of words and tone.","Learners read business and personal letters, feature articles and editorials to identify implied attitudes, bias, hidden requests and persuasive intentions. They examine headlines, word choice (regime versus government), omitted information and the placement of stories, and ask who wrote the text, for whom and why.",The headline Youth Idle as Jobs Vanish implies that unemployment is high and criticises the authorities without stating so.,Reading between the lines helps citizens to judge news and avoid manipulation.,What is bias?::A one-sided view.||Give two questions to ask when reading critically.::Who wrote it and why?||How can word choice reveal attitude?::Positive or negative words show the writer's opinion.||What is an editorial?::An article expressing the opinion of the newspaper.,
2023-JSS014-Kidato VI,Comprehend oral and written information,Read texts critically to recognise potential implications beyond the author’s explicit meaning,Read a variety of texts and comment on the implied meanings from the author’s point of view,Commenting on implied meanings from the author's point of view,25,"Close reading, TIPS and Group works",Guiding the students,Various texts are red and appropriate comments on the implied meanings are given.,Textbook|Manila paper|Audio and video recordings,"TET(2023), ENGLISH LANGUAGE SYLLABUS FOR ADVANCED SECONDARY EDUCATION, TET, DAR ES SALAAM",The author's point of view is the position or attitude from which a text is written.,"Learners identify the author's purpose (to inform, persuade, entertain), stance, tone (serious, humorous, critical, sympathetic) and assumptions, and discuss how these shape the implied meaning. They write short comments supported by textual evidence and consider whether the author is objective or biased.","An article that describes street vendors as hard-working entrepreneurs, rather than illegal traders, shows a sympathetic point of view.","The skill is useful in literature study, media literacy and research.",What is tone?::The author's attitude towards the subject.||Give two purposes of an author.::To inform and to persuade.||How do you support a comment on point of view?::With evidence from the text.||What is an objective text?::A text presenting facts without personal feelings.,
2023-JSS014-Kidato VI,Communicate effectively in different contexts,Develop advanced socio-cultural analysis of functional texts,Assess the appropriateness of the language and style used in functional texts,Language and style in functional texts,35,"Group discussions, TIPS and Dialogues",Guiding the students,Language usage and style in the functional texts are analysed and evaluated.,Instructional manuals|Announcements|Menu|Prescriptions|Any other relevant texts,"TET(2023), ENGLISH LANGUAGE SYLLABUS FOR ADVANCED SECONDARY EDUCATION, TET, DAR ES SALAAM","Functional texts are written for practical purposes, such as letters, notices, minutes, reports, advertisements and instructions.","Learners assess whether the language and style suit the purpose, audience and culture: level of formality, politeness, directness, vocabulary, layout and length. They consider socio-cultural appropriateness, for example how requests, refusals and greetings are expressed in different cultures, and rewrite inappropriate parts.","A letter to a chief may begin with respectful greetings before making a request, showing awareness of cultural politeness.","The assessment skill helps in writing official letters, advertisements and public notices.","What is a functional text?::A text used to perform a practical task.||Give two examples of functional texts.::A notice and a letter of application.||What does audience determine?::The language, tone and level of formality.||Why is cultural appropriateness important?::To avoid offence and communicate effectively.",
2023-JSS014-Kidato VI,Communicate effectively in different contexts,Develop advanced socio-cultural analysis of functional texts,Differentiate the structure and style of different functional texts,Structure and style of different functional texts,35,"RIPS, Project work, TIPS and Group discussions",Guiding the students,Evidence based on structure and style of functional texts are used to support the differentiation.,Textbook|Manila paper|Audio and video recordings,"TET(2023), ENGLISH LANGUAGE SYLLABUS FOR ADVANCED SECONDARY EDUCATION, TET, DAR ES SALAAM",Each functional text has a typical structure and style.,"A formal letter has sender address, date, receiver address, salutation, subject line, body, closing and signature. A report has title, introduction, findings, conclusion and recommendations. Minutes have heading, attendance, agenda items, resolutions and signature. An advertisement uses catchy headings, persuasive language and contact details. A notice is short and clear, giving what, when, where and who. Learners compare the texts.","Minutes are written in the past tense and reported speech, e.g. It was resolved that the school fees be reviewed.",Knowing the structures helps learners to prepare documents at school and at work.,"Name two parts of a formal letter.::Salutation and subject line.||Which tense is used in minutes?::The past tense.||What does a notice give?::What, when, where and who.||What language feature marks advertisements?::Persuasive and catchy wording.",
2023-JSS014-Kidato VI,Provide advanced English language services to the community,Apply principles of interpretation to provide complex and authentic interpretations,"Interpret conversations in field specific settings (e.g., legal, medicine, religion, science and technology)",Interpreting field-specific conversations,35,"Role-play, Demonstration and Dialogue",Guiding the students,Conversations in field specific settings are interpreted.,Computer|Computer software|Any other relevant materials,"TET(2023), ENGLISH LANGUAGE SYLLABUS FOR ADVANCED SECONDARY EDUCATION, TET, DAR ES SALAAM","Field-specific interpretation takes place in specialised settings such as legal, medical, religious, and scientific and technological contexts.","Interpreters prepare by studying glossaries and background of the field. In legal settings (courts, police stations) accuracy and impartiality are vital and terms like bail, testimony and oath are rendered exactly. In medicine, they interpret symptoms and instructions and respect patient privacy. In religion, they interpret sermons faithfully, and in science and technology they convey technical terms and processes.","A court interpreter renders the witness's answer word for word, without adding explanations, so that the judge hears the exact testimony.","The skill provides careers in courts, hospitals and international conferences.",Why must court interpretation be exact?::Because it affects the judgement and the rights of people.||How do interpreters prepare for a specialised assignment?::By studying glossaries and background information.||Name one medical ethical requirement.::Patient confidentiality.||What does testimony mean?::A statement made by a witness in court.,
2023-JSS014-Kidato VI,Provide advanced English language services to the community,Apply principles of interpretation to provide complex and authentic interpretations,Solve the challenges that may arise when interpreting field specific conversations,Solving challenges in interpreting field-specific conversations,35,"Role-play, Demonstration and Dialogue",Guiding the students,Challenges of interpretations in field specific conversations are solved.,Textbook|Manila paper|Audio and video recordings,"TET(2023), ENGLISH LANGUAGE SYLLABUS FOR ADVANCED SECONDARY EDUCATION, TET, DAR ES SALAAM","Interpreters face challenges such as unfamiliar terms, speed, accents, emotional situations and cultural differences.","Solutions include preparation and glossaries, asking speakers to slow down or repeat, using note-taking, paraphrasing terms that have no equivalent, working in teams, taking breaks, keeping a professional emotional distance and clarifying cultural references briefly. Interpreters should be honest about any term they cannot render and check it.","If a speaker uses a technical term that has no Kiswahili equivalent, the interpreter may borrow the term and add a short explanation.","Solving these challenges improves the quality of service in hospitals, courts and businesses.",Name two challenges of interpreting.::Speed and unfamiliar terminology.||How can an interpreter handle a term with no equivalent?::By borrowing it or paraphrasing it.||What is one way to reduce fatigue?::Working in teams and taking breaks.||Why is preparation important?::It equips the interpreter with terms and background.,
2023-JSS014-Kidato VI,Provide advanced English language services to the community,Apply principles of translation to produce complex authentic translation,Translate a variety of complex technical texts using Computer-Assisted Translation (CAT) tools,Translating technical texts using CAT tools,35,Project work,Guiding the students,Complex technical texts are translated using computer assisted translation tools.,Recoded audio|Speakers|Computer|Any relevant extracts,"TET(2023), ENGLISH LANGUAGE SYLLABUS FOR ADVANCED SECONDARY EDUCATION, TET, DAR ES SALAAM","Technical texts contain specialised terminology and require accuracy, for example manuals, scientific papers, legal contracts and medical leaflets.","The translator sets up a project in a CAT tool, imports translation memories and terminology databases, translates segment by segment, uses concordance search to check terms, runs spell-check and quality assurance, and exports the file in its original format. Consistency of terms and formatting is vital, and human review remains necessary.","Translating a user manual for a machine, the tool suggests previous translations of the term circuit breaker so that the same equivalent is used throughout.","Technical translation is a growing career for companies, engineers and international organisations.","What is concordance search?::A search that shows how a term was translated in previous texts.||Why is consistency important in technical translation?::It avoids confusion and errors.||What kinds of text are technical texts?::Manuals, scientific papers and legal contracts.||Why is human review still necessary?::Software cannot fully judge context and meaning.",
2023-JSS014-Kidato VI,Provide advanced English language services to the community,Apply principles of translation to produce complex authentic translation,Address challenges that may arise during translation of technical texts,Challenges in translating technical texts,35,"Scenario, Role-play and Demonstrations",Guiding the students,Challenges that arise during translation of technical texts are solved.,Textbook|Manila paper|Audio and video recordings,"TET(2023), ENGLISH LANGUAGE SYLLABUS FOR ADVANCED SECONDARY EDUCATION, TET, DAR ES SALAAM","Technical translation faces challenges of terminology, culture, format and technology.","Challenges include lack of equivalent terms, ambiguous source text, differing units and conventions (dates and measures), inconsistent terminology, tight deadlines, confidentiality and poor machine output. Solutions include research using dictionaries and subject experts, glossary creation, creating neologisms carefully, consulting the client and revising the work.","The term cloud computing may have no established Kiswahili term, so the translator may keep the English term with an explanatory note, or coin an agreed equivalent.","Addressing these challenges ensures reliable translations for health, technology and trade.",Give one challenge in technical translation.::Lack of equivalent terms.||Who can help a translator with specialised terms?::Subject experts or the client.||What is a neologism?::A newly created word.||Why should translators check units and dates?::Conventions differ between languages and regions.,
2023-JSS014-Kidato VI,Provide advanced English language services to the community,Apply principles of editing and proofreading a variety of texts,Edit and proofread complex field specific texts,Editing and proofreading complex field-specific texts,30,"Project work, TIPS and Group discussion",Guiding the students,Complex field specific texts are edited and proofread.,Field specific texts e.g|Legal texts|Professional reports|Dissertations,"TET(2023), ENGLISH LANGUAGE SYLLABUS FOR ADVANCED SECONDARY EDUCATION, TET, DAR ES SALAAM","Field-specific texts such as legal, medical, technical and academic documents require editors who understand the field.","The editor checks terminology, accuracy of facts and figures, consistency of style, logical flow, tables and references, and the house style. Legal texts require precision, medical texts require correct dosage and terms, and academic texts require correct citation. The editor uses track changes and a checklist and queries the author on doubtful points.",In a medical leaflet the editor confirms that the dosage 5 mg has not been mistyped as 50 mg.,Careful editing prevents costly or dangerous errors in documents.,Why must an editor check figures carefully?::A small error can cause serious consequences.||What is track changes?::A feature that shows edits made to a document.||Name one thing checked in academic editing.::Citations and references.||What should an editor do when unsure of an author's meaning?::Query the author.,
2023-JSS014-Kidato VI,Provide advanced English language services to the community,Apply principles of editing and proofreading a variety of texts,Evaluate edited field specific texts with an editorial perspective,Evaluating edited field-specific texts,30,Close reading and RIPS,Guiding the students,Edited field specific texts are evaluated with an editorial perspective.,Textbook|Manila paper|Audio and video recordings,"TET(2023), ENGLISH LANGUAGE SYLLABUS FOR ADVANCED SECONDARY EDUCATION, TET, DAR ES SALAAM",Evaluating an edited text means judging its quality from the editor's point of view.,"The evaluator compares the edited version with the original, using criteria such as accuracy, clarity, consistency, appropriateness of tone, adherence to house style, layout and absence of errors. He also checks that the author's meaning and voice were preserved and gives feedback with constructive suggestions.","Comparing two versions of a company report, the evaluator notes that the edited version has consistent headings and removes repetition but has changed the meaning of one paragraph, and recommends restoring it.","Evaluation skills are used in publishing houses, media houses and quality control in translation firms.",Name two criteria for evaluating an edited text.::Accuracy and consistency.||What should be preserved when editing?::The author's meaning and voice.||Why give constructive feedback?::To help improve future work.||What is house style?::The set of writing rules of an organisation.,
2023-JSS014-Kidato VI,Provide advanced English language services to the community,Manage complex translation and edit projects using Computer-Assisted tools,Explain the qualities of a translation project manager,Qualities of a translation project manager,30,TIPS and Group discussions,Guiding the students,The qualities of a translation project manager are explained correctly.,Computer|Computer software|Any other relevant materials,"TET(2023), ENGLISH LANGUAGE SYLLABUS FOR ADVANCED SECONDARY EDUCATION, TET, DAR ES SALAAM","A translation project manager plans, coordinates and delivers translation work for clients.","Qualities include organisation, communication, leadership, attention to detail, time management, technical knowledge of CAT tools, knowledge of languages and subject fields, negotiation, problem-solving, integrity and the ability to work under pressure. The manager selects translators and editors, sets deadlines, controls quality and communicates with clients.","A manager receiving a 40,000-word contract divides it among four translators, sets a glossary for consistent terms and schedules editing before delivery.",Project management skills open careers in translation companies and international institutions.,"Name two qualities of a project manager.::Organisation and communication.||What tasks does the manager perform?::Plans, assigns, monitors and delivers translation work.||Why is a glossary helpful when many translators work on a project?::It keeps terminology consistent.||Why is time management important?::To meet client deadlines.",
2023-JSS014-Kidato VI,Provide advanced English language services to the community,Manage complex translation and edit projects using Computer-Assisted tools,"Use Computer-Assisted Translation (CAT) tools to manage translation projects (e.g., writing quotations, invoices and contracts)",Managing translation projects with CAT tools,30,Project work,Guiding the students,Translation projects are correctly managed using CAT tools.,Textbook|Manila paper|Audio and video recordings,"TET(2023), ENGLISH LANGUAGE SYLLABUS FOR ADVANCED SECONDARY EDUCATION, TET, DAR ES SALAAM","CAT tools help project managers to organise workflows, manage files and prepare financial documents.","Steps include receiving the client's request, analysing the files (word count, repetitions), preparing a quotation based on rates per word, writing a contract with terms, creating a project in the tool, assigning tasks to translators, monitoring progress, performing quality checks, delivering and invoicing. The quotation should give scope, rate, deadline and payment terms, and the invoice should be clear and correct.","For a 10,000-word document at 50 shillings per word the quotation is 500,000 shillings, with a discount for repetitions found by the tool.",These skills support self-employment as freelance translators and language service providers.,"What is a quotation?::A document stating the price and terms for a job.||What does an invoice request?::Payment for work done.||Calculate the cost of 8,000 words at 40 shillings per word.::320,000 shillings.||Name one item to include in a contract.::Deadline, payment terms or scope.",
2023-JSS014-Kidato VI,Appreciate and create literary works,"Evaluate the context in which literary texts are written, read and understood",Analyse the settings of literary texts to show their contributions to the content,Analysing settings of literary texts,35,"RIPS, TIPS and Discussions",Guiding the students,Settings of literary texts are analysed to show their contributions to the content.,Selected novels|Plays|Poetry,"TET(2023), ENGLISH LANGUAGE SYLLABUS FOR ADVANCED SECONDARY EDUCATION, TET, DAR ES SALAAM","The setting is the time, place and social environment in which a literary work takes place.","Learners analyse physical setting (village, city, school), historical time, social and cultural background and atmosphere. They show how setting influences the plot, characters and themes, creates mood, and serves symbolic purposes. Answers are supported with descriptive quotations from the text.","In a novel set in a colonial farm, the harsh working environment highlights the theme of exploitation.","Understanding setting improves reading of novels, films and plays.","What is setting?::The time and place of a story.||How can setting create mood?::Through descriptions of weather, places and atmosphere.||Give one way setting affects characters.::It shapes their actions and choices.||What is a social setting?::The customs and conditions of the society in the story.",
2023-JSS014-Kidato VI,Appreciate and create literary works,"Evaluate the context in which literary texts are written, read and understood",Relate the content of literary works to real life situations,Relating content of literary works to real-life situations,35,"Discussion, TIPS and Dialogues",Guiding the students,Content of literary works is related appropriately to the real-life situations.,Textbook|Manila paper|Audio and video recordings,"TET(2023), ENGLISH LANGUAGE SYLLABUS FOR ADVANCED SECONDARY EDUCATION, TET, DAR ES SALAAM","Readers link events, characters and issues in a literary work to real happenings in society.","Learners identify a situation in the text, such as unemployment, corruption, gender bias, migration or environmental destruction, compare it with real situations in their country and discuss causes, effects and solutions. They write reflective essays and take part in discussions to demonstrate the relevance of literature.",A novel about a young person leaving a village for the city relates to real rural-urban migration in Tanzania.,Relating literature to life makes reading meaningful and encourages social awareness.,Why relate literature to real life?::To show its relevance and lessons.||Give one issue often found in literature.::Corruption or migration.||What is a reflective essay?::An essay showing personal thoughts on a text.||Name one skill developed by such relation.::Critical thinking.,
2023-JSS014-Kidato VI,Appreciate and create literary works,"Evaluate the context in which literary texts are written, read and understood",Infer moral lessons from a variety of literary works,Inferring moral lessons from literary works,35,RIPS,Guiding the students,Moral lessons from a variety of literary works are appropriately inferred.,Textbook|Manila paper|Audio and video recordings,"TET(2023), ENGLISH LANGUAGE SYLLABUS FOR ADVANCED SECONDARY EDUCATION, TET, DAR ES SALAAM",A moral lesson is a message about proper behaviour that a reader draws from a text.,"Readers examine characters' actions, consequences, resolution and the narrator's comments to infer lessons such as honesty, perseverance, respect, justice and responsibility. They distinguish theme from moral and back the inference with evidence. Moral lessons are stated in full sentences.","In a fable where a lazy animal starves in the dry season, the moral is that hard work brings security.","Moral lessons guide behaviour at home, school and work.","Difference between a theme and a moral?::A theme is the central idea; a moral is the lesson on behaviour.||Give one moral lesson.::Honesty is the best policy.||How is a moral inferred?::From the actions and consequences of characters.||Where are morals commonly found?::In fables, folktales and novels.",
2023-JSS014-Kidato VI,Appreciate and create literary works,Create complex literary works,Formulate an idea for composing literary work of literature,Formulating an idea for a literary work,35,Scenario and TIPS,Guiding the students,Ideas for composing literary works are we1ll formulated.,Selected novels|Plays|Poetry,"TET(2023), ENGLISH LANGUAGE SYLLABUS FOR ADVANCED SECONDARY EDUCATION, TET, DAR ES SALAAM","Formulating an idea is the first stage in creative writing, when a writer selects the central concept to be developed.","Ideas are drawn from observation, experience, imagination, news, memories and issues in society. The writer asks what is the message, who is the audience, and which genre is suitable. Techniques include brainstorming, free writing, mind maps and what-if questions. The idea is then refined into a central theme statement.",Idea: A girl from a poor family fights to stay in school despite pressure to marry. Theme: Education empowers.,"Generating ideas is a skill for authors, scriptwriters and advertisers.","Name one source of literary ideas.::Personal experience or news.||What is brainstorming?::Listing ideas freely without judging them.||What is a what-if question?::A question that explores possibilities, e.g. What if the village lost its water?||Why decide on the audience?::It guides language and content.",
2023-JSS014-Kidato VI,Appreciate and create literary works,Create complex literary works,"Develop plans of writing literary works (e.g., characters, themes, setting and plot)",Planning literary works,35,TIPS and Discussion,Guiding the students,Plans of writing literary works are developed correctly.,Textbook|Manila paper|Audio and video recordings,"TET(2023), ENGLISH LANGUAGE SYLLABUS FOR ADVANCED SECONDARY EDUCATION, TET, DAR ES SALAAM","A plan gives the writer a framework for characters, themes, setting and plot before writing.","Planning includes profiles of characters (name, age, traits, goals), the setting in time and place, the plot outline (exposition, rising action, climax, falling action, resolution), the point of view, the tone and the themes. Writers may use plot diagrams, storyboards or chapter outlines.","A plan for a short story lists: Character: Neema, a determined student; Setting: a rural school; Conflict: lack of fees; Climax: a scholarship exam; Resolution: she wins.","Planning skills are useful in writing essays, reports and scripts too.","Name the parts of a plot.::Exposition, rising action, climax, falling action and resolution.||What is a character profile?::A description of a character's traits and background.||Why plan before writing?::It organises ideas and prevents confusion.||What is point of view?::The perspective from which a story is told.",
2023-JSS014-Kidato VI,Appreciate and create literary works,Create complex literary works,Apply literary skills in developing literary works,Applying literary skills in developing literary works,35,Project work,Guiding the students,Literary skills are used to develop literary works.,Textbook|Manila paper|Audio and video recordings,"TET(2023), ENGLISH LANGUAGE SYLLABUS FOR ADVANCED SECONDARY EDUCATION, TET, DAR ES SALAAM",Literary skills are the techniques writers use to craft engaging and meaningful texts.,"These include showing rather than telling, creating vivid imagery, using dialogue that reveals character, controlling pace, building suspense, using figures of speech, choosing a consistent point of view, and revising drafts. Learners write short stories, poems or scenes, share them for feedback, and edit and publish them in school magazines or online.","Instead of writing: He was afraid, a writer shows: His hands trembled and his voice cracked as he stepped into the dark room.","Creative writing skills are useful in journalism, advertising, film and education.","What does show, don't tell mean?::Using actions and details to reveal feelings instead of stating them.||Name one figure of speech a writer may use.::Simile or metaphor.||Why is revision important?::It improves clarity and quality.||How can writers share their work?::Through magazines, blogs or readings.",
