subject_version_code,main_competence_name,specific_competence_name,learning_activity_name,sla_name,sla_periods,sla_method,sla_leading,sla_assessment_criteria,sla_teaching_aids,sla_references,sla_notes_intro,sla_notes_details,sla_notes_illustrations,sla_notes_daily_life,sla_exercise,sla_diagram_type
2023-JSS031-Kidato I,"Kumtambua, kumpenda, kumtukuza na kumsifu Allaah (S.W)",Kutambua uwepo wa Allaah (S.W) na sifa zake,"Kufafanua ufahamu wa Elimu kwa mtazamo wa Uislamu. (Maana, lengo, chanzo na umuhimu wa elimu, sifa za mtu aliyeelimika, mgawanyo wa Elimu, umuhimu wa somo la Elimu ya Dini ya Kiislamu, uhusiano wa somo la Elimu ya Dini ya Kiislamu na masomo mengine)",Maana na umuhimu wa Elimu katika Uislamu,2,Bunguabongo na majadiliano,Kuwaongoza Wanafunzi,Ufahamu wa Elimu umefafanuliwa kwa usahihi.,Kitabu cha kiada kidato cha 1|Bango kitita|Tafsiri ya Qur’an ya Sheikh Abdullah Saleh Farsy|TEHAMA,"TET(2023), MUHTASARI WA ELIMU YA DINI YA KIISLAMU KWA SHULE ZA SEKONDARI KIDATO CHA I - IV, TET, DAR ES SALAAM","Elimu ni ufahamu sahihi wa jambo kama lilivyo. Uislamu unaipa elimu nafasi ya juu, na aya ya kwanza ya Qur’an iliyoshuka ilianza kwa neno ‘Soma’.","Elimu ni maarifa yanayomwongoza mtu kumjua Muumba wake, nafsi yake na mazingira yake. Chanzo cha elimu zote ni Allaah (S.W) aliyemfundisha mwanadamu asiyoyajua. Mtu aliyeelimika ni yule mwenye maarifa yanayofaa, anayeyatumia kwa vitendo, mnyenyekevu, mkweli na anayewanufaisha wengine. Elimu hugawanywa katika elimu ya lazima kwa kila Muislamu (Faradh Ain) kama itikadi, ibada na halali na haramu, na elimu ya kutosheleza (Faradh Kifaya) kama udaktari na uhandisi. Somo la Elimu ya Dini ya Kiislamu humwezesha mwanafunzi kumjua Allaah (S.W), kuabudu kwa usahihi na kuishi kwa maadili mema, na lina uhusiano na masomo mengine kwa kuwa maarifa yote hurejea kwa Muumba.","Mwanafunzi anayesoma Sayansi na kugundua mpangilio wa mimea na mwili wa binadamu huongeza imani yake kwa Muumba aliyeumba vitu hivyo kwa kipimo, na hivyo somo la Sayansi na somo la Dini hukamilishana.","Mtu mwenye elimu ya dini anajua kuswali, kufunga na kuamiliana na watu kwa haki, na huweza kuwafundisha wanafamilia na majirani wake mambo mema.","Neno la kwanza lililoshuka katika Qur’an lilikuwa lipi na lina ujumbe gani?::Ni ‘Iqra’ yaani ‘Soma’, likimaanisha kuwa Uislamu unahimiza kutafuta elimu.||Taja sifa mbili za mtu aliyeelimika kwa mtazamo wa Uislamu.::Anatumia elimu yake kwa vitendo na ni mnyenyekevu na mkweli.||Toa mfano mmoja wa elimu ya lazima kwa kila Muislamu.::Elimu ya itikadi ya Imani au elimu ya kuswali kwa usahihi.",
2023-JSS031-Kidato I,"Kumtambua, kumpenda, kumtukuza na kumsifu Allaah (S.W)",Kutambua uwepo wa Allaah (S.W) na sifa zake,"Kuchambua ufahamu wa dini kwa mujibu wa Qur’an na Sunnah. (Maana ya dini, aina za dini)",Maana na aina za dini kwa mujibu wa Qur’an na Sunnah,2,Fikiri – jozisha – shirikisha,Kuwaongoza Wanafunzi,Kuchambua ufahamu wa dini kumefanyika kwa usahihi.,Kitabu cha kiada kidato cha 1|Bango kitita|Tafsiri ya Qur’an ya Sheikh Abdullah Saleh Farsy|TEHAMA,"TET(2023), MUHTASARI WA ELIMU YA DINI YA KIISLAMU KWA SHULE ZA SEKONDARI KIDATO CHA I - IV, TET, DAR ES SALAAM","Dini ni mfumo wa maisha wa imani, ibada na maadili unaomuunganisha mwanadamu na Muumba wake. Qur’an inasema kuwa dini iliyo kwa Allaah ni Uislamu.","Neno ‘Dini’ kilugha lina maana ya utii, malipo na mfumo wa maisha. Kwa mtazamo wa Qur’an na Sunnah, dini ni mfumo kamili wa imani, ibada, tabia na sheria unaotoka kwa Allaah (S.W) kupitia mitume wake. Kuna aina mbili kuu za dini, yaani dini ya haki iliyoteremshwa na Allaah ambayo ni Uislamu ulioletwa na mitume wote wakiwemo Nuhu, Ibrahim, Musa, Isa na Muhammad (S.A.W), na dini za batili zilizoundwa na watu kama za kuabudu masanamu, mizimu na nguvu za asili. Uislamu ndio dini iliyokamilishwa na kuridhiwa na Allaah (S.W) kwa wanadamu wote.","Mtu anayeabudu mizimu hufuata dini ya kubuniwa na mababu, ilhali Muislamu anayemwabudu Allaah peke yake kwa mujibu wa Qur’an anafuata dini ya haki.",Kuelewa maana ya dini kunamsaidia kijana kuchagua njia sahihi ya maisha na kuepuka mila au imani zisizo na msingi wa wahyi.,"Toa maana ya neno dini.::Ni mfumo kamili wa imani, ibada, maadili na sheria unaoongoza maisha ya mwanadamu.||Taja aina mbili za dini.::Dini ya haki iliyoteremshwa na Allaah na dini za batili zilizoundwa na watu.||Kwa mujibu wa Qur’an, dini iliyo kwa Allaah ni ipi?::Ni Uislamu.",
2023-JSS031-Kidato I,"Kumtambua, kumpenda, kumtukuza na kumsifu Allaah (S.W)",Kutambua uwepo wa Allaah (S.W) na sifa zake,"Kuchambua ufahamu wa Imani kwa mujibu wa Qur’an na Sunnah. (Maana, nguzo za Imani na nguzo ya ihsani, sifa za muumini wa kweli katika aya za Quran; (49:15), (8:2 – 4), (2:2 – 5), (23:1-11))","Imani, nguzo zake na nguzo ya Ihsani",4,Bunguabongo na majadiliano,Kuwaongoza Wanafunzi,Ufahamu wa Imani umechambuliwa kwa usahihi.,Kitabu cha kiada kidato cha 1|Bango kitita|Tafsiri ya Qur’an ya Sheikh Abdullah Saleh Farsy|TEHAMA|Matini mbalimbali kuhusu Imani ya Kiislamu,"TET(2023), MUHTASARI WA ELIMU YA DINI YA KIISLAMU KWA SHULE ZA SEKONDARI KIDATO CHA I - IV, TET, DAR ES SALAAM","Imani ni kuamini kwa moyo, kukiri kwa ulimi na kutenda kwa viungo. Ina nguzo sita, na Ihsani ni daraja ya juu ya ibada.","Nguzo sita za Imani ni kumwamini Allaah, malaika wake, vitabu vyake, mitume wake, siku ya mwisho na kuamini Qadar ya kheri na shari. Hadithi ya Jibril inaeleza kuwa Ihsani ni kumwabudu Allaah kana kwamba unamwona, na ikiwa humwoni basi yeye anakuona. Qur’an inaeleza sifa za muumini wa kweli katika Suratul Hujuraat (49:15), Anfaal (8:2-4), Baqarah (2:2-5) na Muuminuun (23:1-11), zikiwemo kutokuwa na shaka, moyo kutetemeka anapotajwa Allaah, kuswali kwa khushuu, kutoa zakat, kujiepusha na upuuzi na kuchunga amana na ahadi.","Mwanafunzi anayefanya mtihani kwa uaminifu bila kuiga, hata kama mwalimu hayupo, anaonyesha Ihsani kwa kuwa anaamini kuwa Allaah anamuona.","Muumini wa kweli hutimiza ahadi, huchunga amana, huswali kwa wakati na huepuka uongo katika biashara na masomo.","Taja nguzo za Imani.::Kumwamini Allaah, malaika, vitabu, mitume, siku ya mwisho na Qadar.||Ihsani ni nini kwa mujibu wa Hadithi ya Jibril?::Ni kumwabudu Allaah kana kwamba unamwona, na kama humwoni yeye anakuona.||Taja sifa mbili za muumini wa kweli katika Suratul Muuminuun.::Kuswali kwa khushuu na kuepuka maneno na matendo yasiyo na maana.",
2023-JSS031-Kidato I,"Kumtambua, kumpenda, kumtukuza na kumsifu Allaah (S.W)",Kutambua uwepo wa Allaah (S.W) na sifa zake,"Kufafanua ufahamu wa Tawhiid na shirki. (Maana, namna ya kumpwekesha Allaah (SW), umuhimu wa Tawhiid, aina za shirki, madhara ya shirki)",Tawhiid na shirki,2,Bunguabongo na Majadiliano,Kuwaongoza Wanafunzi,Ufahamu wa Tawhiid na shirki umefafanuliwa kwa usahihi.,Kitabu cha kiada kidato cha 1|Bango kitita|Tafsiri ya Qur’an ya Sheikh Abdullah Saleh Farsy|TEHAMA|Matini mbalimbali kuhusu Tawhiid,"TET(2023), MUHTASARI WA ELIMU YA DINI YA KIISLAMU KWA SHULE ZA SEKONDARI KIDATO CHA I - IV, TET, DAR ES SALAAM","Tawhiid ni kumpwekesha Allaah (S.W) katika umola wake, uungu wake na majina na sifa zake. Kinyume chake ni shirki, dhambi kubwa kuliko zote.","Tawhiid ina sehemu tatu, yaani Tawhiid ar-Rubuubiyyah (kuamini kuwa Allaah peke yake ni Muumba, Mruzuku na Mmiliki), Tawhiid al-Uluuhiyyah (kumwabudu yeye peke yake) na Tawhiid al-Asmaa was-Swifaat (kuamini majina na sifa zake bila kufananisha). Shirki ni kumshirikisha Allaah na kiumbe katika haki zake, na imegawanyika katika shirki kubwa inayotoa mtu katika Uislamu kama kuomba masanamu na makaburi, na shirki ndogo kama kujionyesha (riyaa). Madhara ya shirki ni kufuta amali, kuharamishiwa Pepo na kuleta hofu na ujinga wa kuabudu viumbe. Umuhimu wa Tawhiid ni kuwa ndio msingi wa Uislamu na ujumbe wa mitume wote.","Mtu anayeomba msaada kwa jini au kaburi badala ya Allaah amefanya shirki, ilhali anayemwomba Allaah peke yake amefuata Tawhiid.","Muislamu mwenye Tawhiid hutegemea Allaah katika mitihani na riziki, na huepuka ushirikina kama kuamini uganga na hirizi.","Tawhiid ni nini?::Ni kumpwekesha Allaah katika umola, uungu na majina na sifa zake.||Taja aina mbili za shirki.::Shirki kubwa na shirki ndogo.||Taja madhara mawili ya shirki.::Hufuta amali njema na huharamisha Pepo kwa mwenye kufa katika hali hiyo.",
2023-JSS031-Kidato I,"Kumtambua, kumpenda, kumtukuza na kumsifu Allaah (S.W)",Kuisoma Qur’an kwa mazingatio ya hukumu na ujumbe,"Kuchambua ufahamu wa Qur’an. (Maana, kushuka, namna ilivyo hifadhiwa na misingi ya kuifahamu)",Ufahamu wa Qur’an,2,Majadiliano,Kuwaongoza Wanafunzi,Ufahamu wa Qur’an umechambuliwa kwa usahihi.,Kitabu cha kiada kidato cha 1|Bango kitita|Tafsiri ya Qur’an ya Sheikh Abdullah Saleh Farsy|TEHAMA,"TET(2023), MUHTASARI WA ELIMU YA DINI YA KIISLAMU KWA SHULE ZA SEKONDARI KIDATO CHA I - IV, TET, DAR ES SALAAM",Qur’an ni maneno ya Allaah (S.W) yaliyoteremshwa kwa Mtume Muhammad (S.A.W) kupitia Malaika Jibril kama mwongozo kwa wanadamu wote.,"Qur’an iliteremshwa kwa muda wa miaka ishirini na tatu, kuanzia usiku wa Laylatul Qadr katika mwezi wa Ramadhani, ikianza na aya za Suratul Alaq katika pango la Hira. Ina sura 114. Ilihifadhiwa kwa njia mbili, yaani kukariri kifuani na kuandikwa kwenye ngozi, mifupa na majani; ilikusanywa kitabuni wakati wa Khalifa Abu Bakr na kusambazwa katika nakala rasmi wakati wa Khalifa Uthman. Misingi ya kuifahamu Qur’an ni kuisoma kwa Kiarabu, kuelewa tafsiri yake, kuzingatia sababu za kushuka aya na kuifuata Sunnah ya Mtume ambayo ni ufafanuzi wake.",Mwanafunzi anayehifadhi Suratul Ikhlas kwa kusikiliza na kurudia rudia anatumia njia ile ile ya kukariri iliyotumika na Maswahaba kuhifadhi Qur’an.,"Muislamu husoma Qur’an kila siku, kuisikiliza na kuifanyia kazi katika maamuzi ya maisha kama biashara, familia na urafiki.",Qur’an ina sura ngapi?::Ina sura 114.||Ni khalifa yupi aliyekusanya Qur’an kitabuni kwa mara ya kwanza?::Abu Bakr (R.A).||Qur’an ilihifadhiwa kwa njia zipi mbili wakati wa Mtume?::Kwa kukariri kifuani na kwa kuandikwa.,
2023-JSS031-Kidato I,"Kumtambua, kumpenda, kumtukuza na kumsifu Allaah (S.W)",Kuisoma Qur’an kwa mazingatio ya hukumu na ujumbe,"Kuchambua ufahamu wa usomaji wa Qur’an. (umuhimu wa kusoma Qur’an kwa kuzingatia hukumu za Tajwiid, hukumu za nun sakina na tanwin)","Usomaji wa Qur’an kwa hukumu za Tajwiid, nun sakina na tanwin",4,Majadiliano,Kuwaongoza Wanafunzi,Kuchambua ufahamu wa usomaji wa Qur’an kumefanyika kwa usahihi.,Kitabu cha kiada kidato cha 1|Matini mbalimbali kuhusu Tajwiid|Juzuu Amma,"TET(2023), MUHTASARI WA ELIMU YA DINI YA KIISLAMU KWA SHULE ZA SEKONDARI KIDATO CHA I - IV, TET, DAR ES SALAAM",Tajwiid ni elimu ya kusoma Qur’an kwa kutamka kila herufi kwa makhraj na sifa zake sahihi. Allaah (S.W) ameamrisha kuisoma Qur’an kwa utaratibu.,"Kusoma Qur’an kwa Tajwiid ni wajibu kwani kukosea herufi kunaweza kubadilisha maana. Nun sakina ni herufi ‘nun’ isiyo na irabu na tanwin ni irabu mbili mwishoni mwa neno. Zina hukumu nne. Idh-har ni kutamka kwa uwazi bila kuvuta pua inapofuatwa na herufi za koo (hamza, ha, ain, ha, ghain, kha). Idghaam ni kuingiza herufi katika nyingine inapofuatwa na herufi za ‘yarmaluun’. Iqlaab ni kubadilisha nun kuwa mim inapofuatwa na herufi ‘baa’, huku ikitolewa ghunna. Ikhfaa ni kuficha sauti ya nun inapofuatwa na herufi zilizosalia kumi na tano.","Katika neno ‘min ghayri’ nun sakina inafuatwa na ghain ambayo ni herufi ya koo, hivyo hukumu yake ni Idh-har.",Muislamu anayesoma Qur’an kwa Tajwiid msikitini au nyumbani hupata thawabu na huepuka kubadilisha maana ya maneno ya Allaah (S.W).,"Tajwiid ni nini?::Ni elimu ya kusoma Qur’an kwa kutamka herufi kwa usahihi wa makhraj na sifa zake.||Taja hukumu nne za nun sakina na tanwin.::Idh-har, Idghaam, Iqlaab na Ikhfaa.||Iqlaab hutokea nun sakina inapofuatwa na herufi ipi?::Herufi ‘baa’.",
2023-JSS031-Kidato I,"Kumtambua, kumpenda, kumtukuza na kumsifu Allaah (S.W)",Kuisoma Qur’an kwa mazingatio ya hukumu na ujumbe,"Kuchambua sura zilizoteuliwa: Al-Fat-ha (1); An-Naas (114); Al-Falaq (113); Ikhlas (112). (Kusoma kwa hukumu, kuhifadhi, kutafsiri na kueleza mafunzo ya kila sura)","Sura za Al-Faatiha, An-Naas, Al-Falaq na Al-Ikhlaas",6,Kazimradi,Kuwaongoza Wanafunzi,Kuchambua sura zilizoteuliwa kumefanyika kwa usahihi.,Kitabu cha kiada kidato cha 1|TEHAMA|Tafsiri ya Qur’an ya Sheikh Abdullah Saleh Farsy,"TET(2023), MUHTASARI WA ELIMU YA DINI YA KIISLAMU KWA SHULE ZA SEKONDARI KIDATO CHA I - IV, TET, DAR ES SALAAM",Sura hizi ni fupi na ni miongoni mwa zinazosomwa mara nyingi katika swala na adhkaar. Kuzisoma kwa hukumu na kuzihifadhi ni hatua ya kwanza ya kujenga uhusiano na Qur’an.,"Al-Faatiha (sura ya 1) ina aya saba na ni nguzo ya kila rakaa ya swala; inahusu kumsifu Allaah, kumwabudu yeye peke yake na kuomba uongofu wa njia iliyonyooka. Al-Ikhlaas (112) ina aya nne na inafundisha Tawhiid, kwamba Allaah ni Mmoja, wa kutegemewa, hakuzaa wala hakuzaliwa, na hana anayefanana naye. Al-Falaq (113) yenye aya tano na An-Naas (114) yenye aya sita huitwa Muawwidhatain; zinafundisha kuomba kinga kwa Allaah dhidi ya shari za viumbe, giza, husda, wasiwasi wa shetani na wanadamu. Kila sura husomwa kwa hukumu, kuhifadhiwa, kutafsiriwa na mafunzo yake kujadiliwa.","Mwanafunzi hupewa sura ya Al-Ikhlaas, huisoma mara kumi kwa hukumu, kuihifadhi na kisha kueleza kuwa mafunzo yake makuu ni umoja wa Allaah.","Muislamu husoma Al-Ikhlaas, Al-Falaq na An-Naas asubuhi, jioni na kabla ya kulala kuomba kinga ya Allaah.","Suratul Faatiha ina aya ngapi?::Aya saba.||Ujumbe mkuu wa Suratul Ikhlaas ni upi?::Ni Tawhiid, yaani umoja wa Allaah.||Sura za Al-Falaq na An-Naas huitwa kwa jina gani kwa pamoja?::Muawwidhatain.",
2023-JSS031-Kidato I,"Kumtambua, kumpenda, kumtukuza na kumsifu Allaah (S.W)",Kuishi kwa kuzingatia Sunnah ya Mtume Muhammad (S.A.W),"Kuchambua ufahamu wa Sunnah na Hadithi. (Maana, umuhimu na tofauti ya Sunnah na Hadithi, kazi ya Sunnah)","Maana, umuhimu na tofauti ya Sunnah na Hadithi",2,Majadiliano,Kuwaongoza Wanafunzi,Kuchambua ufahamu wa Sunnah na Hadithi kumefanyika kwa usahihi.,Kitabu cha kiada kidato cha 1|Matini ya Hadithi zilizoteuliwa|Tafsiri ya Riyadhus Salihin,"TET(2023), MUHTASARI WA ELIMU YA DINI YA KIISLAMU KWA SHULE ZA SEKONDARI KIDATO CHA I - IV, TET, DAR ES SALAAM","Sunnah ni kauli, vitendo na kuridhia kwa Mtume Muhammad (S.A.W), na Hadithi ni riwaya zinazosimulia mambo hayo. Sunnah ni chanzo cha pili cha sharia baada ya Qur’an.","Sunnah ina aina tatu, yaani ya kauli (maneno aliyosema Mtume), ya kitendo (aliyofanya) na ya kuridhia (aliyoyaona na kunyamazia). Hadithi ni maelezo yaliyopokelewa kwa mfululizo wa wapokezi yakisimulia Sunnah hiyo, hivyo Sunnah ni jambo lenyewe na Hadithi ni riwaya yake iliyoandikwa. Kazi za Sunnah ni kufafanua Qur’an, kuthibitisha yaliyomo, na kuweka hukumu mpya ambazo hazikutajwa katika Qur’an. Umuhimu wake ni kuwa Allaah ameamrisha kumtii Mtume, na Qur’an inasema kuwa Mtume ni kiigizo chema kwa waumini.","Namna ya kuswali haikuelezwa kwa kina katika Qur’an, bali Mtume (S.A.W) alifundisha kwa vitendo na kusema ‘Swalini kama mnavyoniona nikiswali’, hii ni Sunnah inayofafanua Qur’an.","Muislamu hufuata Sunnah kwa kuanza kula kwa kuitaja jina la Allaah, kutumia mkono wa kulia na kuamkia kwa salamu.","Taja aina tatu za Sunnah.::Kauli, kitendo na kuridhia.||Tofauti kuu ya Sunnah na Hadithi ni ipi?::Sunnah ni mwenendo wa Mtume, Hadithi ni riwaya inayosimulia mwenendo huo.||Taja kazi moja ya Sunnah.::Kufafanua Qur’an.",
2023-JSS031-Kidato I,"Kumtambua, kumpenda, kumtukuza na kumsifu Allaah (S.W)",Kuishi kwa kuzingatia Sunnah ya Mtume Muhammad (S.A.W),"Kuchambua Hadithi zilizoteuliwa kuhusu Ikhlas, kujiheshimu na kuheshimu wazazi, viongozi na wakubwa, kuwa mpole na mnyenyekevu, kuwa mkweli na kujiepusha na uongo, kuwa mwaminifu na mwadilifu, kuchunga ahadi, kujiepusha na maongezi ya kipuuzi, kuwa na upendo, adabu za kunyoa/kusuka nywele. (Kusoma kwa kuhifadhi, kuandika, kutafsiri na kubainisha mafunzo)",Hadithi zilizoteuliwa kuhusu maadili mema,6,Kazimradi,Kuwaongoza Wanafunzi,Kuchambua Hadithi zilizoteuliwa kumefanyika kwa usahihi.,Kitabu cha kiada kidato cha 1|Tafsiri ya Riyadhus Salihin,"TET(2023), MUHTASARI WA ELIMU YA DINI YA KIISLAMU KWA SHULE ZA SEKONDARI KIDATO CHA I - IV, TET, DAR ES SALAAM","Hadithi za Mtume (S.A.W) hufundisha maadili yanayojenga mtu na jamii. Katika kidato hiki tunachambua Hadithi kuhusu Ikhlaas, kuheshimu wazazi na wakubwa, ukweli, uaminifu na kuchunga ahadi.","Hadithi ya Umar (R.A) inasema ‘Hakika matendo hutegemea nia’ (Bukhari na Muslim), na inafundisha Ikhlaas yaani kufanya kila jambo kwa ajili ya Allaah tu. Mtume (S.A.W) alisema si katika sisi asiyewahurumia wadogo na kuwaheshimu wakubwa wetu. Alisema pia ‘Ukweli huongoza kwenye wema na wema huongoza kwenye Pepo’, na alionya kuwa alama za mnafiki ni tatu: akisema husema uongo, akiahidi hukhalifu na akiaminiwa hufanya khiyana. Mafunzo ni kujenga tabia ya ukweli, uaminifu, kutimiza ahadi, upole na kujiepusha na maongezi ya kipuuzi.","Mwanafunzi aliyeahidi kumrudishia mwenzake kitabu kesho hukirudisha kwa wakati, ili asiwe na alama ya mnafiki ya kukhalifu ahadi.","Nyumbani na shuleni, mtoto mwenye maadili haya huwaamkia wazazi na walimu kwa heshima, husema ukweli na hutimiza ahadi zake.","Hadithi ‘Hakika matendo hutegemea nia’ inafundisha nini?::Inafundisha Ikhlaas, kufanya jambo kwa ajili ya Allaah tu.||Taja alama mbili za mnafiki.::Akisema husema uongo na akiahidi hukhalifu.||Ukweli huongoza kwenye nini kwa mujibu wa Hadithi?::Huongoza kwenye wema na wema huongoza Peponi.",
2023-JSS031-Kidato I,Kumtumikia Allaah (S.W) katika kila kipengele cha maisha,Kutekeleza nguzo za Uislamu kwa kuzingatia lengo la kila nguzo,"Kufafanua ufahamu juu ya Uislamu na nguzo za Uislamu kwa mujibu wa Qur’an na Sunnah. (Maana, sifa za Muislamu, lengo, umuhimu wa kila nguzo)",Uislamu na nguzo zake tano,4,Maswali na majibu,Kuwaongoza Wanafunzi,Ufahamu wa nguzo za Uislamu umefafanuliwa kwa usahihi.,Kitabu cha kiada kidato cha 1|Mchoro wa Jengo|Tafsiri ya Qur’an ya Sheikh Abdullah Saleh Farsy|TEHAMA,"TET(2023), MUHTASARI WA ELIMU YA DINI YA KIISLAMU KWA SHULE ZA SEKONDARI KIDATO CHA I - IV, TET, DAR ES SALAAM",Uislamu ni kujisalimisha kwa Allaah (S.W) kwa kumpwekesha na kumtii. Umejengwa juu ya nguzo tano kama ilivyoelezwa katika Hadithi ya Ibn Umar.,"Nguzo za Uislamu ni kutamka Shahada mbili, kusimamisha swala tano za kila siku, kutoa zakat, kufunga mwezi wa Ramadhani na kuhiji Makkah kwa mwenye uwezo. Sifa za Muislamu ni kuamini nguzo za Imani, kutekeleza nguzo hizi, kuwa na tabia njema na kuwaepusha watu na madhara ya ulimi na mikono yake. Lengo la Shahada ni kuweka msingi wa Tawhiid, swala hujenga uhusiano na Allaah na kuzuia machafu, zakat husafisha mali na kusaidia maskini, funga hujenga taqwa na huruma, na Hija huunganisha Waislamu na kuwakumbusha usawa mbele ya Allaah.","Ujenzi wa nyumba unahitaji nguzo tano ili usimame; vivyo hivyo Uislamu wa mtu husimama kwa nguzo tano, ambazo ukikosa moja jengo la dini hudhoofika.","Muislamu hutekeleza nguzo hizi katika ratiba yake ya kila siku, akiswali kwa wakati, akifunga Ramadhani na kutoa sadaka kwa wahitaji.","Taja nguzo tano za Uislamu.::Shahada, swala, zakat, funga ya Ramadhani na Hija.||Lengo moja la swala ni lipi?::Kujenga uhusiano na Allaah na kuzuia mtu na machafu na maovu.||Nguzo ya Hija ni lazima kwa nani?::Kwa mwenye uwezo wa kufika Makkah.",
2023-JSS031-Kidato I,Kumtumikia Allaah (S.W) katika kila kipengele cha maisha,Kutekeleza nguzo za Uislamu kwa kuzingatia lengo la kila nguzo,"Kueleza ufahamu wa Shahada. (Kutamka shahada mbili kwa matini ya kiarabu, Tafsiri ya shahada, hatua za shahada, umuhimu wa shahada)",Shahada,2,Fikiri – jozisha – shirikisha,Kuwaongoza Wanafunzi,Ufahamu wa shahada umeelezwa kwa usahihi.,Kitabu cha kiada kidato cha 1|Chati/jedwali la shahada|Tafsiri ya Qur’an ya Sheikh Abdullah Saleh Farsy|TEHAMA,"TET(2023), MUHTASARI WA ELIMU YA DINI YA KIISLAMU KWA SHULE ZA SEKONDARI KIDATO CHA I - IV, TET, DAR ES SALAAM","Shahada ni nguzo ya kwanza ya Uislamu, ni tamko linalomwingiza mtu katika Uislamu. Lina sehemu mbili, kushuhudia Tawhiid na kushuhudia Utume wa Muhammad (S.A.W).","Shahada hutamkwa kwa Kiarabu: Ash-hadu an laa ilaaha illa Allaah wa ash-hadu anna Muhammadan Rasuulu Allaah, maana yake ‘Nashuhudia kuwa hakuna Mola apasaye kuabudiwa kwa haki ila Allaah, na nashuhudia kuwa Muhammad ni Mtume wa Allaah’. Hatua za Shahada ni kutambua maana yake kwa elimu, kuiamini kwa moyo bila shaka, kuikubali na kuifuata kwa vitendo, kuipenda na kuwa mkweli katika kuitamka. Umuhimu wake ni kuwa hufungua mlango wa Uislamu, ni sharti la kukubaliwa amali zote na huwa ufunguo wa Pepo.","Mtu anayetaka kusilimu hutamka Shahada mbele ya mashahidi akielewa maana yake, na hapo huhesabiwa Muislamu.","Muislamu hutamka Shahada katika adhana, ndani ya swala ya tashahhud na wakati wa kuaga dunia, akikumbuka msingi wa imani yake.","Tafsiri Shahada mbili.::Hakuna Mola apasaye kuabudiwa kwa haki ila Allaah, na Muhammad ni Mtume wa Allaah.||Taja hatua mbili za Shahada.::Kuijua maana yake na kuiamini kwa moyo bila shaka.||Shahada ina umuhimu gani?::Hufungua mlango wa Uislamu na ni sharti la kukubaliwa amali zote.",
2023-JSS031-Kidato I,Kumtumikia Allaah (S.W) katika kila kipengele cha maisha,Kutekeleza nguzo za Uislamu kwa kuzingatia lengo la kila nguzo,"Kufafanua utekelezaji wa swala za faradhi. (Sharti: twahara - udhu, josho, tayamamu, kuondoa najisi, kuelekea qibla, kujisitiri, kuingia kwa wakati; nguzo, Sunnah, Makruh na yanayobatilisha sala, namna ya kuswali swala za jamaa na swala ya ijumaa, kuswali nyakati za dharura safarini, mgonjwa na vitani)",Utekelezaji wa swala za faradhi,6,Majadiliano na Oneshombinu,Kuwaongoza Wanafunzi,Utekelezaji wa swala za faradhi umefafanuliwa kwa usahihi.,Kitabu cha kiada kidato cha 1|Dira|Maji safi|Vifaa vya kutilia udhu|Michoro mbalimbali|Mswala|Manila kadi|TEHAMA,"TET(2023), MUHTASARI WA ELIMU YA DINI YA KIISLAMU KWA SHULE ZA SEKONDARI KIDATO CHA I - IV, TET, DAR ES SALAAM","Swala ni nguzo ya pili ya Uislamu, ni ibada inayofanywa mara tano kila siku. Ina sharti, nguzo, sunnah na mambo yanayoibatilisha.","Swala tano ni Alfajiri (rakaa 2), Adhuhuri (4), Alasiri (4), Magharibi (3) na Isha (4). Sharti za swala ni twahara (udhu, josho au tayamamu na kuondoa najisi), kuelekea qibla, kujisitiri uchi, kuingia kwa wakati na niyya. Nguzo zake ni pamoja na kisimamo, takbiratul-ihraam, kusoma Suratul Faatiha, rukuu, kuinuka, sijida, kikao cha kati ya sijida mbili, tashahhud ya mwisho na kutoa salamu. Yanayobatilisha swala ni kuzungumza, kucheka kwa sauti, kula au kunywa, na kutoka udhu. Swala ya jamaa hufanywa nyuma ya imamu na swala ya Ijumaa hufanywa kwa jamaa mbili za khutba; msafiri hupunguza swala za rakaa nne, mgonjwa huswali kwa kuketi au kulala, na vitani huswali kwa namna ya khofu.","Kabla ya Adhuhuri, mwanafunzi hutawadha kwa kuosha uso, mikono, kupaka kichwa na kuosha miguu, kisha huelekea qibla na kuswali rakaa nne.","Muislamu hupanga ratiba yake ya kazi na masomo kwa kuzingatia nyakati za swala, na hujumuika msikitini kwa swala za jamaa.",Swala ya Magharibi ina rakaa ngapi?::Rakaa tatu.||Taja sharti mbili za swala.::Twahara na kuelekea qibla.||Taja jambo moja linaloibatilisha swala.::Kuzungumza wakati wa swala au kutoka udhu.,
2023-JSS031-Kidato I,Kumtumikia Allaah (S.W) katika kila kipengele cha maisha,Kutekeleza nguzo za Uislamu kwa kuzingatia lengo la kila nguzo,"Kubainisha swala za sunnah. (Swala za Iddi, Tarawehe, witri, Qabliyyah na Ba’adiyyah, Dhuha, Tahiyyaatul masjid, Qiyaamullayl na Istikhara)",Swala za sunnah,2,Fikiri – jozisha – shirikisha,Kuwaongoza Wanafunzi,Kubainisha swala za sunnah kumefanyika kwa usahihi.,Kitabu cha kiada kidato cha 1|TEHAMA,"TET(2023), MUHTASARI WA ELIMU YA DINI YA KIISLAMU KWA SHULE ZA SEKONDARI KIDATO CHA I - IV, TET, DAR ES SALAAM","Mbali na swala za faradhi, Mtume (S.A.W) alihimiza swala za sunnah ili kuongeza thawabu na kufidia mapungufu ya swala za faradhi.","Swala za sunnah ni pamoja na swala za Iddi mbili (Idd al-Fitr na Idd al-Adhha), Tarawehe hufanywa usiku wa Ramadhani, Witri hufanywa baada ya Isha kwa idadi ya witiri, Qabliyyah ni sunnah zinazotangulia swala ya faradhi na Ba’adiyyah ni zinazofuatia, Dhuha hufanywa mchana jua likiwa juu, Tahiyyatul-Masjid ni rakaa mbili anazoswali mtu anapoingia msikitini kabla ya kuketi, Qiyaamullayl ni swala ya usiku wa manane (Tahajjud) na Istikhaara ni swala ya kuomba uongofu wa Allaah katika kufanya uamuzi wa jambo.",Mwanafunzi anayeingia msikitini kabla ya darasa la dini huswali rakaa mbili za Tahiyyatul-Masjid kabla ya kuketi.,"Muislamu anayekabiliwa na uamuzi mzito, kama kuchagua shule au kazi, huswali Istikhaara na kumwomba Allaah amchagulie lililo bora.",Taja swala mbili za Iddi.::Idd al-Fitr na Idd al-Adhha.||Tahiyyatul-Masjid huswaliwa lini?::Mtu anapoingia msikitini kabla ya kuketi.||Swala ya Istikhaara ina lengo gani?::Kuomba uongofu wa Allaah katika kuchagua uamuzi wa jambo.,
2023-JSS031-Kidato I,Kumtumikia Allaah (S.W) katika kila kipengele cha maisha,Kutekeleza nguzo za Uislamu kwa kuzingatia lengo la kila nguzo,"Kufafanua mambo anayostahiki kufanyiwa maiti wa Kiislamu. (Kuoshwa, kuvishwa sanda, kuswaliwa na kuzikwa)",Mambo anayostahiki kufanyiwa maiti wa Kiislamu,4,Igizodhima na Kiislamu,Kuwaongoza Wanafunzi,Mambo anayostahiki kufanyiwa maiti Muislamu yamefafanuliwa kwa usahihi.,Kitabu cha kiada kidato cha 1|Vitu halisi kama sanda na maji|Mahali pa kuoshea maiti|TEHAMA,"TET(2023), MUHTASARI WA ELIMU YA DINI YA KIISLAMU KWA SHULE ZA SEKONDARI KIDATO CHA I - IV, TET, DAR ES SALAAM","Kila nafsi itaonja mauti. Sharia ya Kiislamu imeweka haki nne za maiti Muislamu ambazo ni faradhi kifaya kwa jamii, yaani kuoshwa, kuvishwa sanda, kuswaliwa na kuzikwa.","Kuosha maiti hufanywa na mtu wa jinsia moja, kuanzia sehemu za udhu na upande wa kulia kwa maji na sabuni au majani ya mkunazi, mara witiri; mwanamume hufunikwa uchi wake. Sanda ni nguo nyeupe tatu kwa mwanamume na tano kwa mwanamke kulingana na baadhi ya wanazuoni. Swala ya maiti hufanywa kwa kisimamo pekee bila rukuu wala sijida, na ina takbira nne: baada ya ya kwanza husomwa Faatiha, ya pili Swalaatu ya Mtume, ya tatu dua kwa maiti, na ya nne dua ya jumla kisha salamu. Maiti huzikwa kaburini akielekezwa qibla ubavu wa kulia.","Katika igizodhima darasani, wanafunzi hufanya mazoezi ya hatua za kumuosha, kumvisha sanda ya kitambaa cheupe na kumswalia mwanasesere, kwa mpangilio sahihi.",Kujua taratibu hizi humwezesha kila Muislamu kushiriki msibani na kuwafariji wafiwa kwa mujibu wa mafundisho ya dini.,"Taja mambo manne anayofanyiwa maiti Muislamu.::Kuoshwa, kuvishwa sanda, kuswaliwa na kuzikwa.||Swala ya maiti ina takbira ngapi?::Takbira nne.||Maiti huelekezwa upande gani kaburini?::Huelekezwa qibla akiwa amelazwa ubavu wa kulia.",
2023-JSS031-Kidato I,Kumtumikia Allaah (S.W) katika kila kipengele cha maisha,Kuchunga mipaka ya Allaah (S.W) katika kuendesha maisha ya binafsi na jamii,"Kuchambua ufahamu wa Fiqh. (maana ya Fiqh, matapo ya Fiqh, chimbuko, na umuhimu wa fiqh)",Ufahamu wa Fiqh,2,Fikiri – jozisha – fikirisha,Kuwaongoza Wanafunzi,Kuchambua ufahamu wa fiqh kumefanyika kwa usahihi.,Kitabu cha kiada kidato cha 1|Bango kitita|Tafsiri ya Qur’an ya Sheikh Abdullah Saleh Farsy|TEHAMA,"TET(2023), MUHTASARI WA ELIMU YA DINI YA KIISLAMU KWA SHULE ZA SEKONDARI KIDATO CHA I - IV, TET, DAR ES SALAAM",Fiqh ni elimu ya kuzielewa hukumu za sharia za vitendo zilizochukuliwa kutoka katika dalili zake za kina. Ni elimu inayomsaidia Muislamu kufahamu halali na haramu.,"Neno Fiqh kilugha lina maana ya kuelewa. Kisheria ni ufahamu wa hukumu za vitendo, kama ibada na miamala, zinazotokana na Qur’an na Sunnah. Fiqh ilikua tangu zama za Maswahaba na ikakomaa katika karne ya kwanza na ya pili Hijria, ikizaa matapo makuu manne ya Sunni: Hanafi (Imamu Abu Hanifa), Maliki (Imamu Malik), Shafi’i (Imamu Shafi’i) na Hanbali (Imamu Ahmad bin Hanbal). Umuhimu wa Fiqh ni kumwezesha Muislamu kuabudu na kuamiliana kwa usahihi, kutatua matatizo mapya na kuondoa mgongano kati ya maoni ya wanazuoni.","Waislamu wa Afrika Mashariki wengi hufuata tapo la Shafi’i katika masuala ya swala na udhu, likiwa moja ya matapo manne ya Fiqh.","Fiqh husaidia mtu kujua namna ya kufanya biashara halali, kuswali akiwa safarini na kugawa mirathi kwa haki.",Fiqh ni nini?::Ni elimu ya kuelewa hukumu za sharia za vitendo zilizotokana na dalili zake.||Taja matapo mawili ya Fiqh.::Hanafi na Shafi’i.||Taja umuhimu mmoja wa Fiqh.::Humwezesha Muislamu kuabudu na kuamiliana kwa usahihi.,
2023-JSS031-Kidato I,Kumtumikia Allaah (S.W) katika kila kipengele cha maisha,Kuchunga mipaka ya Allaah (S.W) katika kuendesha maisha ya binafsi na jamii,"Kufafanua misingi na vyanzo vya sharia ya Kiislamu. (Qur’an, Sunnah na Ijtihad)",Misingi na vyanzo vya sharia ya Kiislamu,2,Fikiri – jozisha – fikirisha,Kuwaongoza Wanafunzi,Kufafanua misingi na vyanzo vya sharia ya Kiislamu kumefanyika kwa usahihi.,Kitabu cha kiada kidato cha 1|Bango kitita|Tafsiri ya Qur’an ya Sheikh Abdullah Saleh Farsy|TEHAMA,"TET(2023), MUHTASARI WA ELIMU YA DINI YA KIISLAMU KWA SHULE ZA SEKONDARI KIDATO CHA I - IV, TET, DAR ES SALAAM",Sharia ya Kiislamu ni sheria za Allaah (S.W) zinazoongoza maisha ya mwanadamu. Ina vyanzo vinavyotegemewa katika kutoa hukumu.,"Chanzo cha kwanza ni Qur’an, kisha Sunnah ya Mtume (S.A.W) inayoifafanua. Hukumu isipopatikana katika hivyo viwili, wanazuoni hutumia Ijtihad, yaani juhudi ya kutoa hukumu kwa kutumia dalili, ikiwemo Ijmaa (maafikiano ya wanazuoni) na Qiyaas (kulinganisha jambo jipya na la zamani lenye sababu moja). Hadithi ya Muadh bin Jabal inaonyesha mpangilio huu, alipoulizwa atahukumu kwa nini akajibu kwa Kitabu cha Allaah, kisha Sunnah, kisha atajitahidi kwa rai yake.","Swali la kama kutumia simu wakati wa khutba linaruhusiwa hujibiwa kwa kurejea Qur’an na Sunnah, na kama halikutajwa, wanazuoni hutumia Ijtihad.","Muislamu anapokumbwa na suala jipya kama fedha za mtandao, hurejea kwa wanazuoni wanaotumia vyanzo hivi kupata hukumu sahihi.","Taja vyanzo vitatu vya sharia ya Kiislamu.::Qur’an, Sunnah na Ijtihad.||Ijtihad ni nini?::Ni juhudi ya mwanazuoni kutoa hukumu kutokana na dalili.||Hadithi ya Muadh bin Jabal inafundisha nini?::Inafundisha mpangilio wa vyanzo: Qur’an, Sunnah, kisha Ijtihad.",
2023-JSS031-Kidato I,Kulingania na kusimamisha Haki na Uadilifu katika jamii,Kutumia Qur’an na Sunnah kulingania jamii,"Kuchambua ufahamu wa kulingania Uislamu katika jamii. (Maana, lengo, misingi, umuhimu na faida)",Ufahamu wa kulingania Uislamu katika jamii,4,Fikiri – jozisha – fikirisha,Kuwaongoza Wanafunzi,Kuchambua ufahamu wa kulingania kumefanyika kwa usahihi.,Kitabu cha kiada kidato cha 1|Bango kitita|Tafsiri ya Qur’an ya Sheikh Abdullah Saleh Farsy|TEHAMA,"TET(2023), MUHTASARI WA ELIMU YA DINI YA KIISLAMU KWA SHULE ZA SEKONDARI KIDATO CHA I - IV, TET, DAR ES SALAAM",Kulingania (Da’awah) ni kuwaita watu kwenye njia ya Allaah kwa hekima na mawaidha mazuri. Ni wajibu wa kila Muislamu kulingana na uwezo wake.,"Neno Da’awah lina maana ya wito. Lengo lake ni kuwaongoza watu kumwabudu Allaah (S.W) peke yake, kuwaokoa na upotofu na kuimarisha maadili ya jamii. Misingi yake ni ikhlasi, elimu, hekima, subira na kuanza na tunayoyajua. Qur’an inasema ‘Waite kwenye njia ya Mola wako kwa hekima na mawaidha mazuri’ (16:125). Faida zake ni kuongeza idadi ya wenye kufuata haki, kuondoa maovu katika jamii, na kupata thawabu kubwa kwa mlinganiaji.",Mwanafunzi anayemshauri mwenzake aache kudanganya katika mtihani kwa upole na hekima anafanya kazi ya Da’awah.,"Wazazi, walimu na viongozi wa dini hulingania jamii kupitia mawaidha, madrasa na mfano wa tabia zao njema.","Da’awah ni nini?::Ni kuwaita watu kwenye njia ya Allaah kwa hekima na mawaidha mazuri.||Taja msingi mmoja wa Da’awah.::Hekima, ikhlasi au subira.||Taja faida moja ya Da’awah.::Huondoa maovu katika jamii na huongeza wenye kufuata haki.",
2023-JSS031-Kidato I,Kulingania na kusimamisha Haki na Uadilifu katika jamii,Kutumia Qur’an na Sunnah kulingania jamii,"Kufafanua nguzo za da`awah. (Da`i, hadhira na ujumbe)","Nguzo za Da’awah: Da’i, hadhira na ujumbe",4,Majadiliano na maswali na majibu,Kuwaongoza Wanafunzi,Kufafanua nguzo za da`awah kumefanyika kwa usahihi.,Kitabu cha kiada kidato cha 1|Bango kitita|Tafsiri ya Qur’an ya Sheikh Abdullah Saleh Farsy|TEHAMA,"TET(2023), MUHTASARI WA ELIMU YA DINI YA KIISLAMU KWA SHULE ZA SEKONDARI KIDATO CHA I - IV, TET, DAR ES SALAAM","Da’awah husimama juu ya nguzo tatu: mlinganiaji (Da’i), hadhira anayelinganiwa (Mad’uu) na ujumbe (Mad’uu ilayhi).","Mlinganiaji anatakiwa kuwa na elimu sahihi, ikhlasi, tabia njema na kutenda anayoyahubiri. Hadhira ni watu wanaoitwa, ambao wanaweza kuwa Waislamu, wasio Waislamu au wenye tabia potofu, na kila kundi linahitaji mbinu yake kulingana na uelewa na hali yao. Ujumbe ni Uislamu wenyewe, yaani Tawhiid, ibada na maadili, unaowasilishwa kwa uwazi, kwa hatua na kwa lugha wanayoielewa. Mafanikio ya Da’awah hutegemea kuratibu nguzo hizi tatu.",Mwalimu wa dini (Da’i) anayefundisha darasa la wanafunzi (hadhira) kuhusu usafi wa moyo na Tawhiid (ujumbe) anaonyesha nguzo tatu zikifanya kazi.,Mlinganiaji hutumia lugha ya Kiswahili katika kuhubiri Tanzania ili hadhira ielewe ujumbe kwa urahisi.,"Taja nguzo tatu za Da’awah.::Mlinganiaji, hadhira na ujumbe.||Taja sifa moja ya mlinganiaji.::Awe na elimu sahihi, ikhlasi au tabia njema.||Ujumbe wa Da’awah ni upi?::Ni Uislamu, yaani Tawhiid, ibada na maadili.",
2023-JSS031-Kidato I,Kulingania na kusimamisha Haki na Uadilifu katika jamii,Kutumia historia ya Uislamu kujenga mwenendo mwema wa jamii,"Kufafanua ufahamu wa historia ya mwanadamu kwa mujibu wa Uislamu. (Tofauti ya mtazamo wa Uislamu na ule wa makafiri juu ya maana, umuhimu wa historia, lengo la kuumbwa mwanadamu na hadhi yake hapa ulimwenguni)",Historia ya mwanadamu kwa mujibu wa Uislamu,2,Bunguabongo,Kuwaongoza Wanafunzi,Ufahamu wa historia ya mwanadamu umefafanuliwa kwa usahihi.,Kitabu cha kiada kidato cha 1|Bango kitita|Tafsiri ya Qur’an ya Sheikh Abdullah Saleh Farsy|TEHAMA,"TET(2023), MUHTASARI WA ELIMU YA DINI YA KIISLAMU KWA SHULE ZA SEKONDARI KIDATO CHA I - IV, TET, DAR ES SALAAM",Historia ni kumbukumbu ya matukio ya zamani yanayotoa mafunzo. Uislamu unaieleza historia ya mwanadamu kuanzia kuumbwa kwa Adam (A.S) kwa lengo la kumwabudu Allaah.,"Kwa mtazamo wa Uislamu, mwanadamu si zao la mageuko ya wanyama bali aliumbwa na Allaah kwa udongo, na akapewa hadhi ya khalifa duniani. Lengo la kuumbwa kwake ni kumwabudu Allaah kama Qur’an inavyosema (51:56). Historia ni muhimu kwa kuwa hutoa mafunzo kutokana na yaliyowapata watu wa kale. Makafiri huieleza historia kama mfululizo wa maendeleo ya kimaada bila kumhusisha Mungu, ilhali Uislamu unaiona kama mwongozo wa kimungu unaojirudia kati ya watu walio na imani na wanaokataa.",Kisa cha kuangamizwa kwa watu wa Nuhu kinamfundisha mwanafunzi kuwa kiburi na kukataa haki huleta maangamizi.,Kusoma historia ya mwanadamu huwasaidia vijana kuepuka makosa ya waliotangulia na kuthamini hadhi yao kama viumbe wa Allaah.,Lengo la kuumbwa mwanadamu ni lipi?::Ni kumwabudu Allaah (S.W).||Taja umuhimu mmoja wa kujifunza historia.::Kupata mafunzo kutokana na yaliyowapata watu waliotangulia.||Mwanadamu wa kwanza alikuwa nani?::Nabii Adam (A.S).,
2023-JSS031-Kidato I,Kulingania na kusimamisha Haki na Uadilifu katika jamii,Kutumia historia ya Uislamu kujenga mwenendo mwema wa jamii,"Kuchambua historia ya nabii Adam (A.S). (Kuumbwa, maisha ya peponi, kuteremshwa ardhini na maisha ya watoto wake)",Historia ya Nabii Adam (A.S),2,Majadiliano,Kuwaongoza Wanafunzi,Historia ya nabii Adam (A.S) imechambuliwa kwa usahihi.,Kitabu cha kiada kidato cha 1|Bango kitita|Tafsiri ya Qur’an ya Sheikh Abdullah Saleh Farsy|TEHAMA,"TET(2023), MUHTASARI WA ELIMU YA DINI YA KIISLAMU KWA SHULE ZA SEKONDARI KIDATO CHA I - IV, TET, DAR ES SALAAM",Adam (A.S) ndiye mwanadamu wa kwanza na Nabii wa kwanza. Kisa chake kimetajwa katika Qur’an katika sura kadhaa kama Baqarah na A’araaf.,"Allaah (S.W) alimuumba Adam kwa udongo na kumpulizia roho, akawaamrisha malaika wamsujudie kwa heshima na wote wakatii ila Iblisi aliyekataa kwa kiburi. Adam akafundishwa majina ya vitu, akaumbiwa mkewe Hawa, na wakaishi Peponi wakila kila watakacho ila mti mmoja waliokatazwa. Shetani aliwadanganya wakala mti, wakatubu kwa Allaah naye akawasamehe, kisha wakateremshwa ardhini kuwa makhalifa. Watoto wao, Qabil na Habil, walikumbwa na tukio la Qabil kumuua ndugu yake kwa husda, jambo linalofundisha hatari ya husda na dhulma.","Adam na Hawa waliporudi kwa Allaah kwa toba baada ya kukosea, wanatuonyesha kuwa mwanadamu akikosea anapaswa kutubu kwa haraka.",Kisa cha Qabil na Habil kinamkumbusha kijana kuepuka husda na ugomvi na ndugu au marafiki.,Malaika waliamriwa nini kuhusu Adam?::Kumsujudia kwa heshima.||Nani alikataa kumsujudia Adam?::Iblisi.||Kisa cha Qabil na Habil kinafundisha nini?::Hatari ya husda na dhulma.,
2023-JSS031-Kidato I,Kulingania na kusimamisha Haki na Uadilifu katika jamii,Kutumia historia ya Uislamu kujenga mwenendo mwema wa jamii,"Kuchambua historia ya manabii kabla ya Mtume Muhammad (S.A.W): Nuhu (A.S), Ibrahim (A.S), Lut (A.S), Musa (A.S) na Isa (A.S). (wasifu, hali ya jamii zao, mbinu za kulingania na mafunzo yatokanayo katika kujenga jamii bora)","Historia ya manabii Nuhu, Ibrahim, Lut, Musa na Isa (A.S)",6,Majadiliano,Kuwaongoza Wanafunzi,Historia ya manabii kabla ya Mtume Muhammad (S.A.W) imechambuliwa kwa usahihi.,Kitabu cha kiada kidato cha 1|Bango kitita|Tafsiri ya Qur’an ya Sheikh Abdullah Saleh Farsy|TEHAMA,"TET(2023), MUHTASARI WA ELIMU YA DINI YA KIISLAMU KWA SHULE ZA SEKONDARI KIDATO CHA I - IV, TET, DAR ES SALAAM","Manabii wote walikuja na ujumbe mmoja wa Tawhiid. Tunachambua wasifu, jamii zao, mbinu zao za kulingania na mafunzo yatokanayo.","Nabii Nuhu (A.S) alilingania kwa miaka 950, akajenga safina na kuokolewa na waumini wachache huku wenye kiburi wakiangamizwa kwa gharika. Ibrahim (A.S) alivunja masanamu, akatupwa motoni bila kuungua kwa amri ya Allaah, na akajenga Al-Kaaba pamoja na mwanawe Ismail. Lut (A.S) aliwakataza watu wake maovu ya machafu, wakaangamizwa kwa mvua ya mawe. Musa (A.S) alitumwa kwa Firauni na Bani Israili, akapewa Taurati na kuvusha watu wake baharini. Isa (A.S) alizaliwa na Bibi Maryam bila baba, akapewa Injili na miujiza kwa idhini ya Allaah, akawalingania Bani Israili kumwabudu Allaah pekee.",Subira ya Nuhu (A.S) katika kulingania kwa karne karibu kumi inatufunza mwanafunzi kuendelea kufanya mema hata kama matokeo hayaonekani haraka.,"Mafunzo ya manabii husaidia jamii kuwa na subira, kusimamia haki na kuepuka maovu yaliyowaangamiza watu wa kale.","Nuhu (A.S) alilingania kwa miaka mingapi?::Miaka 950.||Ni kitabu gani alichopewa Nabii Musa (A.S)?::Taurati.||Nabii Isa (A.S) alizaliwa na nani?::Bibi Maryam, bila baba.",
2023-JSS031-Kidato II,"Kumtambua, kumpenda, kumtukuza na kumsifu Allaah (S.W)",Kutambua uwepo wa Allaah (S.W) na sifa zake,"Kufafanua ufahamu wa dini kwa mujibu wa Qur’an. (tofauti ya mtazamo wa Uislamu na ukafiri juu ya chanzo na kazi ya dini, sababu za hitajio la dini kwa mwanadamu)",Dini kwa mujibu wa Qur’an: Uislamu na ukafiri,4,Majadiliano,Kuwaongoza Wanafunzi,Kufafanua ufahamu wa dini kwa mujibu wa Qur’an kumefanyika kwa usahihi.,Kitabu cha kiada kidato cha 2|Matini mbalimbali kuhusu ufahamu wa dini kwa mujibu wa Qur’an|Bango kitita,"TET(2023), MUHTASARI WA ELIMU YA DINI YA KIISLAMU KWA SHULE ZA SEKONDARI KIDATO CHA I - IV, TET, DAR ES SALAAM","Qur’an inaeleza kuwa dini ya haki ni Uislamu, ambao chanzo chake ni Allaah (S.W). Mtazamo wa Uislamu kuhusu chanzo na kazi ya dini hutofautiana na mtazamo wa wasioamini.","Kwa mtazamo wa Uislamu, chanzo cha dini ni wahyi kutoka kwa Allaah kupitia mitume, na kazi yake ni kumwongoza mwanadamu katika imani, ibada, maadili na maisha ya jamii. Wasioamini (makafiri) huona dini kama zao la akili ya mwanadamu, hofu au mila za mababu, na kazi yake kuwa ya kibinafsi tu. Sababu za mwanadamu kuhitaji dini ni tatu: kumjua Muumba wake na lengo la uumbaji, kupata mwongozo wa kuishi kwa haki na amani, na kupata tumaini la maisha baada ya kifo. Bila dini, akili pekee haitoshi kwa kuwa ina mipaka na hushawishika na matamanio.","Jamii isiyo na msingi wa dini huweza kuhalalisha ulaghai kwa jina la maendeleo, ilhali jamii ya kidini hukataza rushwa kwa sababu ya hofu ya Allaah.",Dini humsaidia kijana kujiepusha na dawa za kulevya na uzinzi kwa kuwa anajua kuwa kuna hesabu mbele ya Allaah.,"Chanzo cha dini kwa mtazamo wa Uislamu ni kipi?::Ni wahyi kutoka kwa Allaah kupitia mitume.||Makafiri huona dini ni zao la nini?::Huona ni zao la akili ya mwanadamu, hofu au mila za mababu.||Taja sababu moja ya mwanadamu kuhitaji dini.::Kupata mwongozo wa kuishi kwa haki na kumjua Muumba wake.",
2023-JSS031-Kidato II,"Kumtambua, kumpenda, kumtukuza na kumsifu Allaah (S.W)",Kutambua uwepo wa Allaah (S.W) na sifa zake,"Kufafanua njia za kumjua Allaah (S.W) na kuthibitisha kuwepo kwake. (njia za kumjua Allaah, kumuamini Allah sio suala la kibubusa, udhaifu wa madai ya makafiri dhidi ya kuwepo Allaah (S.W), dalili za kuwepo Allaah (S.W), athari za kumuamini Allaah (S.W) katika maisha ya kila siku)",Njia za kumjua Allaah (S.W) na kuthibitisha kuwepo kwake,6,Utafiti mdogo na Majadiliano,Kuwaongoza Wanafunzi,Kufafanua njia za kumjua Allaah (S.W) na kuthibitisha kuwepo kwake kumefanyika kwa usahihi.,Kitabu cha kiada kidato cha 2|Bango kitita|Tafsiri ya Qur’an ya Sheikh Abdulla Saleh Farsy|TEHAMA|Matini mbalimbali,"TET(2023), MUHTASARI WA ELIMU YA DINI YA KIISLAMU KWA SHULE ZA SEKONDARI KIDATO CHA I - IV, TET, DAR ES SALAAM","Kumjua Allaah ni msingi wa dini. Uwepo wake unathibitishwa kwa fitra, akili, wahyi na dalili za viumbe.","Njia za kumjua Allaah ni fitra (kila mtu huzaliwa akiwa na mwelekeo wa kumkubali Muumba), akili (kila kitu chenye mwanzo kina muumba), wahyi wa mitume na kutazama viumbe kama mbingu, ardhi na mwili wa binadamu. Kumuamini Allaah si suala la kibubusa bali ni imani yenye dalili. Madai ya makafiri kuwa ulimwengu ulijitokeza wenyewe hayana mantiki kwa sababu utaratibu wa ulimwengu unaonyesha mbunifu. Dalili za kuwepo Allaah ni uumbaji wa ajabu, mpangilio wa mchana na usiku na ujumbe wa mitume. Athari za kumuamini Allaah ni utulivu wa moyo, tabia njema na uadilifu.",Mtu anayeona saa ya mkononi hakubali kuwa imejitengeneza yenyewe; vivyo hivyo mbingu na ardhi zilizopangwa vizuri zinaonyesha kuwa na Muumba mmoja.,"Muumini anapopata mtihani hujua kuwa Allaah yupo na humwomba, hivyo hupata subira na utulivu wa moyo.",Taja njia mbili za kumjua Allaah.::Fitra na akili.||Toa dalili moja ya kuwepo kwa Allaah.::Mpangilio wa mchana na usiku au ugumu wa mwili wa binadamu.||Taja athari moja ya kumuamini Allaah.::Utulivu wa moyo na tabia njema.,
2023-JSS031-Kidato II,"Kumtambua, kumpenda, kumtukuza na kumsifu Allaah (S.W)",Kutambua uwepo wa Allaah (S.W) na sifa zake,"Kuchambua sifa na majina 99 ya Allaah (S.W). (kuyasoma, kuyahifadhi na kuyazingatia)",Majina na sifa 99 za Allaah (S.W),4,Kazi mradi,Kuwaongoza Wanafunzi,Kuchambua sifa na majina ya Allaah (SW) kumefanyika kwa usahihi.,Kitabu cha kiada kidato cha 2|TEHAMA|Bango kitita|Tafsiri ya Qur’an ya Sheikh Abdullah Saleh Farsy,"TET(2023), MUHTASARI WA ELIMU YA DINI YA KIISLAMU KWA SHULE ZA SEKONDARI KIDATO CHA I - IV, TET, DAR ES SALAAM",Allaah (S.W) ana majina mazuri kabisa (Al-Asmaa al-Husnaa). Mtume (S.A.W) alisema anayeyahifadhi na kuyazingatia ataingia Peponi.,"Majina 99 yanaeleza sifa za ukamilifu za Allaah, kama Ar-Rahmaan (Mwingi wa Rehema), Ar-Raheem (Mrehemevu), Al-Malik (Mfalme), As-Salaam (Amani), Al-Ghafuur (Msamehevu), Ar-Razzaaq (Mruzuku) na Al-Aliim (Mjuzi). Kuyahifadhi ni kuyakariri, kuyafahamu maana zake na kuyazingatia kwa kuyatumia katika dua na kujifunza tabia zinazoendana nayo, kama kuwa mwenye huruma na msamehevu. Haifai kumfananisha Allaah na viumbe wake wala kumpa jina asilojipa mwenyewe.",Mtu anayemwomba Allaah kwa kuita ‘Ya Ghafuur’ anapotaka msamaha na ‘Ya Razzaaq’ anapotaka riziki anatumia majina mazuri kulingana na haja yake.,Kuyajua majina haya humfanya Muislamu ajizoeshe huruma na msamaha kwa wengine kama sifa za Allaah zinavyoonyesha.,Allaah ana majina mazuri mangapi yaliyotajwa katika Hadithi?::Majina 99.||Ar-Razzaaq lina maana gani?::Mruzuku.||Anayeyahifadhi majina hayo na kuyazingatia amepata ahadi gani?::Kuingia Peponi.,
2023-JSS031-Kidato II,"Kumtambua, kumpenda, kumtukuza na kumsifu Allaah (S.W)",Kuisoma Qur’an kwa mazingatio ya hukumu na ujumbe,"Kuchambua ufahamu wa hukumu za usomaji wa Qur’an. (hukumu za mim na nuni zenye shadda, hukumu za mim sakina)",Hukumu za mim na nuni zenye shadda na mim sakina,4,Majadiliano,Kuwaongoza Wanafunzi,Kuchambua ufahamu wa hukumu za usomaji wa Qur’an kumefanyika kwa usahihi.,Kitabu cha kiada kidato cha 2|Matini mbalimbali kuhusu Tajwiid|Juzuu Amma,"TET(2023), MUHTASARI WA ELIMU YA DINI YA KIISLAMU KWA SHULE ZA SEKONDARI KIDATO CHA I - IV, TET, DAR ES SALAAM",Tajwiid ina hukumu maalumu kwa mim na nuni zenye shadda na kwa mim sakina. Hukumu hizi huboresha usomaji wa Qur’an.,"Mim na nuni zenye shadda hutolewa ghunna, yaani sauti ya puani kwa kiasi cha harakaat mbili. Hukumu za mim sakina ni tatu: Idghaam shafawi ni mim sakina ikifuatwa na mim nyingine, hutamkwa kwa kuingizwa na kutolewa ghunna; Ikhfaa shafawi ni mim sakina ikifuatwa na herufi ‘baa’, huifichwa kwa ghunna bila kuiingiza; na Idh-har shafawi ni mim sakina ikifuatwa na herufi zilizosalia isipokuwa mim na baa, hutamkwa waziwazi. Herufi zote ni za midomo (shafawi).","Katika ‘Lahum maa’ mim sakina inafuatwa na mim, hivyo hutamkwa kwa Idghaam shafawi pamoja na ghunna.",Mwanafunzi anayesoma Qur’an msikitini anazingatia hukumu hizi ili usomaji wake uwe sahihi na wenye uzuri.,"Hukumu za mim sakina ni ngapi na zipi?::Ni tatu: Idghaam shafawi, Ikhfaa shafawi na Idh-har shafawi.||Ghunna ni nini?::Ni sauti ya puani inayotolewa wakati wa kutamka herufi fulani.||Mim sakina ikifuatwa na baa hukumu yake ni ipi?::Ikhfaa shafawi.",
2023-JSS031-Kidato II,"Kumtambua, kumpenda, kumtukuza na kumsifu Allaah (S.W)",Kuisoma Qur’an kwa mazingatio ya hukumu na ujumbe,"Kuchambua historia ya kushuka Qur’an. (Hatua za kushuka Qur’an, hekima ya Qur’an kushuka hatua kwa hatua, namna Qur’an ilivyohifadhiwa kuanzia wakati ikishuka hadi leo)",Historia ya kushuka kwa Qur’an,2,Bunguabongo,Kuwaongoza Wanafunzi,Kuchambua historia ya kushuka Qur’an kumefanyika kwa usahihi.,Kitabu cha kiada kidato cha 2|Bango kitita|Tafsiri ya Qur’an ya Sheikh Abdullah Saleh Farsy|TEHAMA,"TET(2023), MUHTASARI WA ELIMU YA DINI YA KIISLAMU KWA SHULE ZA SEKONDARI KIDATO CHA I - IV, TET, DAR ES SALAAM",Qur’an haikushuka kwa mara moja bali kidogo kidogo kwa muda wa miaka ishirini na tatu. Ina hekima kubwa katika mpangilio huu.,"Kuna hatua tatu za kushuka: Qur’an ilihifadhiwa katika Lawh al-Mahfuudh, kisha ilishushwa yote mara moja hadi Baytul-Izza katika mbingu ya dunia usiku wa Laylatul Qadr, kisha ikaanza kuteremshwa kwa Mtume (S.A.W) kupitia Jibril kwa kadiri ya matukio. Hekima za kushuka hatua kwa hatua ni kumtia nguvu Mtume (S.A.W), kurahisisha kuhifadhi na kuelewa, kujibu maswali na matukio na kuweka hukumu polepole kama ilivyokuwa katika kukataza pombe. Qur’an ilihifadhiwa tangu kushuka kwake kwa kukariri na kuandikwa na waandishi wa wahyi kama Zaid bin Thabit, hadi kukusanywa na Abu Bakr na kuandikwa kwa nakala na Uthman.","Kama mwalimu anavyofundisha mada moja moja hadi mwanafunzi aelewe, ndivyo Allaah alivyoteremsha Qur’an hatua kwa hatua ili wapokeaji waielewe na kuitekeleza.","Kujua historia hii kunatuonyesha kuwa Qur’an iliyo mikononi mwetu ni ile ile aliyoteremshiwa Mtume, haikubadilishwa.","Taja hatua tatu za kushuka kwa Qur’an.::Lawh al-Mahfuudh, Baytul-Izza mbinguni, kisha kwa Mtume kidogo kidogo.||Taja hekima moja ya Qur’an kushuka kwa hatua.::Kumtia nguvu Mtume, kurahisisha kuhifadhi au kuweka hukumu polepole.||Nani alikusanya Qur’an katika kitabu kimoja baada ya kifo cha Mtume?::Abu Bakr (R.A) kwa ushirikiano wa Zaid bin Thabit.",
2023-JSS031-Kidato II,"Kumtambua, kumpenda, kumtukuza na kumsifu Allaah (S.W)",Kuisoma Qur’an kwa mazingatio ya hukumu na ujumbe,"Kuchambua sura zilizoteuliwa: Lahab (111); Nasr (110); Kaafiruun (109); Maa’uun (107). (Kusoma kwa hukumu, kuhifadhi, kutafsiri na kutoa mafunzo)","Sura za Lahab, Nasr, Kaafiruun na Maa’uun",8,Kazimradi,Kuwaongoza Wanafunzi,Sura zilizoteuliwa zimechambuliwa kwa usahihi.,Kitabu cha kiada kidato cha 2|Bango kitita|Tafsiri ya Qur’an ya Sheikh Abdullah Saleh Farsy|TEHAMA,"TET(2023), MUHTASARI WA ELIMU YA DINI YA KIISLAMU KWA SHULE ZA SEKONDARI KIDATO CHA I - IV, TET, DAR ES SALAAM","Sura hizi fupi za Makka na Madina zina mafunzo makubwa ya Tawhiid na maadili. Zinasomwa kwa hukumu, kuhifadhiwa na kutafsiriwa.","Suratul Lahab (111, aya 5) inaeleza hasara ya Abu Lahab na mkewe waliompinga Mtume, ikifundisha kuwa ukoo si kinga dhidi ya adhabu ya ukafiri. Suratun-Nasr (110, aya 3) inaahidi ushindi wa Allaah na watu kuingia katika dini kwa makundi, na kuamrisha tasbihi na istighfaar. Suratul Kaafiruun (109, aya 6) inatangaza kutoshirikiana na ibada za shirki kwa maneno ‘Kwenu dini yenu na kwangu dini yangu’. Suratul Maa’uun (107, aya 7) inawakemea wanaokadhibisha malipo, wanaomfukuza yatima, wasiohimiza kulisha maskini, waswaliwao kwa riyaa na wanaozuia msaada.",Mwanafunzi anayemuona yatima akilalamika hutumia mafunzo ya Suratul Maa’uun kwa kumsaidia kwa kile alicho nacho.,"Sura hizi hufundisha kujiepusha na shirki, kutunza yatima na kusaidia maskini katika jamii.","Suratul Kaafiruun ina aya ngapi?::Aya sita.||Suratul Maa’uun inakemea nani?::Wanaomfukuza yatima, wasiohimiza kulisha maskini na waswaliwao kwa riyaa.||Suratun-Nasr inaamrisha nini mwishoni?::Kumtakasa Allaah kwa tasbihi na kuomba maghfira.",
2023-JSS031-Kidato II,"Kumtambua, kumpenda, kumtukuza na kumsifu Allaah (S.W)",Kuishi kwa kuzingatia Sunnah ya Mtume Muhammad (S.A.W),"Kuchambua historia ya uandishi wa Hadithi za Mtume Muhammad (S.A.W). (Wakati wa uhai wa Mtume Muhammad (SAW), Maswahaba, Tabiina, Tabii Taabiina)",Historia ya uandishi wa Hadithi za Mtume Muhammad (S.A.W),2,Maswali na majibu na majadiliano,Kuwaongoza Wanafunzi,Kuchambua historia ya uandishi wa Hadithi kumefanyika kwa usahihi.,Kitabu cha kiada kidato cha 2|Matini mbalimbali kuhusu uandishi wa Hadithi|Bango kitita,"TET(2023), MUHTASARI WA ELIMU YA DINI YA KIISLAMU KWA SHULE ZA SEKONDARI KIDATO CHA I - IV, TET, DAR ES SALAAM",Hadithi zimehifadhiwa kwa kukariri na kuandikwa tangu zama za Mtume (S.A.W) hadi kufikia vitabu vikuu vya Hadithi.,"Katika uhai wa Mtume, baadhi ya Maswahaba kama Abdullah bin Amr bin Al-Aas waliandika Hadithi katika ‘As-Sahiifah as-Saadiqah’, ingawa mwanzo Mtume alizuia kuandika ili zisichanganywe na Qur’an. Baada ya kifo chake, Maswahaba kama Abu Hurayrah na Anas waliendelea kupokea kwa mdomo na maandishi. Tabiina walizidisha kuhifadhi, na Khalifa Umar bin Abdul-Aziz aliamrisha kukusanywa rasmi mwanzo wa karne ya pili Hijria. Katika zama za Tabi’ Tabiina, wanazuoni kama Imamu Bukhari, Muslim, Abu Dawud, Tirmidhi, An-Nasaai na Ibn Majah waliandika vitabu maarufu vya Hadithi.","Kama mwanafunzi anayenakili daftari la mwalimu na kulihakiki, ndivyo wanazuoni walivyonakili Hadithi na kuzipima kwa mfululizo wa wapokezi.","Vitabu vya Hadithi kama Sahih Bukhari vinapatikana leo maktabani na mtandaoni, vikimsaidia Muislamu kuifuata Sunnah.",Taja Sahaba mmoja aliyeandika Hadithi wakati wa Mtume.::Abdullah bin Amr bin Al-Aas.||Khalifa yupi aliamrisha kukusanywa rasmi kwa Hadithi?::Umar bin Abdul-Aziz.||Taja kitabu kimoja maarufu cha Hadithi.::Sahih Bukhari au Sahih Muslim.,
2023-JSS031-Kidato II,"Kumtambua, kumpenda, kumtukuza na kumsifu Allaah (S.W)",Kuishi kwa kuzingatia Sunnah ya Mtume Muhammad (S.A.W),"Kufafanua Hadithi zilizoteuliwa kuhusu kuepuka usengenyaji, kujiepusha na dharau, kujiepusha na matusi, kuepuka mabishano, kuepuka kujisifu na kujitukuza, kuepukana na kibri na majivuno, kuepukana na kulaani ovyo, kujiepusha na viapo. (Kusoma kwa kuhifadhi, kuandika, kutafsiri na kubaini mafunzo)","Hadithi zilizoteuliwa kuhusu kuepuka usengenyaji, dharau, matusi, kibri na viapo",6,Kazimradi na Matembezi ya galari,Kuwaongoza Wanafunzi,Kufafanua Hadithi zilizoteuliwa kumefanyika kwa usahihi.,Kitabu cha kiada kidato cha 2|Tafsiri ya Riyadhus Salihin|Matini ya Hadithi zilizoteuliwa,"TET(2023), MUHTASARI WA ELIMU YA DINI YA KIISLAMU KWA SHULE ZA SEKONDARI KIDATO CHA I - IV, TET, DAR ES SALAAM",Hadithi hizi zinalinda ulimi na moyo wa Muislamu dhidi ya maovu yanayoharibu udugu na jamii.,"Mtume (S.A.W) alifafanua usengenyaji (ghiba) kuwa ni kumtaja ndugu yako kwa asiyoyapenda (Muslim). Alisema kuwa Muumini si mtukanaji, si mlaani wala si mchafu wa maneno (Tirmidhi). Alisema kuwa hataingia Peponi mwenye chembe ya kibri moyoni; kibri ni kukataa haki na kuwadharau watu (Muslim). Alimhakikishia nyumba pembezoni mwa Pepo mwenye kuacha mabishano hata akiwa na haki (Abu Dawud). Kuapa kwa jina la Allaah hufanywa kwa ukweli tu na kuepuka viapo vya uongo. Mafunzo ni kudhibiti ulimi, kunyenyekea na kuwaheshimu wengine.",Mwanafunzi anayemsengenya mwenzake kwa walimu huvunja Hadithi ya ghiba; anayenyamaza na kumshauri kwa upole hufuata Sunnah.,Vijana huepuka mitandao ya kijamii kutukana au kusengenya watu kwa kukumbuka onyo hili la Mtume (S.A.W).,Usengenyaji ni nini kwa mujibu wa Hadithi?::Ni kumtaja ndugu yako kwa asiyoyapenda.||Nani hataingia Peponi kwa mujibu wa Hadithi ya kibri?::Mwenye chembe ya kibri moyoni.||Taja mafunzo mawili ya Hadithi hizi.::Kudhibiti ulimi na kuwa mnyenyekevu.,
2023-JSS031-Kidato II,Kumtumikia Allaah (S.W) katika kila kipengele cha maisha,Kutekeleza nguzo za Uislamu kwa kuzingatia lengo la kila nguzo,"Kufafanua utekelezaji wa ibada ya Zakat. (Masharti, mali zinazopasa kutolewa Zakat, nisaabu na makundi ya watu wanaostahiki kupewa Zakat)",Utekelezaji wa ibada ya Zakat,4,Bunguabongo,Kuwaongoza Wanafunzi,Utekelezaji wa ibada ya Zakat umefafanuliwa kwa usahihi.,Kitabu cha kiada kidato cha 2|Bango kitita|Tafsiri ya Qur’an ya Sheikh Abdullah Saleh Farsy|TEHAMA,"TET(2023), MUHTASARI WA ELIMU YA DINI YA KIISLAMU KWA SHULE ZA SEKONDARI KIDATO CHA I - IV, TET, DAR ES SALAAM","Zakat ni nguzo ya tatu ya Uislamu, ni haki ya kimali ya wahitaji katika mali ya tajiri. Ni ibada inayosafisha mali na nafsi.","Masharti ya kutoa Zakat ni kuwa Muislamu, huru, kumiliki mali kikamilifu, mali kufikia nisaabu na kupita mwaka mzima. Mali zinazopasa zakat ni dhahabu na fedha, fedha taslimu, bidhaa za biashara, mifugo na mazao. Nisaabu ya dhahabu ni takriban gramu 85, na kiwango cha zakat ya fedha na biashara ni asilimia 2.5. Makundi manane yanayostahiki kupewa zakat kwa mujibu wa Suratut-Tawba (9:60) ni mafakiri, maskini, wakusanyaji wa zakat, wanaotafutwa mioyo yao, watumwa kujikomboa, wenye madeni, njia ya Allaah na msafiri aliyekwama.","Mfanyabiashara mwenye mtaji wa shilingi milioni mia moja kuliko nisaabu baada ya mwaka mzima hutoa asilimia 2.5, yaani shilingi milioni 2.5, kwa wahitaji.",Zakat hupunguza pengo la maskini na tajiri na kusaidia kutoa elimu na matibabu kwa wasiojiweza katika jamii.,Taja masharti mawili ya kutoa zakat.::Mali kufikia nisaabu na kupita mwaka mzima.||Kiwango cha zakat ya biashara ni asilimia ngapi?::Asilimia 2.5.||Taja makundi mawili yanayostahiki zakat.::Mafakiri na maskini.,
2023-JSS031-Kidato II,Kumtumikia Allaah (S.W) katika kila kipengele cha maisha,Kutekeleza nguzo za Uislamu kwa kuzingatia lengo la kila nguzo,"Kufafanua utekelezaji wa ibada ya funga. (Maana, aina, umuhimu, nguzo za funga, sunnah na miiko ya funga, kubatilika kwa funga)",Utekelezaji wa ibada ya funga,4,Fikiri – jozisha – shirikisha,Kuwaongoza Wanafunzi,Utekelezaji wa ibada ya funga umefafanuliwa kwa usahihi.,Kitabu cha kiada kidato cha 2|Bango kitita|Tafsiri ya Qur’an ya Sheikh Abdullah Saleh Farsy|TEHAMA,"TET(2023), MUHTASARI WA ELIMU YA DINI YA KIISLAMU KWA SHULE ZA SEKONDARI KIDATO CHA I - IV, TET, DAR ES SALAAM",Funga ya mwezi wa Ramadhani ni nguzo ya nne ya Uislamu. Ni kujizuia na mambo yanayobatilisha funga kuanzia alfajiri hadi kuzama jua kwa nia ya kumtii Allaah.,"Funga ni ya aina mbili kuu: faradhi (Ramadhani na funga ya kafara au nadhiri) na sunnah (Jumatatu na Alhamisi, siku sita za Shawwal na siku ya Arafa). Nguzo za funga ni niyya usiku na kujizuia kula, kunywa na kujamiiana mchana. Sunnah zake ni kula daku, kuharakisha kufuturu na kufuturu kwa tende. Miiko ni uongo, ugomvi na maneno mabaya. Funga hubatilika kwa kula au kunywa kwa makusudi, jimai, kutapika kwa makusudi na hedhi au nifasi. Umuhimu wake ni kujenga taqwa, huruma kwa maskini na afya ya mwili.","Mwanafunzi anayefunga husubiri hadi adhana ya Magharibi na hufuturu kwa tende na maji, akitumia sunnah ya Mtume (S.A.W).","Wakati wa Ramadhani jamii hushirikiana kufuturisha wahitaji, jambo linalojenga umoja na upendo.",Funga ya Ramadhani huanza na kuisha wakati gani kila siku?::Huanza alfajiri na kuisha kuzama kwa jua.||Taja jambo moja linalobatilisha funga.::Kula au kunywa kwa makusudi.||Taja funga moja ya sunnah.::Funga ya Jumatatu na Alhamisi.,
2023-JSS031-Kidato II,Kumtumikia Allaah (S.W) katika kila kipengele cha maisha,Kuchunga mipaka ya Allaah (S.W) katika kuendesha maisha ya binafsi na jamii,"Kuchambua ufahamu wa familia ya Kiislamu. (Maana, umuhimu, na taratibu za ndoa katika Uislamu, umri wa kuoa na kuolewa, majukumu katika familia na ukewenza)","Ufahamu wa familia ya Kiislamu, ndoa na majukumu",4,Majadiliano na kuwasilisha,Kuwaongoza Wanafunzi,Kuchambua ufahamu wa familia ya Kiislamu kumefanyika kwa usahihi.,Kitabu cha kiada kidato cha 2|Matini mbalimbali kuhusu familia ya Kiislamu|Bango kitita,"TET(2023), MUHTASARI WA ELIMU YA DINI YA KIISLAMU KWA SHULE ZA SEKONDARI KIDATO CHA I - IV, TET, DAR ES SALAAM",Familia ni msingi wa jamii. Uislamu unahimiza ndoa kama njia halali ya kujenga familia yenye upendo na utulivu.,"Ndoa ni mkataba halali kati ya mwanamume na mwanamke kwa ridhaa yao. Nguzo za ndoa ni wanandoa wenyewe, wali wa bibi harusi, mashahidi wawili, ijabu na qabuul (ombi na kukubali) na mahari. Umri wa kuoa ni pale mtu anapofikia baleghe na kuwa na uwezo wa kuhudumia familia. Majukumu ya mume ni kutoa matunzo na ulinzi, na ya mke ni kutunza nyumba na watoto kwa upendo, huku wote wakitendeana kwa wema. Ukewenza unaruhusiwa hadi wake wanne kwa sharti la uadilifu (Suratun-Nisaa 4:3), na anayeogopa kutokuwa na uadilifu anatakiwa aoe mmoja.","Kijana anayetaka kuoa hujiandaa kwa kupata kazi, kumchagua mke mwenye dini na tabia njema na kuomba idhini ya wazazi wake.",Familia ya Kiislamu hutumia elimu ya ndoa kupunguza migogoro na kulea watoto wenye maadili mema.,Taja nguzo mbili za ndoa.::Wali na mashahidi wawili.||Ukewenza unaruhusiwa hadi wake wangapi?::Hadi wanne kwa sharti la uadilifu.||Taja jukumu moja la mume katika familia.::Kutoa matunzo na ulinzi kwa familia.,
2023-JSS031-Kidato II,Kumtumikia Allaah (S.W) katika kila kipengele cha maisha,Kuchunga mipaka ya Allaah (S.W) katika kuendesha maisha ya binafsi na jamii,"Kufafanua vipengele vya utamaduni wa Kiislamu. (maana, mavazi, sherehe, misiba, maamkizi, michezo)",Vipengele vya utamaduni wa Kiislamu,4,Changanyakete,Kuwaongoza Wanafunzi,Kufafanua vipengele vya utamaduni wa Kiislamu kumefanyika kwa usahihi.,Kitabu cha kiada kidato cha 2|Bango kitita|Tafsiri ya Qur’an ya Sheikh Abdullah Saleh Farsy|TEHAMA,"TET(2023), MUHTASARI WA ELIMU YA DINI YA KIISLAMU KWA SHULE ZA SEKONDARI KIDATO CHA I - IV, TET, DAR ES SALAAM","Utamaduni wa Kiislamu ni jumla ya mila, tabia na desturi zinazotokana na mafundisho ya Qur’an na Sunnah. Unagusa mavazi, sherehe, misiba, maamkizi na michezo.","Mavazi ya Kiislamu hufunika uchi na huwa safi; mwanamke Muislamu hufunika mwili wake ukiacha uso na viganja, na mwanamume hufunika kuanzia kitovu hadi magoti. Sherehe kuu ni Idd al-Fitr na Idd al-Adhha, zinazoanza kwa swala ya Iddi na kuambatana na kula, kutembeleana na kutoa sadaka. Msiba huchukuliwa kwa subira na kusema ‘Innaa lillaahi wa innaa ilayhi raajiuun’. Maamkizi ni ‘Assalaamu alaykum’ na jibu ‘Wa alaykumus-salaam’. Michezo halali ni ile yenye manufaa kama mbio, kuogelea na kurusha mishale, bila kuvunja maadili wala kupoteza ibada.","Katika sikukuu ya Idd al-Fitr, familia huvaa mavazi safi, huswali Iddi msikitini kisha hutembeleana kwa salamu na chakula.",Wanafunzi hutumia maamkizi ya Kiislamu na huvaa sare zinazofunika mwili kwa heshima shuleni.,Salamu ya Kiislamu ni ipi?::Assalaamu alaykum.||Taja sikukuu mbili kuu za Kiislamu.::Idd al-Fitr na Idd al-Adhha.||Mtu anapofiwa husema nini?::Innaa lillaahi wa innaa ilayhi raajiuun.,
2023-JSS031-Kidato II,Kumtumikia Allaah (S.W) katika kila kipengele cha maisha,Kuchunga mipaka ya Allaah (S.W) katika kuendesha maisha ya binafsi na jamii,"Kufafanua adabu za matendo ya Muislamu ya kila siku. (kula, kwenda haja, kulala na kuamka, kuoga, kutoka na kurudi nyumbani, kupiga miayo na chafya, kuishi na watu kwa wema, kuwatembelea wagonjwa, kuingia na kutoka msikitini)",Adabu za matendo ya Muislamu ya kila siku,2,Majadiliano,Kuwaongoza Wanafunzi,Kufafanua adabu za matendo ya Muislamu ya kila siku kumefanyika kwa usahihi.,Kitabu cha kiada kidato cha 2|Bango kitita|Tafsiri ya Qur’an ya Sheikh Abdullah Saleh Farsy|TEHAMA,"TET(2023), MUHTASARI WA ELIMU YA DINI YA KIISLAMU KWA SHULE ZA SEKONDARI KIDATO CHA I - IV, TET, DAR ES SALAAM","Uislamu unafundisha adabu hata katika mambo madogo ya kila siku, ili maisha yote yawe ibada.","Katika kula, Muislamu huanza kwa Bismillaah, hutumia mkono wa kulia, hula karibu naye na hamdu baada ya kula. Anapoingia chooni huingia kwa mguu wa kushoto na kusoma dua, na hutoka kwa mguu wa kulia. Kabla ya kulala hulala ubavu wa kulia na kusoma dua na adhkaari; anapoamka husema ‘Alhamdulillaahilladhii ahyaanaa’. Akipiga chafya husema ‘Alhamdulillaah’ na anayemsikia hujibu ‘Yarhamukallaah’, na hufunika mdomo anapopiga miayo. Huwatembelea wagonjwa, huishi na watu kwa wema, na huingia msikitini kwa mguu wa kulia akisoma dua.","Kabla ya chakula shuleni, mwanafunzi huosha mikono, huanza kwa ‘Bismillaah’, hula kwa mkono wa kulia na kumshukuru Allaah baada ya kumaliza.","Adabu hizi hujenga usafi, unyenyekevu na mshikamano wa kijamii, na zikitekelezwa nyumbani hulea watoto wenye maadili.",Chakula huanzwa kwa kusema nini?::Bismillaah.||Mtu akipiga chafya husema nini?::Alhamdulillaah.||Muislamu huingia msikitini kwa mguu upi?::Mguu wa kulia.,
2023-JSS031-Kidato II,Kulingania na kusimamisha Haki na Uadilifu katika jamii,Kutumia Qur’an na Sunnah kulingania jamii,"Kufafanua sifa za mlinganiaji. (Ujuzi sahihi, Imani thabiti, tabia njema, kuendeleza Uislamu kuwe ndio lengo kuu la maisha, kutaraji malipo kutoka kwa Allaah (S.W), kuwa na subira, kuwa na hekima)",Sifa za mlinganiaji,2,Majadiliano,Kuwaongoza Wanafunzi,Sifa za mlinganiaji zimefafanuliwa kwa usahihi.,Kitabu cha kiada kidato cha 2|Bango kitita|Tafsiri ya Qur’an ya Sheikh Abdullah Saleh Farsy|TEHAMA,"TET(2023), MUHTASARI WA ELIMU YA DINI YA KIISLAMU KWA SHULE ZA SEKONDARI KIDATO CHA I - IV, TET, DAR ES SALAAM","Mlinganiaji ni mrithi wa kazi ya mitume, hivyo anahitaji sifa maalumu ili ujumbe wake ukubaliwe.","Sifa za mlinganiaji ni ujuzi sahihi wa yale anayoyaita, imani thabiti, tabia njema, kufanya kuendeleza Uislamu kuwa lengo kuu la maisha, kutaraji malipo kutoka kwa Allaah (S.W) na si kwa watu, kuwa na subira dhidi ya adha, na hekima katika kuchagua wakati, mbinu na lugha. Anatakiwa pia atende anayoyasema kwani Allaah anakemea wanaoamrisha mema na wakasahau nafsi zao. Mfano bora wa mlinganiaji ni Mtume Muhammad (S.A.W) aliyekuwa mkweli na mwaminifu hata kabla ya utume.",Mwalimu wa dini anayewafundisha wanafunzi kuhusu ukweli huku yeye mwenyewe akisema ukweli wakati wote huwavutia zaidi kuliko yule asiyetenda.,"Katika jamii, Da’i anayeishi kwa upole na kuwasaidia watu hupata heshima na kukubaliwa ujumbe wake.","Taja sifa tatu za mlinganiaji.::Ujuzi sahihi, tabia njema na subira.||Mlinganiaji hutaraji malipo kutoka kwa nani?::Kutoka kwa Allaah (S.W).||Mfano bora wa mlinganiaji ni nani?::Mtume Muhammad (S.A.W).",
2023-JSS031-Kidato II,Kulingania na kusimamisha Haki na Uadilifu katika jamii,Kutumia Qur’an na Sunnah kulingania jamii,"Kuchambua sifa za kundi la walinganiaji. (Mshikamano wa udugu na upendo, kushauriana, nidhamu na utii, kukosoana kwa nia njema na njia nzuri, kujiepusha na kujiona na ria, kuwa na subira, kuwa na hekima)",Sifa za kundi la walinganiaji,4,Majadiliano,Kuwaongoza Wanafunzi,Kuchambua sifa za walinganiaji kumefanyika kwa usahihi.,Kitabu cha kiada kidato cha 2|Bango kitita|Tafsiri ya Qur’an ya Sheikh Abdullah Saleh Farsy|TEHAMA,"TET(2023), MUHTASARI WA ELIMU YA DINI YA KIISLAMU KWA SHULE ZA SEKONDARI KIDATO CHA I - IV, TET, DAR ES SALAAM",Kazi ya Da’awah hufanikiwa zaidi ikifanywa kwa kundi lenye mshikamano. Kundi la walinganiaji linatakiwa kuwa na sifa maalumu.,"Sifa hizo ni mshikamano wa udugu na upendo, kushauriana (shura) katika maamuzi, nidhamu na utii kwa kiongozi katika mema, kukosoana kwa nia njema na kwa njia nzuri, kujiepusha na kujiona na riyaa, kuwa na subira na kuwa na hekima. Qur’an inasisitiza umoja: ‘Shikamaneni kwa kamba ya Allaah nyote wala msifarakane’ (3:103). Kundi lisilo na umoja huvurugika na kupoteza nguvu.",Kikundi cha wanafunzi wa dini shuleni kinapopanga ratiba ya mihadhara kwa kushauriana na kuheshimu maoni ya kila mmoja huonyesha sifa za kundi la walinganiaji.,Mashirika ya kidini yanayoshirikiana kufundisha madrasa na kusaidia maskini hujenga jamii yenye amani.,Taja sifa mbili za kundi la walinganiaji.::Mshikamano wa udugu na kushauriana.||Kukosoana katika kundi kunapaswa kufanywaje?::Kwa nia njema na kwa njia nzuri.||Aya ya 3:103 inaamrisha nini?::Kushikamana kwa kamba ya Allaah na kutofarakana.,
2023-JSS031-Kidato II,Kulingania na kusimamisha Haki na Uadilifu katika jamii,Kutumia historia ya Uislamu kujenga mwenendo mwema wa jamii,"Kufafanua hali ya jamii ya Bara Arabu zama za jahiliya (509 – 609A.D). (Utabiri wa ujio wa Mtume Muhammad (S.A.W), mifumo ya jamii kisiasa, kiuchumi, kiutamaduni na kimaadili, utukufu wa mji wa Makkah na kabila la Quraysh)",Hali ya jamii ya Bara Arabu zama za Jahiliya,4,Majadiliano,Kuwaongoza Wanafunzi,Kufafanua hali ya jamii ya Bara Arabu zama za jahiliya kumefanyika kwa usahihi.,Kitabu cha kiada kidato cha 2|Tafsiri ya Qur’an ya Sheikh Abdullah Saleh Farsy|Bango kitita,"TET(2023), MUHTASARI WA ELIMU YA DINI YA KIISLAMU KWA SHULE ZA SEKONDARI KIDATO CHA I - IV, TET, DAR ES SALAAM",Jahiliya ni kipindi cha ujinga kabla ya kuteremshwa Uislamu. Kuelewa hali ya wakati huo hutuonyesha ukubwa wa mabadiliko yaliyoletwa na Mtume (S.A.W).,"Kisiasa, Waarabu waligawanyika katika makabila yaliyoongozwa na machifu, wakipigana vita vya muda mrefu. Kiuchumi walitegemea biashara ya misafara na ufugaji, na riba na utumwa vilikuwa vimeenea. Kiutamaduni walipenda ushairi na ukarimu, na kimaadili walijihusisha na ulevi, kamari, mauaji ya watoto wa kike na dhuluma kwa wanyonge. Makkah ulikuwa mji mtukufu wenye Al-Kaaba, na kabila la Quraysh lilipata hadhi kwa kuhudumia mahujaji. Utabiri wa ujio wa Mtume (S.A.W) ulikuwepo katika vitabu vya awali na miongoni mwa wanazuoni wa watu wa kitabu.",Uhusiano wa kabila la Quraysh na mahujaji unaonyesha jinsi Makkah ulivyokuwa kituo cha biashara na ibada kabla ya Uislamu.,"Kwa kusoma Jahiliya, kijana anapata shukrani kwa Uislamu uliolinda haki za wanawake, watoto na maskini.",Taja tabia mbili mbovu zilizoenea katika jamii ya Jahiliya.::Ulevi na mauaji ya watoto wa kike.||Kabila la Mtume Muhammad (S.A.W) lilikuwa lipi?::Quraysh.||Waarabu walitegemea shughuli zipi za kiuchumi?::Biashara ya misafara na ufugaji.,
2023-JSS031-Kidato II,Kulingania na kusimamisha Haki na Uadilifu katika jamii,Kutumia historia ya Uislamu kujenga mwenendo mwema wa jamii,"Kufafanua mbinu za ulinganiaji alizozitumia Mtume Muhammad (S.A.W) kipindi cha Makkah. (Kuzaliwa kwa Mtume (S.A.W), kulelewa, nasaba, makuzi, kuandaliwa, kupewa Utume, kulingania, upinzani wa Kureishi, isra na miiraji, hijra na mafunzo yatokanayo katika kujenga jamii)",Mbinu za ulinganiaji alizozitumia Mtume (S.A.W) kipindi cha Makkah,6,Majadiliano,Kuwaongoza Wanafunzi,Kufafanua mbinu za ulinganiaji alizozitumia Mtume Muhammad (S.A.W) kumefanyika kwa usahihi.,Kitabu cha kiada kidato cha 2|Tafsiri ya Qur’an ya Sheikh Abdullah Saleh Farsy|Bango kitita,"TET(2023), MUHTASARI WA ELIMU YA DINI YA KIISLAMU KWA SHULE ZA SEKONDARI KIDATO CHA I - IV, TET, DAR ES SALAAM","Mtume (S.A.W) alizaliwa Makkah mwaka wa Tembo, akalelewa na babu na baadaye mjomba wake Abu Talib. Alipewa Utume akiwa na miaka arobaini.","Baada ya kupewa Utume katika pango la Hira, Mtume alilingania kwa siri kwa miaka mitatu kwa watu wa karibu kama Khadija, Abu Bakr, Ali na Zaid, kisha akapewa amri ya kulingania hadharani. Alitumia mbinu ya kutumia tabia yake njema, hoja na mifano. Quraysh walimpinga kwa kumtesa yeye na wafuasi wake, kuwatenga kijamii katika Shi’b Abi Talib na kuwaadhibu wanyonge kama Bilal. Aliruhusu Waislamu kuhamia Habasha, akapata Isra na Miiraji ya kuamrishwa swala tano, na akakutana na watu wa Yathrib katika Baiati ya Aqaba, iliyofungua njia ya Hijra kwenda Madina mwaka 622 B.K. Mafunzo ni subira, ustahimilivu, mpangilio na kutegemea Allaah.",Mtume alivyowafuata watu binafsi kwa siri kabla ya kulingania hadharani unaonyesha umuhimu wa kuchagua wakati na mbinu inayofaa.,"Mbinu hizi humfundisha Da’i wa leo kuwa na subira, kuanza na walio karibu naye na kuepuka ukali unaozuia watu kupokea ujumbe.",Mtume alilingania kwa siri kwa miaka mingapi?::Kwa miaka mitatu.||Waislamu waliohamia Habasha walikimbia nini?::Mateso ya Quraysh.||Isra na Miiraji ilileta zawadi ipi kwa Waislamu?::Swala tano za kila siku.,
2023-JSS031-Kidato III,"Kumtambua, kumpenda, kumtukuza na kumsifu Allaah (S.W)",Kutambua uwepo wa Allaah (S.W) na sifa zake,"Kuchambua nguzo ya kuamini malaika wa Allaah (S.W). (maana, umuhimu, sifa, kazi na athari ya kuamini malaika katika maisha ya kila siku)",Nguzo ya kuamini malaika wa Allaah (S.W),2,Majadiliano,Kuwaongoza Wanafunzi,Kuchambua nguzo ya kuamini malaika wa Allaah (S.W) kumefanyika kwa usahihi.,Kitabu cha kiada kidato cha 3|Bango kitita|Matini mbalimbali kuhusu malaika|TEHAMA,"TET(2023), MUHTASARI WA ELIMU YA DINI YA KIISLAMU KWA SHULE ZA SEKONDARI KIDATO CHA I - IV, TET, DAR ES SALAAM","Malaika ni viumbe vya Allaah (S.W) waliotengenezwa kwa nuru, wasiokuwa na matamanio, wanaomtii Allaah bila kuasi kamwe.","Kuamini malaika ni nguzo ya pili ya Imani. Sifa zao ni kuwa na nguvu kubwa, kufanya kazi wapewazo bila kuchoka na kutokula wala kunywa. Kazi zao ni pamoja na Jibril kuleta wahyi, Mikail kusimamia mvua na riziki, Israfil kupuliza baragumu siku ya Kiyama, Malakul-Mawt kuchukua roho, na malaika wanaoandika matendo (Kiraman Katibin) na wanaohoji kaburini (Munkar na Nakir). Umuhimu wa kuamini malaika ni kujenga tabia ya kujiepusha na dhambi, kwa kuwa mtu anajua matendo yake yanaandikwa. Athari yake katika maisha ya kila siku ni kuongeza tahadhari na uangalifu wa nafsi.",Mwanafunzi anayejua kuwa malaika wanaandika kila alisemalo huchagua maneno mema badala ya kusengenya au kutukana.,"Kuamini malaika kunamfanya Muislamu awe mwangalifu hata akiwa peke yake, kwa sababu anajua kuwa amezungukwa na malaika wanaomtazama.",Taja kazi ya Malaika Jibril.::Kuleta wahyi kwa mitume.||Malaika gani anasimamia mvua na riziki?::Malaika Mikail.||Taja athari moja ya kuamini malaika katika maisha ya kila siku.::Huongeza uangalifu wa nafsi na kujiepusha na dhambi.,
2023-JSS031-Kidato III,"Kumtambua, kumpenda, kumtukuza na kumsifu Allaah (S.W)",Kutambua uwepo wa Allaah (S.W) na sifa zake,"Kuchambua nguzo ya kuamini vitabu vya Allaah (S.W). (Umuhimu wa kuamini vitabu vya Allaah (S.W), lengo la vitabu vya Allaah (S.W), tofauti ya Qur’an na vitabu vingine vya Allaah (S.W), Qur’an haipitwi na wakati, athari ya kuamini vitabu vya Allaah (S.W) katika maisha ya jamii)",Nguzo ya kuamini vitabu vya Allaah (S.W),2,Majadiliano,Kuwaongoza Wanafunzi,Kuchambua nguzo ya kuamini vitabu vya Allaah (S.W) kumefanyika kwa usahihi.,Kitabu cha kiada kidato cha 3|Bango kitita|Matini mbalimbali kuhusu vitabu vya Allaah|TEHAMA,"TET(2023), MUHTASARI WA ELIMU YA DINI YA KIISLAMU KWA SHULE ZA SEKONDARI KIDATO CHA I - IV, TET, DAR ES SALAAM",Allaah (S.W) aliteremsha vitabu kwa mitume wake kuwa mwongozo kwa wanadamu. Kuvijua na kuviamini ni nguzo ya tatu ya Imani.,"Miongoni mwa vitabu ni Taurati kwa Nabii Musa, Zaburi kwa Nabii Daudi, Injili kwa Nabii Isa na Qur’an kwa Mtume Muhammad (S.A.W). Lengo la vitabu hivi ni kumwongoza mwanadamu katika Tawhiid, ibada na maadili. Tofauti kubwa ya Qur’an na vitabu vingine ni kuwa Qur’an ndicho kitabu pekee kilichohifadhiwa asili yake bila kubadilishwa, huku vitabu vingine vikiwa vimebadilishwa na wanadamu kwa muda. Qur’an haipitwi na wakati kwa kuwa ni ujumbe wa mwisho unaofaa zama zote. Kuviamini vitabu hivi kunajenga heshima kwa mitume wote na kuimarisha uelewa wa mfululizo wa wahyi wa Allaah katika historia.","Mwanafunzi anayesoma historia ya Nabii Musa na Taurati anaelewa kuwa ujumbe wa Tawhiid uliobebwa na vitabu vyote ni mmoja, ingawa sheria zilitofautiana kwa wakati.",Kuamini vitabu vyote kunamfanya Muislamu kuwaheshimu wafuasi wa dini nyingine za kitabu bila kudharau historia yao ya kiimani.,"Taja vitabu viwili vya Allaah (S.W) mbali na Qur’an.::Taurati na Injili.||Kwa nini Qur’an haijabadilishwa tofauti na vitabu vingine?::Kwa sababu Allaah aliahidi kuihifadhi mwenyewe.||Vitabu vya Allaah vina lengo gani kuu?::Kumwongoza mwanadamu katika Tawhiid, ibada na maadili.",
2023-JSS031-Kidato III,"Kumtambua, kumpenda, kumtukuza na kumsifu Allaah (S.W)",Kutambua uwepo wa Allaah (S.W) na sifa zake,"Kuchambua ufahamu wa kuamini mitume wa Allaah (S.W). (uwepo wa mitume, sifa zao, mafundisho yao, mwisho wa utume na taathira ya kuamini mitume katika maisha ya kila siku)",Ufahamu wa kuamini mitume wa Allaah (S.W),2,Majadiliano na kuwasilisha,Kuwaongoza Wanafunzi,Kuchambua ufahamu wa kuamini mitume wa Allaah (S.W) kumefanyika kwa usahihi.,Kitabu cha kiada kidato cha 3|Matini mbalimbali kuhusu kuamini mitume wa Allaah (S.W)|Bango kitita,"TET(2023), MUHTASARI WA ELIMU YA DINI YA KIISLAMU KWA SHULE ZA SEKONDARI KIDATO CHA I - IV, TET, DAR ES SALAAM",Mitume ni watu waliochaguliwa na Allaah kubeba ujumbe wake kwa wanadamu. Kuwaamini ni nguzo ya nne ya Imani.,"Ushahidi wa uwepo wa mitume ni akili yenyewe, kwani wanadamu wanahitaji kuongozwa, na historia iliyoandikwa ya maisha yao. Sifa za mitume ni ukweli (Sidiq), uaminifu (Amaanah), kufikisha ujumbe (Tablighi) na akili timamu (Fatwaana). Mafundisho ya mitume yote yalikuwa Tawhiid, ingawa sheria zilitofautiana kulingana na zama. Mwisho wa utume ulikuwa kwa Mtume Muhammad (S.A.W), aliyethibitishwa katika Qur’an (33:40) kuwa Khaatamun-Nabiyyiin, hivyo hakuna nabii baada yake. Taathira ya kuamini mitume ni kuwapenda, kuwafuata mfano wao na kuufuata ujumbe wao katika maisha.",Mwanafunzi anayemuiga Mtume (S.A.W) katika ukweli na uaminifu wakati wa mtihani anaonyesha taathira ya kuwaamini mitume katika vitendo.,Kuamini mitume wote kunamsaidia Muislamu kuelewa kuwa historia ya wokovu ni mfululizo mmoja unaomalizika kwa Uislamu.,"Taja sifa nne za mitume.::Sidiq, Amaanah, Tablighi na Fatwaana.||Nani ni Khaatamun-Nabiyyiin?::Mtume Muhammad (S.A.W).||Taathira ya kuamini mitume ni ipi?::Kuwapenda na kufuata mfano na ujumbe wao.",
2023-JSS031-Kidato III,"Kumtambua, kumpenda, kumtukuza na kumsifu Allaah (S.W)",Kutambua uwepo wa Allaah (S.W) na sifa zake,"Kuchambua ufahamu wa kuamini siku ya mwisho. (Mazingira ya siku ya mwisho, udhaifu wa madai ya makafiri dhidi ya siku ya mwisho, hoja za kuthibitisha kuwepo kwa siku ya mwisho, ufahamu wa shufaa, athari ya kuamini siku ya mwisho katika maisha ya kila siku)",Ufahamu wa kuamini siku ya mwisho,4,Majadiliano na kuwasilisha,Kuwaongoza Wanafunzi,Ufahamu wa kuamini siku ya mwisho umechambuliwa kwa usahihi.,Kitabu cha kiada kidato cha 3|Matini mbalimbali kuhusu siku ya mwisho|Bango kitita,"TET(2023), MUHTASARI WA ELIMU YA DINI YA KIISLAMU KWA SHULE ZA SEKONDARI KIDATO CHA I - IV, TET, DAR ES SALAAM",Siku ya mwisho ni siku ambayo dunia itaharibiwa na wanadamu watafufuliwa kuhesabiwa. Kuiamini ni nguzo ya tano ya Imani.,"Mazingira ya siku ya mwisho ni kupulizwa baragumu, kufa kwa viumbe vyote, kufufuliwa upya, mizani ya matendo, sirati na hesabu mbele ya Allaah. Udhaifu wa madai ya makafiri dhidi ya siku ya mwisho ni kudai kuwa haiwezekani kimwili kufufua mifupa iliyooza, jambo linalokataliwa kwa kuwa Muumba wa mara ya kwanza ana uwezo wa kufufua tena. Hoja za kuthibitisha kuwepo siku ya mwisho ni uadilifu wa Allaah unaohitaji malipo ya mema na maovu, na dalili za asili kama mzunguko wa uhai na kifo. Shufaa ni uombezi wa Mtume (S.A.W) na wema kwa idhini ya Allaah. Athari yake ni kuishi kwa kuzingatia hesabu ya Akhera.","Mzee anayeuza ardhi kwa bei ndogo ili apate fedha za kutoa sadaka anafanya hivyo akiamini malipo makubwa zaidi Akhera, jambo linalothibitisha imani ya siku ya mwisho ikiathiri matendo yake.",Kuamini siku ya mwisho kunamfanya kijana aepuke maovu akijua atahesabiwa mbele ya Allaah kwa kila tendo.,Taja hatua mbili za siku ya mwisho.::Kupulizwa baragumu na kufufuliwa kwa hesabu.||Shufaa ni nini?::Ni uombezi wa Mtume (S.A.W) na wema kwa idhini ya Allaah.||Taja hoja moja ya kuthibitisha kuwepo siku ya mwisho.::Uadilifu wa Allaah unaohitaji malipo ya mema na maovu.,
2023-JSS031-Kidato III,"Kumtambua, kumpenda, kumtukuza na kumsifu Allaah (S.W)",Kutambua uwepo wa Allaah (S.W) na sifa zake,"Kufafanua ufahamu wa kuamini Qadar ya Allaah (S.W). (Maana, tofauti ya Qadar na Qudra, umuhimu, na athari ya kuamini Qadar katika maisha ya kila siku)",Ufahamu wa kuamini Qadar ya Allaah (S.W),2,Fikiri – andika – jozisha – shirikisha,Kuwaongoza Wanafunzi,Kufafanua ufahamu wa kuamini Qadar ya Allaah (S.W) kumefanyika kwa usahihi.,Kitabu cha kiada kidato cha 3|Matini mbalimbali kuhusu Qadar|Bango kitita,"TET(2023), MUHTASARI WA ELIMU YA DINI YA KIISLAMU KWA SHULE ZA SEKONDARI KIDATO CHA I - IV, TET, DAR ES SALAAM",Qadar ni mipango ya Allaah juu ya viumbe vyake tangu kabla ya kuumbwa kwao. Ni nguzo ya sita na ya mwisho ya Imani.,"Qadar hutofautiana na Qudra: Qadar ni mpango na hukumu ya Allaah kuhusu jambo, na Qudra ni uwezo wake wa kutekeleza mpango huo. Kuamini Qadar kuna hatua nne: kujua kuwa Allaah anajua kila kitu kabla hakijatokea, kwamba ameliandika katika Al-Lawh al-Mahfuudh, kwamba hakuna kinachotokea bila mapenzi yake, na kwamba yeye ndiye muumba wa kila kitu kikiwemo matendo ya waja. Umuhimu wa Qadar ni kumpa Muislamu utulivu wa moyo katika misukosuko ya maisha bila kuacha juhudi, kwani Qadar haimzuii mtu kufanya jitihada.","Mgonjwa anayetibiwa hakati tamaa bali huamini kuwa afya ni Qadar ya Allaah, hivyo huendelea kutafuta dawa huku akimtegemea Allaah kwa matokeo.","Kuamini Qadar kunamsaidia Muislamu kupokea msiba kwa subira bila kukata tamaa, akijua kila jambo lina hekima ya Allaah.",Taja tofauti ya Qadar na Qudra.::Qadar ni mpango wa Allaah na Qudra ni uwezo wake wa kutekeleza.||Taja hatua moja ya kuamini Qadar.::Kujua kuwa Allaah anajua kila kitu kabla hakijatokea.||Athari moja ya kuamini Qadar ni ipi?::Kumpa Muislamu utulivu wa moyo bila kuacha jitihada.,
2023-JSS031-Kidato III,"Kumtambua, kumpenda, kumtukuza na kumsifu Allaah (S.W)",Kuisoma Qur’an kwa mazingatio ya hukumu na ujumbe,"Kuchambua ufahamu wa usomaji wa Qur’an. (Hukumu za lam, hukumu za qalqala, hukumu za mada, hukumu za waqfu)","Usomaji wa Qur’an: hukumu za lam, qalqala, mada na waqfu",4,Majadiliano,Kuwaongoza Wanafunzi,Kuchambua ufahamu wa usomaji wa Qur’an kumefanyika kwa usahihi.,Kitabu cha kiada kidato cha 3|Matini mbalimbali kuhusu Tajwiid|Juzuu Amma,"TET(2023), MUHTASARI WA ELIMU YA DINI YA KIISLAMU KWA SHULE ZA SEKONDARI KIDATO CHA I - IV, TET, DAR ES SALAAM","Hukumu hizi za Tajwiid huongeza uzuri na usahihi wa kusoma Qur’an, hasa katika maneno yenye herufi maalum.","Hukumu za lam hutofautisha kati ya lam nzito (mufakhkham) katika jina la Allaah baada ya dhamma au fat-ha, na lam nyepesi (muraqqaq) mahali pengine. Qalqala ni mtetemo wa sauti unaotokea kwa herufi tano (qaf, twa, ba, jim, dal) zinapokuwa sakina, ukiwa mkubwa zaidi mwisho wa aya. Mada ni kurefusha sauti ya irabu, ikiwa ya asili (mada twabii, harakaat mbili) au ya ziada kama mada muttasil na munfasil (harakaat nne hadi sita). Waqfu ni kusimama katika usomaji, ukiwa waqfu taam (kusimama kamili), waqfu kaafi au waqfu qabiih (kusimama kusikofaa kwa kubadilisha maana).","Katika ‘Qaalal-laahu’ lam ya jina la Allaah hutamkwa nzito kwa kuwa herufi iliyotangulia ina fat-ha, tofauti na ‘Billaahi’ ambapo lam hutamkwa nyepesi kwa kuwa herufi iliyotangulia ina kasra.",Msomaji wa Qur’an msikitini anayezingatia qalqala katika neno lenye herufi ‘dal’ sakina huongeza uzuri wa sauti na usahihi wa kusoma.,"Qalqala hutokea kwa herufi zipi?::Qaf, twa, ba, jim na dal zikiwa sakina.||Taja aina mbili za mada.::Mada twabii (asili) na mada ya ziada kama muttasil.||Waqfu ni nini?::Ni kusimama katika usomaji wa Qur’an mahali panapofaa.",
2023-JSS031-Kidato III,"Kumtambua, kumpenda, kumtukuza na kumsifu Allaah (S.W)",Kuisoma Qur’an kwa mazingatio ya hukumu na ujumbe,"Kuchambua ithibati ya Qur’an. (Tofauti kati ya sura za Makka na sura za Madina, ufahamu wa sababu nuzuli)","Ithibati ya Qur’an: sura za Makka na Madina, sababu za kushuka",2,Majadiliano,Kuwaongoza Wanafunzi,Kuchambua ithibati ya Qur’an kumefanyika kwa usahihi.,Kitabu cha kiada kidato cha 3|Bango kitita|Tafsiri ya Qur’an ya Sheikh Abdullah Saleh Farsy,"TET(2023), MUHTASARI WA ELIMU YA DINI YA KIISLAMU KWA SHULE ZA SEKONDARI KIDATO CHA I - IV, TET, DAR ES SALAAM",Kujua tofauti ya sura za Makka na Madina na sababu za kushuka kwa aya (asbaab an-nuzuul) husaidia kuelewa vizuri ujumbe wa Qur’an.,"Sura za Makka kwa ujumla ni fupi, zinasisitiza Tawhiid, siku ya mwisho na hadithi za mitume, huku sura za Madina zikiwa ndefu zaidi zikieleza sheria za jamii, ndoa, urithi na jihadi kwa kuwa jamii ya Waislamu ilikuwa imepevuka Madina. Sababu za kushuka aya ni matukio au maswali yaliyosababisha kushuka kwa aya fulani, na kuzijua kunasaidia kuelewa muktadha na hekima ya hukumu. Kwa mfano, aya za kukataza pombe zilishuka pole pole kutokana na matukio ya wakati huo.","Aya za mirathi zilishuka Madina baada ya swali la mjane aliyeuliza kuhusu haki yake ya mirathi, zikionyesha jinsi asbaab an-nuzuul zinavyofafanua sababu za hukumu.",Kuelewa muktadha wa kushuka aya humsaidia Muislamu asizitumie aya nje ya wakati na hali zilizokusudiwa.,"Sura za Makka kwa ujumla huzungumzia nini zaidi?::Tawhiid, siku ya mwisho na hadithi za mitume.||Sababu za kushuka aya (asbaab an-nuzuul) ni nini?::Matukio au maswali yaliyopelekea kushuka kwa aya fulani.||Sura za Madina huzungumzia zaidi mambo gani?::Sheria za jamii kama ndoa, urithi na jihadi.",
2023-JSS031-Kidato III,"Kumtambua, kumpenda, kumtukuza na kumsifu Allaah (S.W)",Kuisoma Qur’an kwa mazingatio ya hukumu na ujumbe,"Kuchambua sura zilizoteuliwa: Quraysh (106), Fiil (105), Humazah (104), Asr (103). (Kusoma kwa hukumu, kuhifadhi na kutoa mafunzo)","Sura za Quraysh, Fiil, Humazah na Asr",4,Kazimradi,Kuwaongoza Wanafunzi,Sura zilizoteuliwa zimechambuliwa kwa usahihi.,Kitabu cha kiada kidato cha 3|Bango kitita|Tafsiri ya Qur’an ya Sheikh Abdullah Saleh Farsy,"TET(2023), MUHTASARI WA ELIMU YA DINI YA KIISLAMU KWA SHULE ZA SEKONDARI KIDATO CHA I - IV, TET, DAR ES SALAAM","Sura hizi fupi za Makka zina mafunzo ya shukrani, adhabu ya dhalimu, hatari ya usengenyaji na thamani ya wakati.","Suratul Quraysh (106) inawakumbusha Quraysh neema ya usalama wa safari zao za biashara za kiangazi na kipupwe, na kuwaamrisha kumwabudu Mola wa nyumba hii (Al-Kaaba). Suratul Fiil (105) inaeleza jinsi Allaah alivyowaangamiza jeshi la ndovu la Abraha lililotaka kubomoa Al-Kaaba kwa ndege wa Ababil. Suratul Humazah (104) inamlaani mchongezi na msengenyaji anayekusanya mali na kuihesabu, akidhani itamdumisha. Suratul Asr (103) inaapa kwa wakati kuwa binadamu wote wako hasarani isipokuwa walioamini, wakatenda mema, wakausiana haki na kuusiana subira.","Mfanyabiashara anayesoma Suratul Quraysh anakumbuka kumshukuru Allaah kwa usalama wa safari zake, kama Waquraysh walivyokumbushwa.",Suratul Asr humkumbusha mwanafunzi kutumia vizuri wakati wake kwa masomo na mema badala ya kuupoteza bure.,Suratul Fiil inaeleza tukio gani?::Kuangamizwa kwa jeshi la ndovu la Abraha kwa ndege wa Ababil.||Suratul Humazah inamlaani mtu wa aina gani?::Mchongezi na msengenyaji anayejivunia mali.||Suratul Asr inasema binadamu wote wako katika hali gani isipokuwa nani?::Wako hasarani isipokuwa walioamini na kutenda mema.,
2023-JSS031-Kidato III,"Kumtambua, kumpenda, kumtukuza na kumsifu Allaah (S.W)",Kuishi kwa kuzingatia Sunnah ya Mtume Muhammad (S.A.W),"Kuchambua sayansi ya Hadithi za Mtume Muhammad (S.A.W). (Aina, tanzu na uhakiki wa Hadithi)",Sayansi ya Hadithi za Mtume Muhammad (S.A.W),4,Maswali na majibu na majadiliano,Kuwaongoza Wanafunzi,Kuchambua sayansi ya Hadithi kumefanyika kwa usahihi.,Kitabu cha kiada kidato cha 3|Matini mbalimbali kuhusu sayansi ya Hadithi|Bango kitita,"TET(2023), MUHTASARI WA ELIMU YA DINI YA KIISLAMU KWA SHULE ZA SEKONDARI KIDATO CHA I - IV, TET, DAR ES SALAAM",Sayansi ya Hadithi (Mustolahul-Hadith) ni elimu ya kuchunguza uhalisia na daraja la Hadithi kupitia mfululizo wa wapokezi na maandishi.,"Aina za Hadithi kwa hadhi ni Sahihi (sahihi kabisa), Hasan (nzuri) na Dhaifu (dhaifu). Tanzu za Hadithi ni pamoja na Hadithi Qudsiy (maneno ya Allaah yaliyoelezwa kwa maneno ya Mtume) na Hadithi Nabawiy (maneno ya Mtume mwenyewe). Uhakiki wa Hadithi hufanywa kwa kuchunguza Isnaad (mfululizo wa wapokezi) na Matn (maudhui ya Hadithi), ukizingatia uadilifu na uwezo wa kumbukumbu wa kila mpokezi. Wanazuoni kama Imamu Bukhari walisafiri maelfu ya kilomita kuhakiki wapokezi kabla ya kuandika Hadithi katika vitabu vyao.","Hadithi inayopokewa na mtu asiyejulikana uadilifu wake huhesabiwa dhaifu, ilhali ile inayopokewa na wapokezi waaminifu wenye kumbukumbu nzuri huhesabiwa Sahihi.",Kujua sayansi ya Hadithi humsaidia Muislamu kutofautisha kati ya Hadithi za kweli na zilizobuniwa zinazosambaa mitandaoni.,"Taja aina tatu za Hadithi kwa hadhi.::Sahihi, Hasan na Dhaifu.||Isnaad ni nini?::Mfululizo wa wapokezi wa Hadithi.||Hadithi Qudsiy ni ipi?::Ni maneno ya Allaah yaliyoelezwa kwa maneno ya Mtume (S.A.W).",
2023-JSS031-Kidato III,"Kumtambua, kumpenda, kumtukuza na kumsifu Allaah (S.W)",Kuishi kwa kuzingatia Sunnah ya Mtume Muhammad (S.A.W),"Kuchambua Hadithi zilizoteuliwa kuhusu kujiepusha na ria na kujiona, kujiepusha na unafiki, kuwa mwenye huruma, kuwa na haya, kudhibiti hasira, kuwa mwenye subira na uvumilivu, kuwa mkarimu, kuepuka uchoyo na ubakhili, kuwa mwenye kutosheka, kuepuka husda. (Kusoma kwa kuhifadhi, kuandika, kutafsiri na kung’amua mafunzo)","Hadithi zilizoteuliwa kuhusu ria, unafiki, huruma na subira",4,Kazimradi,Kuwaongoza Wanafunzi,Kuchambua Hadithi zilizoteuliwa kumefanyika kwa usahihi.,Kitabu cha kiada kidato cha 3|Bango kitita|Tafsiri ya Riyadhus Salihin,"TET(2023), MUHTASARI WA ELIMU YA DINI YA KIISLAMU KWA SHULE ZA SEKONDARI KIDATO CHA I - IV, TET, DAR ES SALAAM",Hadithi hizi hufundisha usafi wa nia na tabia njema zinazomkinga mtu na maovu ya moyoni na ya nje.,"Mtume (S.A.W) alionya dhidi ya ria (kufanya ibada kuonyesha watu) akiiita ‘shirki ndogo’. Alifundisha kuwa unafiki ni kuonyesha imani nje huku ndani kukiwa na ukafiri. Alisema mwenye huruma huhurumiwa na Ar-Rahmaan, na akaamrisha kuwahurumia walio ardhini ili awahurumie aliye mbinguni. Alifundisha haya kama sehemu ya imani, na kudhibiti hasira kuwa ni ushujaa wa kweli: ‘Hodari si yule anayeshinda mieleka, bali ni anayejimiliki wakati wa hasira’. Alisisitiza subira, ukarimu, kutosheka na kujiepusha na husda kwa kuwa husda huteketeza mema kama moto uteketezavyo kuni.",Mwanafunzi anayemhurumia mwenzake maskini na kumsaidia bila kutaka sifa anaonyesha huruma isiyokuwa na ria.,Kudhibiti hasira wakati wa ugomvi darasani kunaonyesha ushujaa wa kweli kwa mujibu wa mafundisho ya Mtume (S.A.W).,"Ria ina hukumu gani kwa mujibu wa Mtume (S.A.W)?::Ni shirki ndogo.||Mtume alisema hodari ni nani?::Ni anayejimiliki wakati wa hasira, si anayeshinda mieleka.||Husda inafananishwa na nini katika Hadithi?::Inafananishwa na moto unaoteketeza kuni, ukiteketeza mema.",
2023-JSS031-Kidato III,Kumtumikia Allaah (S.W) katika kila kipengele cha maisha,Kutekeleza nguzo za Uislamu kwa kuzingatia lengo la kila nguzo,"Kuchambua nguzo ya Hija. (maana, aina, umuhimu, masharti, nguzo na sunnah)",Nguzo ya Hija,4,Bunguabongo,Kuwaongoza Wanafunzi,Nguzo ya Hija imechambuliwa kwa usahihi.,Kitabu cha kiada kidato cha 3|Bango kitita|Michoro ya Hija|TEHAMA,"TET(2023), MUHTASARI WA ELIMU YA DINI YA KIISLAMU KWA SHULE ZA SEKONDARI KIDATO CHA I - IV, TET, DAR ES SALAAM","Hija ni nguzo ya tano ya Uislamu, ni safari ya kwenda Makka kutekeleza ibada maalum, ni faradhi mara moja kwa mwenye uwezo.","Aina za Hija ni Ifrad (Hija peke yake), Tamattu’ (Umra kisha Hija) na Qiraan (Hija na Umra pamoja). Masharti ya Hija ni Uislamu, akili timamu, baleghe, uhuru na uwezo wa kimwili na kimali. Nguzo za Hija ni niyya ya Ihraam, Wuquuf Arafa, Tawaaf al-Ifaadha na Sa’ i baina ya Safa na Marwa. Sunnah zake ni pamoja na Tawaaf al-Qudum, kulala Muzdalifa na kupiga mawe Jamaraat. Umuhimu wa Hija ni kuunganisha Waislamu wa mataifa yote, kufuta madhambi na kukumbuka historia ya Nabii Ibrahim na mwanawe Ismail.",Waislamu kutoka mataifa mbalimbali wanapokusanyika Arafa wakiwa na mavazi sawa ya Ihraam wanaonyesha usawa na undugu unaoletwa na Hija.,Mwenye uwezo wa kifedha na kiafya anajitahidi kutekeleza Hija angalau mara moja maishani kama utekelezaji wa nguzo ya tano.,"Taja aina tatu za Hija.::Ifrad, Tamattu’ na Qiraan.||Taja nguzo mbili za Hija.::Wuquuf Arafa na Tawaaf al-Ifaadha.||Taja umuhimu mmoja wa Hija.::Kuunganisha Waislamu wa mataifa yote na kufuta madhambi.",
2023-JSS031-Kidato III,Kumtumikia Allaah (S.W) katika kila kipengele cha maisha,Kutekeleza nguzo za Uislamu kwa kuzingatia lengo la kila nguzo,"Kutathmini malengo ya nguzo za Uislamu. (namna lengo la kila nguzo linavyofikiwa, sababu za baadhi ya Waislamu kutofikia malengo ya nguzo za Uislamu)",Kutathmini malengo ya nguzo za Uislamu,2,Fikiri – jozisha – shirikisha,Kuwaongoza Wanafunzi,Kutathmini malengo ya nguzo za Uislamu kumefanyika kwa usahihi.,Kitabu cha kiada kidato cha 3|Bango kitita|TEHAMA,"TET(2023), MUHTASARI WA ELIMU YA DINI YA KIISLAMU KWA SHULE ZA SEKONDARI KIDATO CHA I - IV, TET, DAR ES SALAAM",Kila nguzo ya Uislamu ina lengo maalum linalojenga tabia na jamii bora. Kutathmini kunatusaidia kuona kama malengo hayo yanafikiwa.,"Lengo la Shahada ni kujenga msingi wa Tawhiid; la swala ni kujenga uhusiano wa mara kwa mara na Allaah na kuzuia maovu; la zakat ni kusafisha mali na kusaidia maskini; la funga ni kujenga taqwa na kujizuia na tamaa; na la Hija ni kuunganisha umma. Baadhi ya Waislamu hawafikii malengo haya kwa sababu ya kutekeleza nguzo kwa mazoea bila kuelewa maana yake, kukosa elimu ya kina, au kuathiriwa na mazingira ya kimaada yasiyozingatia maadili. Ni muhimu kuunganisha vitendo vya nje na uelewa wa ndani ili malengo yatimie.","Mtu anayeswali lakini bado anadanganya biashara zake hajafikia lengo la swala la kumzuia na maovu, ingawa ametekeleza kitendo cha nje.",Kutathmini malengo haya kunamsaidia Muislamu kujichunguza kama ibada zake zinaleta mabadiliko ya kweli katika tabia yake.,Lengo la zakat ni lipi?::Kusafisha mali na kusaidia maskini.||Taja sababu moja ya baadhi ya Waislamu kutofikia malengo ya nguzo.::Kutekeleza ibada kwa mazoea bila kuelewa maana yake.||Lengo la swala ni lipi?::Kujenga uhusiano na Allaah na kuzuia mtu na maovu.,
2023-JSS031-Kidato III,Kumtumikia Allaah (S.W) katika kila kipengele cha maisha,Kutekeleza nguzo za Uislamu kwa kuzingatia lengo la kila nguzo,Kuchanganua faida za utekelezaji wa nguzo za Uislamu,Kuchanganua faida za utekelezaji wa nguzo za Uislamu,2,Fikiri – jozisha – shirikisha,Kuwaongoza Wanafunzi,Kuchanganua faida za nguzo za Uislamu kumefanyika kwa usahihi.,Kitabu cha kiada kidato cha 3|Bango kitita|TEHAMA,"TET(2023), MUHTASARI WA ELIMU YA DINI YA KIISLAMU KWA SHULE ZA SEKONDARI KIDATO CHA I - IV, TET, DAR ES SALAAM","Utekelezaji wa nguzo za Uislamu huleta faida kwa mtu binafsi na kwa jamii nzima, kiroho na kimaisha.","Kwa mtu binafsi, nguzo hizi hujenga nidhamu ya wakati (kupitia swala), kujizuia na tamaa (kupitia funga), ukarimu (kupitia zakat) na umoja wa kiroho (kupitia Hija na Shahada). Kwa jamii, nguzo hizi hupunguza uhalifu kwa kuwa waumini huogopa Allaah, huimarisha mshikamano wa kijamii kupitia swala za jamaa na zakat kwa maskini, na huimarisha uchumi kwa kuwa zakat husambaza mali kwa wahitaji badala ya kubaki mikononi mwa matajiri wachache. Kwa ujumla nguzo hizi huleta usawa, amani na maendeleo ya kiroho na kijamii.","Kijiji kinachotoa zakat kwa wingi kwa maskini hupunguza umaskini uliokithiri, tofauti na jamii isiyozingatia ibada hii.","Kutekeleza nguzo hizi tano kwa uadilifu kunajenga jamii yenye maadili, amani na kusaidiana miongoni mwa watu.",Taja faida moja ya kibinafsi ya nguzo za Uislamu.::Hujenga nidhamu ya wakati kupitia swala au ukarimu kupitia zakat.||Taja faida moja ya kijamii ya nguzo za Uislamu.::Hupunguza uhalifu na kuimarisha mshikamano wa kijamii.||Zakat husaidiaje uchumi wa jamii?::Husambaza mali kwa wahitaji badala ya kubaki kwa matajiri wachache.,
2023-JSS031-Kidato III,Kumtumikia Allaah (S.W) katika kila kipengele cha maisha,Kuchunga mipaka ya Allaah (S.W) katika kuendesha maisha ya binafsi na jamii,"Kufafanua ufahamu wa talaka na eda katika Uislamu. (maana, hekima ya talaka, Sulhu kati ya mume na mke, aina za talaka, taratibu za talaka, aina za eda)",Talaka na eda katika Uislamu,4,Changanyakete,Kuwaongoza Wanafunzi,Kufafanua ufahamu wa talaka na eda kumefanyika kwa usahihi.,Kitabu cha kiada kidato cha 3|Matini mbalimbali kuhusu talaka na eda|Bango kitita,"TET(2023), MUHTASARI WA ELIMU YA DINI YA KIISLAMU KWA SHULE ZA SEKONDARI KIDATO CHA I - IV, TET, DAR ES SALAAM","Talaka ni kuvunjika kwa ndoa kwa hiari ya mume, na eda ni kipindi cha kusubiri baada ya talaka au kufiwa na mume. Uislamu unaruhusu talaka kama njia ya mwisho baada ya juhudi za maridhiano kushindikana.","Hekima ya talaka ni kutoa nafasi ya kutoka katika ndoa isiyoweza kuendelea kwa amani badala ya kuendelea kuteseka. Kabla ya talaka, Uislamu unahimiza Sulhu kwa kuweka mapatanisho kutoka pande zote za familia. Aina za talaka ni Raji’i (inayoruhusu kurejeana ndani ya eda) na Baa-in (isiyoruhusu kurejeana isipokuwa kwa nikaha mpya). Taratibu za talaka ni kutamkwa wakati mke hana hedhi na hawajakutana kimwili baada ya hedhi hiyo. Aina za eda ni miezi mitatu kwa mwanamke asiyepata hedhi, hadi kuzaa kwa mjamzito, na miezi minne na siku kumi kwa mjane.","Wanandoa wanaogombana wanashauriwa kutafuta wapatanishi wawili wa familia zao kabla ya kuamua kutalikiana, kama Qur’an inavyoelekeza katika Suratun-Nisaa (4:35).",Kuelewa taratibu za talaka na eda kunamsaidia jamii kuepuka migogoro ya kisheria na kulinda haki za wanandoa.,Talaka ni nini?::Ni kuvunjika kwa ndoa kwa hiari ya mume.||Taja aina mbili za talaka.::Raji’i na Baa-in.||Eda ya mjane ni muda gani?::Miezi minne na siku kumi.,
2023-JSS031-Kidato III,Kumtumikia Allaah (S.W) katika kila kipengele cha maisha,Kuchunga mipaka ya Allaah (S.W) katika kuendesha maisha ya binafsi na jamii,"Kuchambua malezi ya watoto baada ya ndoa kuvunjika. (mwenye haki na wajibu wa kulea, ukomo wa kulelewa watoto na haki zao)",Malezi ya watoto baada ya ndoa kuvunjika,2,Fikiri – jozisha – shirikisha,Kuwaongoza Wanafunzi,Kuchambua malezi ya watoto baada ya ndoa kuvunjika kumefanyika kwa usahihi.,Kitabu cha kiada kidato cha 3|Matini mbalimbali kuhusu malezi ya watoto|Bango kitita,"TET(2023), MUHTASARI WA ELIMU YA DINI YA KIISLAMU KWA SHULE ZA SEKONDARI KIDATO CHA I - IV, TET, DAR ES SALAAM","Ndoa inapovunjika, Uislamu umeweka mwongozo wa nani mwenye haki na wajibu wa kuwalea watoto ili wasidhurike.","Kwa kawaida mama ana haki zaidi ya kulea watoto wadogo (Hidhaana) kwa kuwa ana huruma na uvumilivu zaidi wa malezi ya awali, ilhali baba anabaki na wajibu wa matunzo ya kifedha. Mtoto akifikia umri fulani (kwa mfano miaka saba kwa mvulana kwa mujibu wa baadhi ya wanazuoni), anaweza kupewa nafasi ya kuchagua kuishi na yupi kati ya wazazi wake ikiwa wote wanafaa. Ukomo wa kulelewa na mama ni pale mtoto anapojitosheleza mwenyewe au anapofikia baleghe. Haki za watoto ni pamoja na malezi, elimu, upendo na kutobaguliwa kati ya wazazi wanaogombana.",Mtoto wa miaka mitano anayebaki na mama baada ya wazazi wake kuachana huku baba akimlipia gharama za shule anaonyesha jinsi Hidhaana na wajibu wa matunzo unavyogawanyika.,Wazazi wanaoachana wanapaswa kuweka mbele maslahi ya watoto badala ya kuwafanya chombo cha kulipiziana kisasi.,"Hidhaana ni nini?::Ni haki ya kulea mtoto mdogo, kwa kawaida ikiwa kwa mama.||Nani anabaki na wajibu wa matunzo ya kifedha ya mtoto?::Baba.||Taja haki moja ya mtoto baada ya wazazi wake kuachana.::Malezi, elimu au kutobaguliwa kati ya wazazi.",
2023-JSS031-Kidato III,Kumtumikia Allaah (S.W) katika kila kipengele cha maisha,Kuchunga mipaka ya Allaah (S.W) katika kuendesha maisha ya binafsi na jamii,"Kuchambua ufahamu wa wasia na mirathi katika Uislamu. (maana, taratibu, masharti ya wasia na mirathi, kanuni za kugawa mirathi na kukokotoa mafungu ya mirathi kwa kufuata sharia ya Kiislamu)",Wasia na mirathi katika Uislamu,4,Kumualika mgeni,Kuwaongoza Wanafunzi,Kuchambua ufahamu wa wasia na mirathi kumefanyika kwa usahihi.,Kitabu cha kiada kidato cha 3|Matini mbalimbali kuhusu wasia na mirathi|Bango kitita,"TET(2023), MUHTASARI WA ELIMU YA DINI YA KIISLAMU KWA SHULE ZA SEKONDARI KIDATO CHA I - IV, TET, DAR ES SALAAM","Wasia ni maagizo ya mtu kabla ya kufa, na mirathi ni ugawaji wa mali yake baada ya kufa kwa mujibu wa sharia.","Wasia unaruhusiwa kwa hadi thuluthi (moja ya tatu) ya mali kwa asiyekuwa miongoni mwa warithi, na masharti yake ni kuwa mtoaji awe na akili timamu na aandike au ashuhudiwe. Mirathi hugawanywa kwa mujibu wa Suratun-Nisaa (4:11-12), ikitofautisha fungu la mwanamume na mwanamke kulingana na wajibu wao wa kifedha katika familia, kwa mfano mwanamume hupata fungu mara mbili ya mwanamke katika baadhi ya hali kwa kuwa ana jukumu la matunzo ya familia. Kanuni za kugawa mirathi ni kulipa madeni na gharama za mazishi kwanza, kutekeleza wasia, kisha kugawa kilichobaki kwa warithi kwa mujibu wa mafungu yao.","Baba anapofariki akiacha mali ya shilingi milioni kumi, madeni na gharama za mazishi hulipwa kwanza, kisha kilichobaki hugawanywa kwa mke, watoto na warithi wengine kwa mujibu wa mafungu yaliyowekwa na sharia.",Kufuata sharia ya mirathi kunazuia migogoro ya kifamilia inayotokea pale mali inapogawanywa kwa hiari bila kufuata haki.,"Wasia unaruhusiwa hadi kiasi gani cha mali?::Thuluthi, yaani moja ya tatu ya mali.||Nini hulipwa kwanza kabla ya kugawa mirathi?::Madeni na gharama za mazishi.||Aya zinazoongoza mgawanyo wa mirathi zipo katika sura gani?::Suratun-Nisaa.",
2023-JSS031-Kidato III,Kulingania na kusimamisha Haki na Uadilifu katika jamii,Kutumia Qur’an na Sunnah kulingania jamii,"Kuchambua mipango katika Da`awah. (Maana, umuhimu, hatua, vigezo, mipango ya kistratejia)",Mipango katika Da’awah,2,Majadiliano,Kuwaongoza Wanafunzi,Kuchambua mipango katika Da`awah kumefanyika kwa usahihi.,Kitabu cha kiada kidato cha 3|Bango kitita|TEHAMA,"TET(2023), MUHTASARI WA ELIMU YA DINI YA KIISLAMU KWA SHULE ZA SEKONDARI KIDATO CHA I - IV, TET, DAR ES SALAAM",Da’awah yenye mafanikio huhitaji mipango madhubuti badala ya kufanywa kwa mazoea bila mwelekeo.,"Mipango ya Da’awah huanza na kutambua hadhira na mahitaji yao, kuweka malengo wazi, kuchagua mbinu zinazofaa na kutathmini matokeo. Vigezo vya mipango bora ni kuzingatia rasilimali zilizopo, muda, na uwezo wa walinganiaji. Mipango ya kistratejia huhusisha malengo ya muda mrefu kama kujenga taasisi za elimu, vituo vya Da’awah na mafunzo endelevu ya walinganiaji, tofauti na mipango ya muda mfupi ya matukio maalum kama semina moja. Umuhimu wa mipango ni kuepuka kupoteza rasilimali na kuongeza ufanisi wa kufikisha ujumbe.",Kikundi cha Da’awah kinachopanga ratiba ya miezi sita ya kutembelea shule mbalimbali kinaonyesha mfano wa mipango ya kistratejia badala ya kufanya kazi bila mpangilio.,Taasisi za dini zinazopanga vizuri shughuli zake za mafunzo na huduma kwa jamii huwa na matokeo bora ya kudumu.,"Mipango ya Da’awah huanza na hatua gani?::Kutambua hadhira na mahitaji yao.||Taja kigezo kimoja cha mipango bora ya Da’awah.::Kuzingatia rasilimali zilizopo na muda.||Mipango ya kistratejia hulenga muda gani?::Muda mrefu, kama kujenga taasisi za kudumu.",
2023-JSS031-Kidato III,Kulingania na kusimamisha Haki na Uadilifu katika jamii,Kutumia Qur’an na Sunnah kulingania jamii,"Kuchambua ufahamu wa uongozi bora katika kulingania. (Maana, umuhimu, aina na sifa za kiongozi wa Kiislamu)",Uongozi bora katika kulingania,2,Fikiri – jozisha – shirikisha,Kuwaongoza Wanafunzi,Kuchambua ufahamu wa uongozi katika kulingania kumefanyika kwa usahihi.,Kitabu cha kiada kidato cha 3|Bango kitita|TEHAMA,"TET(2023), MUHTASARI WA ELIMU YA DINI YA KIISLAMU KWA SHULE ZA SEKONDARI KIDATO CHA I - IV, TET, DAR ES SALAAM",Uongozi bora katika Da’awah ni muhimu kwa kuongoza timu ya walinganiaji kwa ufanisi na mafanikio.,"Aina za uongozi katika kulingania ni ule wa kidemokrasia unaoshirikisha maoni ya wote, na ule wa kiimla usiozingatia maoni ya wafuasi. Uislamu unahimiza uongozi wa kishauri (Shura) unaozingatia maoni ya wenzake huku uamuzi wa mwisho ukiwa kwa kiongozi. Sifa za kiongozi wa Kiislamu ni uadilifu, elimu, unyenyekevu, uwazi na kuwajibika. Umuhimu wa uongozi bora ni kuratibu juhudi za walinganiaji, kuepuka migongano, na kudumisha nidhamu na mwelekeo wa pamoja katika kazi ya Da’awah.",Kiongozi wa kikundi cha Da’awah anayeitisha kikao cha kushauriana kabla ya kuamua mpango wa mwaka anaonyesha uongozi wa Shura unaopendekezwa na Uislamu.,Uongozi bora katika taasisi za dini huleta mafanikio makubwa zaidi kuliko uongozi wa kiimla usiozingatia maoni ya wengine.,"Taja aina mbili za uongozi katika kulingania.::Uongozi wa kidemokrasia (Shura) na uongozi wa kiimla.||Taja sifa moja ya kiongozi wa Kiislamu.::Uadilifu, unyenyekevu au uwazi.||Uongozi bora una umuhimu gani katika Da’awah?::Huratibu juhudi za walinganiaji na kuepuka migongano.",
2023-JSS031-Kidato III,Kulingania na kusimamisha Haki na Uadilifu katika jamii,Kutumia Qur’an na Sunnah kulingania jamii,"Kuchambua mafunzo na mazoezi ya kuwaandaa walinganiaji. (Kutoa elimu, kuilea nafsi, kujihusisha na masuala ya kijamii, kuandaa na kutoa darsa na dua)",Mafunzo na mazoezi ya kuwaandaa walinganiaji,4,Fikiri – andika – jozisha – shirikisha,Kuwaongoza Wanafunzi,Kuchambua mafunzo na mazoezi ya kuwaandaa walinganiaji kumefanyika kwa usahihi.,Kitabu cha kiada kidato cha 3|Bango kitita|TEHAMA,"TET(2023), MUHTASARI WA ELIMU YA DINI YA KIISLAMU KWA SHULE ZA SEKONDARI KIDATO CHA I - IV, TET, DAR ES SALAAM",Mlinganiaji mzuri huandaliwa kwa elimu na mazoezi ya vitendo kabla ya kuanza kazi ya Da’awah kwa ufanisi.,"Kuandaa walinganiaji kunahusisha kutoa elimu ya Qur’an, Sunnah na lugha ya mawasiliano, kuwalea kinafsi kwa kuwajenga kiroho na kimaadili, kuwahusisha na masuala ya kijamii ili wajue mazingira wanayoyalingania, kuwapatia mazoezi ya kuandaa na kutoa darsa (mihadhara midogo) na dua, kuwafundisha namna ya kujihusisha kijamii kwa upole na hekima, na namna ya kutoa taarifa za kazi zao kwa uwazi na uwajibikaji. Mazoezi haya humjenga mlinganiaji awe na uwezo wa kukabiliana na changamoto mbalimbali za hadhira.",Kikundi cha vijana wa Da’awah kinachofanya mazoezi ya kutoa darsa fupi mbele ya wenzao kabla ya kwenda uwandani kinajiandaa vizuri kwa kazi halisi ya kulingania.,Mafunzo haya huwafanya walinganiaji wapya kuwa na ujasiri na uwezo wa kuwasiliana vizuri na jamii mbalimbali.,Taja jambo moja linalohusika katika kuandaa walinganiaji.::Kutoa elimu ya Qur’an na Sunnah au mazoezi ya kutoa darsa.||Kwa nini walinganiaji wanahitaji kujihusisha na masuala ya kijamii?::Ili wajue mazingira na mahitaji ya hadhira wanayoilingania.||Mazoezi ya kuandaa walinganiaji yana lengo gani kuu?::Kuwajenga wawe na uwezo wa kukabiliana na changamoto za hadhira.,
2023-JSS031-Kidato III,Kulingania na kusimamisha Haki na Uadilifu katika jamii,Kutumia Qur’an na Sunnah kulingania jamii,"Kuchambua hali ya Uislamu hivi leo. (Mtawanyo wa Waislamu na wasiokuwa Waislamu, mafanikio ya kielimu, kiuchumi, kisiasa na kijamii, vikwazo na utatuzi wake)",Hali ya Uislamu hivi leo,2,Majadiliano,Kuwaongoza Wanafunzi,Kuchambua hali ya Uislamu hivi leo kumefanyika kwa usahihi.,Kitabu cha kiada kidato cha 3|Bango kitita|Ramani ya dunia|TEHAMA,"TET(2023), MUHTASARI WA ELIMU YA DINI YA KIISLAMU KWA SHULE ZA SEKONDARI KIDATO CHA I - IV, TET, DAR ES SALAAM","Uislamu ni dini yenye wafuasi wengi duniani, lakini unakabiliwa na changamoto mbalimbali za kisasa.","Waislamu wametawanyika katika mabara yote, wakiwa wengi zaidi Asia, Afrika na Mashariki ya Kati, wakiishi pamoja na wasiokuwa Waislamu katika jamii nyingi. Mafanikio ya kielimu ni pamoja na kuongezeka kwa vyuo vya Kiislamu na wasomi katika nyanja mbalimbali; kiuchumi kumeongezeka taasisi za fedha za Kiislamu; kisiasa nchi nyingi za Kiislamu zinashiriki katika mashirika ya kimataifa; na kijamii kumeongezeka huduma za afya na elimu za Kiislamu. Vikwazo ni pamoja na migawanyiko ya kimadhehebu, migogoro ya kisiasa katika baadhi ya nchi, umaskini na taswira potofu inayotolewa na baadhi ya vyombo vya habari. Utatuzi wake ni kuimarisha umoja, elimu na mawasiliano bora na jamii ya kimataifa.",Kuongezeka kwa benki za Kiislamu zisizotoza riba katika nchi kama Tanzania kunaonyesha mafanikio ya kiuchumi ya Waislamu wa kisasa.,Kuelewa changamoto hizi kunamsaidia kijana Muislamu kujiandaa kuchangia utatuzi wake kupitia elimu na uadilifu.,"Taja bara moja lenye Waislamu wengi.::Asia, Afrika au Mashariki ya Kati.||Taja changamoto moja inayoikabili jamii ya Kiislamu leo.::Migawanyiko ya kimadhehebu au migogoro ya kisiasa.||Taja njia moja ya kutatua changamoto za Waislamu leo.::Kuimarisha umoja, elimu na mawasiliano bora.",
2023-JSS031-Kidato III,Kulingania na kusimamisha Haki na Uadilifu katika jamii,Kutumia historia ya Uislamu kujenga mwenendo mwema wa jamii,"Kuchambua uanzishwaji na uendeshaji wa dola ya Kiislamu Madina. (Hali ya Madina kabla ya kuhamia Mtume Muhammad (S.A.W) kiuchumi na kisiasa, hatua alizochukua Mtume Muhammad (S.A.W) katika uanzishaji dola, mifumo ya kiuchumi, kisiasa, usalama na diplomasia)",Uanzishwaji na uendeshaji wa dola ya Kiislamu Madina,4,"Majadiliano, maswali na majibu",Kuwaongoza Wanafunzi,Kuchambua uanzishwaji na uendeshaji wa dola ya Kiislamu Madina kumefanyika kwa usahihi.,Kitabu cha kiada kidato cha 3|Bango kitita|Ramani ya Madina|TEHAMA,"TET(2023), MUHTASARI WA ELIMU YA DINI YA KIISLAMU KWA SHULE ZA SEKONDARI KIDATO CHA I - IV, TET, DAR ES SALAAM","Baada ya Hijra, Mtume (S.A.W) alianzisha dola ya kwanza ya Kiislamu katika mji wa Madina, ukiwa mfano wa uongozi bora.","Kabla ya kuhamia Mtume, Madina (Yathrib) iligawanyika kikabila kati ya Aus na Khazraj waliopigana vita vya muda mrefu, huku Wayahudi wakiwa na nguvu za kiuchumi. Hatua za Mtume katika kuanzisha dola zilikuwa kujenga msikiti wa Quba na msikiti wa Mtume kama kituo cha ibada na uongozi, kuweka udugu (Muakhaa) kati ya Wahajiri na Answaar, na kuandika Katiba ya Madina iliyoweka haki na wajibu wa makundi yote yakiwemo Wayahudi. Mifumo ya kiuchumi ilijengwa kwa soko huru lisilo na riba, kisiasa kwa baraza la ushauri, na ulinzi kwa jeshi la kujitolea na mikataba ya kutoshambuliana na majirani.",Katiba ya Madina iliyowatambua Wayahudi kama sehemu ya jamii yenye haki na wajibu inaonyesha jinsi Mtume alivyojenga dola yenye haki kwa makundi yote.,"Kanuni za uongozi bora, haki na mshikamano zilizowekwa Madina bado ni mfano wa kuigwa katika uongozi wa jamii za leo.",Makabila mawili makuu ya Madina kabla ya Uislamu yaliitwa nani?::Aus na Khazraj.||Muakhaa ni nini?::Ni udugu uliowekwa kati ya Wahajiri na Answaar.||Katiba ya Madina iliwahusisha kina nani?::Waislamu na Wayahudi wa Madina.,
2023-JSS031-Kidato III,Kulingania na kusimamisha Haki na Uadilifu katika jamii,Kutumia historia ya Uislamu kujenga mwenendo mwema wa jamii,"Kuchambua upinzani dhidi ya Dola ya Kiislamu Madina. (vita vya Badri, vita vya Uhud, vita vya Ahzab, uadui wa Mayahudi, vita vya Hunein, hatua zilizochukuliwa na Mtume Muhammad (S.A.W) na mafunzo yatokanayo)",Upinzani dhidi ya Dola ya Kiislamu Madina,4,"Majadiliano, maswali na majibu",Kuwaongoza Wanafunzi,Kuchambua upinzani dhidi ya Dola ya Kiislamu Madina kumefanyika kwa usahihi.,Kitabu cha kiada kidato cha 3|Bango kitita|Ramani ya Madina|TEHAMA,"TET(2023), MUHTASARI WA ELIMU YA DINI YA KIISLAMU KWA SHULE ZA SEKONDARI KIDATO CHA I - IV, TET, DAR ES SALAAM",Dola changa ya Madina ilikabiliwa na upinzani mkali kutoka kwa Maquraysh wa Makka na Wayahudi waliovunja mikataba.,"Vita vya Badri (mwaka wa pili Hijria) vilikuwa ushindi wa kwanza mkubwa wa Waislamu wachache dhidi ya jeshi kubwa la Maquraysh. Vita vya Uhud (mwaka wa tatu) vilileta hasara kwa Waislamu baada ya wapiga mishale kuacha nafasi zao, likiwa somo la kutii amri za kiongozi. Vita vya Ahzab (Handaki) vilishuhudia mbinu ya kuchimba handaki kuzuia jeshi la washirikina waliokusanyika kutoka makabila mbalimbali. Uadui wa Mayahudi ulijitokeza kwa kuvunja mikataba ya Madina mara kadhaa. Vita vya Hunein vilitokea baada ya ukombozi wa Makka dhidi ya makabila ya Hawazin. Mafunzo ni umuhimu wa utii, mikakati ya kivita na kutegemea Allaah.","Somo la Uhud, ambapo baadhi ya wapiga mishale waliacha nafasi zao kwa tamaa ya ngawira, linafundisha umuhimu wa kutii amri za kiongozi hata katika ushindi unaoonekana wazi.",Historia hii humfundisha Muislamu subira na busara katika kukabiliana na changamoto na upinzani wa maadui wa haki.,Vita vya kwanza vikubwa vya Waislamu viliitwa nini?::Vita vya Badri.||Ni mbinu gani ya kivita iliyotumika katika vita vya Ahzab?::Kuchimba handaki.||Somo kuu la vita vya Uhud ni lipi?::Umuhimu wa kutii amri za kiongozi.,
2023-JSS031-Kidato III,Kulingania na kusimamisha Haki na Uadilifu katika jamii,Kutumia historia ya Uislamu kujenga mwenendo mwema wa jamii,"Kubainisha ushindi wa Waislamu (Fat-hu Makkah). (Mkataba wa Hudaybiyya, kukombolewa mji wa Makka, msafara wa Tabuuk, Hija ya kuaga na mafunzo yatokanayo)",Ushindi wa Waislamu: Fat-hu Makkah,4,"Majadiliano, maswali na majibu",Kuwaongoza Wanafunzi,Kubainisha ushindi wa Waislamu kumefanyika kwa usahihi.,Kitabu cha kiada kidato cha 3|Bango kitita|Ramani ya Makka na Madina|TEHAMA,"TET(2023), MUHTASARI WA ELIMU YA DINI YA KIISLAMU KWA SHULE ZA SEKONDARI KIDATO CHA I - IV, TET, DAR ES SALAAM","Fat-hu Makkah ni ukombozi wa amani wa mji wa Makka na Waislamu, ukiwa ushindi mkubwa bila umwagaji mkubwa wa damu.","Mkataba wa Hudaybiyya (mwaka wa sita Hijria) ulikuwa mkataba wa amani kati ya Waislamu na Maquraysh uliowapa Waislamu fursa ya kulingania kwa amani, ingawa masharti yalionekana kuwaumiza Waislamu mwanzoni. Baada ya Maquraysh kuvunja mkataba, Mtume aliongoza jeshi kubwa kukomboa Makka mwaka wa nane Hijria bila vita kubwa, akitangaza msamaha wa jumla kwa Maquraysh. Msafara wa Tabuuk ulikuwa jitihada ya kukabiliana na tishio la Warumi. Hija ya kuaga ilikuwa Hija ya mwisho ya Mtume, aliyotoa hotuba muhimu ya haki za binadamu na usawa. Mafunzo ni msamaha, uvumilivu na busara katika uongozi.",Msamaha wa Mtume kwa Maquraysh waliomtesa yeye na Waislamu kwa miaka mingi baada ya kukomboa Makka unaonyesha ukuu wa tabia na uongozi wenye huruma.,Somo la Fat-hu Makkah linamfundisha kiongozi wa leo umuhimu wa kusamehe badala ya kulipiza kisasi anapopata ushindi.,Mkataba wa Hudaybiyya ulisainiwa mwaka gani wa Hijria?::Mwaka wa sita Hijria.||Fat-hu Makkah ilitokea mwaka gani wa Hijria?::Mwaka wa nane Hijria.||Mtume alifanya nini kwa Maquraysh baada ya kukomboa Makka?::Aliwasamehe wote kwa msamaha wa jumla.,
2023-JSS031-Kidato IV,"Kumtambua, kumpenda, kumtukuza na kumsifu Allaah (S.W)",Kutambua uwepo wa Allaah (S.W) na sifa zake,"Kueleza Itikadi, udhaifu na athari za dini zilizoundwa na watu. (Ukafiri, ushirikina - ukristo na uyahudi, utawa - ubudha, uhindu)","Itikadi, udhaifu na athari za dini zilizoundwa na watu",4,Majadiliano,Kuwaongoza Wanafunzi,"Itikadi, udhaifu na athari ya dini zilizoundwa na watu zimeelezwa kwa usahihi.",Kitabu cha kiada kidato cha 4|Bango kitita|Matini mbalimbali kuhusu athari ya dini za watu|TEHAMA,"TET(2023), MUHTASARI WA ELIMU YA DINI YA KIISLAMU KWA SHULE ZA SEKONDARI KIDATO CHA I - IV, TET, DAR ES SALAAM","Baadhi ya dini duniani ni zao la fikra za wanadamu badala ya wahyi wa Allaah, hivyo zina udhaifu wa kiimani na kiakili.","Ukafiri ni kukataa kabisa kuwepo kwa Allaah, mara nyingi ukiegemea nadharia za kimaada zisizo na dalili za kutosha. Ushirikina wa Kikristo na Kiyahudi unajumuisha imani za utatu na kudai kuwa Allaah ana mwana, jambo linalopingana na Tawhiid na akili timamu. Utawa ni kujitenga na maisha ya kawaida kwa madai ya kumkurubia Mungu, mfano wa Ubudha unaotafuta kuondoa mateso kwa kuacha tamaa za dunia, na Uhindu wenye miungu mingi na mfumo wa tabaka. Udhaifu wa dini hizi ni kukosa uthibitisho wa wahyi ulioandikwa bila kubadilishwa, kupingana na akili na sayansi, na kutokuwa na mwongozo kamili wa maisha ya kila siku. Athari zake kwa jamii ni migawanyiko ya kitabaka, kukosa mwelekeo wa maadili thabiti na baadhi kuishi kwa mateso yasiyo na sababu.",Mfumo wa tabaka katika baadhi ya jamii za Kihindu unaowabagua watu kwa kuzaliwa unapingana na Uislamu unaofundisha usawa wa wanadamu wote mbele ya Allaah.,Kuelewa udhaifu wa dini hizi kunamsaidia Muislamu kuwa imara katika Tawhiid na kuwaeleza wengine kwa hoja na si kwa dharau.,Ukafiri ni nini?::Ni kukataa kabisa kuwepo kwa Allaah.||Taja udhaifu mmoja wa dini zilizoundwa na watu.::Kukosa uthibitisho wa wahyi usiobadilishwa au kupingana na akili.||Taja mfano mmoja wa athari za dini hizi katika jamii.::Migawanyiko ya kitabaka au kukosa mwelekeo wa maadili thabiti.,
2023-JSS031-Kidato IV,"Kumtambua, kumpenda, kumtukuza na kumsifu Allaah (S.W)",Kutambua uwepo wa Allaah (S.W) na sifa zake,Kujadili vigezo vya dini sahihi anayostahiki mwanadamu,Vigezo vya dini sahihi anayostahiki mwanadamu,4,Majadiliano,Kuwaongoza Wanafunzi,Vigezo vya dini sahihi vimejadiliwa kwa usahihi.,Kitabu cha kiada kidato cha 4|Bango kitita|Matini mbalimbali kuhusu vigezo vya dini sahihi,"TET(2023), MUHTASARI WA ELIMU YA DINI YA KIISLAMU KWA SHULE ZA SEKONDARI KIDATO CHA I - IV, TET, DAR ES SALAAM","Kati ya dini nyingi duniani, kuna vigezo vinavyosaidia kutambua dini ya kweli inayostahiki kufuatwa na mwanadamu.","Vigezo vya dini sahihi ni pamoja na kutoka kwa Muumba mwenyewe na si kubuniwa na binadamu, kutokuwa na mgongano wa kiakili au kisayansi, kuwa na kitabu kilichohifadhiwa bila kubadilishwa, kuwa na mfumo kamili wa maisha unaogusa ibada, uchumi, siasa na maadili, kuwafanya wafuasi wake kuwa na usawa mbele ya sheria zake bila ubaguzi wa kabila au tabaka, na kuwa na lengo la kumuunganisha mwanadamu na Muumba wake kwa amani ya moyoni. Uislamu unatimiza vigezo hivi vyote kupitia Qur’an iliyohifadhiwa, Sunnah ya Mtume, na mfumo kamili wa maisha unaozingatia usawa wa watu wote.",Dini isiyoweza kujibu maswali ya kisayansi kuhusu chanzo cha uumbaji kwa uwiano na akili haiwezi kuchukuliwa kuwa dini kamili ya kweli.,Kutambua vigezo hivi kunamsaidia kijana kuchagua njia sahihi ya maisha badala ya kufuata dini kwa mazoea au shinikizo la jamii.,Taja kigezo kimoja cha dini sahihi.::Kutoka kwa Muumba na kutokuwa na mgongano wa kiakili.||Kwa nini kitabu cha dini kinapaswa kuwa kimehifadhiwa?::Ili kisibadilishwe na kupoteza ujumbe wake wa asili.||Uislamu unatimiza vigezo vya dini sahihi kupitia nini?::Kupitia Qur’an iliyohifadhiwa na Sunnah ya Mtume.,
2023-JSS031-Kidato IV,"Kumtambua, kumpenda, kumtukuza na kumsifu Allaah (S.W)",Kuisoma Qur’an kwa mazingatio ya hukumu na ujumbe,Kufafanua Ithibati ya Qur’an. (Hoja za kuthibitisha kuwa Qur’an ni Kitabu cha Allaah (S.W) na udhaifu wa madai ya wapinzani dhidi ya Qur’an),Ithibati ya Qur’an,4,Maswali na majibu,Kuwaongoza Wanafunzi,Kufafanua ithibati ya Qur’an kumefanyika kwa usahihi.,Kitabu cha kiada kidato cha 4|Tafsiri ya Qur’an ya Sheikh Abdullah Saleh Farsy|Bango kitita,"TET(2023), MUHTASARI WA ELIMU YA DINI YA KIISLAMU KWA SHULE ZA SEKONDARI KIDATO CHA I - IV, TET, DAR ES SALAAM","Qur’an ina hoja nyingi zinazothibitisha kuwa ni Kitabu cha Allaah, na si tungo la mwanadamu kama wapinzani wanavyodai.","Hoja za kuthibitisha Qur’an ni Kitabu cha Allaah ni pamoja na muujiza wa kiisimu usioweza kuigwa na wanadamu (I’jaaz), habari za mambo yaliyofichika ambazo Mtume asiyejua kusoma wala kuandika hakuweza kuzijua, ukweli wa kisayansi uliotangulia zama zake kama hatua za kutungwa mimba, kutokuwepo mgongano ndani yake licha ya kushuka kwa miaka ishirini na tatu, na kutimia kwa unabii wake kama ushindi wa Warumi. Udhaifu wa madai ya wapinzani, kama kudai kuwa Mtume aliitunga mwenyewe au kuinakili kutoka vitabu vingine, unadhihirika kwa kuwa Mtume hakuwa msomi na wapinzani wenyewe hawakuweza kuleta sura moja ya kufanana nayo licha ya changamoto ya Qur’an kuwapa nafasi hiyo.",Maelezo ya Qur’an kuhusu hatua za maendeleo ya mtoto tumboni yaliyothibitishwa baadaye na sayansi ya kisasa yanathibitisha kuwa maarifa hayo hayakuweza kuwa ya mwanadamu wa zama hizo.,Kujua hoja hizi kunamwezesha Muislamu kujibu maswali ya wasioamini kwa hoja imara badala ya kukata tamaa.,Taja hoja moja inayothibitisha Qur’an ni Kitabu cha Allaah.::Muujiza wa kiisimu usioweza kuigwa na wanadamu.||Kwa nini Mtume hakuweza kuitunga Qur’an mwenyewe kimtazamo wa hoja hii?::Kwa sababu hakuwa msomi wa kusoma na kuandika.||Wapinzani wa Qur’an walishindwa kufanya nini licha ya changamoto?::Kuleta sura moja ya kufanana na Qur’an.,
2023-JSS031-Kidato IV,"Kumtambua, kumpenda, kumtukuza na kumsifu Allaah (S.W)",Kuisoma Qur’an kwa mazingatio ya hukumu na ujumbe,"Kuchambua sura zilizoteuliwa: Tyn (95), Nashrah (94), Takaathur (102), Al-Bayyinah (98), Adh Dhuhaa (93), Al-A’alaa (87). (Kusoma kwa kuhifadhi, kutafsiri, kutoa mafunzo yatokanayo)","Sura za Tyn, Nashrah, Takaathur, Al-Bayyinah, Adh Dhuhaa na Al-A’alaa",8,Kazimradi,Kuwaongoza Wanafunzi,Kuchambua sura zilizoteuliwa kumefanyika kwa usahihi.,Kitabu cha kiada kidato cha 4|Tafsiri ya Qur’an ya Sheikh Abdullah Saleh Farsy|Bango kitita,"TET(2023), MUHTASARI WA ELIMU YA DINI YA KIISLAMU KWA SHULE ZA SEKONDARI KIDATO CHA I - IV, TET, DAR ES SALAAM","Sura hizi za Makka zinagusa uumbaji wa mwanadamu, faraja ya Mtume, hatari ya kujilimbikizia mali, na kumtukuza Allaah.","Suratut-Tiyn (95) inaapa kwa mtini na zaituni ikieleza kuwa mwanadamu ameumbwa kwa umbo bora zaidi, lakini hushuka chini ya wanyonge asipoamini na kutenda mema. Suratul-Inshirah/Nashrah (94) inamfariji Mtume kwa kumkumbusha kuwa baada ya dhiki huja faraja. Suratut-Takaathur (102) inawaonya wanadamu wanaoshindana kujilimbikizia mali na watoto hadi wanapofika makaburini ndipo wanapotambua ubatili wa mashindano hayo. Al-Bayyinah (98) inaeleza kuwa watu wa Kitabu na washirikina hawakugawanyika mpaka ilipowajia Bayyina, yaani ushahidi wazi wa Mtume Muhammad (S.A.W). Adh-Dhuhaa (93) inamfariji Mtume dhidi ya wasiwasi wa kuachwa na Allaah. Al-A’laa (87) inamwamrisha Mtume kulitakasa jina la Mola wake Mtukufu.",Suratut-Takaathur inamfundisha mfanyabiashara kutokujishughulisha kupindukia na kukusanya mali kiasi cha kusahau maandalizi ya Akhera.,"Sura hizi humpa Muislamu faraja wakati wa dhiki, kwa kuwa humkumbusha kuwa Allaah hamsahau mja wake anayesubiri.",Suratut-Tiyn inaeleza mwanadamu ameumbwa katika hali gani?::Katika umbo bora kabisa.||Suratut-Takaathur inaonya kuhusu nini?::Kushindana kujilimbikizia mali na watoto kupita kiasi.||Adh-Dhuhaa inamfariji Mtume kuhusu nini?::Kumfariji dhidi ya wasiwasi wa kuachwa na Allaah.,
2023-JSS031-Kidato IV,"Kumtambua, kumpenda, kumtukuza na kumsifu Allaah (S.W)",Kuishi kwa kuzingatia Sunnah ya Mtume Muhammad (S.A.W),Kuchambua kukubalika kwa Hadithi. (Hoja za kukubalika na udhaifu wa hoja za wapinzani wa Hadithi),Kukubalika kwa Hadithi,4,Majadiliano,Kuwaongoza Wanafunzi,Kuchambua kukubalika kwa Hadithi kumefanyika kwa usahihi.,Kitabu cha kiada kidato cha 4|Matini mbalimbali kuhusu Hadithi|Bango kitita,"TET(2023), MUHTASARI WA ELIMU YA DINI YA KIISLAMU KWA SHULE ZA SEKONDARI KIDATO CHA I - IV, TET, DAR ES SALAAM","Baadhi ya watu hupinga uhalali wa Hadithi kama chanzo cha sharia, hivyo ni muhimu kujua hoja za kukubalika kwake.","Hoja za kukubalika kwa Hadithi ni Qur’an yenyewe kuamrisha kumtii Mtume (33:21) na kuwa mfano bora, uwepo wa mfumo madhubuti wa kuhakiki Isnaad na Matn uliotumiwa na wanazuoni, na uthibitisho wa historia kuwa Maswahaba waliihifadhi kwa uangalifu mkubwa. Udhaifu wa hoja za wapinzani wa Hadithi, wanaodai kuwa Qur’an pekee inatosha, unabainika kwa kuwa Qur’an yenyewe haielezi kwa undani jinsi ya kuswali au kutekeleza ibada nyingine, hivyo bila Hadithi ufafanuzi huo ungepotea. Kupinga Hadithi kunatoa mwanya wa kupotosha sharia ya Kiislamu na kuvuruga mfumo mzima wa dini.","Idadi ya rakaa za swala haikuelezwa waziwazi katika Qur’an, bali ilifafanuliwa na Sunnah, hivyo kukataa Hadithi kungefanya swala isijulikane inavyotekelezwa.",Kuelewa hoja hizi kunamwezesha Muislamu kutetea msimamo wake wa kufuata Qur’an na Sunnah kwa pamoja.,"Taja hoja moja ya kukubalika kwa Hadithi.::Qur’an yenyewe inaamrisha kumtii Mtume na kumfuata.||Wapinzani wa Hadithi wanadai nini?::Wanadai kuwa Qur’an pekee inatosha bila Hadithi.||Kwa nini Hadithi ni muhimu kwa ibada kama swala?::Kwa sababu Qur’an haielezi kwa undani jinsi ya kuswali, bali Hadithi ndiyo inayofafanua.",
2023-JSS031-Kidato IV,"Kumtambua, kumpenda, kumtukuza na kumsifu Allaah (S.W)",Kuishi kwa kuzingatia Sunnah ya Mtume Muhammad (S.A.W),"Kuchambua Hadithi zilizoteuliwa kuhusu kuwa na Hekima, kuepuka tamaa na kuombaomba, kumtegemea Allaah (S.W), kuepuka kukata tamaa, kuwa na Istiqama. (Kusoma kwa kuhifadhi, kuandika, kutafsiri na kubaini mafunzo)","Hadithi zilizoteuliwa kuhusu Hekima, kutotamani na Istiqama",6,Kazimradi,Kuwaongoza Wanafunzi,Kuchambua Hadithi zilizoteuliwa kumefanyika kwa usahihi.,Kitabu cha kiada kidato cha 4|Tafsiri ya Riyadhus Salihin|Bango kitita,"TET(2023), MUHTASARI WA ELIMU YA DINI YA KIISLAMU KWA SHULE ZA SEKONDARI KIDATO CHA I - IV, TET, DAR ES SALAAM","Hadithi hizi humfundisha Muislamu kuwa na busara, kuridhika na riziki yake na kusimama imara katika njia ya haki.","Mtume (S.A.W) alisema ‘Neno la hekima ni mali iliyopotea ya Muumini, popote alipatapo analichukua’ akihimiza kutafuta busara popote inapopatikana. Alifundisha kuepuka tamaa na kuombaomba bila haja, akisema mkono wa juu (unaotoa) ni bora kuliko mkono wa chini (unaopokea). Alifundisha kumtegemea Allaah kwa Hadithi ya ndege atokaye asubuhi tumbo tupu na kurudi jioni ameshiba, akionyesha kuwa riziki hupatikana kwa jitihada na tawakkul. Alikataza kukata tamaa akisema msikate tamaa na rehema ya Allaah. Istiqama ni kusimama imara katika njia ya haki bila kuyumba, kama alivyoamrishwa katika Suratu Huud (11:112).",Mfanyabiashara mdogo anayeamka kila siku kutafuta riziki badala ya kuombaomba anaonyesha kutumia mkono wa juu kama Hadithi inavyofundisha.,Kuishi kwa Istiqama kunamsaidia kijana kuendelea kufanya mema hata pale majaribu yanapokuwa magumu.,Mtume alifundisha nini kuhusu mkono wa juu na wa chini?::Mkono wa juu (unaotoa) ni bora kuliko mkono wa chini (unaopokea).||Hadithi ya ndege inafundisha nini?::Kumtegemea Allaah huku ukijitahidi kutafuta riziki.||Istiqama ni nini?::Ni kusimama imara katika njia ya haki bila kuyumba.,
2023-JSS031-Kidato IV,Kumtumikia Allaah (S.W) katika kila kipengele cha maisha,Kutekeleza nguzo za Uislamu kwa kuzingatia lengo la kila nguzo,"Kuandaa na kutoa khutba za Ijumaa na Eid. (Maana, umuhimu, masharti, nguzo, sunnah na adabu)",Kuandaa na kutoa khutba za Ijumaa na Eid,2,Majadiliano na Igizodhima,Kuwaongoza Wanafunzi,Kuandaa na kutoa khutba za Ijumaa na Eid kumefanyika kwa usahihi.,Kitabu cha kiada kidato cha 4|Matini mbalimbali kuhusu khutba za Ijumaa na Eid|Bango kitita,"TET(2023), MUHTASARI WA ELIMU YA DINI YA KIISLAMU KWA SHULE ZA SEKONDARI KIDATO CHA I - IV, TET, DAR ES SALAAM","Khutba ni hotuba ya kidini inayotolewa kabla ya swala ya Ijumaa na Eid, ikiwa na masharti na muundo maalum.","Khutba ya Ijumaa ina nguzo kama kumhimidi Allaah, kushuhudia Shahada, kusoma sehemu ya Qur’an, kuwausia waumini na kuwaombea. Masharti yake ni kutolewa baada ya kuingia wakati wa Adhuhuri, kwa Kiarabu kwa asili yake ingawa ufafanuzi unaweza kutolewa kwa lugha ya wenyeji, na khatibu awe amesimama. Sunnah zake ni kutoa mihadhara miwili yenye kikao kifupi katikati. Khutba ya Eid hutolewa baada ya swala tofauti na Ijumaa inayotangulia swala, na huzingatia shukrani kwa Allaah na mausia ya kuendelea na wema. Adabu za khutba ni kunyamaza kimya na kusikiliza kwa umakini.","Khatibu anayeandaa khutba ya Ijumaa huchagua mada inayoendana na mahitaji ya jamii yake, kama umoja au uadilifu, na kuiwasilisha kwa lugha rahisi kueleweka.",Kuhudhuria khutba ya Ijumaa kila wiki humkumbusha Muislamu masuala ya kiimani na kijamii yanayomhusu.,"Taja nguzo moja ya khutba ya Ijumaa.::Kumhimidi Allaah au kushuhudia Shahada.||Khutba ya Eid hutolewa lini ikilinganishwa na swala?::Baada ya swala, tofauti na Ijumaa inayotangulia swala.||Adabu moja ya kusikiliza khutba ni ipi?::Kunyamaza kimya na kusikiliza kwa umakini.",
2023-JSS031-Kidato IV,Kumtumikia Allaah (S.W) katika kila kipengele cha maisha,Kutekeleza nguzo za Uislamu kwa kuzingatia lengo la kila nguzo,"Kuandaa na kutoa khutba ya ndoa. (Maana, umuhimu, masharti, nguzo, sunnah na adabu)",Kuandaa na kutoa khutba ya ndoa,2,Majadiliano,Kuwaongoza Wanafunzi,Uandaaji na utoaji wa khutba ya ndoa umefanyika kwa usahihi.,Kitabu cha kiada kidato cha 4|Matini mbalimbali kuhusu khutba ya ndoa|Bango kitita,"TET(2023), MUHTASARI WA ELIMU YA DINI YA KIISLAMU KWA SHULE ZA SEKONDARI KIDATO CHA I - IV, TET, DAR ES SALAAM","Khutba ya ndoa ni hotuba fupi inayotolewa kabla ya kufunga ndoa, ikiwaandaa wanandoa na kuwaombea baraka.","Khutba ya ndoa huanza kwa kumhimidi Allaah na kushuhudia Shahada, kisha kusoma aya za Qur’an kuhusu ndoa na familia, kufuatiwa na mawaidha kwa bwana harusi na bibi harusi kuhusu haki na wajibu wao. Masharti yake ni kutolewa na mtu mwenye elimu ya dini kabla ya kusomewa mkataba wa ndoa (Ijabu na Qabuul). Nguzo zake ni sawa na khutba nyingine za kidini, ikiwa na hisia za shukrani na furaha. Sunnah zake ni kuombea baraka kwa wanandoa na kuwakumbusha umuhimu wa uvumilivu na mapenzi katika ndoa. Adabu ni kuhudhuriwa na jamaa na mashahidi kwa heshima.","Sheikh anayetoa khutba ya ndoa huwakumbusha bwana harusi na bibi harusi kuhusu uvumilivu na mapenzi, akitumia mfano wa maisha ya Mtume (S.A.W) na wake zake.",Khutba ya ndoa huwapa wanandoa msingi wa kiroho unaowasaidia kuanza maisha yao ya ndoa kwa baraka na uelewa wa wajibu wao.,Khutba ya ndoa hutolewa lini?::Kabla ya kusomewa mkataba wa ndoa (Ijabu na Qabuul).||Khutba ya ndoa huanza vipi?::Kwa kumhimidi Allaah na kushuhudia Shahada.||Taja jambo moja linalofundishwa katika mawaidha ya khutba ya ndoa.::Haki na wajibu wa wanandoa au uvumilivu katika ndoa.,
2023-JSS031-Kidato IV,Kumtumikia Allaah (S.W) katika kila kipengele cha maisha,Kuchunga mipaka ya Allaah (S.W) katika kuendesha maisha ya binafsi na jamii,"Kufafanua ufahamu wa kudhibiti uzazi katika Uislamu. (Maana, udhaifu wa hoja za wanaoendesha kampeni ya kudhibiti uzazi, mtazamo wa Uislamu juu ya kudhibiti uzazi)",Kudhibiti uzazi katika Uislamu,2,Maswali na majibu,Kuwaongoza Wanafunzi,Kufafanua ufahamu wa kudhibiti uzazi kumefanyika kwa usahihi.,Kitabu cha kiada kidato cha 4|Matini mbalimbali kuhusu kudhibiti uzazi|Bango kitita,"TET(2023), MUHTASARI WA ELIMU YA DINI YA KIISLAMU KWA SHULE ZA SEKONDARI KIDATO CHA I - IV, TET, DAR ES SALAAM","Suala la kudhibiti uzazi ni la kisasa lililoletwa hasa na kampeni za kimataifa, na Uislamu una mtazamo wake wa kiwiano kulihusu.","Wanaoendesha kampeni za kudhibiti uzazi mara nyingi hutumia hoja za uchache wa rasilimali na maendeleo ya kiuchumi, hoja ambazo Uislamu unaziona na udhaifu kwa kuwa Allaah ndiye mruzuku wa viumbe vyote na ongezeko la watu ni nguvu kazi na baraka. Uislamu unaruhusu kupanga uzazi kwa sababu za kiafya ya mama au uwezo wa malezi bora, kwa ridhaa ya wanandoa wote wawili, lakini hauruhusu kuzuia uzazi kwa jumla kwa hofu ya umaskini kwa kuwa hilo ni kutilia shaka riziki ya Allaah. Mtazamo wa Uislamu ni kuwa kila mtoto huzaliwa na riziki yake tayari, hivyo mipango ya uzazi inapaswa kuzingatia maslahi ya familia bila kupinga hekima ya Allaah katika kuumba.","Familia inayopanga nafasi ya miaka miwili kati ya mtoto mmoja na mwingine kwa sababu za kiafya za mama, kwa ridhaa ya wazazi wote wawili, inatofautiana na wanaozuia kuzaa kabisa kwa hofu ya umaskini.",Kuelewa mtazamo huu kunamsaidia Muislamu kufanya maamuzi ya familia yanayoendana na sharia bila kuathiriwa na hoja za nje zisizo na msingi wa kiimani.,"Wanaoendesha kampeni za kudhibiti uzazi hutumia hoja zipi?::Uchache wa rasilimali na maendeleo ya kiuchumi.||Uislamu unaruhusu kupanga uzazi kwa sababu zipi?::Sababu za kiafya ya mama au uwezo wa malezi bora, kwa ridhaa ya wanandoa.||Uislamu haukubaliani na nini kuhusu kuzuia uzazi kwa jumla?::Kutilia shaka riziki ya Allaah kwa hofu ya umaskini.",
2023-JSS031-Kidato IV,Kumtumikia Allaah (S.W) katika kila kipengele cha maisha,Kuchunga mipaka ya Allaah (S.W) katika kuendesha maisha ya binafsi na jamii,"Kuchambua hadhi na haki za mwanamke katika Uislamu. (tofauti ya hadhi na haki za mwanamke katika Uislamu na jamii za kijahili, hifadhi ya mwanamke katika Uislamu)",Hadhi na haki za mwanamke katika Uislamu,2,Utafiti mdogo,Kuwaongoza Wanafunzi,Kuchambua hadhi na haki za mwanamke katika Uislamu kumefanyika kwa usahihi.,Kitabu cha kiada kidato cha 4|Matini mbalimbali kuhusu hadhi ya mwanamke|Bango kitita,"TET(2023), MUHTASARI WA ELIMU YA DINI YA KIISLAMU KWA SHULE ZA SEKONDARI KIDATO CHA I - IV, TET, DAR ES SALAAM",Uislamu umeinua hadhi ya mwanamke iliyokuwa imedharauliwa katika jamii za kijahili kabla ya kuja kwake.,"Katika jamii za kijahili, mwanamke alidharauliwa hadi baadhi ya makabila kuwazika watoto wa kike wakiwa hai, na wanawake hawakuwa na haki ya kurithi wala kuchagua wachumba. Uislamu ulileta mageuzi makubwa kwa kumpa mwanamke haki ya elimu, kumiliki mali na kufanya biashara kwa jina lake, kurithi ingawa kwa uwiano tofauti na wanaume kutokana na wajibu wao wa kifedha, kuchagua mchumba na kushauriwa katika ndoa, na kuheshimiwa kama mama, dada na binti. Qur’an inaeleza kuwa wanaume na wanawake ni sawa mbele ya Allaah kwa upande wa thawabu na adhabu, tofauti ikiwa katika baadhi ya majukumu ya kijamii yanayoendana na maumbile yao.","Bibi Khadija (R.A), mke wa kwanza wa Mtume, alikuwa mfanyabiashara maarufu mwenye mali yake mwenyewe, akionyesha jinsi Uislamu ulivyompa mwanamke haki ya kiuchumi.",Kuelewa haki hizi kunamsaidia jamii kupinga desturi za kikale zinazomdhalilisha mwanamke kwa jina la mila badala ya dini.,"Taja mfano mmoja wa udhalilishaji wa mwanamke katika jamii za kijahili.::Kuzikwa hai kwa watoto wa kike.||Taja haki moja aliyopewa mwanamke na Uislamu.::Haki ya elimu, kumiliki mali au kurithi.||Uislamu unafundisha nini kuhusu usawa wa mwanamke na mwanamume mbele ya Allaah?::Ni sawa kwa upande wa thawabu na adhabu.",
2023-JSS031-Kidato IV,Kumtumikia Allaah (S.W) katika kila kipengele cha maisha,Kuchunga mipaka ya Allaah (S.W) katika kuendesha maisha ya binafsi na jamii,"Kuchambua ufahamu wa sharia za Kiislamu. (Maana ya sharia, tofauti kati ya sharia za Kiislamu na sheria za kikafiri, misingi ya halali na haramu katika Uislamu, makosa na adhabu katika Uislamu)",Ufahamu wa sharia za Kiislamu,4,Majadiliano,Kuwaongoza Wanafunzi,Kuchambua ufahamu wa sharia ya Kiislamu kumefanyika kwa usahihi.,Kitabu cha kiada kidato cha 4|Matini mbalimbali kuhusu sharia za Kiislamu|Bango kitita|TEHAMA,"TET(2023), MUHTASARI WA ELIMU YA DINI YA KIISLAMU KWA SHULE ZA SEKONDARI KIDATO CHA I - IV, TET, DAR ES SALAAM","Sharia ni mfumo kamili wa sheria za Kiislamu unaotokana na Qur’an na Sunnah, unaotofautiana kimsingi na sheria za kikafiri.","Sharia inatoka kwa Allaah mwenye hekima na ujuzi kamili wa maslahi ya wanadamu, ilhali sheria za kikafiri hutungwa na binadamu wenye mapungufu na hivyo hubadilika kila mara kulingana na matakwa ya kisiasa. Misingi ya halali na haramu katika Uislamu ni kuwa asili ya vitu ni halali isipokuwa vilivyokatazwa waziwazi kwa dalili, na chochote kilichokatazwa huwa na madhara yanayozidi manufaa yake. Kazi za sharia ni kulinda dini, nafsi, akili, kizazi na mali ya watu (Maqaasid ash-Sharia). Makosa katika Uislamu hugawanyika katika Hudud (adhabu maalum zilizowekwa na Allaah kama wizi na uzinzi), Qisas (kulipiza kwa usawa kama mauaji) na Ta’ziir (adhabu zinazoachwa kwa hiari ya hakimu).","Adhabu ya kukatwa mkono kwa wizi mkubwa uliokithiri masharti yake ni mfano wa Hudud, ilhali faini ndogo ya kuchelewa mahakamani ni mfano wa Ta’ziir unaoachwa kwa hakimu.",Kuelewa sharia kunamsaidia Muislamu kutofautisha kati ya sheria zenye msingi wa kimungu na sheria za kibinadamu zinazobadilika kwa matakwa ya watu.,"Sharia inatofautianaje na sheria za kikafiri kwa chanzo chake?::Sharia inatoka kwa Allaah, sheria za kikafiri hutungwa na binadamu.||Taja kazi moja ya sharia (Maqaasid ash-Sharia).::Kulinda dini, nafsi, akili, kizazi au mali.||Taja aina moja ya makosa katika Uislamu.::Hudud, Qisas au Ta’ziir.",
2023-JSS031-Kidato IV,Kumtumikia Allaah (S.W) katika kila kipengele cha maisha,Kuchunga mipaka ya Allaah (S.W) katika kuendesha maisha ya binafsi na jamii,"Kufafanua ufahamu wa siasa na uchumi katika Uislamu. (tofauti kati ya Uislamu na ukafiri juu ya mtazamo wa siasa na dola, tofauti ya msonge wa uongozi wa Kiislamu na uongozi wa kikafiri, tofauti kati ya mfumo wa uchumi wa Kiislamu na mfumo wa uchumi wa kikafiri, uchumi halali na haramu, uharamu wa riba, misingi ya mifumo ya kifedha ya Kiislamu)",Siasa na uchumi katika Uislamu,6,Changanyakete,Kuwaongoza Wanafunzi,Kufafanua ufahamu wa siasa na uchumi katika Uislamu kumefanyika kwa usahihi.,Kitabu cha kiada kidato cha 4|Matini juu ya siasa na uchumi katika Uislamu|Bango kitita|TEHAMA,"TET(2023), MUHTASARI WA ELIMU YA DINI YA KIISLAMU KWA SHULE ZA SEKONDARI KIDATO CHA I - IV, TET, DAR ES SALAAM",Uislamu una mfumo kamili wa siasa na uchumi unaotofautiana kimsingi na mifumo ya kikafiri inayotenganisha dini na maisha ya umma.,"Kisiasa, Uislamu unaamini enzi kuu ni ya Allaah na viongozi hutawala kwa mujibu wa sharia na kwa kushauriana (Shura) na wananchi, tofauti na mifumo ya kikafiri inayoweka sheria kwa matakwa ya wengi bila kujali sharia ya Mungu. Msonge wa uongozi wa Kiislamu unasisitiza uwajibikaji wa kiongozi mbele ya Allaah na watu, ilhali baadhi ya mifumo ya kikafiri huweka mamlaka makubwa mikononi mwa kiongozi bila mipaka ya kimaadili. Kiuchumi, Uislamu unaruhusu biashara halali na kukataza riba, ulaghai na kamari, ukisisitiza usawa wa fursa na zakat kama chombo cha kusambaza mali, tofauti na mifumo ya kikafiri inayoruhusu riba na kuzalisha pengo kubwa la kipato. Misingi ya mifumo ya kifedha ya Kiislamu ni ushirikiano wa faida na hasara badala ya riba.",Benki za Kiislamu zinazogawana faida na hasara na mteja badala ya kutoza riba ya fedha zilizokopeshwa zinaonyesha tofauti kubwa kati ya uchumi wa Kiislamu na uchumi wa riba.,Kuelewa mfumo huu kunamsaidia Muislamu kuchagua njia halali za kiuchumi na kushiriki katika siasa kwa misingi ya uadilifu.,"Kisiasa, enzi kuu katika Uislamu ni ya nani?::Ni ya Allaah, na viongozi hutawala kwa mujibu wa sharia na Shura.||Uislamu unakataza nini katika uchumi?::Riba, ulaghai na kamari.||Msingi wa mifumo ya kifedha ya Kiislamu ni upi?::Ushirikiano wa faida na hasara badala ya riba.",
2023-JSS031-Kidato IV,Kulingania na kusimamisha Haki na Uadilifu katika jamii,Kutumia Qur’an na Sunnah kulingania jamii,"Kuchambua nyanja za kulingania. (Uongozi, itikadi, tarbia, wito kwa wasiokuwa Waislamu na ulinzi)",Nyanja za kulingania,2,Majadiliano na kuwasilisha,Kuwaongoza Wanafunzi,Kuchambua nyanja za kulingania kumefanyika kwa usahihi.,Kitabu cha kiada kidato cha 4|Matini juu ya nyanja za kulingania|Bango kitita,"TET(2023), MUHTASARI WA ELIMU YA DINI YA KIISLAMU KWA SHULE ZA SEKONDARI KIDATO CHA I - IV, TET, DAR ES SALAAM","Da’awah hugusa nyanja mbalimbali za maisha ya jamii, si tu masuala ya ibada peke yake.","Nyanja za kulingania ni pamoja na uongozi, ambapo viongozi wa Kiislamu wanalingania kwa kuonyesha mfano wa haki na uadilifu; itikadi, kwa kufundisha Tawhiid na kuondoa upotofu wa kiimani; tarbia (malezi), kwa kujenga tabia njema ndani ya familia na jamii tangu utotoni; wito kwa wasiokuwa Waislamu, kwa kuwaeleza ujumbe wa Uislamu kwa hekima na upole bila kulazimisha; na ulinzi, kwa kuwaelekeza Waislamu kulinda dini yao dhidi ya fikra potofu na mashambulizi ya kiitikadi. Kila nyanja inahitaji mbinu na maandalizi tofauti kulingana na hadhira inayolengwa.",Kiongozi wa kijiji anayefanya maamuzi ya haki bila upendeleo analingania Uislamu kupitia nyanja ya uongozi bila hata kuhutubia.,Familia zinazolea watoto wao kwa maadili ya Kiislamu tangu wadogo zinachangia nyanja ya tarbia katika Da’awah.,Taja nyanja mbili za kulingania.::Uongozi na itikadi.||Tarbia katika Da’awah inahusu nini?::Kujenga tabia njema ndani ya familia na jamii tangu utotoni.||Wito kwa wasiokuwa Waislamu unapaswa kufanywaje?::Kwa hekima na upole bila kulazimisha.,
2023-JSS031-Kidato IV,Kulingania na kusimamisha Haki na Uadilifu katika jamii,Kutumia Qur’an na Sunnah kulingania jamii,"Kufafanua nyenzo za kulingania. (Qur’an na Hadithi, vyombo vya habari, mitandao ya kijamii, vitabu, nk)",Nyenzo za kulingania,2,Majadiliano na kuwasilisha,Kuwaongoza Wanafunzi,Kufafanua nyenzo za kulingania kumefanyika kwa usahihi.,Kitabu cha kiada kidato cha 4|Matini mbalimbali kuhusu nyenzo za kulingania|Bango kitita,"TET(2023), MUHTASARI WA ELIMU YA DINI YA KIISLAMU KWA SHULE ZA SEKONDARI KIDATO CHA I - IV, TET, DAR ES SALAAM",Da’awah ya kisasa hutumia nyenzo mbalimbali zinazoendana na maendeleo ya teknolojia na mahitaji ya jamii.,"Nyenzo za msingi za kulingania ni Qur’an na Hadithi zinazotoa ujumbe wa asili, vyombo vya habari kama redio na televisheni vinavyofikisha ujumbe kwa hadhira kubwa, mitandao ya kijamii kama Facebook, YouTube na WhatsApp inayowezesha kufikia vijana na watu duniani kote kwa haraka, na vitabu na machapisho mengine yanayowawezesha watu kujisomea kwa kina. Kila nyenzo ina faida na changamoto zake; kwa mfano mitandao ya kijamii hufikia watu wengi haraka lakini inaweza kubeba taarifa zisizo sahihi ikiwa hazitadhibitiwa na wataalamu wa dini.",Sheikh anayerekodi darsa fupi na kuzitangaza kupitia YouTube na WhatsApp anafikia vijana wengi zaidi kuliko akitegemea mhadhara wa msikitini pekee.,Matumizi sahihi ya mitandao ya kijamii kwa Da’awah yanamwezesha kijana Muislamu kueneza mema kwa haraka na kwa gharama nafuu.,"Taja nyenzo mbili za kulingania.::Qur’an na Hadithi, na mitandao ya kijamii.||Faida moja ya mitandao ya kijamii katika Da’awah ni ipi?::Kufikia watu wengi haraka duniani kote.||Taja changamoto moja ya kutumia mitandao ya kijamii katika Da’awah.::Kubeba taarifa zisizo sahihi zisizodhibitiwa na wataalamu.",
2023-JSS031-Kidato IV,Kulingania na kusimamisha Haki na Uadilifu katika jamii,Kutumia Qur’an na Sunnah kulingania jamii,"Kuchambua njia na mbinu za kulingania. (semina, itkaf, vituo vya elimu, vituo vya dhifa, mikutano)",Njia na mbinu za kulingania,2,Majadiliano na kuwasilisha,Kuwaongoza Wanafunzi,Kuchambua njia na mbinu za kulingania kumefanyika kwa usahihi.,Kitabu cha kiada kidato cha 4|Matini mbalimbali kuhusu njia na mbinu za kulingania|Bango kitita,"TET(2023), MUHTASARI WA ELIMU YA DINI YA KIISLAMU KWA SHULE ZA SEKONDARI KIDATO CHA I - IV, TET, DAR ES SALAAM",Kuna njia mbalimbali za vitendo zinazotumika kufikisha ujumbe wa Da’awah kwa ufanisi katika mazingira tofauti.,"Semina ni mikutano ya kielimu inayowaleta pamoja washiriki kujadili mada maalum za kidini kwa kina. Itkaf ni kujitenga msikitini kwa muda maalum, hasa siku kumi za mwisho za Ramadhani, kwa ajili ya ibada na tafakuri inayoweza kuambatana na mafunzo. Vituo vya elimu kama madrasa na vyuo vya Kiislamu hutoa mafunzo endelevu ya kudumu. Vituo vya dhifa (karamu za kidini) huleta watu pamoja kwa chakula na mawaidha, hasa nyakati za sikukuu. Mikutano ya hadhara huwafikia watu wengi kwa wakati mmoja katika viwanja vya wazi. Kila mbinu huchaguliwa kulingana na hadhira na malengo ya Da’awah.",Msikiti unaoandaa semina ya vijana kila mwisho wa mwezi kuhusu changamoto za maisha na Uislamu unatumia mbinu ya semina kufikisha Da’awah kwa ufanisi.,"Kuchanganya mbinu hizi, kama semina na dhifa za kidini, huongeza ufanisi wa Da’awah katika jamii mbalimbali.",Semina katika Da’awah ni nini?::Ni mikutano ya kielimu inayojadili mada za kidini kwa kina.||Itkaf hufanywa lini hasa?::Siku kumi za mwisho za Ramadhani.||Taja mbinu moja ya kulingania inayowafikia watu wengi kwa pamoja.::Mikutano ya hadhara au dhifa za kidini.,
2023-JSS031-Kidato IV,Kulingania na kusimamisha Haki na Uadilifu katika jamii,Kutumia Qur’an na Sunnah kulingania jamii,"Kueleza mbinu zinazotumika kupiga vita Uislamu na namna Muislamu anavyotakiwa kuishi na wasiokuwa Waislamu. (kiuchumi, kiutamaduni, kijamii, kisiasa na kielimu)",Mbinu za kupiga vita Uislamu na jinsi ya kuishi na wasiokuwa Waislamu,2,Majadiliano na kuwasilisha,Kuwaongoza Wanafunzi,Kueleza mbinu zinazotumika kupiga vita Uislamu kumefanyika kwa usahihi.,Kitabu cha kiada kidato cha 4|Matini mbalimbali kuhusu mbinu za kupiga vita Uislamu|Bango kitita,"TET(2023), MUHTASARI WA ELIMU YA DINI YA KIISLAMU KWA SHULE ZA SEKONDARI KIDATO CHA I - IV, TET, DAR ES SALAAM","Uislamu unakabiliwa na mbinu mbalimbali za kupingwa, na wakati huo huo unaelekeza jinsi ya kuishi na wasiokuwa Waislamu kwa amani.","Mbinu za kupiga vita Uislamu ni pamoja na kiuchumi (kudhoofisha uchumi wa nchi za Kiislamu), kiutamaduni (kueneza tamaduni geni zinazopingana na maadili ya Kiislamu kupitia vyombo vya habari), kijamii (kueneza fikra za kutenganisha jamii ya Kiislamu), kisiasa (kuchochea migogoro na vita vya wenyewe kwa wenyewe) na kielimu (kupotosha historia na mafundisho ya Uislamu katika baadhi ya machapisho). Licha ya hayo, Uislamu unaelekeza kuishi na wasiokuwa Waislamu kwa haki, upole na uadilifu katika mambo ya kijamii na kibiashara, huku ukiwa imara katika misingi ya kiimani na kukataa dhuluma au uonevu kutoka pande zote.",Nchi inayotegemea mikopo yenye masharti magumu kutoka nje inaweza kuathiriwa kiuchumi kwa mbinu za kisiasa zinazolenga kudhoofisha uhuru wake wa maamuzi.,"Muislamu anaishi na majirani wasiokuwa Waislamu kwa amani, akiwasaidia wanapohitaji msaada bila kuathiri misingi yake ya kiimani.","Taja mbinu moja ya kupiga vita Uislamu.::Kiuchumi, kiutamaduni au kisiasa.||Uislamu unaelekeza vipi kuishi na wasiokuwa Waislamu?::Kwa haki, upole na uadilifu katika mambo ya kijamii na kibiashara.||Nini kinachopaswa kubaki imara licha ya changamoto hizi?::Misingi ya kiimani ya Muislamu.",
2023-JSS031-Kidato IV,Kulingania na kusimamisha Haki na Uadilifu katika jamii,Kutumia historia ya Uislamu kujenga mwenendo mwema wa jamii,"Kutathmini uendeshaji wa Dola ya Kiislamu wakati wa Makhalifa. (Taratibu zilizotumika kuwapata makhalifa, sababu za kupanuka Dola ya Kiislamu, sababu za Riddah, mfumo wa uongozi, uchumi, ulinzi na mahusiano ya kimataifa, sababu za kuporomoka dola ya Kiislamu na mafunzo yatokanayo katika kuimarisha umma)",Uendeshaji wa Dola ya Kiislamu wakati wa Makhalifa,4,Majadiliano na kuwasilisha,Kuwaongoza Wanafunzi,Kutathmini uendeshaji wa Dola ya Kiislamu wakati wa Makhalifa kumefanyika kwa usahihi.,Kitabu cha kiada kidato cha 4|Matini mbalimbali kuhusu historia ya Makhalifa|Bango kitita,"TET(2023), MUHTASARI WA ELIMU YA DINI YA KIISLAMU KWA SHULE ZA SEKONDARI KIDATO CHA I - IV, TET, DAR ES SALAAM","Baada ya kifo cha Mtume (S.A.W), dola ya Kiislamu iliongozwa na Makhalifa Waongofu waliopanua na kuimarisha Uislamu.","Makhalifa walipatikana kwa taratibu tofauti: Abu Bakr kwa kura ya Answaar na Wahajiri, Umar kwa uteuzi wa Abu Bakr, Uthman kwa baraza la washauri, na Ali kwa mapendekezo ya Waislamu wa Madina. Sababu za kupanuka kwa dola ni imani thabiti, mkakati bora wa kivita, na udhaifu wa falme jirani za Uajemi na Rumi. Sababu za Riddah (uasi baada ya kifo cha Mtume) zilikuwa baadhi ya makabila kukataa kulipa zakat na wengine kudai unabii wa uongo, na Abu Bakr aliwashughulikia kwa uthabiti. Mfumo wa uongozi ulikuwa wa kishauri, uchumi ulitegemea zaka na ushuru wa ardhi, na ulinzi ulijengwa kwa jeshi imara. Sababu za kuporomoka baadaye ni migawanyiko ya kisiasa na fitina kati ya Waislamu wenyewe, kama ilivyojitokeza mwishoni mwa uongozi wa Uthman na Ali.",Vita dhidi ya makabila yaliyokataa kulipa zakat baada ya kifo cha Mtume vinaonyesha jinsi Abu Bakr alivyosimamia nguzo za Uislamu kwa uthabiti hata katika wakati mgumu.,Kujifunza historia ya Makhalifa kunamfundisha kiongozi wa leo umuhimu wa mashauriano na uadilifu katika uongozi.,Taja khalifa wa kwanza wa Waislamu.::Abu Bakr (R.A).||Riddah ni nini?::Ni uasi wa baadhi ya makabila dhidi ya Uislamu baada ya kifo cha Mtume.||Taja sababu moja ya kuporomoka kwa dola ya Kiislamu.::Migawanyiko ya kisiasa na fitina kati ya Waislamu wenyewe.,
2023-JSS031-Kidato IV,Kulingania na kusimamisha Haki na Uadilifu katika jamii,Kutumia historia ya Uislamu kujenga mwenendo mwema wa jamii,"Kutathmini harakati za kuendeleza Uislamu baada ya makhalifa. (Banu Umayya, Abasid, Uthmaniyya, Mughals: mbinu, mafanikio, changamoto, mafunzo)",Harakati za kuendeleza Uislamu baada ya Makhalifa,6,Kazimradi,Kuwaongoza Wanafunzi,Tathmini ya harakati za kuendeleza Uislamu baada ya makhalifa imefanyika kwa usahihi.,Kitabu cha kiada kidato cha 4|Matini mbalimbali kuhusu historia ya Uislamu|Bango kitita,"TET(2023), MUHTASARI WA ELIMU YA DINI YA KIISLAMU KWA SHULE ZA SEKONDARI KIDATO CHA I - IV, TET, DAR ES SALAAM","Baada ya kipindi cha Makhalifa Waongofu, dola za Kiislamu ziliendelea kupanuka chini ya himaya mbalimbali.","Dola ya Banu Umayya (661-750 W.K) ilisimamisha utawala wa kifalme wenye kituo Damascus na kupanua Uislamu hadi Uhispania na India. Dola ya Abasid (750-1258 W.K) ilijulikana kwa maendeleo makubwa ya elimu, sayansi na utamaduni kituo kikiwa Baghdad, ikiwa na wanazuoni maarufu katika hisabati, tiba na falsafa. Dola ya Uthmaniyya (Ottoman) ilianzia Uturuki na kudumu karne saba, ikilinda maeneo makubwa ya Kiislamu hadi mwanzoni mwa karne ya ishirini. Wafalme wa Mughals waliendeleza Uislamu India kwa karne kadhaa, wakijenga majengo maarufu kama Taj Mahal. Mbinu zao zilikuwa upanuzi wa kijeshi, ustawi wa biashara na uhamasishaji wa elimu. Changamoto zilikuwa migogoro ya ndani na uvamizi wa nje. Mafunzo ni umuhimu wa umoja na uwekezaji katika elimu kwa maendeleo endelevu.","Ustawi wa vituo vya elimu vya Baghdad wakati wa Abasid, vilivyovutia wasomi kutoka pande zote za dunia, unaonyesha jinsi uwekezaji katika elimu ulivyoimarisha ustaarabu wa Kiislamu.",Kujua historia hii kunamfundisha Muislamu wa leo kuthamini elimu na umoja kama msingi wa maendeleo endelevu.,"Taja dola moja iliyoendeleza Uislamu baada ya Makhalifa Waongofu.::Banu Umayya, Abasid, Uthmaniyya au Mughals.||Dola ya Abasid ilijulikana kwa nini?::Maendeleo makubwa ya elimu, sayansi na utamaduni.||Taja mafunzo moja kutoka historia ya dola hizi.::Umuhimu wa umoja na uwekezaji katika elimu.",
2023-JSS031-Kidato IV,Kulingania na kusimamisha Haki na Uadilifu katika jamii,Kutumia historia ya Uislamu kujenga mwenendo mwema wa jamii,"Kufafanua kuenea kwa Uislamu Tanzania. (Njia zilizotumika, dola ya Kilwa, dola ya Zanzibar, Uislamu wakati na baada ya ukoloni hadi hivi leo)",Kuenea kwa Uislamu Tanzania,4,Majadiliano na kuwasilisha,Kuwaongoza Wanafunzi,Kufafanua kuenea kwa Uislamu Tanzania kumefanyika kwa usahihi.,Kitabu cha kiada kidato cha 4|Matini za Historia ya Uislamu Tanzania|Bango kitita,"TET(2023), MUHTASARI WA ELIMU YA DINI YA KIISLAMU KWA SHULE ZA SEKONDARI KIDATO CHA I - IV, TET, DAR ES SALAAM","Uislamu ulifika Tanzania tangu karne za mwanzo kupitia biashara ya Pwani ya Afrika Mashariki, kabla ya ukoloni.","Njia zilizotumika kueneza Uislamu Tanzania ni biashara ya wafanyabiashara Waarabu na Waajemi waliofika Pwani ya Afrika Mashariki, ndoa kati ya wageni Waislamu na wenyeji, na kuenea kwa lugha ya Kiswahili iliyobeba maneno mengi ya Kiarabu ya kidini. Dola ya Kilwa ilisitawi kama kituo cha biashara na Uislamu kuanzia karne ya kumi na moja, ikiwa na misikiti na majengo ya kihistoria yanayodhihirisha ustaarabu wa Kiislamu. Dola ya Zanzibar chini ya Masultani wa Omani iliimarisha zaidi Uislamu Pwani na visiwani kuanzia karne ya kumi na tisa. Wakati wa ukoloni, wamishonari wa Kikristo walijaribu kudhoofisha kuenea kwa Uislamu, lakini bado Uislamu uliendelea kukua bara na pwani. Hadi hivi leo, Uislamu ni miongoni mwa dini kuu zinazofuatwa nchini Tanzania.","Magofu ya misikiti ya kihistoria ya Kilwa Kisiwani, yaliyotangazwa kuwa urithi wa dunia, ni ushahidi wa jinsi Uislamu ulivyokita mizizi Tanzania tangu karne za kale.",Kujua historia hii kunamsaidia kijana Mtanzania kuthamini urithi wa Kiislamu wa nchi yake na mchango wake katika utamaduni wa taifa.,Taja njia moja iliyotumika kueneza Uislamu Tanzania.::Biashara ya Waarabu na Waajemi Pwani ya Afrika Mashariki.||Dola ya Kilwa ilisitawi tangu karne ipi?::Karne ya kumi na moja.||Zanzibar iliimarisha Uislamu chini ya utawala gani?::Utawala wa Masultani wa Omani.,
