subject_version_code,main_competence_name,specific_competence_name,learning_activity_name,sla_name,sla_periods,sla_method,sla_leading,sla_assessment_criteria,sla_teaching_aids,sla_references,sla_notes_intro,sla_notes_details,sla_notes_illustrations,sla_notes_daily_life,sla_exercise,sla_diagram_type
2023-JSS014-DRS V,Demonstrate mastery of basic English language skills,Develop vocabulary by relating words with objects in the environment,Find synonyms and antonyms of targeted words in different texts,Identifying antonyms (opposite words),3,Brainstorming,Kuwaongoza Wanafunzi,"A pupil correctly gives the antonym for at least six words such as hot-cold, happy-sad, and big-small.",Word cards|Pictures of elephants of different sizes|Chalkboard|Exercise books,"TET(2023), ENGLISH, PUPIL'S BOOK, STANDARD FIVE, TET, DAR ES SALAAM","Words that mean the opposite of one another are known as antonyms. For example, the antonym of hot is cold, and the antonym of happy is sad.","Pupils look at pictures, such as two elephants of different sizes, answer questions comparing them, and then name the opposite word for size, for example the opposite of small is huge, large or big. Knowing antonyms helps pupils speak and write more clearly and understand what others say more easily.","Examples from the book include hot-cold, happy-sad and big-small. Pupils also practise finding antonyms of words used in giving directions, such as left and right, and in front of and behind.","Knowing antonyms helps a pupil describe things more precisely at home and in the community, for example telling a young sibling that a path is short instead of not long.","What is the antonym of small?::The antonym of small is big, huge or large.||What is the antonym of happy?::The antonym of happy is sad.||What is the antonym of hot?::The antonym of hot is cold.||What is the antonym of left as used in giving directions?::The antonym of left is right.",
2023-JSS014-DRS V,Demonstrate mastery of basic English language skills,Develop vocabulary by relating words with objects in the environment,Find synonyms and antonyms of targeted words in different texts,Identifying synonyms (same-meaning words),3,Discussion,Kuwaongoza Wanafunzi,"A pupil correctly gives at least three synonyms for a given word such as big, large and huge.",Word cards|Pictures of tall buildings|Chalkboard|Exercise books,"TET(2023), ENGLISH, PUPIL'S BOOK, STANDARD FIVE, TET, DAR ES SALAAM","Words with the same or almost identical meanings are known as synonyms. For example, big and large are synonyms because they both describe something of great size.","Pupils look at pictures of buildings and describe their height, then name other words that mean the same thing. Learning synonyms helps pupils enrich their vocabulary, make their speaking and writing more interesting, and say the same thing in different ways.","Examples from the book include big-large-huge, happy-joyful-glad and fast-quick-speedy.","Using synonyms helps a pupil avoid repeating the same word when describing something to family members, for example switching between big and huge when talking about a new building in the village.",What are two synonyms of the word happy?::Two synonyms of happy are joyful and glad.||What are two synonyms of the word fast?::Two synonyms of fast are quick and speedy.||What is a synonym of the word big?::A synonym of big is large or huge.||Why is it useful to know synonyms?::Knowing synonyms helps a person say the same thing in different ways and makes speech and writing more interesting.,
2023-JSS014-DRS V,Demonstrate mastery of basic English language skills,Develop vocabulary by relating words with objects in the environment,Find synonyms and antonyms of targeted words in different texts,"Using synonyms and antonyms in songs, poems and passages",2,Singing and recitation,Kuwaongoza Wanafunzi,A pupil correctly identifies at least four synonym or antonym pairs from a song or poem after singing or reciting it.,Song lyrics chart|Poem chart|Chalkboard|Exercise books,"TET(2023), ENGLISH, PUPIL'S BOOK, STANDARD FIVE, TET, DAR ES SALAAM","Synonyms and antonyms can be found and practised through songs and poems, which make learning new vocabulary enjoyable and memorable.","In the song 'Come and Learn', pupils identify synonyms of words like happy, big, fast and connect, and antonyms of words like small, slow, sad and lift. In the poem 'Human beings are different', pupils list pairs of words with opposite meanings that describe how people and their bodies differ, such as tall-short and fat-slim.","From the song: a synonym of happy can be glad, and the antonym of small is big or large. From the poem: examples of antonym pairs are neat-messy, kind-rude, tall-short and heavy-light.",Singing and reciting with synonyms and antonyms helps a pupil remember new words easily and use them confidently in everyday conversation.,"According to the song 'Come and Learn', what is a synonym of the word happy?::A synonym of happy is glad.||According to the song, what is the antonym of the word small?::The antonym of small is big.||From the poem 'Human beings are different', name one pair of antonyms describing body size.::One pair is tall and short.||From the poem, name one pair of antonyms describing behaviour.::One pair is kind and rude.",
2023-JSS014-DRS V,Demonstrate mastery of basic English language skills,Develop vocabulary by relating words with objects in the environment,Solve word puzzles from various media,Solving a crossword word puzzle,3,Game-based learning,Kuwaongoza Wanafunzi,A pupil circles at least five meaningful words from a word puzzle and pronounces them correctly.,Printed word puzzle grid|Coloured pens|Chalkboard|Exercise books,"TET(2023), ENGLISH, PUPIL'S BOOK, STANDARD FIVE, TET, DAR ES SALAAM","A word puzzle is a grid of letters in which meaningful words are hidden and must be found by searching across, down or diagonally.","Pupils study a word puzzle carefully, circle at least ten meaningful words such as broiler, poultry, eggs, snow and graduation, and practise pronouncing each word correctly. This exercise builds vocabulary recognition and spelling awareness.","Example words found in the book's puzzle include broiler, poultry, eggs and graduation, hidden among rows of scrambled letters.","Solving word puzzles helps a pupil build patience and vocabulary that can be used when reading newspapers, magazines or puzzle books at home.",What is a word puzzle?::A word puzzle is a grid of letters containing hidden meaningful words that must be found and circled.||Name one meaningful word that can be found in the book's word puzzle.::One example is poultry.||Name another meaningful word found in the book's word puzzle.::Another example is graduation.||Why should you practise pronouncing the words you find?::Practising pronunciation helps you say the words correctly and remember their meaning.,
2023-JSS014-DRS V,Demonstrate mastery of basic English language skills,Develop vocabulary by relating words with objects in the environment,Solve word puzzles from various media,Finding meaningful words and using them in sentences,2,Practice and application,Kuwaongoza Wanafunzi,A pupil writes one correct sentence for each of at least three words found in a word puzzle.,Word puzzle grid|Chalkboard|Exercise books,"TET(2023), ENGLISH, PUPIL'S BOOK, STANDARD FIVE, TET, DAR ES SALAAM","After finding meaningful words in a puzzle, pupils show they understand each word by using it correctly in a sentence.","For every word circled in the puzzle, such as eggs or poultry, a pupil writes down synonym and antonym pairs where possible, and then constructs one clear sentence to demonstrate its meaning.","Example: for the word 'eggs', a pupil may write 'We collected eggs from the poultry this morning.'",Using new words in sentences helps a pupil remember them and apply them when writing letters or describing daily activities at home.,Write a sentence using the word poultry.::We keep poultry in a small house behind our home.||Write a sentence using the word eggs.::The hen laid five eggs yesterday.||Write a sentence using the word graduation.::My sister will attend her graduation next month.,
2023-JSS014-DRS V,Demonstrate mastery of basic English language skills,Develop vocabulary by relating words with objects in the environment,Solve word puzzles from various media,Creating and solving personal word puzzles,2,Project-based learning,Kuwaongoza Wanafunzi,A pupil finds or creates a word puzzle and correctly identifies and explains at least five meaningful words in it.,Newspapers and magazines|Scissors|Chalkboard|Exercise books,"TET(2023), ENGLISH, PUPIL'S BOOK, STANDARD FIVE, TET, DAR ES SALAAM","Word puzzles can also be found in newspapers, magazines or online sources, and pupils can practise finding and solving them independently.","Pupils look for a crossword puzzle in a newspaper, magazine or online source, solve it, and write down five meaningful words found. For each word, they write one good sentence to show they understand its meaning.",A pupil may find the word 'library' in a newspaper puzzle and write the sentence: 'I borrowed a storybook from the library.',Finding and solving puzzles from newspapers encourages a pupil to read more at home and improves their vocabulary over time.,"Where can you find word puzzles apart from your textbook?::Word puzzles can be found in newspapers, magazines or online sources.||After solving a puzzle, what should you do with each word you find?::You should write one good sentence to show that you understand its meaning.||Write a sentence using a word you found in a puzzle, for example market.::My mother sells vegetables at the market.",
2023-JSS014-DRS V,Demonstrate mastery of basic English language skills,Develop vocabulary by relating words with objects in the environment,Construct short passages using vocabulary referring to objects found in different settings,Filling gaps in a passage using vocabulary of feelings and school routines,3,Guided writing,Kuwaongoza Wanafunzi,A pupil correctly fills at least six blanks in a passage about daily school routine using appropriate vocabulary.,Word bank chart|Chalkboard|Exercise books,"TET(2023), ENGLISH, PUPIL'S BOOK, STANDARD FIVE, TET, DAR ES SALAAM","A short passage can be completed by choosing the correct word from a table to describe feelings, people and school routines.","Pupils read a passage describing a school day and fill in blanks with words such as happy, teacher, smart, begin, end, big and small, making sure each sentence makes sense and is grammatically correct.","Example completed sentence: 'I feel happy because I enjoy learning new things,' and 'We begin our lessons at 7:30 a.m. and end at 3:00 p.m.'",Completing passages about daily routines helps a pupil describe their own school day clearly to parents or friends.,"Complete: I feel ______ because I enjoy learning new things.::I feel happy because I enjoy learning new things.||Complete: We ______ our lessons at 7:30 a.m.::We begin our lessons at 7:30 a.m.||Complete: Our classroom is ______, and we have space to move around.::Our classroom is big, and we have space to move around.||What word describes a library with no room for many people?::The word is small.",
2023-JSS014-DRS V,Demonstrate mastery of basic English language skills,Develop vocabulary by relating words with objects in the environment,Construct short passages using vocabulary referring to objects found in different settings,Rewriting a passage using antonyms,2,Rewriting exercise,Kuwaongoza Wanafunzi,A pupil rewrites a given passage by correctly replacing at least four words with their opposite meaning.,Passage chart|Chalkboard|Exercise books,"TET(2023), ENGLISH, PUPIL'S BOOK, STANDARD FIVE, TET, DAR ES SALAAM","A passage can be rewritten using antonyms of the words originally used, changing the meaning of the sentences while keeping them grammatically correct.","Pupils take the completed passage about the school day and replace words such as happy, big, early and begin with their opposites, such as sad, small, late and end, adjusting other words as needed so the passage still makes sense.",Example: 'We begin our lessons at 7:30 a.m.' can be rewritten as 'We end our lessons at 7:30 a.m.' when practising the antonym of begin.,Practising antonym rewriting helps a pupil vary their language when retelling the same event in different ways at home.,Rewrite using an antonym: 'I feel happy because I enjoy learning.'::I feel sad because I do not enjoy learning.||Rewrite using an antonym: 'Our classroom is big.'::Our classroom is small.||What is the antonym of the word begin?::The antonym of begin is end.,
2023-JSS014-DRS V,Demonstrate mastery of basic English language skills,Develop vocabulary by relating words with objects in the environment,Construct short passages using vocabulary referring to objects found in different settings,Constructing an original short passage about objects in a setting,2,Independent writing,Kuwaongoza Wanafunzi,"A pupil writes an original passage of at least four sentences describing objects found in a chosen setting, using correct vocabulary.","Pictures of different settings (home, school, market)|Chalkboard|Exercise books","TET(2023), ENGLISH, PUPIL'S BOOK, STANDARD FIVE, TET, DAR ES SALAAM","Pupils use the vocabulary they have learnt to write their own short passage describing objects found in a setting of their choice, such as their classroom, home or the market.","Each pupil chooses a setting, lists objects found there, and writes a short passage of four or more sentences describing those objects using suitable adjectives, synonyms or antonyms where appropriate.",Example passage: 'My classroom is big and bright. There are wooden desks and a large chalkboard. Our books are kept on a small shelf near the door.',Writing about objects in familiar settings helps a pupil describe their home or school clearly when writing a letter to a relative.,"Name one setting you could write a passage about.::One setting could be the classroom, the market or the home.||Write one sentence describing an object found in your classroom.::There is a large chalkboard at the front of our classroom.||Why is it useful to use synonyms and antonyms when writing a passage?::Using synonyms and antonyms makes a passage more interesting and shows a wider vocabulary.",
2023-JSS014-DRS V,Demonstrate mastery of basic English language skills,Use appropriate grammar and vocabulary both orally and in writing,"Compare things based on size, quality and quantity (e.g., big-bigger-biggest, much-more-most)","Comparing size using comparatives and superlatives (big, bigger, biggest)",2,Demonstration,Kuwaongoza Wanafunzi,"A pupil correctly uses comparative and superlative forms to compare three objects, such as saying a rock is big, bigger and biggest.",Pictures of stones of different sizes|Pictures of trees of different heights|Chalkboard|Exercise books,"TET(2023), ENGLISH, PUPIL'S BOOK, STANDARD FIVE, TET, DAR ES SALAAM","Comparatives show differences between two things, while superlatives show the highest or lowest quality among three or more things. For example, 'A ruler is longer than a pencil' uses a comparative, while 'Lake Victoria is the largest freshwater lake in Africa' uses a superlative.","Pupils look at three stones and three trees of different sizes and complete dialogues describing which is bigger, biggest, taller and tallest. They practise giving the three forms of adjectives such as big, bigger, biggest and small, smaller, smallest.","In the story 'Comparisons on a walk', the first rock was big, the second was bigger, and the third was the biggest, while one tree was small, another smaller, and the last the smallest.",Comparing the sizes of things helps a pupil describe which sibling is taller or which mango is bigger when sharing at home.,"What is the comparative form of the word big?::The comparative form of big is bigger.||What is the superlative form of the word small?::The superlative form of small is smallest.||In the story, which rock was the biggest?::The third rock was the biggest.||Write the three forms of the word tall.::The three forms are tall, taller, tallest.",
2023-JSS014-DRS V,Demonstrate mastery of basic English language skills,Use appropriate grammar and vocabulary both orally and in writing,"Compare things based on size, quality and quantity (e.g., big-bigger-biggest, much-more-most)",Comparing quantity and quality using more...than and most,2,Question and answer,Kuwaongoza Wanafunzi,A pupil correctly compares the quantity or quality of at least three items using 'more...than' and 'the most'.,"Pictures of books, pens and animals|Pictures of animals and houses|Chalkboard|Exercise books","TET(2023), ENGLISH, PUPIL'S BOOK, STANDARD FIVE, TET, DAR ES SALAAM","We use 'more...than' to compare the quantity of two or more things, and words like 'more powerful' or 'the most beautiful' to compare their quality.","Pupils compare quantities, such as there being more pens in a pocket than books on a table, and more animals than both. They also compare quality, for example saying an elephant is more powerful than a lion, and deciding which of three houses is the most beautiful.","From the dialogue: there are four animals, three pens, and two books, so there are more animals than pens or books. From the animal comparison: the elephant is more powerful than the lion, but the elephant is the most powerful of the three animals shown.",Comparing quantity and quality helps a pupil decide which shop sells more items or which food tastes better when helping with shopping at home.,"Which has more, the pocket with three pens or the table with two books?::The pocket has more pens than the table has books.||Which animal is more powerful, the elephant or the lion?::The elephant is more powerful than the lion.||Which of the three houses is the most beautiful?::The house judged most beautiful is the one with the best combination of features, for example house C.||What word do we add before an adjective to compare more than two things at the highest degree?::We use the word 'most' before the adjective.",
2023-JSS014-DRS V,Demonstrate mastery of basic English language skills,Use appropriate grammar and vocabulary both orally and in writing,"Express location using appropriate prepositions of direction (target: towards, between, beside, from, into, onto, through, across)",Using between and beside to describe location,2,Demonstration,Kuwaongoza Wanafunzi,A pupil correctly describes the location of at least three objects using the prepositions between and beside.,Real classroom objects|Pictures of boxes and balls|Chalkboard,"TET(2023), ENGLISH, PUPIL'S BOOK, STANDARD FIVE, TET, DAR ES SALAAM",Prepositions of location such as 'between' and 'beside' tell us exactly where an object is placed in relation to other objects.,"Pupils look at pictures such as a ball placed between two boxes or beside one box, and answer questions about the position of objects like an apple, a plate and a cup, using between, beside, under and on.",Example sentences from the book: 'The ball is between the boxes' and 'The ball is beside the box.',"Using between and beside helps a pupil explain exactly where an item is kept at home, for example that the broom is beside the door.",Where is the ball if it has two boxes on either side of it?::The ball is between the boxes.||Complete: The cow is ______ the tree.::The cow is beside the tree.||Complete: The boy is standing ______ the beds.::The boy is standing between the beds.||Complete: There is a flower vase ______ the table.::There is a flower vase beside the table.,
2023-JSS014-DRS V,Demonstrate mastery of basic English language skills,Use appropriate grammar and vocabulary both orally and in writing,"Express location using appropriate prepositions of direction (target: towards, between, beside, from, into, onto, through, across)","Using into, onto, through, across, towards and from to describe direction",2,Modelling,Kuwaongoza Wanafunzi,"A pupil correctly uses at least four direction prepositions (into, onto, through, across, towards, from) in complete sentences.","Pictures showing movement (cat jumping, boy climbing, lion crossing road)|Chalkboard","TET(2023), ENGLISH, PUPIL'S BOOK, STANDARD FIVE, TET, DAR ES SALAAM","Prepositions such as 'into', 'onto', 'through', 'across', 'towards' and 'from' describe the direction in which someone or something moves.","Pupils study sentences and pictures such as 'The cat jumped into the box', 'The boy climbed onto the roof', 'The lion walked across the road', 'The rhino ran towards the car', and 'The boy walked away from the washroom', then answer questions about each.","From the passage 'A visit to the village': Asha and Juma walked across a small bridge over the river, and Asha went into the kitchen to help with cooking.","Using these prepositions helps a pupil give clear directions when telling someone how to walk from home to school, for example walking across the field and through the gate.",Complete: The cat jumped ______ the box.::The cat jumped into the box.||Complete: The boy ran ______ the river to reach the other side.::The boy ran across the river to reach the other side.||Complete: He came ______ school with a big smile.::He came from school with a big smile.||Complete: The cow walked slowly ______ the farmer.::The cow walked slowly towards the farmer.,
2023-JSS014-DRS V,Demonstrate mastery of basic English language skills,Use appropriate grammar and vocabulary both orally and in writing,"Express possession using adjectives and pronouns (target: my, mine, yours, his, her, hers, their, theirs)","Using possessive adjectives (my, your, his, her, its, our, their)",2,Matching,Kuwaongoza Wanafunzi,A pupil correctly uses at least five possessive adjectives to complete sentences about ownership.,Pictures of family members and belongings|Chalkboard|Exercise books,"TET(2023), ENGLISH, PUPIL'S BOOK, STANDARD FIVE, TET, DAR ES SALAAM","Possessive adjectives are special words used to show who owns something, such as my, your, his, her, its, our and their.","Pupils construct sentences using each possessive adjective, such as 'This is my book' or 'That is their car', following the table of personal pronouns and their matching possessive adjectives. They also identify possessive words used in a dialogue and a passage about family and friends.",From the dialogue between Rehema and David: 'My name is David. I have a brother; his name is Adam' and 'They used their long-term savings.',"Using possessive adjectives correctly helps a pupil clearly tell others whose belongings are whose at home or school, avoiding confusion.","Complete using a possessive adjective: This is ______ book. (I)::This is my book.||Complete using a possessive adjective: The dog is eating ______ food. (it)::The dog is eating its food.||Complete using a possessive adjective: That is ______ car. (they)::That is their car.||In the dialogue, what does David call his brother's name using a possessive adjective?::David says 'his name is Adam.'",
2023-JSS014-DRS V,Demonstrate mastery of basic English language skills,Use appropriate grammar and vocabulary both orally and in writing,"Express possession using adjectives and pronouns (target: my, mine, yours, his, her, hers, their, theirs)","Using possessive pronouns (mine, yours, his, hers, ours, theirs)",2,Substitution drill,Kuwaongoza Wanafunzi,A pupil correctly rewrites at least four sentences using possessive pronouns to avoid repeating the noun.,"Pictures of a wheelchair, bag and school|Chalkboard|Exercise books","TET(2023), ENGLISH, PUPIL'S BOOK, STANDARD FIVE, TET, DAR ES SALAAM","Possessive pronouns such as mine, yours, his, hers, its, ours and theirs replace nouns in sentences and show who possesses what.","Pupils rewrite sentences that describe ownership, such as 'The wheelchair belongs to Mr Jumbe' becoming 'It is his', and 'The bag belongs to Jane' becoming 'It is hers'. They also convert other sentences such as 'That bicycle belongs to John' into 'That bicycle is his.'",Example from the book: 'This is my family. This is our house. The house is ours' and 'This is a school. It is their school. It is theirs.',"Using possessive pronouns helps a pupil answer quickly and clearly when asked whose item something is, without repeating the full name of the object.",Rewrite using a possessive pronoun: 'That bicycle belongs to John.'::That bicycle is his.||Rewrite using a possessive pronoun: 'This house belongs to us.'::This house is ours.||Rewrite using a possessive pronoun: 'Those pairs of shoes belong to you.'::Those pairs of shoes are yours.||Whose wheelchair is it if it belongs to Mr Jumbe?::It is his.,
2023-JSS014-DRS V,Demonstrate mastery of basic English language skills,Use appropriate grammar and vocabulary both orally and in writing,"Express completed and unfinished actions (structure: present perfect, past perfect tense)",Expressing completed actions using present perfect tense (has/have),2,Question and answer,Kuwaongoza Wanafunzi,A pupil correctly constructs at least four sentences using has or have to describe a completed action.,Pictures of a boy kicking a ball and a girl finishing a race|Chalkboard|Exercise books,"TET(2023), ENGLISH, PUPIL'S BOOK, STANDARD FIVE, TET, DAR ES SALAAM","The present perfect tense, formed with has or have plus a past participle, is used to describe actions that have just been completed.","Pupils look at pictures of a boy who has kicked a ball and a girl who has finished a race, and answer questions using has and have correctly. They also practise choosing has or have to complete sentences such as 'Mary and Moses ______ eaten the food.'",Example from the book: 'The boy has kicked the ball' and 'The girl has finished the race.',"Using the present perfect tense helps a pupil report to a parent or teacher what task they have just completed, such as 'I have finished my homework.'",Complete: The boy ______ kicked the ball. (has/have)::The boy has kicked the ball.||Complete: Mary and Moses ______ eaten the food. (has/have)::Mary and Moses have eaten the food.||Change into a question: 'She has scored a brilliant goal.'::Has she scored a brilliant goal?||Complete: The thief ______ stolen my school bag.::The thief has stolen my school bag.,
2023-JSS014-DRS V,Demonstrate mastery of basic English language skills,Use appropriate grammar and vocabulary both orally and in writing,"Express completed and unfinished actions (structure: present perfect, past perfect tense)",Expressing unfinished actions using present perfect continuous (has/have been),1,Dialogue practice,Kuwaongoza Wanafunzi,A pupil correctly forms at least two sentences using has/have been plus a verb with -ing to describe an action that started in the past and continues.,Pictures of Juma watering a garden|Chalkboard|Exercise books,"TET(2023), ENGLISH, PUPIL'S BOOK, STANDARD FIVE, TET, DAR ES SALAAM","The present perfect continuous tense, formed with has or have been plus a verb ending in -ing, describes an action that started in the past and is still happening now.",Pupils study pictures of Juma watering a garden from 06:00 pm to 06:30 pm and answer questions such as 'What has Juma been doing?' They also read a dialogue between Sadick and Anna about a book Sadick started reading last month but has not finished.,Example from the dialogue: 'I have been reading this book since last month' means Sadick started reading the book last month and is still reading it.,"This tense helps a pupil explain an ongoing task to a parent, for example saying 'I have been doing my homework since four o'clock.'",What has Juma been doing since 06:00 pm?::Juma has been watering the garden.||Complete: Tausi ______ planting flowers since morning. (has/have been)::Tausi has been planting flowers since morning.||Why does Sadick say 'I have been reading this book since last month'?::He says this because he started reading the book last month and has still not finished it.,
2023-JSS014-DRS V,Demonstrate mastery of basic English language skills,Use appropriate grammar and vocabulary both orally and in writing,"Express completed and unfinished actions (structure: present perfect, past perfect tense)",Expressing past completed actions using past perfect tense (had),1,Sentence construction,Kuwaongoza Wanafunzi,A pupil correctly constructs at least two sentences using had plus a past participle to show one past action happened before another.,Clock face pictures|Time and action table|Chalkboard|Exercise books,"TET(2023), ENGLISH, PUPIL'S BOOK, STANDARD FIVE, TET, DAR ES SALAAM","The past perfect tense, formed with had plus a past participle, shows that one action in the past happened before another past action.","Pupils use a table of times and actions, such as James eating breakfast at 10:05 am before his father came home at 12:10 pm, to write sentences like 'James had eaten breakfast before his father came home.' They also change present perfect sentences into past perfect, such as 'Ashura has locked the door' becoming 'Ashura had locked the door.'",Example from the book: 'The boy had cleaned the blackboard before the teacher wrote the word English.',Using the past perfect tense helps a pupil explain the correct order of events when narrating what happened before a visitor arrived at home.,Complete: Mary ______ cleaned her room before her friend arrived. (had)::Mary had cleaned her room before her friend arrived.||Change to past perfect: 'Ashura has locked the door.'::Ashura had locked the door.||Complete: Naomi ______ finished writing before John cleaned the board.::Naomi had finished writing before John cleaned the board.,
2023-JSS014-DRS V,Demonstrate mastery of basic English language skills,Use appropriate grammar and vocabulary both orally and in writing,"Use conjunctions in oral and written contexts (target: too… to, either …or, neither…nor)",Using either...or to express a choice,1,Sentence combining,Kuwaongoza Wanafunzi,A pupil correctly joins two sentences into one using either...or to show a choice between two things.,"Pictures of a banana and an apple, a red and a blue blouse|Chalkboard","TET(2023), ENGLISH, PUPIL'S BOOK, STANDARD FIVE, TET, DAR ES SALAAM","The conjunction 'either...or' suggests making one choice between two things, persons or conditions.","Pupils study example sentences such as 'The boy can choose to eat either a banana or an apple' and 'The girl can choose to wear either a red or a blue blouse', then describe the choices given in similar sentences and construct their own.",Example from the book: 'Either Baraka or Zawadi will clean the window' means one of these two will clean the window.,Using either...or helps a pupil offer a choice clearly when asking a family member what they would prefer to eat or wear.,Join using either...or: 'You can stay. You can also leave.'::You can either stay or leave.||What are the two choices in: 'Janeth needs either a pen or a pencil to do her homework'?::The two choices are a pen and a pencil.||Complete: You can eat ______ rice ______ ugali.::You can eat either rice or ugali.,
2023-JSS014-DRS V,Demonstrate mastery of basic English language skills,Use appropriate grammar and vocabulary both orally and in writing,"Use conjunctions in oral and written contexts (target: too… to, either …or, neither…nor)",Using neither...nor to express two negatives,2,Sentence combining,Kuwaongoza Wanafunzi,A pupil correctly joins two negative sentences into one using neither...nor.,"Pictures of a sleeping dog and cat, rotten bananas and apples|Chalkboard","TET(2023), ENGLISH, PUPIL'S BOOK, STANDARD FIVE, TET, DAR ES SALAAM","The conjunction 'neither...nor' joins two negative alternatives, meaning that neither of the two things is true or possible.","Pupils study examples such as 'The child can eat neither bananas nor apples because they are rotten' and 'Neither the dog nor the cat is awake', then split similar sentences back into two separate negative sentences and combine given negative sentences using neither...nor.","Example from the book: 'Neither Bakari nor James opened the window' means Bakari did not open the window, and James did not open the window either.","Using neither...nor helps a pupil clearly state that two options are both unavailable, for example telling a friend that neither the shop nor the market had sugar.",Join using neither...nor: 'She is not talkative. She is not reserved.'::She is neither talkative nor reserved.||Split into two sentences: 'Neither the dog nor the cat wants to eat.'::The dog does not want to eat. The cat does not want to eat either.||Join using neither...nor: 'She does not like ugali. She does not like rice.'::She likes neither ugali nor rice.||Join using neither...nor: 'We had not taken umbrellas. We had not taken raincoats.'::We had taken neither umbrellas nor raincoats.,
2023-JSS014-DRS V,Demonstrate mastery of basic English language skills,Use appropriate grammar and vocabulary both orally and in writing,"Use conjunctions in oral and written contexts (target: too… to, either …or, neither…nor)",Using too...to to express a limitation,1,Sentence combining,Kuwaongoza Wanafunzi,A pupil correctly joins two sentences into one using too...to to show that something cannot be done because of a limitation.,Pictures of a heavy desk and a short boy near a mango tree|Chalkboard,"TET(2023), ENGLISH, PUPIL'S BOOK, STANDARD FIVE, TET, DAR ES SALAAM","The conjunction 'too...to' shows that something has too much of a quality to allow an action to happen, such as being too heavy to lift.","Pupils study examples like 'The desk is too heavy to lift' and 'The boy is too short to pick the mangoes from the tree', then join pairs of sentences describing a quality and its resulting limitation into one sentence using too...to.",Example from the book: 'The water is very cold. He can't drink it' becomes 'The water is too cold to drink.',"Using too...to helps a pupil explain why they cannot do a chore, for example saying the bucket is too heavy to carry alone.",Join using too...to: 'The food is very hot. They can't eat it.'::The food is too hot to eat.||Join using too...to: 'I am very busy. I cannot talk to them.'::I am too busy to talk to them.||Join using too...to: 'The questions are very difficult. I cannot answer them.'::The questions are too difficult to answer.,
2023-JSS014-DRS V,Demonstrate mastery of basic English language skills,Use appropriate grammar and vocabulary both orally and in writing,Use active and passive voices to communicate in different contexts,Changing sentences from active to passive voice,2,Transformation drill,Kuwaongoza Wanafunzi,A pupil correctly changes at least four active voice sentences into passive voice.,Table of active and passive sentences|Chalkboard|Exercise books,"TET(2023), ENGLISH, PUPIL'S BOOK, STANDARD FIVE, TET, DAR ES SALAAM","The active voice focuses on the doer of an action, while the passive voice shifts the focus to the receiver of the action.","Pupils study a table comparing active and passive sentences, such as 'The chef cooks the food' becoming 'The food is cooked by the chef', and practise transforming further sentences and questions such as 'Does the chef cook the food?' into 'Is the food cooked by the chef?'",Example from the book: 'The boy kicked the ball' (active) becomes 'The ball was kicked by the boy' (passive).,"Understanding passive voice helps a pupil describe events when the doer is unknown or unimportant, such as saying 'The window was broken' when reporting an accident at home.",Change to passive voice: 'The dog chased the cat.'::The cat was chased by the dog.||Change to passive voice: 'The pupils answered the questions.'::The questions were answered by the pupils.||Change to passive voice: 'They will clean the room.'::The room will be cleaned by them.||Change to a passive question: 'Does the chef cook the food?'::Is the food cooked by the chef?,
2023-JSS014-DRS V,Demonstrate mastery of basic English language skills,Use appropriate grammar and vocabulary both orally and in writing,Use active and passive voices to communicate in different contexts,Using active and passive voice in stories and interviews,2,Text analysis,Kuwaongoza Wanafunzi,A pupil correctly identifies at least three passive voice sentences in a text and rewrites them in active voice.,Story text: Mr Fungo and the community|Interview extract|Chalkboard,"TET(2023), ENGLISH, PUPIL'S BOOK, STANDARD FIVE, TET, DAR ES SALAAM","Active and passive voice are both used in real texts such as stories and interviews, often to hide or reveal who performed an action.","In the story 'Mr Fungo and the community', people avoid blaming Mr Fungo directly by using passive sentences such as 'The tap was damaged' and 'A mistake was made', instead of naming the doer. Pupils identify such passive sentences and change them into the active voice, and also examine active and passive sentences in an interview extract about a musician.",Example from the story: 'The tap was damaged when the car was reversed' can be changed to 'The car damaged the tap when it was reversed.',Recognising when passive voice is used to avoid naming someone helps a pupil understand the true meaning of statements they hear in the community or in news reports.,Who damaged the village water tap in the story?::Mr Fungo damaged the village water tap while reversing his lorry.||Change to active voice: 'The tap was repaired by Mr Fungo.'::Mr Fungo repaired the tap.||Change to active voice: 'He is called a man of the people in the community.'::The community calls him a man of the people.||Why did some people in the community use passive sentences like 'A mistake was made'?::They used passive sentences to avoid saying directly that Mr Fungo made the mistake.,
2023-JSS014-DRS V,Comprehend oral and written information,Comprehend information presented orally,"Follow oral instructions to accomplish a task (e.g., operating equipment and making objects)",Following oral instructions to operate a radio,2,Task-based learning,Kuwaongoza Wanafunzi,"A pupil correctly follows at least four oral instructions to turn on a radio, adjust its volume and tune to a station.",A radio (real or picture)|Instruction cards|Chalkboard,"TET(2023), ENGLISH, PUPIL'S BOOK, STANDARD FIVE, TET, DAR ES SALAAM",Listening carefully to spoken instructions and carrying them out in the correct order is an important everyday listening skill.,"Pupils listen to instructions such as finding the power button, pressing it to turn the radio on, turning the volume knob from left to right to increase the volume, using the tuning knob to find a station, and pressing the power button again to turn it off, then perform each step in order.",Example instruction sequence from the book: press the power button to turn on the radio; turn the volume knob to increase the volume; use the tuning knob to find your favourite station.,Following instructions to operate a radio helps a pupil safely use similar devices such as a family radio or music player at home.,What should you press first to turn on a radio?::You should press the power button first.||How do you increase the volume on a radio?::You turn the volume knob from left to right.||What knob helps you find your favourite radio station?::The tuning knob helps you find your favourite station.||Why should you turn off the radio when not in use?::Turning it off saves energy and keeps the radio safe.,
2023-JSS014-DRS V,Comprehend oral and written information,Comprehend information presented orally,"Follow oral instructions to accomplish a task (e.g., operating equipment and making objects)",Following oral instructions to operate a phone or camera,2,Task-based learning,Kuwaongoza Wanafunzi,A pupil correctly follows oral instructions to turn on a device and take a simple photograph.,A phone or camera (real or picture)|Instruction cards|Chalkboard,"TET(2023), ENGLISH, PUPIL'S BOOK, STANDARD FIVE, TET, DAR ES SALAAM","Oral instructions can also guide a pupil in operating other simple devices such as a torch, phone or camera.","Pupils listen to and follow instructions on how to take photos and record videos using a camera, phone or tablet, including pressing the correct button to turn the device on, checking that the subject is in focus, and pressing the shutter button to take the photo.",Guiding questions from the book include: What button do we press to turn the camera on? What should you do before pressing the shutter button?,Learning to follow instructions for using a phone or camera helps a pupil safely take family photographs during celebrations at home.,"What should you press to turn on a camera?::You should press the power button to turn on the camera.||What should you check before pressing the shutter button?::You should check that the subject is in focus.||Name one gadget on which you can practise setting an alarm.::You can practise setting an alarm on a mobile phone, an alarm clock or a digital watch.||Why is it useful to know how to use a camera or phone?::It helps you take photos and videos to record important moments in daily life.",
2023-JSS014-DRS V,Comprehend oral and written information,Comprehend information presented orally,"Follow oral instructions to accomplish a task (e.g., operating equipment and making objects)",Following oral instructions to make a paper craft,2,Demonstration,Kuwaongoza Wanafunzi,A pupil correctly follows oral instructions to create one paper craft or piece of stone and sand art.,Paper|Scissors|Sand and stones|Chalkboard,"TET(2023), ENGLISH, PUPIL'S BOOK, STANDARD FIVE, TET, DAR ES SALAAM","Following spoken instructions step by step allows a pupil to create simple objects such as paper crafts, stone art or sand art.","Pupils look at pictures of pupils making paper crafts and listen to instructions describing each step, then create their own paper craft. They also listen to instructions for making stone and sand art, such as a small garden, and follow the steps to make one.",Example guiding question from the book: What is the first step in making a small garden? What are the other steps in making a small garden?,Following instructions to make simple crafts helps a pupil create decorations or toys at home using locally available materials.,What should you do after listening to instructions for a craft?::You should follow the instructions step by step to create the object.||Name one material you could use to make sand art.::You could use sand and small stones.||Why is it important to listen carefully before starting a craft?::Listening carefully helps you follow the correct order of steps and avoid mistakes.||What can you do with a finished paper craft?::You can display it in a visible area to show your creativity.,
2023-JSS014-DRS V,Comprehend oral and written information,Comprehend information presented orally,"Listen to grade-appropriate myths, fairy tales and fables presented through audio/audiovisual channels and respond accordingly",Listening to the fable Grandmother's Pumpkin and responding to questions,2,Storytelling and listening comprehension,Kuwaongoza Wanafunzi,A pupil listens to the fable and correctly answers at least three comprehension questions about its characters and message.,Story text: Grandmother's Pumpkin|Pictures of a pumpkin and a hare|Chalkboard,"TET(2023), ENGLISH, PUPIL'S BOOK, STANDARD FIVE, TET, DAR ES SALAAM","A fable is a short story, often with animal characters, that teaches a lesson about behaviour.","Pupils listen to the fable 'Grandmother's Pumpkin', in which a hare tries to steal a bite of Mama Siti's giant pumpkin instead of asking for a share, finds the skin too tough to bite, and is caught and forgiven by Mama Siti, learning that it is better to ask than to steal.","Key events: the hare admires the pumpkin, waits until Mama Siti leaves, bites the tough skin, and is caught; Mama Siti says 'the pumpkin was meant for sharing, not stealing.'","This fable teaches a pupil to ask permission before taking something that belongs to someone else, whether at home, school or in the neighbourhood.",Who tried to take a bite of Mama Siti's pumpkin without asking?::The hare tried to take a bite of the pumpkin without asking.||Why was the hare unable to enjoy the pumpkin?::The pumpkin skin was too tough to bite.||What lesson did the hare learn at the end of the story?::The hare learned that it is better to ask for what you want than to steal.,
2023-JSS014-DRS V,Comprehend oral and written information,Comprehend information presented orally,"Listen to grade-appropriate myths, fairy tales and fables presented through audio/audiovisual channels and respond accordingly",Listening to a fairy tale and predicting what happens next,2,Listening comprehension,Kuwaongoza Wanafunzi,"A pupil listens to part of a fairy tale and correctly predicts a reasonable next event, then confirms it after hearing the rest of the story.",Fairy tale audio or read-aloud text|Picture cards|Chalkboard,"TET(2023), ENGLISH, PUPIL'S BOOK, STANDARD FIVE, TET, DAR ES SALAAM","A fairy tale is a traditional story, often involving magic or extraordinary characters, told to entertain and teach a lesson.","Pupils listen to a fairy tale, such as one about a poor girl who is kind to a stranger and is later rewarded, pausing partway through to predict what might happen next based on clues in the story, before listening to the ending to check their prediction.","For example, after hearing that a girl shares her last piece of bread with an old woman on the road, pupils predict that the old woman may reward the girl's kindness later in the story.","Predicting what happens next in a story helps a pupil think ahead and reason about cause and effect in real-life situations, such as guessing the outcome of an action before it happens.","What is a fairy tale?::A fairy tale is a traditional story, often with magic or extraordinary characters, told to entertain and teach a lesson.||Why is it useful to predict what will happen next in a story?::It helps a listener think ahead, pay closer attention, and check their understanding when the story continues.||If a character in a story is kind to a stranger, what might you predict will happen later?::You might predict that the character will be rewarded for their kindness later in the story.",
2023-JSS014-DRS V,Comprehend oral and written information,Comprehend information presented orally,"Listen to grade-appropriate myths, fairy tales and fables presented through audio/audiovisual channels and respond accordingly",Listening to a myth and retelling its moral lesson,2,Storytelling and discussion,Kuwaongoza Wanafunzi,A pupil listens to a myth and correctly states its moral lesson in their own words.,Myth text or audio|Pictures related to the myth|Chalkboard,"TET(2023), ENGLISH, PUPIL'S BOOK, STANDARD FIVE, TET, DAR ES SALAAM","A myth is a traditional story, often explaining natural events or the origin of something, passed down from earlier generations.","Pupils listen to a myth, such as one explaining why the hare has long ears or why the tortoise has a cracked shell, identify the characters and events, and discuss the moral or explanation the myth gives.","For example, a myth may explain that the tortoise's shell became cracked as a punishment for its pride, teaching listeners to remain humble.",Understanding the moral lessons of myths helps a pupil apply values such as humility and honesty passed down through storytelling in their own community.,"What is a myth?::A myth is a traditional story, often explaining natural events or the origin of something.||What moral lesson can a myth about a proud animal teach?::It can teach that pride often leads to trouble and that one should remain humble.||Why do communities tell myths to children?::Communities tell myths to entertain children and to pass on important lessons and values.",
2023-JSS014-DRS V,Comprehend oral and written information,Comprehend information presented orally,Identify major and minor ideas in a story,Identifying the main idea in the story Road Accident,2,Guided comprehension,Kuwaongoza Wanafunzi,A pupil correctly identifies the main idea of the story 'Road Accident' from a set of options.,Story text: Road accident|Chalkboard|Exercise books,"TET(2023), ENGLISH, PUPIL'S BOOK, STANDARD FIVE, TET, DAR ES SALAAM",The main idea of a story is the single most important point that the whole story is about.,"Pupils listen to the story 'Road accident', in which a schoolboy named Baraka Musa is hit by a car, identified through his exercise book, and taken to hospital by his father, then choose the sentence that best captures the whole story from a set of options.","The correct main idea from the book is: 'A schoolboy had been hit by a car and rushed to hospital,' rather than smaller details like 'Baraka's father arrived by taxi.'",Identifying the main idea helps a pupil quickly summarise what an announcement or news report on the radio was really about.,"What is the main idea of the story 'Road accident'?::The main idea is that a schoolboy had been hit by a car and rushed to hospital.||Is 'The bus stopped suddenly' the main idea or a supporting detail?::It is a supporting detail, not the main idea.||How was Baraka identified after the accident?::He was identified from the name written on his exercise book.",
2023-JSS014-DRS V,Comprehend oral and written information,Comprehend information presented orally,Identify major and minor ideas in a story,Identifying supporting ideas (small details) in a story,2,Guided comprehension,Kuwaongoza Wanafunzi,A pupil correctly identifies at least two supporting ideas that add detail to the main idea of a story.,Story text: Road accident|Chalkboard|Exercise books,"TET(2023), ENGLISH, PUPIL'S BOOK, STANDARD FIVE, TET, DAR ES SALAAM",Supporting ideas are smaller details that add extra information about the main idea of a story.,"Pupils re-read the story 'Road accident' and pick out supporting ideas such as the boy's name being Baraka Musa, and that a phone number found in his exercise book was used to call his father, distinguishing these smaller details from the single main idea.",Example supporting ideas from the book: 'The boy's name was Baraka Musa' and 'Baraka's father was called using a phone number found in the bag.',"Noticing supporting details helps a pupil remember specific facts, such as names and numbers, when retelling news to family members.",Give one supporting idea from the story 'Road accident'.::One supporting idea is that the boy's name was Baraka Musa.||How was Baraka's father contacted?::He was contacted using a phone number found inside Baraka's exercise book.||Why is 'A man opened Baraka's school bag' considered a supporting idea and not the main idea?::It is a small detail that helps the story but does not capture the whole story by itself.,
2023-JSS014-DRS V,Comprehend oral and written information,Comprehend information presented orally,Identify major and minor ideas in a story,Distinguishing main ideas from minor ideas in a listened story,2,Discussion,Kuwaongoza Wanafunzi,A pupil correctly sorts a mixed list of story statements into one main idea and at least two supporting ideas.,Story text: Grandmother's pumpkin|Chalkboard|Exercise books,"TET(2023), ENGLISH, PUPIL'S BOOK, STANDARD FIVE, TET, DAR ES SALAAM",Distinguishing between major and minor ideas means being able to tell which statement is the central point of a story and which statements only support it.,"Using the fable 'Grandmother's pumpkin', pupils identify the sentence that best captures the whole story, such as the hare learning not to steal, and separate it from supporting details such as the pumpkin being bright orange or the hare being known for its speed.",Main idea: the hare tries to steal from Mama Siti's garden and learns to ask instead. Supporting details: the pumpkin was the biggest Mama Siti had ever grown; the hare was known for high speed.,"Telling the difference between main and minor ideas helps a pupil focus on the important part of instructions given by a teacher or parent, rather than getting lost in small details.",What is the main idea of the story 'Grandmother's pumpkin'?::The main idea is that the hare tried to steal but learned it is better to ask for what you want.||Give one supporting detail from the story 'Grandmother's pumpkin'.::One supporting detail is that the pumpkin was the biggest Mama Siti had ever grown.||Why is it useful to separate main ideas from minor ideas?::It helps a listener remember the most important message of a story without confusing it with smaller details.,
2023-JSS014-DRS V,Comprehend oral and written information,Comprehend information presented orally,Summarise issues found in the texts heard,Predicting and summarising the content of a poem before and after listening,2,Listening and prediction,Kuwaongoza Wanafunzi,A pupil makes a reasonable prediction about a poem's content and then gives a one or two sentence summary after listening.,Poem chart or audio|Related picture|Chalkboard,"TET(2023), ENGLISH, PUPIL'S BOOK, STANDARD FIVE, TET, DAR ES SALAAM","Before listening to a poem, pupils can predict what it might be about from its title and picture, and afterwards summarise what the poem was really about.","Pupils look at the title and picture of a poem and predict its topic, then listen carefully to the poem, noting how the opening lines make them feel and what they expect to happen next, before summarising the poem's overall message in their own words.",Guiding questions from the book include: What do you think the poem will be about after hearing its title and looking at the picture? How do the first two lines make you feel?,Predicting and summarising helps a pupil quickly grasp the message of songs or announcements they hear on the radio.,What should you look at before predicting what a poem is about?::You should look at the poem's title and the picture that goes with it.||Why do we summarise a poem after listening to it?::We summarise a poem to show that we understood its overall message in our own words.||Give an example of a question you can ask yourself while listening to a poem.::An example is: What do I think will happen next in the poem?,
2023-JSS014-DRS V,Comprehend oral and written information,Comprehend information presented orally,Summarise issues found in the texts heard,Summarising the main issue in a story heard,2,Listening comprehension,Kuwaongoza Wanafunzi,A pupil listens to a story and correctly gives a one or two sentence summary capturing its main issue.,Story text: Road accident or Grandmother's pumpkin|Chalkboard,"TET(2023), ENGLISH, PUPIL'S BOOK, STANDARD FIVE, TET, DAR ES SALAAM",Summarising a story heard means shortening it into the fewest possible sentences while keeping its central issue and message.,"After listening to a story such as 'Road accident', pupils summarise it by stating the main issue, for example that a schoolboy was hit by a car and later recovered, leaving out minor details like the exact time or side characters.","Example summary: 'A schoolboy was hit by a car while crossing the road, was rushed to hospital, and later recovered.'","Summarising helps a pupil report important news, such as an accident or event, to family members quickly and clearly.","Give a one-sentence summary of the story 'Road accident'.::A schoolboy was hit by a car, rushed to hospital, and later recovered.||Give a one-sentence summary of the fable 'Grandmother's pumpkin'.::A hare tried to steal a pumpkin but learned it is better to ask than to steal.||What should a good summary of a story include?::A good summary should include the main issue of the story without unnecessary small details.",
2023-JSS014-DRS V,Comprehend oral and written information,Comprehend information presented orally,Summarise issues found in the texts heard,Summarising a dialogue heard between two speakers,2,Listening and discussion,Kuwaongoza Wanafunzi,A pupil listens to a dialogue and correctly summarises what the two speakers agreed or talked about.,Dialogue script (Sadick and Anna)|Chalkboard,"TET(2023), ENGLISH, PUPIL'S BOOK, STANDARD FIVE, TET, DAR ES SALAAM",A dialogue can also be summarised by stating what the speakers were mainly talking about and what they decided or learned.,"Pupils listen to the dialogue between Sadick and Anna about a book Sadick started reading last month but has not finished, and summarise it by stating that Anna helped Sadick learn how to express an action that started in the past and is still continuing.","Summary example: Sadick was struggling to describe a book he started but had not finished, and Anna taught him to say 'I have been reading this book since last month.'",Summarising conversations helps a pupil report what was discussed in a meeting or conversation to someone who was not present.,What was Sadick struggling with in his conversation with Anna?::He was struggling to make a sentence about a book he started reading but had not finished.||What sentence did Anna teach Sadick to use?::Anna taught him to say 'I have been reading this book since last month.'||Give a one-sentence summary of the dialogue between Sadick and Anna.::Anna helped Sadick learn how to talk about an action that started in the past and is still continuing.,
2023-JSS014-DRS V,Comprehend oral and written information,Comprehend information presented orally,Retell oral texts,Retelling a picture story in own words,2,Storytelling,Kuwaongoza Wanafunzi,"A pupil retells a picture story in their own words, correctly mentioning the main characters and events.",Picture story cards|Chalkboard,"TET(2023), ENGLISH, PUPIL'S BOOK, STANDARD FIVE, TET, DAR ES SALAAM","Retelling means telling a story again in your own words after listening to or looking at it, keeping the important characters and events.","Pupils look at a picture and listen to a story about it, identifying the main characters, where and when it takes place, and what happens at the beginning, middle and end, then retell the story to a partner or the class in their own words.","Guiding questions from the book include: Who are the main characters in the story? What happened at the beginning, middle and end of the story?",Retelling stories helps a pupil share news or events they witnessed with family members in a clear and organised way.,"What should you identify before retelling a picture story?::You should identify the main characters, the setting, and what happens at the beginning, middle and end.||Why is it useful to retell a story in your own words?::It shows that you understood the story and helps others who did not hear it the first time.||What problem might characters face in a story, and how could it be solved?::Characters might face a problem such as losing something, which is solved by working together to find it.",
2023-JSS014-DRS V,Comprehend oral and written information,Comprehend information presented orally,Retell oral texts,Retelling the fable Grandmother's Pumpkin,2,Storytelling,Kuwaongoza Wanafunzi,"A pupil correctly retells the fable 'Grandmother's Pumpkin' in the right order of events, including its lesson.",Story text: Grandmother's Pumpkin|Chalkboard,"TET(2023), ENGLISH, PUPIL'S BOOK, STANDARD FIVE, TET, DAR ES SALAAM",Retelling a fable means narrating its events in the correct order and ending with its moral lesson.,"Pupils retell the story of the hare who tried to steal a bite of Mama Siti's giant pumpkin, found the skin too tough, was caught by Mama Siti, and learned that it is better to ask than to steal, making sure to keep the events in the correct order.","A correct retelling begins with the hare admiring the pumpkin, followed by the attempted theft, being caught, and ending with the lesson learned.",Retelling fables helps a pupil pass on moral lessons to younger siblings the same way elders tell stories in the community.,What happened first in the fable 'Grandmother's Pumpkin'?::The hare admired Mama Siti's giant pumpkin and decided to nibble on it.||What happened after the hare bit the pumpkin?::The hare found the skin too tough and was caught by Mama Siti.||How does the fable end?::The fable ends with the hare apologising and learning that it is better to ask than to steal.,
2023-JSS014-DRS V,Comprehend oral and written information,Comprehend information presented orally,Retell oral texts,Retelling a story to a partner and answering questions about it,2,Pair work,Kuwaongoza Wanafunzi,A pupil retells a story to a partner and correctly answers at least three questions the partner asks about it.,Story cards|Chalkboard,"TET(2023), ENGLISH, PUPIL'S BOOK, STANDARD FIVE, TET, DAR ES SALAAM",Retelling a story to a partner and then answering their questions checks how well the story has been understood and remembered.,"In pairs, one pupil retells a story they have heard, such as 'Road accident' or a fairy tale, while the partner listens and then asks questions about the characters, events and lesson of the story, after which the roles are swapped.",Example question a partner might ask: 'What would you say if you had to tell a friend this story in one sentence?',Practising retelling and answering questions helps a pupil communicate news accurately when asked follow-up questions by family or friends.,What should a partner do while you are retelling a story?::The partner should listen carefully and prepare questions to ask afterwards.||Give one example of a question a partner could ask after a retelling.::An example is: 'What lesson did you learn from the story?'||Why do we swap roles after retelling a story?::Swapping roles gives both partners a chance to practise retelling and asking questions.,
2023-JSS014-DRS V,Comprehend oral and written information,Construct meaning from simple texts,Read grade-appropriate texts to identify their basic components and contents,"Identifying title, characters and setting in a story text",3,Guided reading,Kuwaongoza Wanafunzi,"A pupil correctly identifies the title, main characters and setting of a read story.",Story text: Grandmother's pumpkin|Chalkboard|Exercise books,"TET(2023), ENGLISH, PUPIL'S BOOK, STANDARD FIVE, TET, DAR ES SALAAM","Every story text has basic components such as a title, characters and a setting, which is where and when the story takes place.","Pupils read the story 'Grandmother's pumpkin' silently, then identify its title, the main characters (Mama Siti and the hare), and the setting (a small village and Mama Siti's garden), before discussing how these components help the story make sense.","Example: the title is 'Grandmother's pumpkin', the main characters are Mama Siti and the hare, and the setting is a small village.","Identifying title, characters and setting helps a pupil quickly understand and describe any storybook they read at home or in the school library.","What is the title of the fable about a pumpkin?::The title is 'Grandmother's pumpkin.'||Who are the two main characters in the story?::The two main characters are Mama Siti and the hare.||Where does the story take place?::The story takes place in a small village, in Mama Siti's garden.",
2023-JSS014-DRS V,Comprehend oral and written information,Construct meaning from simple texts,Read grade-appropriate texts to identify their basic components and contents,"Identifying beginning, middle and end of a text",3,Guided reading,Kuwaongoza Wanafunzi,"A pupil correctly states what happens at the beginning, middle and end of a read text.",Story text: Road accident|Chalkboard|Exercise books,"TET(2023), ENGLISH, PUPIL'S BOOK, STANDARD FIVE, TET, DAR ES SALAAM","A text is organised into a beginning, a middle and an end, and identifying these parts helps a reader follow the sequence of events.","Pupils read the story 'Road accident' and divide it into its beginning (the writer's bus stopping and seeing an injured schoolboy), middle (a man finding the boy's exercise book and calling his father), and end (Baraka's father arriving and Baraka recovering in hospital).",Beginning: the bus stops and a schoolboy is seen lying injured on the road; Middle: a man calls Baraka's father using a number in his exercise book; End: Baraka is taken to hospital and later discharged.,"Recognising the beginning, middle and end of an event helps a pupil narrate what happened during a school trip or family occasion in the correct order.","What happens at the beginning of the story 'Road accident'?::At the beginning, the bus stops suddenly and a schoolboy is seen lying injured on the road.||What happens in the middle of the story?::In the middle, a man finds Baraka's exercise book and calls his father using a phone number written inside it.||What happens at the end of the story?::At the end, Baraka's father takes him to hospital and Baraka later recovers and is discharged.",
2023-JSS014-DRS V,Comprehend oral and written information,Construct meaning from simple texts,Read grade-appropriate texts to identify their basic components and contents,Identifying the topic and key details of an informational text,2,Guided reading,Kuwaongoza Wanafunzi,A pupil correctly identifies the topic and at least two key details of a short informational text.,Informational text excerpt|Chalkboard|Exercise books,"TET(2023), ENGLISH, PUPIL'S BOOK, STANDARD FIVE, TET, DAR ES SALAAM","An informational text has a topic, which is what it is mainly about, and key details that give more information about that topic.","Pupils read a short informational passage, such as the interview text about a singeli musician and albinism, identify its topic, and list key facts it provides, such as statistics or explanations given in the text.","Example: the topic of the interview extract is a singeli artiste and awareness about albinism, with key details such as the statistic that 75 people with albinism were murdered in Tanzania between 2000 and 2016.",Identifying the topic and key details helps a pupil understand newspaper articles or notices posted at school or in the community.,"What is a topic of a text?::The topic is what the text is mainly about.||Give one key detail from the interview text about albinism.::One key detail is that albinism is caused by a lack of pigmentation in the skin, hair and eyes.||Why is it useful to identify key details in an informational text?::Key details give more evidence and information to support and explain the topic.",
2023-JSS014-DRS V,Comprehend oral and written information,Construct meaning from simple texts,Deduce the general meaning of a text,Deducing the meaning of the story Road Accident,3,Discussion,Kuwaongoza Wanafunzi,A pupil correctly explains the overall meaning of the story 'Road accident' in their own words.,Story text: Road accident|Chalkboard,"TET(2023), ENGLISH, PUPIL'S BOOK, STANDARD FIVE, TET, DAR ES SALAAM",Deducing the meaning of a text means working out its overall message even when it is not directly stated.,"Pupils read the story 'Road accident' and discuss what it shows about road safety and helping others, deducing that the story teaches the importance of being careful when crossing roads and helping an injured person quickly.","Clues in the text, such as the man opening the bag to find identification and calling the father immediately, show the importance of acting quickly to help someone in an accident.","Deducing meaning from stories helps a pupil apply lessons about safety, such as looking both ways before crossing a road, in their own life.",What general meaning can be deduced from the story 'Road accident'?::The story shows the importance of being careful when crossing roads and helping others quickly in an emergency.||What clue in the story shows that people acted quickly to help Baraka?::The clue is that a man immediately searched the bag and called Baraka's father using the number found inside.||What lesson about road safety can a pupil learn from this story?::A pupil can learn to look carefully before crossing a road to avoid accidents.,
2023-JSS014-DRS V,Comprehend oral and written information,Construct meaning from simple texts,Deduce the general meaning of a text,Deducing the moral lesson of the fable Grandmother's Pumpkin,2,Discussion,Kuwaongoza Wanafunzi,A pupil correctly deduces and states the moral lesson of the fable in one clear sentence.,Story text: Grandmother's Pumpkin|Chalkboard,"TET(2023), ENGLISH, PUPIL'S BOOK, STANDARD FIVE, TET, DAR ES SALAAM",Fables usually carry a moral lesson that is not always stated directly but can be worked out from the characters' actions and consequences.,"Pupils discuss why the hare felt ashamed after being caught, and why Mama Siti forgave him, to deduce that the fable's moral is that it is better to ask for what you want than to take it without permission.","The final line of the story, 'It's better to ask for what you want than to steal,' confirms the moral lesson pupils are asked to deduce themselves from the earlier events.",This moral lesson encourages a pupil to ask before borrowing items from classmates or family members instead of taking them without permission.,What moral lesson does the fable 'Grandmother's Pumpkin' teach?::It teaches that it is better to ask for what you want than to steal.||How did the hare feel after being caught by Mama Siti?::The hare felt ashamed and embarrassed.||Why did Mama Siti forgive the hare?::Mama Siti forgave the hare because he was honest and apologised for his mistake.,
2023-JSS014-DRS V,Comprehend oral and written information,Construct meaning from simple texts,Deduce the general meaning of a text,Deducing meaning of unfamiliar words from context,2,Contextual guessing,Kuwaongoza Wanafunzi,A pupil correctly guesses the meaning of at least three unfamiliar words using clues from the surrounding sentence.,Short text with underlined words|Chalkboard|Dictionary,"TET(2023), ENGLISH, PUPIL'S BOOK, STANDARD FIVE, TET, DAR ES SALAAM","The meaning of an unfamiliar word can often be worked out by looking at the words and sentences around it, without needing a dictionary.","Pupils read texts such as the story 'Mr Fungo and the community' and guess the meaning of words like 'generous' from context clues such as 'he is always giving, whether it is time, help, or advice', then check their guesses using a dictionary.",Example: the sentence 'Some people call him a generous man because he is always giving' helps a reader deduce that generous means willing to give freely.,Guessing word meaning from context helps a pupil understand new words while reading newspapers or storybooks without stopping to look up every word.,"What does the word 'generous' likely mean, based on the sentence about Mr Fungo?::Generous likely means willing to give freely to others.||How can you find the meaning of an unfamiliar word without a dictionary?::You can look at the words and sentences around it for clues about its meaning.||What context clue in the text about Mr Fungo suggests he is kind?::The context clue is that he always helps and offers advice to make things better for everyone.",
2023-JSS014-DRS V,Comprehend oral and written information,Construct meaning from simple texts,Summarise issues found in the texts read,Summarising the story Road Accident in a few sentences,3,Guided writing,Kuwaongoza Wanafunzi,"A pupil writes a summary of the story 'Road accident' in no more than three sentences, capturing the main issue.",Story text: Road accident|Chalkboard|Exercise books,"TET(2023), ENGLISH, PUPIL'S BOOK, STANDARD FIVE, TET, DAR ES SALAAM",A written summary shortens a text into a few sentences while keeping only the most important information.,"Pupils read the story 'Road accident' and write a short summary describing the main issue: a schoolboy called Baraka Musa was hit by a car while crossing the road, was identified through his exercise book, and was taken to hospital by his father where he recovered.","Example summary: 'A schoolboy named Baraka Musa was hit by a car while crossing the road. He was identified from his exercise book, and his father took him to hospital, where he recovered.'",Writing summaries helps a pupil record important events briefly in a diary or report to share with others later.,"Write a short summary of the story 'Road accident' in one or two sentences.::A schoolboy named Baraka Musa was hit by a car while crossing the road and was taken to hospital, where he later recovered.||What information should be left out of a summary?::Small unnecessary details, such as exact times or minor actions, should be left out of a summary.||Why do we summarise texts we read?::We summarise texts to show understanding and to communicate the main issue quickly to others.",
2023-JSS014-DRS V,Comprehend oral and written information,Construct meaning from simple texts,Summarise issues found in the texts read,Summarising the fable Grandmother's Pumpkin,2,Guided writing,Kuwaongoza Wanafunzi,"A pupil writes a summary of the fable in one or two sentences, including its lesson.",Story text: Grandmother's Pumpkin|Chalkboard|Exercise books,"TET(2023), ENGLISH, PUPIL'S BOOK, STANDARD FIVE, TET, DAR ES SALAAM",Summarising a fable includes stating both what happened and the lesson it teaches.,"Pupils write a brief summary of the fable 'Grandmother's Pumpkin', mentioning that a hare tried to steal a bite of a pumpkin, was caught, and learned to ask instead of steal.",Example summary: 'A hare tried to steal a bite of Mama Siti's giant pumpkin but was caught and learned that it is better to ask than to steal.',Summarising fables with their lessons helps a pupil remember and share good values learnt from reading with younger family members.,Write a one-sentence summary of the fable 'Grandmother's Pumpkin'.::A hare tried to steal a bite of Mama Siti's pumpkin but was caught and learned to ask instead of steal.||What must a good summary of a fable always include?::A good summary must include the main events and the lesson the fable teaches.||Why is a fable's lesson important to include in its summary?::The lesson is the main purpose of the fable and shows what the reader should learn.,
2023-JSS014-DRS V,Comprehend oral and written information,Construct meaning from simple texts,Summarise issues found in the texts read,Writing a summary of a short informational text,2,Guided writing,Kuwaongoza Wanafunzi,"A pupil writes a two to three sentence summary of a short informational text, including its topic and key details.",Informational text excerpt|Chalkboard|Exercise books,"TET(2023), ENGLISH, PUPIL'S BOOK, STANDARD FIVE, TET, DAR ES SALAAM","Summarising an informational text means stating its topic and the most important facts it gives, in a shorter form.","Pupils read an informational text, such as the excerpt explaining albinism and singeli music, and write a short summary stating the topic and one or two key facts, leaving out less important details.",Example summary: 'The text is about a singeli artiste with albinism and explains that albinism is caused by a lack of pigmentation and affects many Tanzanians.',Writing summaries of informational texts helps a pupil quickly share useful facts they have read with classmates or family.,"What is the topic of the informational text about albinism?::The topic is albinism and awareness about people living with the condition.||Give one key fact to include in a summary of that text.::One key fact is that albinism is caused by a lack of pigmentation in the skin, hair and eyes.||Why should a summary avoid unnecessary details?::A summary should avoid unnecessary details so that it stays short and focuses on the most important information.",
2023-JSS014-DRS V,Comprehend oral and written information,Respond appropriately in a familiar communicative context,Identify main points in conversations,Identifying main points in the dialogue between Rehema and David,3,Dialogue analysis,Kuwaongoza Wanafunzi,A pupil correctly states at least three main points discussed in the dialogue between Rehema and David.,Dialogue script: Rehema and David|Chalkboard,"TET(2023), ENGLISH, PUPIL'S BOOK, STANDARD FIVE, TET, DAR ES SALAAM",Identifying main points in a conversation means picking out the most important information the speakers share with each other.,"Pupils read or listen to the dialogue between Rehema and David, in which they introduce themselves, mention their siblings, and talk about Rehema's parents buying a plot of land in Dodoma, then list the main points of what was discussed.",Main points from the dialogue: David and Rehema introduce themselves and their siblings; Rehema's parents used their long-term savings to buy land in Dodoma.,Identifying main points in conversations helps a pupil follow and later report what family members or friends discussed during a visit.,What are the names of the two speakers in the dialogue?::The two speakers are Rehema and David.||What did Rehema's parents buy using their long-term savings?::They bought a plot of land in Dodoma.||Name one main point discussed in the dialogue.::One main point is that both speakers introduced themselves and talked about their siblings.,
2023-JSS014-DRS V,Comprehend oral and written information,Respond appropriately in a familiar communicative context,Identify main points in conversations,Identifying main points in the dialogue between Sadick and Anna,3,Dialogue analysis,Kuwaongoza Wanafunzi,A pupil correctly identifies the main problem Sadick raised and the solution Anna gave in their dialogue.,Dialogue script: Sadick and Anna|Chalkboard,"TET(2023), ENGLISH, PUPIL'S BOOK, STANDARD FIVE, TET, DAR ES SALAAM",A conversation often has a main point such as a problem raised by one speaker and a solution or explanation given by the other.,"Pupils listen to the dialogue between Sadick and Anna, identify that Sadick's main problem was not knowing how to describe a book he started but had not finished, and that Anna's main contribution was teaching him to use 'have been reading' correctly.","Main point: Sadick struggled to express an unfinished action, and Anna explained the correct sentence structure to use.",Identifying the main point of a conversation helps a pupil understand what advice or help a friend or teacher is giving them.,What problem did Sadick have in his conversation with Anna?::He did not know how to make a sentence about something he started in the past but had not finished.||What did Anna teach Sadick to say?::Anna taught him to say 'I have been reading this book since last month.'||What is the main point of the dialogue between Sadick and Anna?::The main point is that Anna helped Sadick learn to express an unfinished action using 'have been'.,
2023-JSS014-DRS V,Comprehend oral and written information,Respond appropriately in a familiar communicative context,Identify main points in conversations,Identifying main points in a classroom dialogue,3,Dialogue analysis,Kuwaongoza Wanafunzi,A pupil correctly identifies at least three main points discussed between the teacher and pupils in a classroom dialogue.,Dialogue script: At School|Chalkboard,"TET(2023), ENGLISH, PUPIL'S BOOK, STANDARD FIVE, TET, DAR ES SALAAM",Classroom dialogues often contain main points about what was taught and how pupils feel about the lesson.,"Pupils listen to the dialogue 'At School' between a teacher and pupils about fractions, identify that the main points are that the class studied fractions, found it interesting, and that Bahati remembers how to add fractions but finds subtraction tricky.",Main points: the class studied fractions yesterday; they found the lesson interesting; Bahati can add fractions but finds subtraction a bit tricky.,Following the main points of a classroom conversation helps a pupil remember what was taught and revise the correct topics at home.,"What subject had the class studied, according to the dialogue?::The class had studied fractions.||Which pupil said subtraction was a bit tricky?::Bahati said subtraction was a bit tricky.||What did the teacher say about learning at the end of the dialogue?::The teacher said that learning is fun.",
2023-JSS014-DRS V,Comprehend oral and written information,Respond appropriately in a familiar communicative context,Identify main points in conversations,Identifying main points in a dialogue at home,3,Dialogue analysis,Kuwaongoza Wanafunzi,A pupil correctly identifies at least three main points discussed between a mother and child in a home dialogue.,Dialogue script: At Home|Chalkboard,"TET(2023), ENGLISH, PUPIL'S BOOK, STANDARD FIVE, TET, DAR ES SALAAM",A dialogue at home between a parent and child can also contain clear main points that a listener should be able to identify.,"Pupils listen to the dialogue 'At Home' between a mother and Zubeda, identifying the main points that Zubeda has finished and checked her homework twice, has a test the next day, and promises not to sleep late.",Main points: Zubeda has finished her homework and checked it twice; she has a test tomorrow and is prepared; she promises not to sleep late.,Identifying main points in family conversations helps a pupil remember important reminders and promises made at home.,"Has Zubeda finished her homework, according to the dialogue?::Yes, Zubeda has finished her homework and checked it twice.||What does Zubeda have the next day?::Zubeda has a test the next day, and she says she is prepared for it.||What does Zubeda promise her mother at the end of the dialogue?::She promises that she will not sleep late that night.",
2023-JSS014-DRS V,Comprehend oral and written information,Respond appropriately in a familiar communicative context,"Respond to compliments, apologies, wishes and sympathy messages",Responding appropriately to compliments,3,Role play,Kuwaongoza Wanafunzi,A pupil correctly responds to at least three spoken compliments using polite expressions such as 'Thank you'.,Compliment cue cards|Chalkboard,"TET(2023), ENGLISH, PUPIL'S BOOK, STANDARD FIVE, TET, DAR ES SALAAM","A compliment is a kind remark that praises someone, and it should be answered politely, usually by thanking the speaker.","Pupils practise giving and responding to compliments in pairs, such as 'You read very well' answered with 'Thank you, I have been practising', learning to accept compliments graciously without being boastful or dismissive.","Example exchange: 'Your handwriting is very neat.' 'Thank you very much, I try my best.'","Responding politely to compliments helps a pupil build good relationships with teachers, classmates and family members.","How should you respond if someone says 'You sang that song beautifully'?::You could respond, 'Thank you very much.'||Give a polite reply to the compliment 'Your project is excellent.'::A polite reply is, 'Thank you, I worked hard on it.'||Why is it important to respond politely to a compliment?::Responding politely shows good manners and appreciation for the other person's kind words.",
2023-JSS014-DRS V,Comprehend oral and written information,Respond appropriately in a familiar communicative context,"Respond to compliments, apologies, wishes and sympathy messages",Responding appropriately to apologies,3,Role play,Kuwaongoza Wanafunzi,A pupil correctly responds to at least three spoken apologies using appropriate expressions such as 'It's okay' or 'I forgive you'.,Apology cue cards|Chalkboard,"TET(2023), ENGLISH, PUPIL'S BOOK, STANDARD FIVE, TET, DAR ES SALAAM","An apology is used to say sorry for a mistake, and the listener should respond in a way that shows understanding or forgiveness.","Pupils practise apologising and responding to apologies in role play situations, such as a classmate saying 'I am sorry I stepped on your foot' and being answered with 'It's okay, no problem', learning different ways to accept an apology politely.","Example exchange: 'I'm sorry I broke your pencil.' 'That's alright, accidents happen.'",Responding well to apologies helps a pupil resolve small disagreements with friends or siblings quickly and peacefully.,"How should you respond if a friend says 'I'm sorry I was late'?::You could respond, 'It's okay, thank you for coming.'||Give a polite response to the apology 'I'm sorry for shouting at you.'::A polite response is, 'I forgive you, let's not argue anymore.'||Why should we accept apologies calmly?::Accepting apologies calmly helps to maintain peace and good relationships with others.",
2023-JSS014-DRS V,Comprehend oral and written information,Respond appropriately in a familiar communicative context,"Respond to compliments, apologies, wishes and sympathy messages",Responding appropriately to wishes,3,Role play,Kuwaongoza Wanafunzi,"A pupil correctly responds to at least three spoken wishes, such as birthday or good luck wishes, with an appropriate reply.","Wish cue cards (birthday, exam, journey)|Chalkboard","TET(2023), ENGLISH, PUPIL'S BOOK, STANDARD FIVE, TET, DAR ES SALAAM","A wish is an expression of hope for someone's happiness or success, such as 'Happy birthday' or 'Good luck', and should be answered with thanks.","Pupils practise giving and responding to different kinds of wishes, such as birthday wishes, good luck wishes before an examination, and safe journey wishes, replying with expressions such as 'Thank you very much' or 'The same to you'.","Example exchange: 'Happy birthday!' 'Thank you very much for remembering.' Another example: 'Good luck in your exams.' 'Thank you, I will do my best.'",Responding to wishes politely helps a pupil show appreciation during celebrations such as birthdays or before important events like examinations.,"How should you respond to 'Happy birthday!'?::You could respond, 'Thank you very much.'||Give a polite response to 'Good luck in your examinations.'::A polite response is, 'Thank you, I will do my best.'||How would you respond to someone wishing you a safe journey?::You could respond, 'Thank you, I wish you well too.'",
2023-JSS014-DRS V,Comprehend oral and written information,Respond appropriately in a familiar communicative context,"Respond to compliments, apologies, wishes and sympathy messages",Responding appropriately to sympathy messages,3,Role play,Kuwaongoza Wanafunzi,A pupil correctly responds to at least three spoken sympathy messages with a suitable and respectful reply.,Sympathy cue cards|Chalkboard,"TET(2023), ENGLISH, PUPIL'S BOOK, STANDARD FIVE, TET, DAR ES SALAAM","A sympathy message expresses care and comfort to someone facing a difficult situation, such as illness or loss, and should be answered respectfully.","Pupils practise responding to sympathy messages such as 'I am sorry to hear that you are unwell' or 'I am sorry for your loss', learning to reply with thanks and appreciation for the other person's concern, for example 'Thank you for your kind words'.","Example exchange: 'I am sorry to hear you are sick.' 'Thank you for caring, I am feeling better now.'",Responding appropriately to sympathy messages helps a pupil comfort and be comforted by classmates and family members during difficult times.,"How should you respond if someone says 'I am sorry to hear you are unwell'?::You could respond, 'Thank you for your concern, I am feeling better now.'||Give a polite response to 'I am sorry for your loss.'::A polite response is, 'Thank you for your kind words, I appreciate your support.'||Why is it important to respond kindly to a sympathy message?::Responding kindly shows appreciation for the other person's care and helps to comfort both speakers.",
2023-JSS014-DRS V,Comprehend oral and written information,Read appropriately a variety of simple texts,Read aloud grade-level simple texts with the correct rhythm,Reading aloud the story Road Accident with correct rhythm,3,Read-aloud modelling,Kuwaongoza Wanafunzi,"A pupil reads the story aloud fluently, using correct pauses and rhythm at punctuation marks.",Story text: Road accident|Chalkboard,"TET(2023), ENGLISH, PUPIL'S BOOK, STANDARD FIVE, TET, DAR ES SALAAM",Reading aloud with correct rhythm means pronouncing words clearly and pausing appropriately at commas and full stops so that listeners can follow the story easily.,"The teacher models reading the story 'Road accident' aloud, showing where to pause briefly at commas and longer at full stops, and where to raise or lower the voice for emphasis, then pupils practise reading the same passage aloud individually and in pairs.",Example: 'A car had hit him while crossing the road.' is read with a short pause before 'while' and a full stop pause at the end of the sentence.,Reading with correct rhythm helps a pupil read announcements or notices aloud clearly to family members or classmates.,Why should a reader pause at a full stop when reading aloud?::Pausing at a full stop shows the end of a complete sentence and helps listeners understand the text.||What does reading with correct rhythm help listeners do?::It helps listeners follow the story easily and understand its meaning.||Read aloud the sentence 'A car had hit him while crossing the road' with correct pauses.::The sentence is read with a short pause before 'while crossing the road' and a full pause at the end.,
2023-JSS014-DRS V,Comprehend oral and written information,Read appropriately a variety of simple texts,Read aloud grade-level simple texts with the correct rhythm,Reading aloud the fable Grandmother's Pumpkin with correct rhythm,3,Read-aloud modelling,Kuwaongoza Wanafunzi,"A pupil reads the fable aloud with correct rhythm, changing tone appropriately for dialogue between characters.",Story text: Grandmother's Pumpkin|Chalkboard,"TET(2023), ENGLISH, PUPIL'S BOOK, STANDARD FIVE, TET, DAR ES SALAAM",Reading a fable aloud with correct rhythm includes using a different tone of voice for each character's speech to bring the story to life.,"Pupils practise reading aloud the fable 'Grandmother's Pumpkin', using an excited tone for the hare's exclamations, a calm tone for Mama Siti, and pausing correctly between sentences to keep a natural rhythm.","Example: the hare's line 'This is not tasty at all!' is read with an exclaiming tone, while Mama Siti's line is read calmly and gently.",Reading fables aloud with expression helps a pupil entertain younger children at home by reading storybooks to them.,Why should different characters be read in different tones when reading a fable aloud?::Different tones help show each character's feelings and make the story more interesting to listen to.||How should the hare's exclamation 'This is not tasty at all!' be read aloud?::It should be read with an excited or surprised tone.||What rhythm should be used when reading Mama Siti's calm words?::Mama Siti's words should be read gently and steadily.,
2023-JSS014-DRS V,Comprehend oral and written information,Read appropriately a variety of simple texts,Read aloud grade-level simple texts with the correct rhythm,Reading aloud short dialogues with correct rhythm and intonation,3,Paired reading,Kuwaongoza Wanafunzi,"A pupil reads a short dialogue aloud with a partner, using correct rhythm and rising intonation for questions.","Dialogue scripts (Rehema and David, Sadick and Anna)|Chalkboard","TET(2023), ENGLISH, PUPIL'S BOOK, STANDARD FIVE, TET, DAR ES SALAAM","Reading dialogue aloud requires correct rhythm and intonation, especially raising the voice slightly at the end of questions.","In pairs, pupils take on the roles of speakers in dialogues such as the one between Rehema and David, practising rising intonation for questions like 'Where do you live?' and falling intonation for statements, while keeping a natural pace.","Example: the question 'How're you doing?' is read with a rising tone at the end, while the answer 'I'm fine' is read with a falling tone.",Practising rhythm and intonation in dialogue helps a pupil sound natural and confident when speaking English with visitors or in an interview.,"What happens to the voice at the end of a spoken question?::The voice usually rises at the end of a spoken question.||How should a statement's intonation differ from a question's?::A statement usually ends with a falling tone, while a question usually ends with a rising tone.||Read aloud the question 'Where do you live?' with correct intonation.::The question is read with the voice rising slightly on the word 'live'.",
2023-JSS014-DRS V,Comprehend oral and written information,Read appropriately a variety of simple texts,Read aloud grade-level simple texts with the correct rhythm,Reading aloud a short poem with correct rhythm,3,Choral reading,Kuwaongoza Wanafunzi,"A pupil reads a short poem aloud, keeping a steady rhythm and pausing correctly at the end of each line.",Poem chart|Chalkboard,"TET(2023), ENGLISH, PUPIL'S BOOK, STANDARD FIVE, TET, DAR ES SALAAM","Poems often have a rhythm created by their line breaks, and reading them aloud well means pausing briefly at the end of each line.","The class practises choral reading of a short poem, first led by the teacher line by line, then together as a group, and finally in small groups or individually, paying attention to keeping a steady beat and clear pronunciation.","Example: in a poem with short lines describing people's differences, each line is read with a brief pause before moving to the next, keeping a steady, gentle rhythm throughout.",Reading poems aloud with rhythm helps a pupil confidently recite poems during school assemblies or cultural events.,Why do we pause briefly at the end of each line when reading a poem aloud?::Pausing at the end of each line keeps the poem's rhythm and helps listeners follow its structure.||What reading method involves the whole class reading a poem together?::This method is called choral reading.||What should a reader focus on to keep a steady rhythm in a poem?::A reader should focus on even pacing and clear pronunciation of each line.,
2023-JSS014-DRS V,Comprehend oral and written information,Read appropriately a variety of simple texts,Reading grade-level prose and poetry with accuracy and appropriate speed,Reading a short prose passage with accuracy and appropriate speed,3,Silent and aloud reading,Kuwaongoza Wanafunzi,"A pupil reads a short prose passage aloud accurately at an appropriate speed, making very few pronunciation errors.",Prose passage: Mr Fungo and the community|Chalkboard|Stopwatch,"TET(2023), ENGLISH, PUPIL'S BOOK, STANDARD FIVE, TET, DAR ES SALAAM","Reading with accuracy means pronouncing every word correctly, while reading at an appropriate speed means neither rushing nor reading too slowly.","Pupils first read the passage 'Mr Fungo and the community' silently to understand it, then read it aloud at a steady, comfortable pace while the teacher checks pronunciation accuracy and timing, correcting any words that were mispronounced or skipped.","Example words requiring accurate pronunciation from the passage include 'community', 'accidentally' and 'appreciated'.","Reading prose accurately and at a good speed helps a pupil read instructions, letters or notices confidently without stumbling over words.","What does it mean to read with accuracy?::Reading with accuracy means pronouncing every word correctly without mistakes.||Why should a reader avoid reading too fast or too slowly?::Reading too fast can cause errors and confuse listeners, while reading too slowly can make the passage hard to follow.||Give one word from the passage 'Mr Fungo and the community' that needs careful pronunciation.::One example is the word 'accidentally'.",
2023-JSS014-DRS V,Comprehend oral and written information,Read appropriately a variety of simple texts,Reading grade-level prose and poetry with accuracy and appropriate speed,Reading a poem with accuracy and appropriate speed,3,Guided reading,Kuwaongoza Wanafunzi,A pupil reads a short poem aloud accurately and at an appropriate speed within a set time.,Poem chart|Chalkboard|Stopwatch,"TET(2023), ENGLISH, PUPIL'S BOOK, STANDARD FIVE, TET, DAR ES SALAAM","Poems should be read accurately, pronouncing every word correctly, and at a speed that allows the meaning and rhythm to come through clearly.","Pupils practise reading a poem individually, first slowly to master pronunciation of every word, then at a natural, appropriate speed that neither rushes through the lines nor drags them out unnecessarily.","Example: a poem describing human differences is first read word by word for accuracy, then read again at a natural pace that flows smoothly from line to line.",Reading poems accurately and at a good pace helps a pupil perform confidently during poetry recitals at school events.,What two qualities should good poetry reading combine?::Good poetry reading should combine accuracy and appropriate speed.||Why is it useful to first read a poem slowly before reading it at normal speed?::Reading slowly first helps a pupil master the pronunciation of every word before focusing on natural speed.||What might happen if a poem is read too quickly?::Reading too quickly may cause mispronunciation and make the poem's meaning and rhythm hard to follow.,
2023-JSS014-DRS V,Comprehend oral and written information,Read appropriately a variety of simple texts,Reading grade-level prose and poetry with accuracy and appropriate speed,Timed reading practice of grade-level prose,3,Timed reading practice,Kuwaongoza Wanafunzi,A pupil reads a set prose passage within a target time while maintaining accurate pronunciation.,Prose passage|Stopwatch|Chalkboard,"TET(2023), ENGLISH, PUPIL'S BOOK, STANDARD FIVE, TET, DAR ES SALAAM",Timed reading practice helps a pupil build reading fluency by reading a passage of a set length within a reasonable amount of time.,"Pupils are given a short prose passage and a target time, such as reading a short paragraph within one minute, and practise reading it multiple times to improve their speed without sacrificing accuracy, with the teacher timing and giving feedback.","Example: a pupil reads a paragraph about Mr Fungo in under one minute during the second attempt, compared to a slower first attempt, while still pronouncing all words correctly.","Timed reading practice helps a pupil read schoolwork, exam instructions or notices within a limited amount of time confidently.",Why is timed reading practice useful for a pupil?::It helps a pupil build reading fluency and confidence in reading within a reasonable time.||What should a pupil balance during timed reading practice?::A pupil should balance reading quickly with maintaining accurate pronunciation.||What tool does a teacher use to measure a pupil's reading speed?::The teacher uses a stopwatch to measure the pupil's reading speed.,
2023-JSS014-DRS V,Comprehend oral and written information,Read appropriately a variety of simple texts,Reading grade-level prose and poetry with accuracy and appropriate speed,Timed reading practice of grade-level poetry,3,Timed reading practice,Kuwaongoza Wanafunzi,A pupil reads a set poem within a target time while keeping correct rhythm and pronunciation.,Poem chart|Stopwatch|Chalkboard,"TET(2023), ENGLISH, PUPIL'S BOOK, STANDARD FIVE, TET, DAR ES SALAAM",Timed reading of poetry helps a pupil build fluency while still respecting the rhythm and pauses that make a poem sound natural.,"Pupils practise reading a short poem within a set time, such as thirty seconds for a short stanza, ensuring they do not rush through line breaks or skip the natural pauses that give the poem its rhythm, with repeated practice to improve both speed and accuracy.","Example: a pupil practises reading a four-line stanza three times, gradually reaching the target time while still pausing correctly at the end of each line.",Timed poetry reading practice helps a pupil prepare confidently for reciting poems within a set time during school competitions or assemblies.,Why should a pupil not rush through line breaks during timed poetry reading?::Rushing through line breaks would spoil the poem's rhythm and natural pauses.||What is the goal of timed reading practice for poetry?::The goal is to read fluently within a reasonable time while keeping correct rhythm and pronunciation.||How can repeated practice help a pupil with timed poetry reading?::Repeated practice helps a pupil gradually improve both their reading speed and accuracy.,
2023-JSS014-DRS V,Communicate effectively in a different context,Demonstrate knowledge of the basic features of spoken language,"Practise connected speech by linking words (e.g. they'll, won't, there's)",Understanding connected speech and linking sounds,3,Listen and Repeat,Kuwaongoza Wanafunzi,"A pupil correctly links the final consonant sound of one word to the vowel sound of the next word in at least three phrases such as walk on, find out and laugh off.",Word cards|Chalkboard|Audio recordings|Exercise books,"TET(2023), ENGLISH, PUPIL'S BOOK, STANDARD FIVE, TET, DAR ES SALAAM","Connected speech is the natural way words join together when we speak, so that the end of one word blends into the beginning of the next.","In connected speech, we often link the last sound of a word to the first sound of the next word, making speech flow smoothly instead of sounding broken. This linking happens naturally when a word ending in a consonant sound is followed by a word beginning with a vowel sound.","For example, 'walk on' is linked as 'walkon', 'find out' is linked as 'findout', and 'laugh off' is linked as 'laughoff'.",Linking words smoothly when speaking helps a pupil sound more natural when greeting people or telling a story to family members.,How do 'walk on' sound when linked in connected speech?::They sound like 'walkon'.||How do 'find out' sound in connected speech?::They sound like 'findout'.||How do 'laugh off' sound in connected speech?::They sound like 'laughoff'.||What is connected speech?::It is the natural way words join together smoothly when we speak.,
2023-JSS014-DRS V,Communicate effectively in a different context,Demonstrate knowledge of the basic features of spoken language,"Practise connected speech by linking words (e.g. they'll, won't, there's)",Practising linking in common verb phrases,3,Reading and speaking practice,Kuwaongoza Wanafunzi,"A pupil reads at least four verb phrases such as run into, show up, zoom in and four eggs and correctly pronounces their linked, connected speech form.",Phrase cards|Chalkboard|Exercise books|Audio recordings,"TET(2023), ENGLISH, PUPIL'S BOOK, STANDARD FIVE, TET, DAR ES SALAAM","Many everyday English verb phrases link together when spoken naturally, so the two words sound almost like one word.","When practising linking, pupils read the phrase in its written form, then say it as it sounds in connected speech. This helps pupils recognise that phrases like 'run into' and 'show up' are not pronounced word by word when native-like speech is used.","Examples include 'run into' sounding like 'runinto', 'zoom in' sounding like 'zoomin', 'fall apart' sounding like 'falapart', and 'four eggs' sounding like 'foureggz'.",Speaking these common phrases smoothly helps a pupil sound confident when describing what happened during play or at home.,How does 'run into' sound in connected speech?::It sounds like 'runinto'.||How does 'show up' sound in connected speech?::It sounds like 'showup'.||How does 'zoom in' sound in connected speech?::It sounds like 'zoomin'.||How does 'four eggs' sound in connected speech?::It sounds like 'foureggz'.,
2023-JSS014-DRS V,Communicate effectively in a different context,Demonstrate knowledge of the basic features of spoken language,"Practise connected speech by linking words (e.g. they'll, won't, there's)",Linking contracted forms in full sentences,3,Listen and Repeat,Kuwaongoza Wanafunzi,"A pupil correctly says at least three full sentences in their natural, linked connected speech form, such as 'They'll come tomorrow' for 'They will come tomorrow.'",Sentence cards|Chalkboard|Exercise books|Audio recordings,"TET(2023), ENGLISH, PUPIL'S BOOK, STANDARD FIVE, TET, DAR ES SALAAM","Whole sentences also change in connected speech, with words joining together and some words shortening into contractions.","When we speak sentences naturally and quickly, words such as 'they will' become 'they'll', and phrases such as 'let us' can sound like 'let's takaboutit'. Recognising these changes helps pupils understand natural spoken English and reproduce it themselves.","For example, 'They will come tomorrow' becomes 'They'll come tomorrow', 'That is the best option' sounds like 'That's the bestoption', and 'She is a bad girl' sounds like 'Sheez a bad girl'.","Using linked, natural-sounding sentences helps a pupil communicate more fluently when chatting with English-speaking visitors or during an English club.",How does 'They will come tomorrow' sound in connected speech?::It sounds like 'They'll come tomorrow'.||How does 'Let us talk about it' sound in connected speech?::It sounds like 'Let's takaboutit'.||How does 'That is the best option' sound in connected speech?::It sounds like 'That's the bestoption'.||How does 'She is a bad girl' sound in connected speech?::It sounds like 'Sheez a bad girl'.,
2023-JSS014-DRS V,Communicate effectively in a different context,Demonstrate knowledge of the basic features of spoken language,"Practise connected speech by linking words (e.g. they'll, won't, there's)",Listening to connected speech using digital tools,3,Guided listening practice,Kuwaongoza Wanafunzi,A pupil uses a text-to-speech tool such as Microsoft Read Aloud to listen to at least three linked sentences and repeats them with correct connected pronunciation.,Computer or smartphone|Microsoft Read Aloud application|Headphones|Sentence cards,"TET(2023), ENGLISH, PUPIL'S BOOK, STANDARD FIVE, TET, DAR ES SALAAM",Digital tools such as text-to-speech applications can help pupils hear how connected speech sounds when spoken by a natural-sounding voice.,"Using tools like Microsoft Read Aloud or Voice Control for Gemini, pupils can listen to the linked pronunciation of sentences already practised, compare it with their own speech, and correct their pronunciation of linked sounds.",Pupils listen to sentences such as 'They'll come tomorrow' and 'That's the bestoption' read aloud by the tool and repeat what they hear.,Learning to use listening tools helps a pupil practise English pronunciation independently at home using a phone or computer.,"Name one digital tool mentioned for practising connected speech listening.::Microsoft Read Aloud or Voice Control for Gemini.||Why is it useful to listen to sentences read by a text-to-speech tool?::It helps pupils hear correct linked pronunciation and compare it with their own speech.||What should a pupil do after listening to the tool read a sentence?::Repeat the sentence, trying to match the linked pronunciation heard.",
2023-JSS014-DRS V,Communicate effectively in a different context,Demonstrate knowledge of the basic features of spoken language,"Practise connected speech by deleting some sounds (e.g. next door -> nexdoor, dad take -> datake, most common -> moscommon, used to -> useto)",Introducing sound deletion in connected speech,3,Listen and Repeat,Kuwaongoza Wanafunzi,A pupil correctly explains that some sounds are dropped in connected speech and pronounces at least two examples such as 'It's mosknown as Mtakuja.',Sentence cards|Chalkboard|Exercise books|Audio recordings,"TET(2023), ENGLISH, PUPIL'S BOOK, STANDARD FIVE, TET, DAR ES SALAAM","In connected speech, some sounds are not fully pronounced or are dropped altogether, making speech sound faster and smoother.","Sound deletion happens when a sound in the middle or end of a word disappears when spoken quickly next to other words. For example, 'It is most known as Mtakuja' sounds like 'It's mosknown as Mtakuja' because part of the sound is dropped.","Another example is 'She lives next door,' where the middle sounds blend together when spoken quickly by a fluent speaker.","Recognising dropped sounds helps a pupil understand fast, natural speech from radio announcers or English-speaking visitors.",What happens to sounds in connected speech when some are deleted?::Some sounds are not fully pronounced or disappear when spoken quickly.||How does 'It is most known as Mtakuja' sound with deletion?::It sounds like 'It's mosknown as Mtakuja'.||Why does speech sound smoother with sound deletion?::Because some sounds are dropped so words flow together faster.,
2023-JSS014-DRS V,Communicate effectively in a different context,Demonstrate knowledge of the basic features of spoken language,"Practise connected speech by deleting some sounds (e.g. next door -> nexdoor, dad take -> datake, most common -> moscommon, used to -> useto)",Practising sentence-level sound deletion,4,Listen and Repeat,Kuwaongoza Wanafunzi,"A pupil correctly says at least four dictated sentences in their connected speech form with dropped sounds, such as 'What d'you want?' for 'What do you want?'",Sentence cards|Chalkboard|Exercise books,"TET(2023), ENGLISH, PUPIL'S BOOK, STANDARD FIVE, TET, DAR ES SALAAM","When we speak sentences quickly, certain sounds within words are deleted so the sentence flows more smoothly.","For example, 'What do you want?' is often said as 'What d'you want?', and 'She picked up the last call' sounds like 'She picked up the lascall' because the final sound blends away. Similarly, 'I used to play football' is often pronounced 'I use to play football'.","Practice sentences include 'She's the one who got the job', 'She picked up the lascall', and 'It's mosknown as Mtakuja'.","Understanding deleted sounds helps a pupil follow quick, everyday conversations spoken by fluent English speakers.",How does 'What do you want?' sound with sound deletion?::It sounds like 'What d'you want?'||How does 'She picked up the last call' sound with sound deletion?::It sounds like 'She picked up the lascall'.||How does 'I used to play football on Sunday' sound with sound deletion?::It sounds like 'I use to play football on Sunday'.||How does 'She is the one who got the job' sound with sound deletion?::It sounds like 'She's the one who got the job'.,
2023-JSS014-DRS V,Communicate effectively in a different context,Demonstrate knowledge of the basic features of spoken language,"Practise connected speech by deleting some sounds (e.g. next door -> nexdoor, dad take -> datake, most common -> moscommon, used to -> useto)",Practising deletion in modal perfect phrases,2,Reading and speaking practice,Kuwaongoza Wanafunzi,"A pupil correctly pronounces at least three modal perfect phrases such as should have, would have and could have in their connected speech form.",Phrase cards|Chalkboard|Exercise books|Audio recordings,"TET(2023), ENGLISH, PUPIL'S BOOK, STANDARD FIVE, TET, DAR ES SALAAM","Modal perfect phrases such as 'should have', 'would have' and 'could have' are shortened and their sounds are deleted when spoken naturally.","In connected speech, 'should have' becomes 'should've' and sounds like 'shouldav'; 'would have' becomes 'would've' and sounds like 'woudav'; and 'could have' becomes 'could've' and sounds like 'coudav'.",Practising the table of modal perfect phrases helps pupils hear and reproduce the difference between the written and spoken forms.,"Recognising these shortened forms helps a pupil understand advice or regrets expressed by adults, such as 'You should've told me.'",How does 'should have' sound in connected speech?::It sounds like 'shouldav'.||How does 'would have' sound in connected speech?::It sounds like 'woudav'.||How does 'could have' sound in connected speech?::It sounds like 'coudav'.,
2023-JSS014-DRS V,Communicate effectively in a different context,Demonstrate knowledge of the basic features of spoken language,"Practise connected speech by deleting some sounds (e.g. next door -> nexdoor, dad take -> datake, most common -> moscommon, used to -> useto)",Practising deletion in pronoun-verb contractions,2,Reading and speaking practice,Kuwaongoza Wanafunzi,"A pupil correctly pronounces at least three pronoun-verb contractions such as it is on, she has and they have in their connected speech form.",Phrase cards|Chalkboard|Exercise books|Audio recordings,"TET(2023), ENGLISH, PUPIL'S BOOK, STANDARD FIVE, TET, DAR ES SALAAM","Pronoun and verb combinations such as 'it is', 'she has', 'they have' and 'I have' are also shortened with dropped sounds in connected speech.","For example, 'it is on' becomes 'it's on' and sounds like 'it'zon'; 'she has' becomes 'she's' and sounds like 'sheaz'; and 'they have' becomes 'they've' and sounds like 'theyav'.","Practising the table helps pupils compare the full form, the contraction, and how it actually sounds in fast speech, such as 'I have' sounding like 'I'v'.",Recognising these contractions helps a pupil follow spoken instructions or stories told quickly by an English-speaking teacher or on the radio.,How does 'it is on' sound in connected speech?::It sounds like 'it'zon'.||How does 'she has' sound in connected speech?::It sounds like 'sheaz'.||How does 'they have' sound in connected speech?::It sounds like 'theyav'.,
2023-JSS014-DRS V,Communicate effectively in a different context,Demonstrate knowledge of the basic features of spoken language,Use question tags,Introducing question tags through a classroom dialogue,3,Dialogue practice,Kuwaongoza Wanafunzi,A pupil correctly identifies at least three question tags used in Dialogue 1: At School and explains their meaning.,Dialogue script|Chalkboard|Role play cards,"TET(2023), ENGLISH, PUPIL'S BOOK, STANDARD FIVE, TET, DAR ES SALAAM","A question tag is a short phrase added to the end of a statement to turn it into a question, often used to check information or invite agreement.","In Dialogue 1: At School, the teacher uses question tags such as 'didn't we?', 'don't you?', 'haven't you?' and 'isn't it?' when talking with pupils about a fractions lesson. A positive statement usually takes a negative tag, and a negative statement usually takes a positive tag.","Examples from the dialogue include 'We studied fractions yesterday, didn't we?' and 'You've been practising, haven't you?'",Using question tags helps a pupil check facts or invite agreement when talking with classmates or family members.,"What tag does the teacher use after 'We studied fractions yesterday,'?::didn't we?||What tag does the teacher use after 'You've been practising,'?::haven't you?||What tag does the teacher use after 'Learning is fun,'?::isn't it?",
2023-JSS014-DRS V,Communicate effectively in a different context,Demonstrate knowledge of the basic features of spoken language,Use question tags,Identifying statements and matching question tags,2,Guided practice,Kuwaongoza Wanafunzi,A pupil correctly matches at least three statements from Dialogue 1 with their question tags in a completion table.,Dialogue script|Table worksheet|Chalkboard,"TET(2023), ENGLISH, PUPIL'S BOOK, STANDARD FIVE, TET, DAR ES SALAAM",Every statement in a question tag sentence pairs with a matching tag that agrees in tense and in positive or negative form.,"Pupils re-read Dialogue 1 and complete a table by matching statements such as 'You found it interesting,' with their tags, and by supplying the missing statement for a given tag such as 'isn't it?'","For example, 'We studied fractions yesterday,' pairs with 'didn't we?', and 'You remember how to add fractions,' pairs with 'don't you?'","Matching statements with the correct tag helps a pupil ask polite, natural-sounding questions when confirming information with others.","What tag matches the statement 'You found it interesting,'?::don't you?||What statement matches the tag 'isn't it?'?::Subtraction is a bit tricky, isn't it?||What tag matches 'You remember how to add fractions,'?::don't you?",
2023-JSS014-DRS V,Communicate effectively in a different context,Demonstrate knowledge of the basic features of spoken language,Use question tags,Practising short and long form question tags,2,Speaking practice,Kuwaongoza Wanafunzi,"A pupil correctly says at least three tag questions with the right auxiliary or modal verb, such as 'Mbuke can speak Chinese and English, can't she?'",Sentence cards|Chalkboard|Exercise books,"TET(2023), ENGLISH, PUPIL'S BOOK, STANDARD FIVE, TET, DAR ES SALAAM","Question tags change depending on whether the main statement uses 'be', a modal verb such as 'can' or 'should', or an ordinary verb.","When the statement is negative, the tag is usually positive, as in 'Mr Mdolwa is not a doctor, is he?' When the statement uses a modal verb such as 'can', the tag repeats that modal, as in 'Mbuke can speak Chinese and English, can't she?'","Further examples include 'He shouldn't say things like that, should he?' and 'We don't like cheese and bread, do we?'",Practising varied tag forms helps a pupil ask natural questions about friends' abilities or habits during everyday conversation.,"What tag follows 'Mr Mdolwa is not a doctor,'?::is he?||What tag follows 'Mbuke can speak Chinese and English,'?::can't she?||What tag follows 'We don't like cheese and bread,'?::do we?",
2023-JSS014-DRS V,Communicate effectively in a different context,Demonstrate knowledge of the basic features of spoken language,Use question tags,Using question tags in a home dialogue,2,Dialogue practice,Kuwaongoza Wanafunzi,A pupil correctly identifies at least three question tags used by Zubeda's mother in Dialogue 2: At Home.,Dialogue script|Chalkboard|Role play cards,"TET(2023), ENGLISH, PUPIL'S BOOK, STANDARD FIVE, TET, DAR ES SALAAM","Question tags are also common in everyday conversations at home, such as between a parent and a child discussing homework.","In Dialogue 2: At Home, Zubeda's mother uses question tags such as 'have you?', 'don't you?' and 'will you?' to check whether Zubeda has finished her homework and checked her answers.","Examples include 'You haven't finished your homework, have you?' and 'You won't sleep late tonight, will you?'",Pupils can use similar question tags when checking with a parent or sibling whether a chore or task has been completed.,"What tag does Zubeda's mother use after 'You haven't finished your homework,'?::have you?||What tag does the mother use after 'You won't sleep late tonight,'?::will you?||What tag does the mother use after 'You don't have a test tomorrow,'?::do you?",
2023-JSS014-DRS V,Communicate effectively in a different context,Demonstrate knowledge of the basic features of spoken language,Use question tags,Completing question tag tables from a home dialogue,2,Guided practice,Kuwaongoza Wanafunzi,A pupil correctly completes at least three rows of a statement-and-tag table based on Dialogue 2: At Home.,Dialogue script|Table worksheet|Chalkboard,"TET(2023), ENGLISH, PUPIL'S BOOK, STANDARD FIVE, TET, DAR ES SALAAM",Completing a table of statements and tags from Dialogue 2 helps pupils confirm they can identify and produce the correct tag for a given statement.,"Pupils re-read Dialogue 2: At Home and fill in the missing statement or missing tag in each row of the table, such as supplying 'was it?' for a statement about the homework not being difficult, or 'You don't have a test tomorrow,' for the tag 'do you?'","Completed examples include 'You haven't finished your homework, have you?' and matching a statement to the tag 'will you?'","This practice helps a pupil write or ask complete, correctly tagged questions when communicating in English at school.","What statement matches the tag 'was it?' in Dialogue 2?::It wasn't too difficult, was it?||What statement matches the tag 'do you?' in Dialogue 2?::You don't have a test tomorrow, do you?||What tag matches 'You won't sleep late tonight,'?::will you?",
2023-JSS014-DRS V,Communicate effectively in a different context,Produce short and basic oral messages with a logical structure and intelligible pronunciation,Make statements about objects and ideas that can be judged as true or false,Judging descriptive statements about pictures as true or false,2,Question and answer,Kuwaongoza Wanafunzi,A pupil correctly judges at least three descriptive statements about pictures as true or false and corrects the false ones.,Picture cards of animals and objects|Chalkboard|Exercise books,"TET(2023), ENGLISH, PUPIL'S BOOK, STANDARD FIVE, TET, DAR ES SALAAM",A statement about an object or picture can be judged as true or false by comparing what is said with what is actually shown.,"Pupils look at a picture, read a statement about it, and then respond by saying 'Yes, it is' if the statement is true, or correcting it, such as 'No, it is a black dog,' if the statement is false.","For example, for a picture of a cart the statement 'This is a cart' is judged true with 'Yes, it is', while for a picture of a black dog the statement 'This is a brown dog' is corrected with 'No, it is a black dog.'",Making true or false statements helps a pupil correct a friend politely when they describe something inaccurately.,"Is the statement 'This is a cart' true or false for picture 1?::True; the answer is 'Yes, it is.'||Is the statement 'This is a brown dog' true or false for picture 2?::False; the correct answer is 'No, it is a black dog.'||Is the statement 'This is a van' true or false for picture 9?::True; the answer is 'Yes, it is.'",
2023-JSS014-DRS V,Communicate effectively in a different context,Produce short and basic oral messages with a logical structure and intelligible pronunciation,Make statements about objects and ideas that can be judged as true or false,Judging arithmetic statements as true or false,2,Reading aloud and calculation,Kuwaongoza Wanafunzi,"A pupil correctly calculates and judges at least three arithmetic statements as true or false, giving the correct total when the statement is false.",Number cards|Chalkboard|Exercise books,"TET(2023), ENGLISH, PUPIL'S BOOK, STANDARD FIVE, TET, DAR ES SALAAM","Some statements combine numbers and calculations, and pupils must work out the correct answer before deciding if the statement is true or false.","For example, Mary bought three packs of fifty-five pencils each, giving one hundred and sixty-five pencils in total, so her claim of fifty pencils is false. Similarly, checking that eighty-eight divided by eleven equals eight shows that statement is true.","Other examples include Ali's claim about the money left after spending fifty shillings, and a teacher's claim about sharing ninety sweets equally among fifteen pupils.",Checking arithmetic statements for truth helps a pupil verify change received at a shop or the correct sharing of items at home.,Mary bought three packs of fifty-five pencils each and said she had fifty pencils in total. Is this true or false?::False; she actually has one hundred and sixty-five pencils.||An arithmetic teacher says eighty-eight divided by eleven is eight. Is this true or false?::True.||A teacher has ninety sweets for fifteen pupils and says each pupil gets six sweets. Is this true or false?::True.,
2023-JSS014-DRS V,Communicate effectively in a different context,Produce short and basic oral messages with a logical structure and intelligible pronunciation,Make statements about objects and ideas that can be judged as true or false,Judging general knowledge statements as true or false,1,Reading aloud and discussion,Kuwaongoza Wanafunzi,A pupil correctly judges at least three general knowledge statements as true or false.,Statement cards|Chalkboard|Exercise books,"TET(2023), ENGLISH, PUPIL'S BOOK, STANDARD FIVE, TET, DAR ES SALAAM",General knowledge statements about the world can also be judged as true or false based on known facts.,"Pupils read statements such as 'The sun gives us light and heat' and 'A triangle has three sides' and decide whether each is true or false, giving a reason where possible.","All five statements read in this lesson, including 'Water freezes at 0 degrees Celsius' and 'A year has 12 months', are true according to the book.","Judging the truth of general statements helps a pupil evaluate information they hear from friends, radio or television.",'The sun gives us light and heat.' True or false?::True.||'A triangle has three sides.' True or false?::True.||'Water freezes at 0 degrees Celsius.' True or false?::True.,
2023-JSS014-DRS V,Communicate effectively in a different context,Produce short and basic oral messages with a logical structure and intelligible pronunciation,"Present simple speeches about self and family members on familiar topics (e.g. my pet, my brother, birthday party, wedding)",Presenting a self-introduction speech,2,Modelling,Kuwaongoza Wanafunzi,"A pupil presents a self-introduction speech that correctly follows all the steps, including name, birth, home, school, class and thanks.",Speech script|Chalkboard|Steps chart,"TET(2023), ENGLISH, PUPIL'S BOOK, STANDARD FIVE, TET, DAR ES SALAAM","A self-introduction speech gives basic personal information about the speaker in a short, organised way.","Following the steps in the book, a self-introduction should mention the speaker's name, when they were born, where they come from or live, their school, and their class, and should end by thanking the listeners.","In the example, Zawadi Msafiri says, 'My name is Zawadi Msafiri. I was born in May 2014. I come from Lindi and now I live in Sinza Madukani. I study at Mugabe Primary School. I'm in Standard Five. Thank you for listening.'","Presenting a clear self-introduction helps a pupil introduce themselves confidently to a new class, club or visitor.","What is the first thing to mention in a self-introduction?::Your name.||What does Zawadi say about her school?::She says, 'I study at Mugabe Primary School.'||How should a self-introduction end?::By saying 'Thank you for listening.'",
2023-JSS014-DRS V,Communicate effectively in a different context,Produce short and basic oral messages with a logical structure and intelligible pronunciation,"Present simple speeches about self and family members on familiar topics (e.g. my pet, my brother, birthday party, wedding)",Presenting a thank-you speech,2,Modelling,Kuwaongoza Wanafunzi,"A pupil presents a short thank-you speech that greets the audience, gives clear reasons for thanking them, and closes politely.",Speech script|Chalkboard,"TET(2023), ENGLISH, PUPIL'S BOOK, STANDARD FIVE, TET, DAR ES SALAAM",A thank-you speech is a short spoken message that expresses gratitude to people for attending an event or supporting the speaker.,"The example thank-you speech greets the audience, states the reasons for standing up to speak, thanks people for accepting an invitation and for their participation, and ends politely.","In the example, the speaker says, 'I'm standing here for two reasons. The first is to thank you for accepting my invitation. The second is to thank you for your active participation.'",Presenting a short thank-you speech helps a pupil express appreciation after a birthday party or a school event.,"What are the two reasons the speaker gives for standing up?::To thank guests for accepting the invitation and for their active participation.||How does the thank-you speech begin?::With 'Good afternoon, friends!'||How does the thank-you speech end?::With 'Thank you very much.'",
2023-JSS014-DRS V,Communicate effectively in a different context,Produce short and basic oral messages with a logical structure and intelligible pronunciation,"Present simple speeches about self and family members on familiar topics (e.g. my pet, my brother, birthday party, wedding)",Presenting a family speech for a special occasion,1,Modelling,Kuwaongoza Wanafunzi,"A pupil presents a short speech for a family occasion such as a wedding, thanking family members and guests appropriately.",Speech script|Chalkboard,"TET(2023), ENGLISH, PUPIL'S BOOK, STANDARD FIVE, TET, DAR ES SALAAM","A speech about a family occasion, such as a wedding, expresses personal feelings and thanks to family and guests.","The wedding speech example greets the guests, expresses happiness about the occasion, thanks parents, brothers and sisters for their support, and thanks the guests and the MC before ending with a blessing.","In the example, the speaker says, 'This is the greatest day of my life... Many thanks to my parents, brothers and sisters for their care and support.'","Presenting a short family speech helps a pupil speak confidently at a birthday party, wedding or other family celebration.","Who does the speaker thank in the wedding speech?::Her parents, brothers and sisters, and the guests, MC and DJ.||How does the wedding speech begin?::With 'Good evening, ladies and gentlemen!'||How does the wedding speech end?::With 'God bless you all and goodnight!'",
2023-JSS014-DRS V,Communicate effectively in a different context,Produce short written messages using appropriate grammar and vocabulary,"Identify the form and content of appreciation, thanks and apology notes",Identifying the form and content of appreciation messages,3,Discussion,Kuwaongoza Wanafunzi,"A pupil correctly identifies the sender, receiver, greeting, purpose and closing of at least two appreciation messages.",Appreciation message samples|Chalkboard|Exercise books,"TET(2023), ENGLISH, PUPIL'S BOOK, STANDARD FIVE, TET, DAR ES SALAAM","An appreciation message is a short written or spoken expression of gratitude toward someone for something they have done, given or said.","Pupils read two appreciation messages, one to a former teacher and one to parents, and identify the sender, the receiver, the greeting, the main purpose, and the closing of each message.","In Appreciation message 1, Kazimoto Majuto greets 'Dear Mr Mdolwa, my former English teacher,' thanks him for his support and guidance, and closes with 'Sincerely, Kazimoto Majuto.'",Identifying the parts of an appreciation message helps a pupil recognise and later write similar messages to people who help them.,"Who is the sender of Appreciation message 1?::Kazimoto Majuto.||Who is the receiver of Appreciation message 1?::Mr Mdolwa, the sender's former English teacher.||How does Appreciation message 2 close?::With 'With love, Mohamed.'||What is the main purpose of both appreciation messages?::To express gratitude for support and guidance received.",
2023-JSS014-DRS V,Communicate effectively in a different context,Produce short written messages using appropriate grammar and vocabulary,"Identify the form and content of appreciation, thanks and apology notes",Analysing gratitude expressions in appreciation messages,2,Discussion,Kuwaongoza Wanafunzi,A pupil correctly identifies at least two words or phrases that express gratitude in the appreciation messages studied.,Appreciation message samples|Chalkboard,"TET(2023), ENGLISH, PUPIL'S BOOK, STANDARD FIVE, TET, DAR ES SALAAM",Appreciation messages use specific words and phrases to express gratitude clearly and politely.,"Pupils identify words and phrases such as 'I am very grateful', 'thank you' and 'I truly appreciate' that show gratitude, and discuss what these messages reveal about the relationship between the writer and the recipient.","In Appreciation message 2, Mohamed writes, 'I truly appreciate all the sacrifices you make to ensure I have a good education and a bright future.'","Recognising gratitude words helps a pupil notice and value kind gestures made by parents, teachers and friends.","Name one phrase that expresses gratitude in the appreciation messages.::'I am very grateful' or 'I truly appreciate'.||What does Mohamed say he appreciates about his parents?::All the sacrifices they make to ensure he has a good education and a bright future.||What do the messages tell us about the relationship between writer and recipient?::It is a close, respectful relationship built on support and care.",
2023-JSS014-DRS V,Communicate effectively in a different context,Produce short written messages using appropriate grammar and vocabulary,"Identify the form and content of appreciation, thanks and apology notes",Identifying the form and content of a thank-you note,2,Discussion,Kuwaongoza Wanafunzi,"A pupil correctly identifies the key parts, sender and purpose of a thank-you note studied in class.",Thank-you note sample|Chalkboard|Exercise books,"TET(2023), ENGLISH, PUPIL'S BOOK, STANDARD FIVE, TET, DAR ES SALAAM","A thank-you note has a clear form with a greeting, a body explaining the reason for thanks, and a closing with the sender's name.","Pupils study a thank-you note and identify its key parts, the words used to address the recipient, the sender's name, where the receiver's name is shown, and the reason the note was written.","The book's example shows a thank-you note written by Jabir, with a greeting at the start and a signed closing at the end.",Identifying the parts of a thank-you note helps a pupil recognise a properly written note when they receive one from a friend.,"What are the key parts of a thank-you note?::A greeting, a body expressing thanks, and a closing with a signature.||Who wrote the thank-you note studied in this lesson?::Jabir.||Where is the receiver's name shown in a thank-you note?::In the greeting at the top of the note.",
2023-JSS014-DRS V,Communicate effectively in a different context,Produce short written messages using appropriate grammar and vocabulary,"Identify the form and content of appreciation, thanks and apology notes",Identifying the form and stages of writing an apology note,3,Discussion,Kuwaongoza Wanafunzi,A pupil correctly names the three parts of an apology note and the four stages of writing one.,Dialogue script|Chalkboard|Exercise books,"TET(2023), ENGLISH, PUPIL'S BOOK, STANDARD FIVE, TET, DAR ES SALAAM","An apology note is a short message written to say sorry for a mistake, and it has a greeting, a body and a closing.","In the classroom dialogue, the teacher explains that the greeting addresses the person being apologised to, the body says what the writer is sorry for and promises to do better, and the closing ends politely with a signature. The dialogue also describes four stages of writing: planning, drafting, editing and writing the final neat copy.","The dialogue gives the example opening, 'Dear [Friend's Name], I am very sorry for breaking your pencil.'",Understanding the stages of writing helps a pupil plan and check any note or letter before giving it to someone.,"What are the three main parts of an apology note?::A greeting, a body, and a closing.||What are the four stages of writing an apology note?::Planning, drafting, editing, and writing the final neat copy.||What is checked during the editing stage?::Spelling and grammatical errors, and whether the message is clear and polite.||What should the body of an apology note explain?::What the writer is sorry for and why, with a promise to do better.",
2023-JSS014-DRS V,Communicate effectively in a different context,Produce short written messages using appropriate grammar and vocabulary,"Write appreciation, thanks and apology notes to teachers, friends and parents",Writing an appreciation note using a given format,2,Guided writing,Kuwaongoza Wanafunzi,A pupil correctly rearranges a jumbled appreciation note into the right order and writes an original appreciation note following the same order.,Jumbled sentence cards|Chalkboard|Exercise books,"TET(2023), ENGLISH, PUPIL'S BOOK, STANDARD FIVE, TET, DAR ES SALAAM","Writing an appreciation note follows a clear order: a greeting, a body expressing thanks and reasons, and a signed closing.","Pupils first rearrange six jumbled sentences, beginning with 'Dear Doreen,' followed by the thanks and reasons, and ending with 'Sincerely, Naomi,' to see the correct order of a note. They then use this order to write their own appreciation note.","The correctly ordered note begins 'Dear Doreen, Thank you for being such a wonderful friend. I really appreciate your kindness and support...' and ends 'Sincerely, Naomi.'","Writing an appreciation note helps a pupil thank a friend, relative or teacher for a kindness shown to them.","How does the correctly ordered appreciation note to Doreen begin?::'Dear Doreen,'||How does the appreciation note to Doreen end?::'Sincerely, Naomi.'||What does Naomi thank Doreen for?::For being a wonderful, kind and supportive friend.",
2023-JSS014-DRS V,Communicate effectively in a different context,Produce short written messages using appropriate grammar and vocabulary,"Write appreciation, thanks and apology notes to teachers, friends and parents",Writing a thank-you note using a given format,3,Guided writing,Kuwaongoza Wanafunzi,A pupil correctly rearranges a jumbled thank-you note into the right order and uses the five-step format to plan an original thank-you note.,Jumbled sentence cards|Format chart|Chalkboard|Exercise books,"TET(2023), ENGLISH, PUPIL'S BOOK, STANDARD FIVE, TET, DAR ES SALAAM","A thank-you note is written in five steps: a greeting, an expression of gratitude, an explanation of why the gift or help mattered, a closing statement, and a signature.","Pupils rearrange seven jumbled sentences beginning with 'Dear Zawadi,' to form a correctly ordered thank-you note ending with 'Sincerely, Baraka,' and then follow the five-step format to plan their own note.","The correctly ordered note reads, 'Dear Zawadi, Thank you for always being there for me and for being such a kind and supportive friend... Sincerely, Baraka.'",Following the five-step format helps a pupil write a well-organised thank-you note to anyone who helps them or gives them a gift.,"How does the correctly ordered thank-you note to Zawadi begin?::'Dear Zawadi,'||How does the thank-you note to Zawadi end?::'Sincerely, Baraka.'||What are the five steps in the thank-you note format?::Greeting, express gratitude, explain why you appreciate it, closing statement, and sign your name.||What does Baraka thank Zawadi for?::For always being there for him and for being a kind and supportive friend.",
2023-JSS014-DRS V,Communicate effectively in a different context,Produce short written messages using appropriate grammar and vocabulary,"Write appreciation, thanks and apology notes to teachers, friends and parents",Writing thank-you notes to different recipients,2,Guided writing,Kuwaongoza Wanafunzi,"A pupil correctly writes at least two thank-you notes addressed to different recipients, such as a teacher and a neighbour, using the correct format.",Format chart|Chalkboard|Exercise books,"TET(2023), ENGLISH, PUPIL'S BOOK, STANDARD FIVE, TET, DAR ES SALAAM",The wording of a thank-you note changes slightly depending on who is being thanked and for what reason.,"Pupils write separate thank-you notes to a teacher for helping them learn, to their parents or guardian for the care given to them, to a friend who helped them, and to a neighbour who was kind to them, using the five-step format learnt earlier.","For example, a note to a teacher may thank them for explaining a difficult lesson, while a note to a neighbour may thank them for a kind favour.","Writing thank-you notes to different people helps a pupil express appreciation appropriately to teachers, family and neighbours in daily life.","List the four recipients pupils write thank-you notes to in this lesson.::A teacher, parents or guardian, a friend, and a neighbour.||What might a pupil thank a teacher for?::For helping them learn.||What might a pupil thank a neighbour for?::For being kind to them.",
2023-JSS014-DRS V,Communicate effectively in a different context,Produce short written messages using appropriate grammar and vocabulary,"Write appreciation, thanks and apology notes to teachers, friends and parents",Writing an apology note following the six-step structure,2,Guided writing,Kuwaongoza Wanafunzi,"A pupil correctly writes an apology note that follows all six steps: greeting, saying sorry, explaining, expressing feelings, offering to make it right, and closing.",Steps chart|Sample apology note|Chalkboard|Exercise books,"TET(2023), ENGLISH, PUPIL'S BOOK, STANDARD FIVE, TET, DAR ES SALAAM","An apology note follows six steps: a greeting, saying sorry, explaining what happened, expressing feelings, offering to make it right, and a polite closing.","Pupils imagine they accidentally broke a friend's watch and write an apology note following the six steps, modelled on the example beginning 'Dear Amina, I am very sorry for breaking your watch today...' and ending 'Sincerely, Abdalah.'","The model note offers to make things right by saying, 'I will bring you a new one tomorrow to make up for it. Please forgive me.'",Following the six steps helps a pupil apologise sincerely and clearly when they accidentally damage something belonging to a friend or relative.,"List the six steps for writing an apology note about breaking a friend's watch.::Greeting, say sorry, explain what happened, express feelings, offer to make it right, and end politely.||In the example, what does Abdalah offer to do to make things right?::He offers to bring Amina a new watch tomorrow.||How does the example apology note end?::'Sincerely, Abdalah.'",
2023-JSS014-DRS V,Communicate effectively in a different context,Produce short written messages using appropriate grammar and vocabulary,"Write appreciation, thanks and apology notes to teachers, friends and parents",Completing a gap-fill apology note,1,Guided writing,Kuwaongoza Wanafunzi,A pupil correctly fills in at least four blanks in a gap-fill apology note to James using the given word bank.,Gap-fill worksheet|Word bank cards|Chalkboard,"TET(2023), ENGLISH, PUPIL'S BOOK, STANDARD FIVE, TET, DAR ES SALAAM","Completing a gap-fill apology note helps pupils practise choosing the correct words to fit the greeting, body and closing of a note.","Using the word bank containing words such as 'sorry', 'yesterday', 'careful', 'hurt', 'apologies' and 'forgive', pupils fill in the blanks in a note addressed to James to make it read correctly and sensibly.","The completed note begins 'Dear James, I hope you are doing well. I am writing this note to say sorry for what happened yesterday.'",Practising this gap-fill exercise helps a pupil choose the right words when writing their own apology note to a friend.,"Which word from the word bank fills the greeting blank, 'Dear ______,'?::James.||Which words fill the blanks in 'I am writing this note to say ______ for what happened ______'?::sorry ... yesterday.||Which word fills the blank 'Please accept my ______.'?::apologies.",
2023-JSS014-DRS V,Communicate effectively in a different context,Demonstrate basic skills in creative writing,"Create a journal to record inspiring things (at home, at school, from TV and radio programmes, etc.)",Understanding why we record inspiring and memorable events,2,Storytelling and discussion,Kuwaongoza Wanafunzi,A pupil correctly explains why the friend in the 'Best friend' story wrote the hurtful event in sand and the kind act on a stone.,Story text: Best friend|Chalkboard|Pictures,"TET(2023), ENGLISH, PUPIL'S BOOK, STANDARD FIVE, TET, DAR ES SALAAM",The story of two friends walking in a semi-desert teaches that writing down memorable events helps us remember kindness and let go of hurt.,"In the story, the friend who was slapped wrote it in the sand so the wind could blow the memory away, but wrote the rescue on a stone so that the memory of kindness would never be forgotten. This shows why recording certain events, like in a journal, is valuable.","The friend explains, 'When someone hurts us, we should write it in the sand... But when someone does something kind for us, we should write it where the wind cannot blow it away.'",This lesson helps a pupil understand why keeping a journal of kind acts and inspiring moments at home or school is worthwhile.,Where did the friend who was slapped write about the hurtful event?::In the sand.||Where did the friend write about being rescued?::On a stone.||Why did the friend choose the sand for the hurtful event?::So the wind could blow the memory away.||Why did the friend choose the stone for the kind act?::Because kindness should never be forgotten.,
2023-JSS014-DRS V,Communicate effectively in a different context,Demonstrate basic skills in creative writing,"Create a journal to record inspiring things (at home, at school, from TV and radio programmes, etc.)",Identifying the parts of a journal entry,2,Guided comprehension,Kuwaongoza Wanafunzi,"A pupil correctly names all six parts of a journal entry: date, title, source, what inspired me, thoughts and feelings, and reflection.",Sample journal entry|Chalkboard|Exercise books,"TET(2023), ENGLISH, PUPIL'S BOOK, STANDARD FIVE, TET, DAR ES SALAAM","A journal entry has clear parts, including a date, a title, a source, what inspired the writer, their thoughts and feelings, and a reflection.","Pupils study a Standard Five pupil's journal entry about a TV news item on the 'One Copy, One Pupil' programme and identify each of these parts, then discuss why the news inspired the writer.","The example journal has 'Date: 8th March 2025', 'Title: A memorable news item on a TV programme', and ends with a reflection on the impact of sharing books.",Knowing the parts of a journal entry helps a pupil organise their own thoughts when writing about something inspiring at home or school.,"List the key components of the example journal entry.::Date, title, source, what inspired me, my thoughts and feelings, and reflection.||What was the source of the news in the example journal?::TV news about One Copy, One Pupil.||Why did the news inspire the writer?::Because every pupil would get a personal copy of each subject's book, improving access and understanding.",
2023-JSS014-DRS V,Communicate effectively in a different context,Demonstrate basic skills in creative writing,"Create a journal to record inspiring things (at home, at school, from TV and radio programmes, etc.)",Writing a personal journal entry,1,Guided writing,Kuwaongoza Wanafunzi,A pupil correctly writes a journal entry containing all six parts about something that inspired them at home or school.,Journal template|Exercise books|Chalkboard,"TET(2023), ENGLISH, PUPIL'S BOOK, STANDARD FIVE, TET, DAR ES SALAAM","Writing a personal journal entry means recording something that inspired the pupil at home, at school, or from a TV or radio programme, following the parts learnt earlier.","Pupils choose one inspiring thing they experienced or heard about, then write their own journal entry including the date, a title, the source, what inspired them, their thoughts and feelings, and a short reflection.","A pupil might write about a school sports day, following the same structure used in the 'One Copy, One Pupil' example journal.",Keeping a personal journal helps a pupil remember and reflect on positive experiences over time.,"What should a pupil include in the 'what inspired me' part of their journal?::A description of the inspiring event and why it mattered to them.||Name one possible source of an inspiring event for a journal.::Home, school, or a TV or radio programme.||What comes at the end of a journal entry?::A reflection on what the event means or reminds the writer of.",
2023-JSS014-DRS V,Communicate effectively in a different context,Demonstrate basic skills in creative writing,Devise a topic for a poem from the ideas recorded in a journal,Identifying the main idea and title from a journal entry,2,Guided practice,Kuwaongoza Wanafunzi,A pupil correctly writes the main idea of a journal entry in one sentence and chooses a matching title for a poem.,Sample journal entry|Chalkboard|Exercise books,"TET(2023), ENGLISH, PUPIL'S BOOK, STANDARD FIVE, TET, DAR ES SALAAM","Before writing a poem, a writer must identify the main idea of a journal entry and give it a short, matching title.","Following the book's steps, pupils read the journal titled 'A memorable news item on a TV programme,' think about what happened and how the writer felt, then write the main idea in one sentence and choose a short title that matches it.","The book gives the main idea as 'more book copies will enhance learning,' and suggests titles such as 'The positive move', 'Exciting news' or 'Helping hand.'",Identifying a main idea and title helps a pupil organise their thoughts clearly before writing about something they experienced.,"What is the main idea of the journal about the 'One Copy, One Pupil' news, in one sentence?::More book copies will enhance learning.||Give one example title suggested for a poem based on this journal.::'The positive move', 'Exciting news', or 'Helping hand'.||What two questions should you ask yourself in Step 2 of writing a poem from a journal?::What happened in the journal, and how did the writer feel?",
2023-JSS014-DRS V,Communicate effectively in a different context,Demonstrate basic skills in creative writing,Devise a topic for a poem from the ideas recorded in a journal,Drafting and editing a poem from journal ideas,2,Guided writing,Kuwaongoza Wanafunzi,A pupil drafts a 3-4 line stanza from their own journal's main idea and correctly edits it for spelling and punctuation.,Own journal entry|Chalkboard|Exercise books,"TET(2023), ENGLISH, PUPIL'S BOOK, STANDARD FIVE, TET, DAR ES SALAAM","After choosing a main idea and title, a writer drafts a short three to four line stanza using their feelings and simple, clear words, then edits it for correctness.","Pupils write a 3-4 line stanza based on the main idea and title chosen earlier, trying to make it rhyme where possible, then read it aloud and fix spelling or punctuation errors as part of editing. They then repeat the same steps using their own journal entry.","The steps are demonstrated using the 'One Copy, One Pupil' journal, guiding pupils to write, then edit, their own short stanza on the same topic.",Drafting and editing a short poem helps a pupil express personal feelings about real events in a creative way.,"How many lines should the poem stanza have?::Three to four lines.||What should a pupil do during Step 6, editing the poem?::Read it aloud and fix any spelling or punctuation errors.||What kind of words should be used when writing the poem?::Simple, clear words that show how the writer feels.",
2023-JSS014-DRS V,Communicate effectively in a different context,Demonstrate basic skills in creative writing,"Use basic figures of speech (simile, metaphor, personification) to write a four-line stanza",Understanding similes through dialogue,1,Dialogue practice,Kuwaongoza Wanafunzi,A pupil correctly forms at least two similes using 'as' or 'like' to compare two things.,Dialogue script|Chalkboard|Exercise books,"TET(2023), ENGLISH, PUPIL'S BOOK, STANDARD FIVE, TET, DAR ES SALAAM",A simile compares two things using the words 'as' or 'like' to show how they are similar.,"In the dialogue, Jayden explains that a simile compares two things, giving the examples 'This milk is as cold as ice' and 'This milk is cold like ice,' where milk is compared with ice.","Gift then forms her own simile, 'The mango was as sweet as sugar,' following the same pattern.","Using similes helps a pupil describe things vividly, such as comparing a fast runner to a cheetah.","What words are used to form a simile, according to Jayden?::'as' and 'like'.||Give Jayden's example of a simile using 'as'.::'This milk is as cold as ice.'||What simile does Gift create about a mango?::'The mango was as sweet as sugar.'",
2023-JSS014-DRS V,Communicate effectively in a different context,Demonstrate basic skills in creative writing,"Use basic figures of speech (simile, metaphor, personification) to write a four-line stanza",Understanding metaphors and personification through dialogue,2,Dialogue practice,Kuwaongoza Wanafunzi,A pupil correctly explains the difference between a metaphor and personification and gives one example of each from the dialogue.,Dialogue script|Chalkboard|Exercise books,"TET(2023), ENGLISH, PUPIL'S BOOK, STANDARD FIVE, TET, DAR ES SALAAM","A metaphor compares two things with similar characteristics without using 'as' or 'like', while personification gives human qualities to non-living things.","In the dialogue, Fausta explains that saying 'Juma is a lion' is a metaphor implying Juma is as brave as a lion, without using comparison words. Semu explains personification using examples such as 'The sun smiled down on the village' and 'The snow whispered as it fell onto the ground,' where the sun and snow are given human actions.",The dialogue's examples are 'Juma is a lion' as a metaphor and 'The sun smiled down on the village' as personification.,Using metaphors and personification helps a pupil describe nature or people more creatively in stories and poems.,"What is a metaphor, according to Fausta?::A comparison of one thing or person with another with similar characteristics, without using 'as' or 'like'.||What does 'Juma is a lion' imply?::That Juma is as brave as a lion.||What is personification, according to Semu?::Giving qualities or characteristics of humans to non-living things.||Give Semu's example of personification.::'The sun smiled down on the village.'",
2023-JSS014-DRS V,Communicate effectively in a different context,Demonstrate basic skills in creative writing,"Use basic figures of speech (simile, metaphor, personification) to write a four-line stanza",Analysing figures of speech in a poem stanza,1,Reading practice,Kuwaongoza Wanafunzi,"A pupil correctly identifies the simile, metaphor and personification used in the four-line stanza about the sun and hope.",Poem stanza card|Chalkboard,"TET(2023), ENGLISH, PUPIL'S BOOK, STANDARD FIVE, TET, DAR ES SALAAM","A poem stanza can contain more than one figure of speech, and readers can identify each by looking for comparison words or human actions given to non-living things.","In the stanza, 'Like a golden ball, it gives us light' is a simile because it uses 'like', 'Hope is a seed that starts so small' is a metaphor because hope is directly called a seed, and 'The sun wakes up and smiles so brightly' is personification because the sun is given human actions.","Pupils identify which line uses 'like', which line states that hope is something else, and which line makes the sun act like a person.","Identifying figures of speech in a poem helps a pupil appreciate creative writing they encounter in books, songs or on the radio.","Which line in the stanza uses 'like' to compare the sun to something else?::'Like a golden ball, it gives us light.'||Which line says hope is something else, and what is it called?::'Hope is a seed that starts so small' — hope is called a seed, a metaphor.||Which line makes the sun act like a person, and what does it do?::'The sun wakes up and smiles so brightly' — the sun wakes up and smiles.",
2023-JSS014-DRS V,Communicate effectively in a different context,Demonstrate basic skills in creative writing,"Use basic figures of speech (simile, metaphor, personification) to write a four-line stanza","Writing a four-line stanza using simile, metaphor and personification",1,Guided writing,Kuwaongoza Wanafunzi,"A pupil writes an original four-line stanza on a chosen theme that includes at least one simile, one metaphor and one personification.",Model stanza card|Chalkboard|Exercise books,"TET(2023), ENGLISH, PUPIL'S BOOK, STANDARD FIVE, TET, DAR ES SALAAM","Writing a four-line stanza that combines a simile, a metaphor and personification shows a pupil's ability to use figures of speech creatively.","Pupils choose a theme such as nature, school, animals or weather, then write a four-line stanza that includes at least one simile, one metaphor and one personification, similar to the model stanza in the book.","The model stanza includes 'The wind danced through the trees with glee' (personification), 'The clouds were like ships sailing in the sky' (simile), and 'The sun, a golden eye, watched over me' (metaphor).",Writing a creative stanza helps a pupil express feelings about everyday surroundings such as weather or school life in an artistic way.,"Name the four themes pupils can choose from for their stanza.::Nature, school, animals, or weather.||What three figures of speech must the stanza include?::At least one simile, one metaphor, and one personification.||In the model stanza, which line is the metaphor?::'The sun, a golden eye, watched over me.'",
