subject_version_code,main_competence_name,specific_competence_name,learning_activity_name,sla_name,sla_periods,sla_method,sla_leading,sla_assessment_criteria,sla_teaching_aids,sla_references,sla_notes_intro,sla_notes_details,sla_notes_illustrations,sla_notes_daily_life,sla_exercise,sla_diagram_type
2023-JSS014-DRS IV,Demonstrate mastery of basic English language skills,Develop vocabulary by relating words with objects in the environment,"Associate words with objects found in different contexts (e.g., home, hospital, market, bus station)",Identifying vocabulary from the home and school environment,2,Word walls,Kuwaongoza Wanafunzi,"A pupil correctly sorts at least eight words such as bed, desk, kitchen, classroom, blackboard and bathroom into the home or school column.",Word cards from Activity 1.1|Wall chart with Home and School columns|Dictionary,"TET(2023), ENGLISH, PUPIL'S BOOK, STANDARD FOUR, TET, DAR ES SALAAM","This lesson introduces pupils to vocabulary describing the places and things found at home and at school, drawn from the long word list in Activity 1.1 of the pupil's book, such as bedroom, kitchen, classroom, desk and blackboard. Pupils first read each word aloud and check its meaning in a dictionary before deciding where it belongs.","Some words clearly belong to the home, such as bedroom, kitchen and bathroom, while others belong to school, such as classroom, desk, blackboard and eraser; a few words like bag or medicine could belong to more than one place, so pupils must think carefully about the main context in which each word is used before placing it in a column.","Using the word list from Activity 1.1(a), pupils build a two-column chart: Home (bedroom, kitchen, bathroom, cupboard) and School (classroom, desk, blackboard, eraser, cafeteria), following the grouping table format given in Activity 1.1(b).","Knowing which words belong to the home and which belong to school helps a pupil describe their morning routine correctly, for example saying they leave their bedroom at home before entering their classroom at school.","Which column does 'kitchen' belong to, home or school?::Home||Which column does 'blackboard' belong to, home or school?::School||Name one word from the list that belongs to the school environment.::Classroom (or desk, blackboard, eraser, cafeteria)||Name one word from the list that belongs to the home environment.::Kitchen (or bedroom, bathroom, cupboard)",
2023-JSS014-DRS IV,Demonstrate mastery of basic English language skills,Develop vocabulary by relating words with objects in the environment,"Associate words with objects found in different contexts (e.g., home, hospital, market, bus station)",Identifying vocabulary from the hospital environment,2,Direct/explicit instruction,Kuwaongoza Wanafunzi,"A pupil correctly identifies and explains the meaning of at least five bold hospital words from the passage 'A Visit to the Hospital', such as nurse, doctor, laboratory, syringe and pharmacy.",Text: A Visit to the Hospital|Dictionary|Pictures of hospital workers and equipment,"TET(2023), ENGLISH, PUPIL'S BOOK, STANDARD FOUR, TET, DAR ES SALAAM","This lesson introduces vocabulary from the hospital environment through the passage 'A Visit to the Hospital', in which Sarah is taken by her mother to see a doctor, then to the laboratory, and finally to the pharmacy.","The bold words in the passage name hospital workers and places, such as nurse, doctor, laboratory technician, pharmacist and patient, and hospital items such as laboratory coat, gloves, syringe and medicine; pupils use the dictionary to check the exact meaning of each bold word.","In the passage, the nurse greets Sarah and her mother, the doctor examines Sarah and sends her to the laboratory, the laboratory technician takes a blood sample with a syringe, and the pharmacist finally gives Sarah her medicine, as summarised in the table naming a person who examines patients (doctor), supports laboratory work (technician), or supplies medicine (pharmacist).",Knowing these hospital words helps a pupil understand what happens and who to ask for help when they or a family member visits a hospital or dispensary for treatment.,"Who greeted Sarah and her mother when they arrived at the hospital?::A nurse greeted them.||Who examines patients, diagnoses and treats medical conditions?::A doctor.||Where did the laboratory technician take Sarah's blood sample?::In the laboratory.||Who gave Sarah her medicine at the end of the story?::The pharmacist.",
2023-JSS014-DRS IV,Demonstrate mastery of basic English language skills,Develop vocabulary by relating words with objects in the environment,"Associate words with objects found in different contexts (e.g., home, hospital, market, bus station)",Identifying vocabulary from the market environment,2,Storytelling and vocabulary building,Kuwaongoza Wanafunzi,"A pupil correctly names at least five market-related words from 'A Day at Tupendane Market', such as buyer, seller, discount, price and stall.",Text: A Day at Tupendane Market|Real or picture examples of fruits and vegetables|Dictionary,"TET(2023), ENGLISH, PUPIL'S BOOK, STANDARD FOUR, TET, DAR ES SALAAM","This lesson develops market vocabulary through the story 'A Day at Tupendane Market', where sellers such as Mwanaidi, Rejo and Yobu sell guavas, watermelons, tomatoes, onions, cloth and utensils to buyers.","Key words from the market environment include seller, buyer, stall, price, cost and discount, and pupils practise reading these words aloud and finding their meanings in the dictionary before using them to talk about the story.","In the story, Mwanaidi sells guavas at 100 shillings each and watermelons at 2000 shillings, but gives a mother a discount to 1500 shillings for being her first buyer, while Yobu lowers the price of a rice cooker from 40,000 to 35,000 shillings for a customer.",Learning market vocabulary helps a pupil bargain politely and understand prices when they accompany a parent to buy food or household items at a local market.,"What do people do at Tupendane Market on Saturdays?::They buy and sell goods such as fruits, vegetables and utensils.||What does the word 'discount' mean?::A reduction in the usual price of something.||How much did Mwanaidi first say the watermelon costs?::2000 shillings.||Name one thing Yobu sells at the market.::Clothes and utensils (for example a rice cooker).",
2023-JSS014-DRS IV,Demonstrate mastery of basic English language skills,Develop vocabulary by relating words with objects in the environment,"Associate words with objects found in different contexts (e.g., home, hospital, market, bus station)",Identifying vocabulary from the bus station environment,2,Direct/explicit instruction,Kuwaongoza Wanafunzi,"A pupil correctly uses at least five bus station words such as ticket, booking, departure time, arrival time and passenger in a sentence about travelling.",Text: Makelo at the bus station|Sample bus ticket|Dictionary,"TET(2023), ENGLISH, PUPIL'S BOOK, STANDARD FOUR, TET, DAR ES SALAAM","This lesson introduces vocabulary for travelling by bus through the story of Makelo at Itilima bus station, who books a ticket online to travel to Pelalu village.","Words such as booking, ticket, seat number, reporting time, check in time, departure time, boarding time and arrival time describe the different stages of a bus journey, and pupils learn each word's meaning before using it to describe Makelo's trip.","Makelo booked seat number 3B for Tsh 20,000, with reporting time at 5:30 a.m., check in at 6:00 a.m. and departure at 6:30 a.m.; when he postponed his first trip because he fell sick, he later returned, waited for the afternoon bus, and boarded at 1:00 p.m.",Understanding bus station vocabulary helps a pupil read a real bus ticket correctly and know what time to arrive when travelling with their family.,"What time was Makelo's bus supposed to depart?::At 6:30 a.m.||Why did Makelo postpone his first planned trip?::Because he fell sick before the travel date.||What seat number did Makelo book?::Seat number 3B.||What does the word 'passenger' mean?::A person travelling on a bus, train or other vehicle.",
2023-JSS014-DRS IV,Demonstrate mastery of basic English language skills,Develop vocabulary by relating words with objects in the environment,Match objects with their respective characteristics,Guessing objects from their uses through riddles,3,Games,Kuwaongoza Wanafunzi,"A pupil correctly guesses at least six household objects described by their characteristics or uses in the word game, such as broom, cupboard, key and comb.","Riddle cards from Activity 1.1(c)|Real household objects (broom, key, comb)|Response chart","TET(2023), ENGLISH, PUPIL'S BOOK, STANDARD FOUR, TET, DAR ES SALAAM","This lesson uses a guessing game in which pupils listen to a statement describing an object by what it looks like or what it is used for, then say the name of the object, following the format in Activity 1.1(c) of the pupil's book.","Each riddle gives a characteristic or use of an object rather than its name, for example 'I'm something you use to brush your teeth', and pupils must match that description to the correct object name, matching objects to their characteristics rather than simply naming them from a picture.","Example riddles from the book: 'I'm something you use to sweep the house compound' (broom), 'I'm a piece of house furniture with a door and shelves used to store cups, glasses and plates' (cupboard), and 'I'm something you use to open or lock a house door' (key).","Describing an object by its characteristics helps a pupil ask for or explain a household item even when they briefly forget its exact name, for example describing a mop as 'the thing we use to clean the floor'.",I'm something you use to sweep the house compound. What am I?::A broom.||I'm something you use to open or lock a house door. What am I?::A key.||I'm something you use to comb your hair. What am I?::A comb.||I'm a piece of furniture with a door and shelves used to store plates and cups. What am I?::A cupboard.,
2023-JSS014-DRS IV,Demonstrate mastery of basic English language skills,Develop vocabulary by relating words with objects in the environment,Match objects with their respective characteristics,Matching people with the tasks they perform at the hospital,2,Matching,Kuwaongoza Wanafunzi,"A pupil correctly matches at least four hospital workers, such as doctor, laboratory technician, pharmacist and nurse, with the characteristic task each one performs.",Task description cards from Activity 1.2(b)|Pictures of hospital workers,"TET(2023), ENGLISH, PUPIL'S BOOK, STANDARD FOUR, TET, DAR ES SALAAM","This lesson helps pupils match each hospital worker with the characteristic activity that identifies their job, based on the descriptions given in Activity 1.2(b) of the pupil's book.","Each description names a characteristic action, such as examining and treating patients, conducting laboratory tests, or supplying medicine, and pupils must identify which hospital worker is being described by that characteristic before writing the correct job title.","From the book: the person who 'examines patients, diagnoses and treats medical conditions' is the doctor; the person who 'conducts and supports scientific investigations in the laboratory' is the laboratory technician; the person who 'supplies and sells medicines' is the pharmacist; and the person who 'is registered to receive medical treatment' is the patient.","Matching people with their tasks helps a pupil know who to approach for help at a hospital, for example asking the pharmacist rather than the doctor for medicine already prescribed.","Who examines patients, diagnoses and treats medical conditions?::The doctor.||Who conducts and supports scientific investigations in the laboratory?::The laboratory technician.||Who supplies and sells medicines?::The pharmacist.||Who receives medical treatment at a hospital?::The patient.",
2023-JSS014-DRS IV,Demonstrate mastery of basic English language skills,Develop vocabulary by relating words with objects in the environment,Match objects with their respective characteristics,Matching pictures of hospital objects with their names,2,Matching,Kuwaongoza Wanafunzi,"A pupil correctly matches at least four pictures of hospital objects with their correct names, including medicine, syringe, surgical scissors and bandage.","Picture cards of hospital objects from Activity 1.2(c)|Word cards: medicine, syringe, surgical scissors, laboratory coat, bandage","TET(2023), ENGLISH, PUPIL'S BOOK, STANDARD FOUR, TET, DAR ES SALAAM","This lesson practises matching pictures of common hospital objects with their correct English names, as shown in the picture-matching table of Activity 1.2(c).","Each object has a distinct characteristic that helps identify it in a picture, for example a syringe is a narrow tube with a needle used for injections, while a laboratory coat is a long white coat worn by hospital workers, and pupils use these characteristics to choose the correct name for each picture.","The book's matching list pairs pictures with the names medicine, syringe, surgical scissors, laboratory coat (or lab coat), and bandage, requiring pupils to look carefully at each picture's shape and use before matching it.",Recognising hospital objects by sight and name helps a pupil stay calm and understand what a nurse or doctor is doing when using items such as a syringe or bandage during treatment.,What is the name of the object used to give an injection?::A syringe.||What is the name of the long white coat worn by hospital workers?::A laboratory coat (lab coat).||What is used to wrap around a wound?::A bandage.||What tool would a doctor use to cut during a small operation?::Surgical scissors.,
2023-JSS014-DRS IV,Demonstrate mastery of basic English language skills,Develop vocabulary by relating words with objects in the environment,Construct short sentences using vocabulary referring to objects found in different settings,Writing sentences using household vocabulary,3,Independent writing exercise,Kuwaongoza Wanafunzi,"A pupil writes a correct and meaningful sentence for at least four of the words grandmother, house, wooden door, frying pan, household tools and utensils.",Word list from Activity 1.1(e)|Exercise books|Chalkboard,"TET(2023), ENGLISH, PUPIL'S BOOK, STANDARD FOUR, TET, DAR ES SALAAM","This lesson asks pupils to write the meaning of each word from Activity 1.1(e) and then construct a short sentence using it, based on vocabulary met in the story 'A visit to my grandmother's house'.","After giving the meaning of a word such as frying pan or household tools, a pupil writes a complete sentence that shows they understand how the word is used, for example describing a tool or utensil seen at home.",Example sentences a pupil might write: 'My grandmother lives in a small village.' 'The wooden door of our house is very heavy.' 'My mother uses a frying pan to cook eggs.' 'We keep our household tools near the door.',"Being able to construct sentences about household tools and utensils helps a pupil describe chores they do at home, such as fetching a frying pan or a hoe when asked by a parent.",Write a sentence using the word 'frying pan'.::My mother uses a frying pan to cook chapatti.||Write a sentence using the word 'grandmother'.::My grandmother lives in Mbeje village.||Write a sentence using the word 'household tools'.::We keep our household tools near the door.||Write a sentence using the word 'utensils'.::The utensils are kept in the cupboard.,
2023-JSS014-DRS IV,Demonstrate mastery of basic English language skills,Develop vocabulary by relating words with objects in the environment,Construct short sentences using vocabulary referring to objects found in different settings,Writing sentences using market vocabulary from 'A Day at Tupendane Market',2,Independent writing exercise,Kuwaongoza Wanafunzi,"A pupil writes a grammatically correct sentence for at least four bold words from the market story, such as buyer, seller, discount and stall.",Text: A Day at Tupendane Market|Exercise books,"TET(2023), ENGLISH, PUPIL'S BOOK, STANDARD FOUR, TET, DAR ES SALAAM","Using the bold words from 'A Day at Tupendane Market', pupils practise writing their own sentences that show the meaning of each market-related word in context.","Pupils choose words such as buyer, seller, discount, price and cost from the story and write one sentence for each, making sure the sentence clearly shows what the word means in a market setting.",Example sentences: 'The seller arranged her guavas neatly on the stall.' 'The buyer asked for a discount on the watermelon.' 'The price of the rice cooker was too high for her.',"Writing sentences with market vocabulary helps a pupil describe a shopping trip with their family accurately, for example noting the price they paid or the discount they received.","Write a sentence using the word 'seller'.::The seller arranged her fruits on the stall.||Write a sentence using the word 'discount'.::Mwanaidi gave the mother a discount on the watermelon.||Write a sentence using the word 'buyer'.::The buyer paid for the maize flour.||Write a sentence using the word 'price'.::The price of the rice cooker was 40,000 shillings.",
2023-JSS014-DRS IV,Demonstrate mastery of basic English language skills,Develop vocabulary by relating words with objects in the environment,Construct short sentences using vocabulary referring to objects found in different settings,Writing sentences using travel vocabulary from the bus station story,2,Independent writing exercise,Kuwaongoza Wanafunzi,"A pupil writes a correct sentence for at least four travel words from Activity 1.4(c), such as booking, ticket, departure time and boarding time.",Word list from Activity 1.4(c)|Text: Makelo at the bus station|Exercise books,"TET(2023), ENGLISH, PUPIL'S BOOK, STANDARD FOUR, TET, DAR ES SALAAM","Following the story of Makelo at the bus station, pupils write one sentence for each of the travel-related words listed in Activity 1.4(c), such as postpone, seat number, trip, booking and departure time.","Each sentence should show a clear understanding of the word's meaning within the context of travelling by bus, similar to how the words were used in Makelo's story.",Example sentences: 'Makelo made an online booking two days before travelling.' 'He postponed his trip because he fell sick.' 'The departure time for the bus was 6:30 a.m.',"Constructing sentences with travel vocabulary helps a pupil explain their own or their family's bus journey clearly, including booking, departure and arrival details.",Write a sentence using the word 'booking'.::Makelo made an online booking two days before travelling.||Write a sentence using the word 'postpone'.::He had to postpone his trip because he was sick.||Write a sentence using the word 'departure time'.::The departure time for the bus was 6:30 a.m.||Write a sentence using the word 'ticket'.::The ticket cost twenty thousand shillings.,
2023-JSS014-DRS IV,Demonstrate mastery of basic English language skills,Use appropriate grammar and vocabulary both orally and in writing,"Talk about quantity using appropriate words (e.g., some, many, any, much)",Distinguishing many and much with countable and uncountable nouns,3,Discussion,Kuwaongoza Wanafunzi,A pupil correctly sorts at least eight words into 'many' (countable) or 'much' (uncountable) columns and corrects sentences that misuse the two words.,"Word cards: bananas, sugar, food, houses, water|Many/Much sorting chart","TET(2023), ENGLISH, PUPIL'S BOOK, STANDARD FOUR, TET, DAR ES SALAAM","This lesson introduces the words 'many' and 'much' for talking about quantity, based on Activity 2.1 of the pupil's book, where 'many' is used with countable nouns and 'much' with uncountable nouns.","Countable nouns, such as bananas, houses and pencils, can be counted one by one and take 'many', while uncountable nouns, such as sugar, water and money, cannot be counted individually and take 'much'; pupils practise sorting words such as bananas, sugar, food, houses, water, bottles, honey and pencils into the correct column.","Using the book's example sentences 'There are many oranges in the basket' and 'We don't have much money', pupils correct faulty sentences such as 'There is no many space in our classroom' to 'There is not much space in our classroom'.",Knowing when to use 'many' or 'much' helps a pupil speak correctly when asking how many oranges or how much sugar is needed while helping with cooking or shopping at home.,Is 'many' used with countable or uncountable nouns?::Countable nouns.||Is 'much' used with countable or uncountable nouns?::Uncountable nouns.||Which word fits: 'There are ___ pencils in the box' (many/much)?::Many.||Correct this sentence: 'How much fruits do you eat?'::How many fruits do you eat?,
2023-JSS014-DRS IV,Demonstrate mastery of basic English language skills,Use appropriate grammar and vocabulary both orally and in writing,"Talk about quantity using appropriate words (e.g., some, many, any, much)",Using many and much in a classroom passage and a shopping dialogue,3,Reading comprehension and gap filling,Kuwaongoza Wanafunzi,A pupil correctly completes at least four blanks with many or much based on the Mtakuja Primary School passage and answers questions on the father-and-shopkeeper dialogue.,Passage: Mr Peter teaches at Mtakuja Primary School|Dialogue: Father and the shopkeeper|Exercise books,"TET(2023), ENGLISH, PUPIL'S BOOK, STANDARD FOUR, TET, DAR ES SALAAM","This lesson applies many and much in a real reading context: a passage describing a busy classroom and cafeteria at Mtakuja Primary School, and a dialogue where a father buys sugar, salt, cooking oil and soap from a shopkeeper.","In the passage, pupils fill blanks such as 'There were ___ pupils eagerly raising their hands' (many) and 'There wasn't ___ juice left in the refrigerator' (much), while in the dialogue they answer questions about quantities the father asked for, such as two kilograms of sugar.","From the dialogue: Father says, 'I need some sugar,' and the shopkeeper asks, 'How much do you need?' Father replies, 'Two kilograms, please. How much is it?' The shopkeeper answers, 'Two thousand and five hundred shillings per kilo.'","Using many and much correctly helps a pupil ask a shopkeeper the right quantity question when sent to buy sugar, salt or cooking oil for the family.",Complete: 'There were ___ pupils eagerly raising their hands' (many/much).::Many||Complete: 'There wasn't ___ juice left in the refrigerator' (many/much).::Much||How many kilograms of sugar did the father buy?::Two kilograms.||How much did one kilogram of sugar cost?::Two thousand and five hundred shillings.,
2023-JSS014-DRS IV,Demonstrate mastery of basic English language skills,Use appropriate grammar and vocabulary both orally and in writing,"Talk about quantity using appropriate words (e.g., some, many, any, much)",Using some and any in statements and the dialogue between James and Jane,2,Dialogue,Kuwaongoza Wanafunzi,A pupil correctly uses 'some' in positive statements and 'any' in negative statements or questions when practising the James and Jane dialogue.,"Dialogue chart: James and Jane|Word cards: some, any","TET(2023), ENGLISH, PUPIL'S BOOK, STANDARD FOUR, TET, DAR ES SALAAM","This lesson introduces 'some' and 'any' for expressing quantity, based on the example sentences and the dialogue between James and Jane in Activity 2.2 of the pupil's book.","'Some' is generally used in positive sentences, such as 'I need some money,' while 'any' is used in negative sentences and questions, such as 'I don't have any money' or 'Do you need any milk?'; pupils act out the dialogue where James asks Jane if she needs any milk, and Jane answers using both some and any.","From the dialogue: James asks, 'Do you need any milk?' and Jane replies, 'No, I don't need any milk, but I need some sweets and some apples.' Later Jane says, 'We don't have any chocolates left... I think you need to get some chocolates from the shop.'",Using some and any correctly helps a pupil politely ask a family member or shopkeeper whether there is any food left or to request some of an item they need.,"Fill in: 'Do you need ___ milk?' (some/any)::Any||Fill in: 'I need ___ sweets and ___ apples' (some/any)::Some, some||Fill in: 'We don't have ___ chocolates left' (some/any)::Any||Is 'some' usually used in positive or negative sentences?::Positive sentences.",
2023-JSS014-DRS IV,Demonstrate mastery of basic English language skills,Use appropriate grammar and vocabulary both orally and in writing,"Talk about quantity using appropriate words (e.g., some, many, any, much)",Applying the rules of some and any in Ms Mambo's lesson story,2,Guided comprehension,Kuwaongoza Wanafunzi,"A pupil correctly explains, using the story of Ms Mambo, when to use 'some' and when to use 'any', and writes at least two correct sentences with each word.",Text: Ms Mambo and her pupils|Exercise books,"TET(2023), ENGLISH, PUPIL'S BOOK, STANDARD FOUR, TET, DAR ES SALAAM","This lesson uses the story of Ms Mambo, a Standard Four English teacher at Mtoni Primary School, to summarise the rule for using 'some' and 'any' in a lesson about expressing quantity.","As Ms Mambo explains in the story, 'some' is used in positive sentences to indicate an unspecified quantity, for example 'I have some books,' while 'any' is used in negative sentences or questions to refer to an indefinite amount, for example 'I don't have any books' or 'Do you have any books?'","In the story, Ms Mambo tells her eager pupils, 'It will take some time before you start writing,' showing 'some' used in a positive statement about an unspecified amount of time.",Understanding this rule helps a pupil correctly tell a friend 'I have some pencils to share' or ask 'Do you have any pencils?' when they need to borrow one.,"According to Ms Mambo, when is 'some' used?::In positive sentences to show an unspecified quantity.||According to Ms Mambo, when is 'any' used?::In negative sentences or questions.||Write a sentence using 'some'.::I have some books in my bag.||Write a sentence using 'any'.::I don't have any pens today.",
2023-JSS014-DRS IV,Demonstrate mastery of basic English language skills,Use appropriate grammar and vocabulary both orally and in writing,"Express location using appropriate prepositions of place and time (target: in, at, on, under, inside, outside, over, near)","Using in, on and at to describe locations in dialogues and pictures",3,Role play,Kuwaongoza Wanafunzi,"A pupil correctly uses in, on or at to answer where an object or person is located, based on the Bahati and Tumaini picture dialogues.",Picture cards from Activity 3.1(a)|Question and answer cue cards,"TET(2023), ENGLISH, PUPIL'S BOOK, STANDARD FOUR, TET, DAR ES SALAAM","This lesson introduces the prepositions in, on and at for expressing location, through the picture-based dialogues between Bahati and Tumaini in Activity 3.1(a) of the pupil's book.","'In' is used for something enclosed, such as being in the water; 'on' is used for something resting on a surface, such as a soda on the table; and 'at' is used for a specific point, such as being at the door; pupils practise asking and answering 'Where is...?' questions using the correct preposition for each picture.",From the dialogues: 'Where is the boy in this picture? The boy is in the water.' 'Where is the soda? The soda is on the table.' 'Where is the girl? The girl is at the door.',"Using in, on and at correctly helps a pupil give clear directions, for example telling a visitor that the cups are in the cupboard or that their mother is at the market.",Where is the boy in the picture? (in the water)::The boy is in the water.||Where is the soda? (on the table)::The soda is on the table.||Where is the girl? (at the door)::The girl is at the door.||Fill in: 'The glass is ___ the table.' (in/on/at)::On,
2023-JSS014-DRS IV,Demonstrate mastery of basic English language skills,Use appropriate grammar and vocabulary both orally and in writing,"Express location using appropriate prepositions of place and time (target: in, at, on, under, inside, outside, over, near)","Reading 'Nengai and Penny, the Parrot' for prepositions of place",3,Reading comprehension and gap filling,Kuwaongoza Wanafunzi,"A pupil reads the story 'Nengai and Penny, the Parrot' and correctly answers questions using the prepositions under, on and at, and fills blanks with in, on or at.","Text: Nengai and Penny, the Parrot|Preposition word cards","TET(2023), ENGLISH, PUPIL'S BOOK, STANDARD FOUR, TET, DAR ES SALAAM","This lesson uses the story of Nengai visiting her friend Penny the Parrot at the top of the tallest tree in the forest to practise the prepositions under, on and at in a connected narrative.","In the story, Nengai calls out to Penny 'I'm here under your tree,' Penny lands 'on a branch,' and they have a picnic 'on the grass,' showing how these small words describe exact positions of people and things relative to each other.","From the story: 'Nengai reached Penny's tree... she saw Penny sitting on a branch... Nengai called out, I'm here under your tree!... Let's have a picnic on the grass, Penny said.'","Reading stories that use location words carefully helps a pupil picture where things are happening and describe similar scenes, such as sitting under a mango tree with friends at home.",Where did Nengai call out from when she arrived at the tree?::She called out from under the tree.||Where was Penny sitting when Nengai arrived?::Penny was sitting on a branch.||Where did Nengai and Penny have their picnic?::They had their picnic on the grass.||Fill in: 'Put a pen ___ your pocket' (in/on/at).::In,
2023-JSS014-DRS IV,Demonstrate mastery of basic English language skills,Use appropriate grammar and vocabulary both orally and in writing,"Express location using appropriate prepositions of place and time (target: in, at, on, under, inside, outside, over, near)","Using under, over and near to describe locations at Mkulima Hall",2,Guided comprehension,Kuwaongoza Wanafunzi,"A pupil correctly answers at least four comprehension questions about the class meeting at Mkulima Hall using under, over and near.",Text: Class meeting in Mkulima Hall|Chalkboard,"TET(2023), ENGLISH, PUPIL'S BOOK, STANDARD FOUR, TET, DAR ES SALAAM","This lesson introduces under, over and near through the story of a class meeting held in Mkulima Hall near the school library, where hall attendants arranged chairs, tables and waste bins.","'Under' describes something below another object, as in waste bins placed under each table; 'over' describes movement above something, as in pupils jumping over the desks; and 'near' describes closeness, as in the hall being near the school library.",From the story: 'They put small waste bins under each table... Some pupils had started jumping over the desks... The meeting took place in the Mkulima Hall near the school library.',"Using under, over and near helps a pupil describe where things are kept at home, such as shoes kept under the bed or a shop located near their house.",Where did the hall attendants put the waste bins?::They put them under each table.||What were some pupils doing over the desks?::They were jumping over the desks.||Where is Mkulima Hall located?::It is located near the school library.||Fill in: 'There is a big tree ___ the playground' (near/on).::Near,
2023-JSS014-DRS IV,Demonstrate mastery of basic English language skills,Use appropriate grammar and vocabulary both orally and in writing,"Express location using appropriate prepositions of place and time (target: in, at, on, under, inside, outside, over, near)","Using inside, in front of, beside, behind and other prepositions in commands and a classroom story",2,Demonstration,Kuwaongoza Wanafunzi,"A pupil correctly performs and states an action using inside, in front of, beside, behind, over or under, based on the command-response table and Mr Yambongo's story.",Command cards from Activity 3.3(b)|Text: Mr Yambongo's classroom story,"TET(2023), ENGLISH, PUPIL'S BOOK, STANDARD FOUR, TET, DAR ES SALAAM","This lesson practises the prepositions inside, in front of, beside, behind, over and under through commands the teacher gives and pupils act out, followed by the story about Mr Yambongo finding a box under his table.","Pupils act out and state actions such as 'I am putting my pen under the table' or 'I am sitting near my friend,' matching each command in the table, and then choose the correct preposition to complete gaps in Mr Yambongo's story, for example seeing a box 'under his table' and a snake 'near the tree outside the classroom.'","From the story: 'He saw a small box under his table... Inside the box, he saw orange and mango peels... he saw a big snake near the tree outside the classroom.'","Following and giving commands with correct prepositions helps a pupil understand instructions at home or school, such as being told to sit beside a friend or to look behind the door.",Command: 'Put your pen under the table.' What do you say as you do it?::I am putting my pen under the table.||Where did Mr Yambongo find the small box?::Under his table.||What did he find inside the box?::Orange and mango peels.||Where was the snake in the story?::Near the tree outside the classroom.,
2023-JSS014-DRS IV,Demonstrate mastery of basic English language skills,Use appropriate grammar and vocabulary both orally and in writing,"Express past events (target: simple past tense, past continuous tense)",Forming the simple past tense of regular and irregular verbs,3,Direct/explicit instruction,Kuwaongoza Wanafunzi,"A pupil correctly changes at least six verbs from Activity 4.1(c), such as play, go, eat and buy, into their simple past tense forms and uses each in a sentence.",Verb list from Activity 4.1(c)|Chalkboard|Exercise books,"TET(2023), ENGLISH, PUPIL'S BOOK, STANDARD FOUR, TET, DAR ES SALAAM","This lesson teaches how to form the simple past tense, comparing regular verbs that add '-ed', such as danced and watched, with irregular verbs that change form completely, such as went, ate and wrote.","As the book's note explains, regular verbs like dance and walk simply add '-ed' to show the past ('I danced at the party', 'Yesterday, I walked to school'), while irregular verbs change their spelling entirely, such as go becoming went and eat becoming ate, so pupils must memorise these irregular forms rather than apply a fixed rule.","Pupils change verbs from the list play, visit, do, catch, walk, cut, kick, go, watch, stay, see, eat, understand, fly, stand, buy and grill into their past forms, for example play/played, go/went, eat/ate, buy/bought, and then write a sentence such as 'I bought a new book yesterday.'","Knowing how to form the simple past correctly helps a pupil tell their family what they did during the day, such as what they ate for lunch or where they went after school.",What is the simple past tense of 'go'?::Went.||What is the simple past tense of 'eat'?::Ate.||What is the simple past tense of 'walk'?::Walked.||Write a sentence using the past tense of 'buy'.::I bought some sweets yesterday.,
2023-JSS014-DRS IV,Demonstrate mastery of basic English language skills,Use appropriate grammar and vocabulary both orally and in writing,"Express past events (target: simple past tense, past continuous tense)",Using simple past tense in Roza and Juma's weekend dialogue,3,Dialogue,Kuwaongoza Wanafunzi,A pupil correctly retells at least four events from Roza and Juma's weekend conversation using the simple past tense.,Dialogue: Roza and Juma's weekend|Role play cards,"TET(2023), ENGLISH, PUPIL'S BOOK, STANDARD FOUR, TET, DAR ES SALAAM","This lesson practises the simple past tense through the dialogue in which Juma tells Roza about visiting his grandparents, fishing and eating grilled fish, while Roza describes staying home and watching a movie.","The dialogue contains many simple past tense verbs in bold, such as visited, bought, helped, planted, went, caught, cut, grilled, ate, stayed, played and watched, showing both regular and irregular past forms used naturally in conversation about a weekend.","From the dialogue: 'I visited my grandparents in the village... I bought some gifts for them... I caught two big ones! We cut and grilled them for dinner. We ate them with rice.' Meanwhile Roza says, 'I stayed home, played, and watched a movie with my family.'","Talking about a weekend using the simple past tense helps a pupil share with classmates what they did at home, such as helping with chores or visiting relatives.","What did Juma do during his weekend?::He visited his grandparents and went fishing with his grandfather.||How many fish did Juma catch?::He caught two big fish.||What did Roza do during her weekend?::She stayed home, played and watched a movie with her family.||What movie did Roza watch?::She watched The King Lion.",
2023-JSS014-DRS IV,Demonstrate mastery of basic English language skills,Use appropriate grammar and vocabulary both orally and in writing,"Express past events (target: simple past tense, past continuous tense)",Asking and answering questions in simple past tense,2,Question and answer,Kuwaongoza Wanafunzi,"A pupil correctly forms and answers at least four yes/no questions in the simple past tense using long and short answers, based on the trip to the village story.",Question and answer table from Activity 4.2(e)|Text: A trip to the village,"TET(2023), ENGLISH, PUPIL'S BOOK, STANDARD FOUR, TET, DAR ES SALAAM","This lesson teaches three ways of answering simple past tense questions: a long answer, a short answer with did/did not, and a very short yes or no, based on the examples and table in Activity 4.2 and the story 'A trip to the village'.","For a question like 'Did John brush his teeth in the morning?', a pupil can answer with a long answer ('Yes, he brushed his teeth in the morning'), a short answer ('Yes, he did'), or a very short answer ('Yes'); the same three forms apply to questions based on the story of Allen and Pendo's journey to see their grandparents.","From the story: pupils answer 'When did Allen and Pendo wake up? They woke up very early in the morning' and 'Did they see animals in the national park? Yes, they did (they saw lions, zebras, elephants, giraffes and monkeys).'",Being able to ask and answer questions about past events in different ways helps a pupil have a natural conversation when retelling a family trip or asking a friend about their weekend.,"Did Allen and Pendo wake up early? (long answer)::Yes, they woke up very early in the morning.||Did the bus cross Rau river? (short answer)::Yes, it did.||Did Allen and Pendo see animals in the national park? (very short answer)::Yes.||Who told Allen and Pendo a story about the hare and the hyena?::Their grandfather told them the story.",
2023-JSS014-DRS IV,Demonstrate mastery of basic English language skills,Use appropriate grammar and vocabulary both orally and in writing,"Express past events (target: simple past tense, past continuous tense)",Using past continuous tense to describe and ask about ongoing past actions,2,Question and answer,Kuwaongoza Wanafunzi,A pupil correctly forms past continuous sentences with was/were and answers questions about what they were doing at a stated past time.,Picture cards showing past actions|Question cards from Activity 4.3(c) and 4.4,"TET(2023), ENGLISH, PUPIL'S BOOK, STANDARD FOUR, TET, DAR ES SALAAM","This lesson introduces the past continuous tense, used to describe an action that was in progress at a certain time in the past, such as 'Juma was sleeping that time' or 'It was raining when he arrived.'","The past continuous is formed with was or were plus a verb ending in '-ing', and pupils practise both making statements about pictures showing past actions and asking and answering questions such as 'Was Asha reading this story?', which can be answered with a long answer, a short answer, or a single word.","From the book's table: 'She was cooking Makande. Was she cooking Makande? Yes, she was cooking Makande. / Yes, she was.' and 'They were dancing at the party last night. Were they dancing at the party last night? Yes, they were.'","Using the past continuous tense helps a pupil describe what they were doing at a particular moment, for example explaining that they were doing homework when a visitor arrived at home.","What tense do we use to say 'It was raining when he arrived'?::Past continuous tense.||Complete: 'Juma ___ sleeping that time' (was/were).::Was||Answer with a short answer: 'Was Baraka cooking ugali yesterday?'::Yes, he was.||Answer with a short answer: 'Were the children singing a few hours ago?' (no)::No, they were not.",
2023-JSS014-DRS IV,Demonstrate mastery of basic English language skills,Use appropriate grammar and vocabulary both orally and in writing,"Use conjunctions in oral and written contexts (target: so, because)",Joining sentences to express result using 'so',3,Direct/explicit instruction,Kuwaongoza Wanafunzi,"A pupil correctly joins at least four pairs of sentences using 'so' to show a result, matching the pattern in Activity 5.1.",Sentence pair cards from Activity 5.1(b)|Chalkboard|Exercise books,"TET(2023), ENGLISH, PUPIL'S BOOK, STANDARD FOUR, TET, DAR ES SALAAM","This lesson introduces the word 'so' for joining two sentences where the second sentence is the result of the first, based on the example in Activity 5.1: 'It was raining' and 'I bought an umbrella'.","As shown in the book's example, 'so' is placed after a comma to link a cause with its result: 'It was raining, so I brought an umbrella'; pupils practise joining pairs of sentences from the table in Activity 5.1(b) the same way.","From the table: 'The cat was hungry, so it ate a fish.' and 'Today, I overslept, so I was late for school this morning.'","Using 'so' correctly helps a pupil explain to a parent why something happened, for example why they were late for school.","Join: 'The cat was hungry. It ate a fish.' using 'so'.::The cat was hungry, so it ate a fish.||Join: 'It was raining. I took an umbrella.' using 'so'.::It was raining, so I took an umbrella.||What word do we use to join a cause with its result?::So.||Where does the comma go when using 'so'?::Before the word 'so', after the first sentence.",
2023-JSS014-DRS IV,Demonstrate mastery of basic English language skills,Use appropriate grammar and vocabulary both orally and in writing,"Use conjunctions in oral and written contexts (target: so, because)",Using 'so' in the story of the lost goats,2,Guided comprehension,Kuwaongoza Wanafunzi,A pupil correctly identifies at least four sentences using 'so' in 'The lost goats' and states the result each one shows.,Text: The lost goats|Exercise books,"TET(2023), ENGLISH, PUPIL'S BOOK, STANDARD FOUR, TET, DAR ES SALAAM","This lesson uses the story of Amani, a boy in Nkalama District whose goats wandered off and got lost, to show 'so' used repeatedly in a connected narrative.","In the story, 'so' consistently links a cause described in the first part of the sentence to the action Amani or his friends took as a result.","From the story: 'his goats wandered off and got lost, so Amani decided to look for them.' 'He was worried because it was getting late, so he hurried to find them before getting dark.' 'He asked his friends for help, so they all searched the forest for the goats.'","Spotting 'so' in a story like this helps a pupil narrate real events at home, such as explaining why they searched for a lost chicken or pet.","Why did Amani decide to look for his goats?::Because they wandered off and got lost, so he decided to look for them.||Why did Amani hurry?::He was worried it was getting late, so he hurried before dark.||Why did Amani's friends search the forest?::He asked them for help, so they all searched the forest.||What did Amani do after he felt happy about finding the goats?::He called his friends to tell them he had found the goats.",
2023-JSS014-DRS IV,Demonstrate mastery of basic English language skills,Use appropriate grammar and vocabulary both orally and in writing,"Use conjunctions in oral and written contexts (target: so, because)",Expressing reason using 'because',3,Direct/explicit instruction,Kuwaongoza Wanafunzi,"A pupil correctly joins at least four pairs of sentences using 'because' to give a reason, following Activity 5.2.",Sentence pair cards from Activity 5.2(c)|Chalkboard,"TET(2023), ENGLISH, PUPIL'S BOOK, STANDARD FOUR, TET, DAR ES SALAAM","This lesson introduces 'because' for giving the reason for something, contrasted with 'so' which gives the result, using the book's example 'It was raining' and 'I bought an umbrella'.","As the book shows, the same two ideas can be joined with 'because' in the opposite order to the result: 'I brought an umbrella, because it was raining'; pupils practise joining sentence pairs from the table in Activity 5.2(c) the same way.",From the table: 'I am tired because I did not sleep well last night.' and 'Birds can travel long distances because they can fly.',Using 'because' correctly helps a pupil explain the reason for their own actions when a parent or teacher asks.,"Join: 'I am tired. I did not sleep well last night.' using 'because'.::I am tired because I did not sleep well last night.||Join: 'Birds can travel long distances. They can fly.' using 'because'.::Birds can travel long distances because they can fly.||What word do we use to give a reason for something?::Because.||In the book's example, which came first: the result or the reason, when using 'because'?::The result came first, followed by 'because' and the reason.",
2023-JSS014-DRS IV,Demonstrate mastery of basic English language skills,Use appropriate grammar and vocabulary both orally and in writing,"Use conjunctions in oral and written contexts (target: so, because)",Choosing 'so' or 'because' in Naomi and Nyamizi's hobbies,2,Guided comprehension,Kuwaongoza Wanafunzi,"A pupil correctly fills in at least four blanks with 'so' or 'because' appropriately, based on the story and Activity 5.2(f).",Text: Naomi and Nyamizi's hobbies|Exercise books,"TET(2023), ENGLISH, PUPIL'S BOOK, STANDARD FOUR, TET, DAR ES SALAAM","This lesson uses the story of neighbours Naomi and Nyamizi, who study at Mtani Primary School and have different hobbies, to practise choosing between 'so' and 'because'.","Pupils must decide whether a sentence needs 'because' to give a reason or 'so' to give a result, applying the rule practised in the mixed fill-in exercise of Activity 5.2(f).","From the story: 'Naomi likes science subjects because she wants to become a nurse.' 'Because their school has no tennis court, Nyamizi trains at Mseto Primary School.'",Choosing the right conjunction helps a pupil correctly explain why they like or dislike an activity when talking with friends.,Why does Naomi like science subjects?::Because she wants to become a nurse.||Why does Nyamizi train at Mseto Primary School?::Because their school has no tennis court.||Fill in: 'Hemed failed ___ of his laziness.' (so/because)::Because||Fill in: 'My teacher loves me ___ I work hard.' (so/because)::Because,
2023-JSS014-DRS IV,Comprehend oral and written information,Respond appropriately in a familiar communicative context,"Participate in simple dialogues about school, market and home contexts",Practising the mother-daughter dialogue after chores,3,Dialogue,Kuwaongoza Wanafunzi,A pupil accurately acts out the conversation between Ashura and her mother and correctly answers at least four comprehension questions.,Text: A hard-working daughter|Role play cards,"TET(2023), ENGLISH, PUPIL'S BOOK, STANDARD FOUR, TET, DAR ES SALAAM",This lesson introduces a home dialogue in which Ashura's mother returns from work at 2:00 p.m. and asks her daughter about the chores she was given before she left.,"The dialogue trains pupils to respond politely and give a reason for an incomplete task, such as explaining why the bed was not made.","From the dialogue: 'Did you clean the compound? / Yes, I tried but the broom was broken. I borrowed one from our neighbour, mama Hawa.' 'You didn't make it, did you? / No! I didn't make it up because I washed all the covers.'",Practising this dialogue helps a pupil report clearly on household chores when a parent returns home.,"Where did the mother go in the morning?::To work.||What three chores did the mother ask Ashura to do?::Clean the compound, wash the dishes and make up the beds.||What did Ashura borrow from her neighbour, mama Hawa?::A broom.||Why didn't Ashura make up her bed?::Because she was washing all the covers.",
2023-JSS014-DRS IV,Comprehend oral and written information,Respond appropriately in a familiar communicative context,"Participate in simple dialogues about school, market and home contexts","Role-playing conversations about school, chores and weekend activities at home",3,Role play,Kuwaongoza Wanafunzi,"A pupil correctly completes and acts out at least three of the four home dialogue frames on school, chores and weekend activities.",Dialogue frames from Activity 6.1(b)|Role play cards,"TET(2023), ENGLISH, PUPIL'S BOOK, STANDARD FOUR, TET, DAR ES SALAAM","This lesson uses the fill-in dialogue frames for a parent and pupil talking about the school day, chores, and weekend activities.","Each frame gives the parent's question and the start of the pupil's answer, which the pupil must complete meaningfully with their own real information.","From the frames: 'How was school today? What did you learn? / Today we learned about... It was fun because...' 'Can you help me set the table for dinner? / Yes, I will...'","Practising these frames helps a pupil hold a natural, everyday conversation with a parent about school and home responsibilities.","Complete: 'Parent: What homework do you have for today? Pupil: I have homework for...'::A pupil states a real subject and what they need to do, e.g. 'I have homework for Mathematics. I need to finish ten sums.'||Complete: 'Parent: Did you help with any chores today? Pupil: ...'::A pupil answers 'Yes, I helped by...' or 'No, I didn't because...' with a real reason.||What question does a parent ask about break time?::Who did you play with during break time?||What question does a parent ask about the weekend?::What do you want to do this weekend?",
2023-JSS014-DRS IV,Comprehend oral and written information,Respond appropriately in a familiar communicative context,"Participate in simple dialogues about school, market and home contexts",Talking about family in a home dialogue,3,Dialogue,Kuwaongoza Wanafunzi,A pupil correctly answers at least four family-themed dialogue questions about a favourite family member and helping at home.,Dialogue frame from Activity 6.1(b) 'Family'|Family photo prompts,"TET(2023), ENGLISH, PUPIL'S BOOK, STANDARD FOUR, TET, DAR ES SALAAM",This lesson uses the 'Family' conversation frame in which a parent asks the pupil to describe a favourite family member and how they help at home.,"Pupils practise giving reasons using 'because', linking back to Unit Five, when describing why they admire a family member or how they help their siblings or parents.",From the frame: 'Can you describe your favourite family member? / My favourite family member is... because...' 'How do you help your siblings or parents at home? / I help by...',Talking about family this way helps a pupil speak confidently and proudly about their family during a real conversation.,What question does the parent ask about a favourite family member?::Can you describe your favourite family member?||How should a pupil explain why they chose that family member?::By giving a reason using 'because'.||What question does the parent ask about helping at home?::How do you help your siblings or parents at home?||What phrase should a pupil use to answer 'How do you help...?'::I help by...,
2023-JSS014-DRS IV,Comprehend oral and written information,Respond appropriately in a familiar communicative context,"Participate in simple dialogues about school, market and home contexts",Acting out the interview between Bahati and Kemy,4,Role play,Kuwaongoza Wanafunzi,A pupil accurately acts out the Bahati-Kemy interview and correctly answers at least four questions about Kemy's answers.,Text: Bahati interviews Kemy|Role play cards,"TET(2023), ENGLISH, PUPIL'S BOOK, STANDARD FOUR, TET, DAR ES SALAAM","This lesson introduces an interview dialogue at Tambukareli Primary School in which Bahati, the interviewer, asks Kemy about her favourite subject, a memorable experiment, and a wish for the school.","The dialogue models how to ask a follow-up question politely and how to give a detailed answer that includes a reason, matching the pattern used throughout the interview.","From the dialogue: 'What's your favourite subject at school, and why do you like it? / my favourite subject is Science... It's really fun to mix things and see what happens!' 'We did an experiment on making volcano with baking soda and vinegar.'","Acting out an interview like this helps a pupil take part confidently in a real interview, such as one for a school activity.",What is Kemy's favourite subject?::Science.||What experiment does Kemy remember doing?::Making a volcano with baking soda and vinegar.||What change would Kemy make to the school?::Plant more trees near the playground.||What is Kemy looking forward to this year?::The school trip to the museum to see the dinosaur exhibit.,
2023-JSS014-DRS IV,Comprehend oral and written information,Respond appropriately in a familiar communicative context,"Participate in simple dialogues about school, market and home contexts",Creating and performing an original interview in a new context,4,Role play,Kuwaongoza Wanafunzi,"In pairs, pupils create and perform their own interview of at least four questions, modelled on the Bahati and Kemy interview.",Blank interview template|Role play cards,"TET(2023), ENGLISH, PUPIL'S BOOK, STANDARD FOUR, TET, DAR ES SALAAM","This lesson asks pupils to reuse the structure of the Bahati and Kemy interview to write and perform their own interview about a different topic, such as a favourite game or holiday.","Following the book's instruction to 'role-play similar interview activities in different contexts', pupils write at least four original questions with answers that include reasons, matching the interview's polite, curious tone.","Pupils model their questions on 'What's your favourite subject at school, and why do you like it?' and 'What's the one thing you're looking forward to...?' from the Bahati-Kemy interview.",This skill helps a pupil politely ask a classmate or family member about their interests in everyday conversation.,"What must every interview question include, based on the model?::A polite opening and often a 'why' asking for a reason.||Name one topic a new interview could be about.::A favourite game, sport or holiday (any reasonable topic).||How should the interviewer end the interview, based on the model?::By thanking the interviewee, e.g. 'Thanks for answering my questions.'||How should the interviewee respond at the end, based on the model?::Politely, e.g. 'You're welcome! It was nice talking to you!'",
2023-JSS014-DRS IV,Comprehend oral and written information,Respond appropriately in a familiar communicative context,"Participate in simple dialogues about school, market and home contexts",Practising the doctor-pupil dialogue when Oddo falls sick,4,Dialogue,Kuwaongoza Wanafunzi,A pupil acts out the Oddo-doctor conversation and correctly answers at least four comprehension questions about his symptoms and treatment.,Text: Oddo falls sick|Role play cards,"TET(2023), ENGLISH, PUPIL'S BOOK, STANDARD FOUR, TET, DAR ES SALAAM","This lesson uses the dialogue between Oddo, a Standard Four pupil at Kilimatinde Primary School, and a doctor at Mwembeni District Hospital, after Oddo falls sick.","The dialogue shows how to describe symptoms clearly and follow a doctor's instructions, using expressions such as 'I've been feeling a bit tired and dizzy lately.'","From the dialogue: 'Have you experienced any other symptoms, like headache or shortness of breath? / Yes, I've had a few mild headaches...' 'Go to the laboratory for blood and urine tests; then come back here.'",Practising this dialogue helps a pupil describe how they feel to a real doctor or parent when they are unwell.,"Why did Oddo go to see the doctor?::He had been feeling tired and dizzy.||What other symptoms did Oddo mention?::Mild headaches and breathing difficulties.||What did the doctor ask about Oddo's sleep?::Whether he had been sleeping well.||Where did the doctor send Oddo for tests?::To the laboratory, for blood and urine tests.",
2023-JSS014-DRS IV,Comprehend oral and written information,Respond appropriately in a familiar communicative context,"Participate in simple dialogues about school, market and home contexts",Answering a doctor's questions about how one is feeling,4,Question and answer,Kuwaongoza Wanafunzi,"A pupil correctly responds, in their own words, to at least four of the five doctor's questions listed in Activity 6.3(a).",Question cards from Activity 6.3(a),"TET(2023), ENGLISH, PUPIL'S BOOK, STANDARD FOUR, TET, DAR ES SALAAM","This lesson practises five sample questions a doctor might ask a patient, such as 'How are you feeling today?' and 'Do you have appetite?'","Pupils practise giving honest, clear answers about the duration and nature of their symptoms, preparing them for a real hospital conversation similar to Oddo's.",Sample doctor's questions from the book: 'How are you feeling today?' 'For how long have you been feeling this way?' 'Have you done blood tests for malaria?',This skill helps a pupil communicate clearly with a doctor or nurse during a real hospital or clinic visit.,"How would you answer 'How are you feeling today?' if you had a headache?::I am feeling unwell; I have a headache.||How would you answer 'Do you have appetite?' if you did not want to eat?::No, I don't have much appetite.||Why does a doctor ask 'For how long have you been feeling this way?'::To understand how long the illness has lasted.||Name one of the five questions a doctor might ask, from the book.::Any of: How are you feeling today? / For how long have you been feeling this way? / Do you have appetite? / Have you done blood tests for malaria? / How have you been feeling since starting taking those tablets?",
2023-JSS014-DRS IV,Comprehend oral and written information,Respond appropriately in a familiar communicative context,"Participate in simple dialogues about school, market and home contexts",Acting out Hellen's shopping dialogue with Juma,4,Role play,Kuwaongoza Wanafunzi,A pupil acts out the Hellen-Juma dialogue and correctly answers at least four questions about quantities and prices.,Text: Hellen goes shopping|Play money,"TET(2023), ENGLISH, PUPIL'S BOOK, STANDARD FOUR, TET, DAR ES SALAAM",This lesson introduces a market dialogue where Hellen buys onions and maize flour from Juma's stall because her home ran out of foodstuffs.,"The dialogue models polite shopping language: greeting the seller, asking for a quantity, hearing the price, and requesting change.","From the dialogue: 'I would like to buy some onions, please. / How many kilograms? / Two kilograms.' 'One kilogram of onions costs Tshs 2000/=. One kilogram of maize flour costs Tshs 2000/=.'",Practising this dialogue helps a pupil shop politely and confidently at a real market or shop.,Why did Hellen go shopping?::Because her home ran out of foodstuffs.||How many kilograms of onions did Hellen buy?::Two kilograms.||How much does one kilogram of maize flour cost?::Tshs 2000/=.||What did Hellen ask for after paying?::Her change.,
2023-JSS014-DRS IV,Comprehend oral and written information,Respond appropriately in a familiar communicative context,"Participate in simple dialogues about school, market and home contexts",Practising a new market dialogue for a different item,4,Role play,Kuwaongoza Wanafunzi,"In pairs, pupils create and perform a market dialogue of at least four exchanges using a different item, modelled on Hellen and Juma's conversation.",Play money|Item picture cards,"TET(2023), ENGLISH, PUPIL'S BOOK, STANDARD FOUR, TET, DAR ES SALAAM","This lesson asks pupils to reuse the pattern of the Hellen-Juma conversation to buy a different item, such as tomatoes or rice, from a partner acting as the seller.","Pupils must include a greeting, a request stating the item and quantity, a stated price, and a polite thank-you, following the model dialogue's structure exactly.","Pupils model their dialogue on 'Can I help you? / Yes, I would like to buy some onions, please.' and 'Thank you for shopping with me! Welcome again.'",This skill helps a pupil practise everyday buying and selling language used at real markets near their home.,"What should the seller say to open the conversation, based on the model?::Something like 'Hello! Can I help you?'||What should the buyer state after greeting the seller?::What they would like to buy and the quantity.||What should the seller say after giving the price and change?::A thank-you, e.g. 'Thank you for shopping with me! Welcome again.'||What should the buyer say at the very end?::A polite thank-you, e.g. 'Thank you very much.'",
2023-JSS014-DRS IV,Comprehend oral and written information,Respond appropriately in a familiar communicative context,"Participate in simple dialogues about school, market and home contexts",Acting out the railway station conversation between Iku and Atu,3,Role play,Kuwaongoza Wanafunzi,A pupil acts out the Iku-Atu dialogue and correctly answers at least four questions about their destinations and arrival time.,Text: Iku and Atu at the railway station|Role play cards,"TET(2023), ENGLISH, PUPIL'S BOOK, STANDARD FOUR, TET, DAR ES SALAAM","This lesson introduces a dialogue between two travellers who meet at a railway station: Iku, who is going to Dodoma, and Atu, who is travelling to Kigoma with his parents but alighting earlier at Nguruka station.","The dialogue introduces travel vocabulary such as alight and depart, and models a polite conversation between strangers who have just met at a station.","From the dialogue: 'I am going to Dodoma. I alight at the Dodoma Railway station. Do you alight at the Kigoma station? / Oh, no. We get out at Nguruka station.' 'What time do you arrive at Nguruka station? / It will be tomorrow at around 11:00.'",Practising this dialogue helps a pupil make polite small talk with a fellow traveller while waiting for a train or bus.,"Where is Iku travelling to?::Dodoma.||Where is Atu travelling to?::Kigoma, with his parents.||At which station does Atu actually get out?::Nguruka station.||What time does Atu expect to arrive at Nguruka station?::Around 11:00 the next day.",
2023-JSS014-DRS IV,Comprehend oral and written information,Respond appropriately in a familiar communicative context,"Participate in simple dialogues about school, market and home contexts",Buying a ticket and asking for train information,3,Role play,Kuwaongoza Wanafunzi,A pupil correctly completes and acts out at least two of the ticket-buying and train-information dialogue frames from Activity 6.5(b).,Dialogue frames from Activity 6.5(b)|Blank ticket cards,"TET(2023), ENGLISH, PUPIL'S BOOK, STANDARD FOUR, TET, DAR ES SALAAM",This lesson practises dialogue frames for buying a ticket from a ticket agent and asking a station staff member for train departure and platform information.,"Pupils fill in a destination, a number of tickets and a ticket type, then practise asking about the platform, departure time and journey length, completing each blank in the frame with real information.",From the frames: 'I would like to buy a ticket to... / How many tickets do you need?' 'Which platform is the train to (destination) leaving from? / The train to (destination) is leaving from the platform...',This skill helps a pupil buy a real bus or train ticket and find the correct departure point when travelling with family.,What does the ticket agent ask after the pupil states their destination?::How many tickets do you need?||What two ticket types are mentioned in the frame?::One-way or return ticket.||What question does the pupil ask about the platform?::Which platform is the train to (destination) leaving from?||What question does the pupil ask about journey length?::How long does the train journey to (destination) take?,
2023-JSS014-DRS IV,Comprehend oral and written information,Respond appropriately in a familiar communicative context,"Participate in simple dialogues about school, market and home contexts","Asking for directions, luggage help and understanding safety announcements",3,Role play,Kuwaongoza Wanafunzi,"A pupil correctly completes and acts out at least three of the remaining dialogue frames on directions, luggage and safety announcements.",Dialogue frames from Activity 6.5(b)|Luggage props,"TET(2023), ENGLISH, PUPIL'S BOOK, STANDARD FOUR, TET, DAR ES SALAAM","This lesson practises further dialogue frames covering asking for directions to the waiting area or restrooms, requesting help with luggage, and understanding a station announcement about a delay.",Pupils learn the expression 'mind the gap' and how to respond politely and calmly to an announcement that a train is delayed.,"From the frames: 'Attention passengers, the train to (destination) is delayed by 30 minutes.' 'Please mind the gap between the train and the platform. / What does mind the gap mean? / It's to be careful.'",This skill helps a pupil stay safe and find help if they get lost or their journey is delayed at a real bus or railway station.,"What does a pupil ask to find the waiting area?::Excuse me, where is the waiting area?||What does 'mind the gap' mean?::To be careful of the gap between the train and the platform.||What should a pupil do if the train is delayed, according to the frame?::Ask what to do now, e.g. 'Oh no, the train is delayed! What should we do now?'||What does a pupil ask for help with heavy luggage?::Excuse me, can you help me carry this bag to the platform?",
2023-JSS014-DRS IV,Comprehend oral and written information,Read appropriately a variety of simple texts,Read aloud grade-level simple texts with appropriate intonation,Reading aloud with stress and tone in the story of Amani and the kitten,4,Demonstration,Kuwaongoza Wanafunzi,"A pupil reads the story aloud correctly stressing at least three key words (meow, kitten, home) and applying the instructed tone changes.",Story text from Activity 8.4(a)|Audio recorder (optional),"TET(2023), ENGLISH, PUPIL'S BOOK, STANDARD FOUR, TET, DAR ES SALAAM","This lesson introduces reading aloud with correct stress and intonation, using a story about Amani and a kitten that the book gives specific reading instructions for.","The book instructs pupils to stress the words meow, kitten and home to emphasise their importance, use a gentle tone when Amani speaks to the kitten, raise the tone slightly when asking questions to show curiosity, and end with a happy tone showing satisfaction in helping.","Following the instructions, a pupil reads the words 'meow', 'kitten' and 'home' with extra emphasis, softens their voice for Amani's caring words to the kitten, and raises their pitch on any question in the story.",Reading with the right tone and stress helps a pupil tell a story to younger siblings in a way that keeps them interested.,"Which three words should be stressed in the story?::Meow, kitten and home.||What tone should be used when Amani speaks to the kitten?::A gentle tone, to show care and concern.||What should happen to your tone when asking a question in the story?::It should rise slightly, to express curiosity.||What tone should end the story?::A happy tone, showing satisfaction in helping.",
2023-JSS014-DRS IV,Comprehend oral and written information,Read appropriately a variety of simple texts,Read aloud grade-level simple texts with appropriate intonation,Practising stress and intonation in short everyday sentences,4,Direct/explicit instruction,Kuwaongoza Wanafunzi,A pupil correctly reads aloud at least four practice sentences using the stress or rising intonation instructed for each.,Sentence cards from Activity 8.4(b),"TET(2023), ENGLISH, PUPIL'S BOOK, STANDARD FOUR, TET, DAR ES SALAAM","This lesson practises reading short everyday sentences aloud with the correct stress on a key word or rising intonation for a question, as listed in Activity 8.4(b).","Some sentences need stress on a particular word to highlight the main point, such as stressing 'ice cream' in 'I want ice cream', while questions such as 'How are you?' need a rising tone at the end.","From the book: '""I want ice cream."" (stress on ""ice cream"")' 'How are you?' (rising intonation) 'Can I have some water?' (rising intonation)",Correct stress and intonation helps a pupil sound polite and clear when greeting people or asking for something at home.,Which word should be stressed in 'I want ice cream'?::Ice cream.||Which word should be stressed in 'She's going to the market'?::Market.||What kind of intonation does 'How are you?' need?::Rising intonation.||Which word should be stressed in 'I don't like that'?::Don't,
2023-JSS014-DRS IV,Comprehend oral and written information,Read appropriately a variety of simple texts,Read aloud grade-level simple texts with appropriate intonation,Reading aloud and acting out 'Thieves break into Mashaka's shop',4,Dialogue,Kuwaongoza Wanafunzi,A pupil reads the Mashaka-police officer dialogue aloud with appropriate intonation and correctly answers at least four comprehension questions.,Text: Thieves break into Mashaka's shop|Role play cards,"TET(2023), ENGLISH, PUPIL'S BOOK, STANDARD FOUR, TET, DAR ES SALAAM","This lesson uses the dialogue where Mashaka reports a burglary at his shop to a police officer, following the book's instruction to 'read aloud and act out' the conversation.","Pupils practise reading the police officer's questions with a rising, curious tone and Mashaka's answers with a serious, concerned tone, matching the tension of reporting a burglary.","From the dialogue: 'I have come to report a burglary; thieves broke into my shop last night.' 'Do you suspect anybody? / Yes! Two young men, Kipara and Kiepee are my suspects.'","Reading dialogues aloud with feeling helps a pupil retell an incident clearly and convincingly to an adult, such as a teacher or parent.","Why did Mashaka go to the police station?::To report a burglary at his shop.||What did the thieves take from Mashaka's shop?::Some properties, including a weighing machine.||How much did Mashaka estimate the weighing machine was worth?::About two million shillings.||Who did Mashaka suspect, and why?::Kipara and Kiepee, because they kept visiting his shop even when it was closed.",
2023-JSS014-DRS IV,Comprehend oral and written information,Read appropriately a variety of simple texts,Read aloud grade-level simple texts with appropriate intonation,Reading aloud the passage 'A phone call to Mrs Nyoni',3,Reading comprehension and gap filling,Kuwaongoza Wanafunzi,A pupil reads the passage aloud clearly and correctly answers at least three comprehension questions about the events.,Text: A phone call to Mrs Nyoni,"TET(2023), ENGLISH, PUPIL'S BOOK, STANDARD FOUR, TET, DAR ES SALAAM","This lesson practises reading aloud the passage about Mrs Nyoni, who is shopping at the market when she receives a phone call that her son David has been injured playing football, as instructed in Activity 7.2(c).","Pupils practise changing their tone to match the urgency of Maria's phone call and the calmer, informative tone of the hospital scene at the end of the passage.","From the passage: 'Hello, mum, David just got an accident.' 'He is in the sitting room getting first aid from our brother,' said Maria.",Reading urgent or emotional passages aloud with the right tone helps a pupil communicate news clearly and calmly to family members.,"What news did Maria give her mother on the phone?::That David had an accident and got hurt playing football.||Who was helping David with first aid?::Their brother.||Who gave Mrs Nyoni a ride home?::Mrs Maganga, her neighbour.||What injury did David have, according to the passage?::A fracture.",
2023-JSS014-DRS IV,Comprehend oral and written information,Read appropriately a variety of simple texts,Read grade-level simple texts of different natures fluently,Reading fluently to get general information about the Serengeti,3,Guided comprehension,Kuwaongoza Wanafunzi,A pupil reads the classroom dialogue and Serengeti paragraph fluently and correctly states the main idea in their own words.,Text: Reading for general information (Activity 7.1a),"TET(2023), ENGLISH, PUPIL'S BOOK, STANDARD FOUR, TET, DAR ES SALAAM","This lesson uses a teacher-pupil dialogue explaining that reading for general information means understanding the overall message of a text without focusing on every detail, illustrated with a short paragraph about the Serengeti National Park.","As the teacher explains, 'you look for the main idea of the text, not every small detail,' and pupils practise fluent reading of a short paragraph before summarising it in one sentence.","From the passage: 'Many people enjoy visiting the Serengeti National Park. It is home to many animals, including lions, elephants, and giraffes.' Main idea: 'about the Serengeti National Park and the animals there.'",Reading fluently for general information helps a pupil quickly understand a notice or short news item read at home.,"What does 'reading for general information' mean?::Reading to get a basic understanding of the main idea, not every detail.||What is the main idea of the Serengeti paragraph read by the teacher?::It is about the Serengeti National Park and the animals living there.||Name one material the teacher says can be read for general information.::Newspapers, magazines or short stories.||Why don't you need to remember every word when reading for general information?::Because you only need to understand the overall message.",
2023-JSS014-DRS IV,Comprehend oral and written information,Read appropriately a variety of simple texts,Read grade-level simple texts of different natures fluently,Reading 'Kidoti comes late from school' fluently,3,Reading comprehension and gap filling,Kuwaongoza Wanafunzi,A pupil reads the story and dialogue fluently without hesitation and correctly answers at least four comprehension questions.,Text: Kidoti comes late from school,"TET(2023), ENGLISH, PUPIL'S BOOK, STANDARD FOUR, TET, DAR ES SALAAM","This lesson uses the story of Kidoti, a Standard Four pupil at Ipole Primary School, who comes home late one Wednesday after a practical gardening session, and her conversation with her worried mother.","Pupils practise fluent reading across both narrative sentences and a mother-daughter dialogue within the same passage, adjusting their pace naturally between the two styles of text.","From the passage: 'We prepared the soil, planted the seeds and watered them.' 'I wish you become a floriculturist in the future!'",Fluent reading helps a pupil quickly and clearly explain to a parent why they were delayed after school.,"Why did Kidoti come home late?::The teacher took them to a practical session that finished late.||What did Kidoti's class do during the practical session?::They prepared the soil, planted seeds and watered them.||What did Kidoti's mother wish for her?::That she becomes a floriculturist in future.||What did Kidoti still have to do before bed?::Her homework.",
2023-JSS014-DRS IV,Comprehend oral and written information,Read appropriately a variety of simple texts,Read grade-level simple texts of different natures fluently,Reading fluently to find specific information about Serengeti National Park,3,Guided comprehension,Kuwaongoza Wanafunzi,"A pupil reads the passage fluently and correctly locates at least three specific facts (name, number of lions, year established).",Text: Reading for specific information (Activity 7.2a),"TET(2023), ENGLISH, PUPIL'S BOOK, STANDARD FOUR, TET, DAR ES SALAAM","This lesson continues the classroom dialogue, this time teaching that reading for specific information means searching quickly for a particular fact, name, date or number rather than reading everything closely.","The teacher's example passage gives specific facts pupils must locate fluently in a single reading: 'Serengeti National Park is famous for its wildlife. It has over 4,000 lions and it was established in 1951.'","After one fluent reading, pupils answer 'It's Serengeti National Park,' '4,000 lions,' and 'In 1951,' exactly as the pupils did in the book's dialogue.","This skill helps a pupil quickly find a specific detail, such as a departure time, on a real notice or timetable.","What is 'reading for specific information'?::Reading to find a particular fact or small detail, not the general idea.||What is the name of the park in the teacher's example?::Serengeti National Park.||How many lions does the passage say live in the park?::Over 4,000 lions.||In what year was the park established, according to the passage?::1951.",
2023-JSS014-DRS IV,Comprehend oral and written information,Read appropriately a variety of simple texts,Read grade-level simple texts of different natures fluently,Reading 'Mrs Babu gets an accident' fluently,3,Reading comprehension and gap filling,Kuwaongoza Wanafunzi,A pupil reads the narrative and hospital dialogue fluently and correctly answers at least four comprehension questions.,Text: Mrs Babu gets an accident,"TET(2023), ENGLISH, PUPIL'S BOOK, STANDARD FOUR, TET, DAR ES SALAAM","This lesson uses the narrative and dialogue about Mrs Babu, who cuts her leg on a broken bottle near a petrol station and is treated by a doctor.","Pupils read smoothly through both the narrative opening and the doctor-patient dialogue, practising a natural pace and correct pausing at the punctuation marks in the text.",From the passage: 'She stepped on a broken bottle and her leg got badly cut.' 'We will give you some pain killers... Ten thousand shillings only. Pay at the cashier's counter.',Fluent reading of this kind helps a pupil follow instructions given by a doctor or nurse during a real hospital visit.,"Why did Mrs Babu's leg get cut?::She stepped on a broken bottle.||What did the doctor say he would call for Mrs Babu?::A nurse, to clean the cut and do the dressing.||What did the doctor give Mrs Babu for the pain?::Pain killers.||How much did Mrs Babu have to pay?::Ten thousand shillings.",
2023-JSS014-DRS IV,Comprehend oral and written information,Read appropriately a variety of simple texts,Read grade-level simple texts of different natures fluently,Reading fluently and completing vocabulary about David's accident,3,Reading comprehension and gap filling,Kuwaongoza Wanafunzi,A pupil fluently reads 'A phone call to Mrs Nyoni' and correctly fills in at least four blanks using the word box in Activity 7.2(e).,Text: A phone call to Mrs Nyoni|Word box from Activity 7.2(e),"TET(2023), ENGLISH, PUPIL'S BOOK, STANDARD FOUR, TET, DAR ES SALAAM","This lesson continues the story of David's football injury and hospital treatment, ending with pupils choosing words such as stretcher, X-ray, ward and discharged to complete related sentences fluently.","Reading the full narrative fluently, from the market to the hospital's X-ray room, helps pupils see how each word from the word box fits the story's sequence of events.","From the passage: 'He had a fracture. The nurse wrapped around the fractured area with a Plaster of Paris (POP).' 'After a few weeks, the POP was removed from the injured part.'",This fluent reading skill helps a pupil read and understand a real hospital discharge note or instructions given to a family member.,"What does the word 'discharge' mean in the hospital context?::To be allowed to leave the hospital after getting better.||What is POP used for, according to the story?::To wrap and support a fractured area of the body.||What equipment moves patients from place to place in the hospital?::A stretcher.||Which room did the nurse take David to for further examination?::The X-ray room.",
2023-JSS014-DRS IV,Communicate effectively in different contexts,Demonstrate knowledge of the basic features of spoken language,"Pronounce words with similar sounds (e.g., see/sea, by/bye/buy, right/write)",Pronouncing pairs of words with similar sounds,4,Direct/explicit instruction,Kuwaongoza Wanafunzi,"A pupil correctly pronounces at least four pairs of similar-sounding words from Activity 8.1(a), such as see/sea and right/write.",Word pair cards from Activity 8.1(a)|Chalkboard,"TET(2023), ENGLISH, PUPIL'S BOOK, STANDARD FOUR, TET, DAR ES SALAAM","This lesson introduces pairs of English words that sound similar but are spelt differently and carry different meanings, as listed in the table in Activity 8.1(a).","Pupils listen carefully and pronounce each word in a pair distinctly, since a small difference in sound, such as between right and write, changes the word's spelling and meaning entirely.","Word pairs practised include see/sea, by/bye/buy, meet/meat, right/write and son/sun.",Correct pronunciation of similar-sounding words helps a pupil avoid confusion when speaking to visitors or teachers in English.,Name a word that sounds the same as 'see'.::Sea.||Name a word that sounds the same as 'write'.::Right.||Name two words that sound like 'buy'.::Bye and by.||What is the difference between 'meet' and 'meat'?::'Meet' means to come together with someone; 'meat' is food.,
2023-JSS014-DRS IV,Communicate effectively in different contexts,Demonstrate knowledge of the basic features of spoken language,"Pronounce words with similar sounds (e.g., see/sea, by/bye/buy, right/write)",Understanding meanings of similar-sounding words through Hamisi and Sophia's discussion,4,Reading comprehension and gap filling,Kuwaongoza Wanafunzi,A pupil correctly explains the meaning of at least four pairs of bold similar-sounding words from the Hamisi and Sophia passage.,Text: Hamisi and Sophia discuss tricky English words,"TET(2023), ENGLISH, PUPIL'S BOOK, STANDARD FOUR, TET, DAR ES SALAAM","This lesson uses a passage in which Hamisi and Sophia discuss how confusing English can be because some words sound the same but mean different things, such as see/sea, buy/bye, meet/meat, right/write and son/sun.","The passage explains that 'see' is about vision while 'sea' is a large body of water, 'buy' means to get something while 'bye' is a way to say farewell, and 'meet' is about coming together while 'meat' is food.","From the passage: 'Sophia mentioned see and sea, explaining that one is about vision and the other is a large body of water.' 'They also talked about son and sun, where one is a child and the other is the star.'",Knowing these meanings helps a pupil understand exactly what a speaker means by a similar-sounding word during a real conversation.,"What does 'see' mean, according to the passage?::To use your eyes to look at something (vision).||What does 'sea' mean, according to the passage?::A large body of water.||What is the difference between 'son' and 'sun'?::'Son' is a child; 'sun' is the star in the sky.||What does 'write' mean, according to the passage?::To use a pen to put words on paper.",
2023-JSS014-DRS IV,Communicate effectively in different contexts,Demonstrate knowledge of the basic features of spoken language,"Pronounce words with similar sounds (e.g., see/sea, by/bye/buy, right/write)",Pronouncing sentences containing similar-sounding words,4,Direct/explicit instruction,Kuwaongoza Wanafunzi,"A pupil correctly reads aloud at least four of the five practice sentences from Activity 8.1(c), pronouncing each similar-sounding word pair distinctly.",Sentence cards from Activity 8.1(c),"TET(2023), ENGLISH, PUPIL'S BOOK, STANDARD FOUR, TET, DAR ES SALAAM","This lesson practises pronouncing full sentences that contain two similar-sounding words together, such as 'You should tell the shopkeeper bye after you buy what you want.'","Pupils identify and clearly pronounce the two similar-sounding words in each sentence, paying attention to the small sound differences that separate words like write and right.",From the book: 'You will see the sea when you visit to Dar es Salaam.' 'Write with your right hand.' 'My son baths the sun in the morning.',"Pronouncing these words clearly helps a pupil avoid being misunderstood, for example when telling someone to write versus stating a direction is right.",Which two similar-sounding words appear in 'Write with your right hand'?::Write and right.||Which two similar-sounding words appear in 'My son baths the sun in the morning'?::Son and sun.||Which two similar-sounding words appear in 'We meet to eat meat on Sundays'?::Meet and meat.||Which two similar-sounding words appear in 'You should tell the shopkeeper bye after you buy what you want'?::Bye and buy.,
2023-JSS014-DRS IV,Communicate effectively in different contexts,Demonstrate knowledge of the basic features of spoken language,Convey simple ideas using words with similar sounds,Completing sentences with the correct similar-sounding word,4,Reading comprehension and gap filling,Kuwaongoza Wanafunzi,A pupil correctly chooses and writes the right word to complete at least four of the five sentences in Activity 8.2(a).,Sentence cards with bracketed word choices from Activity 8.2(a),"TET(2023), ENGLISH, PUPIL'S BOOK, STANDARD FOUR, TET, DAR ES SALAAM","This lesson practises conveying the correct meaning in a sentence by choosing between two similar-sounding words given in brackets, such as sun/son and week/weak.","Pupils must think about the meaning of the whole sentence to decide which of the two similar-sounding words fits, for example choosing 'son' for a person and 'sun' for the star.",Correct completions from the book: 'His son looked at the sun.' 'Give us some sugar.' 'He is too weak to walk.',Choosing the correct similar-sounding word helps a pupil write clear notes or messages that are not misunderstood.,"Complete: 'His ___ looked at the ___.' (sun, son)::His son looked at the sun.||Complete: 'Give us ___ sugar.' (sum, some)::Give us some sugar.||Complete: 'He is too ___ to walk.' (week, weak)::He is too weak to walk.||Complete: 'His grandfather ___ people.' (heels, heals)::His grandfather heals people.",
2023-JSS014-DRS IV,Communicate effectively in different contexts,Demonstrate knowledge of the basic features of spoken language,Convey simple ideas using words with similar sounds,Conveying meaning in tricky sentences with similar-sounding words,4,Discussion,Kuwaongoza Wanafunzi,A pupil correctly explains the meaning of at least four of the five tricky sentences in Activity 8.2(b).,Sentence cards from Activity 8.2(b),"TET(2023), ENGLISH, PUPIL'S BOOK, STANDARD FOUR, TET, DAR ES SALAAM","This lesson explores playful English sentences that use similar-sounding words together to convey a full, sometimes humorous, idea, such as 'Pears are not sold in pairs.'",Pupils discuss each sentence to identify the two similar-sounding words it contains and explain what the sentence actually means once both words are understood correctly.,From the book: 'I do not know whether the weather is good today.' 'A bear can bear babies.' 'No body sells dry cells.',"Understanding such sentences helps a pupil enjoy and correctly interpret wordplay they may hear in songs, jokes or conversations.",What does 'Pears are not sold in pairs' mean?::The fruit pears are not sold in sets of two (pairs).||What two similar-sounding words are in 'I do not know whether the weather is good today'?::Whether and weather.||What does 'A bear can bear babies' mean?::A bear (the animal) can give birth to (bear) babies.||What two similar-sounding words are in 'No body sells dry cells'?::Nobody and dry cells (no body / dry cells).,
2023-JSS014-DRS IV,Communicate effectively in different contexts,Demonstrate knowledge of the basic features of spoken language,Convey simple ideas using words with similar sounds,Creating original sentences conveying ideas with similar-sounding words,3,Independent writing exercise,Kuwaongoza Wanafunzi,A pupil writes at least three original sentences that correctly use a pair of similar-sounding words to convey a clear idea.,Word pair list from Activities 8.1 and 8.2|Exercise books,"TET(2023), ENGLISH, PUPIL'S BOOK, STANDARD FOUR, TET, DAR ES SALAAM","This lesson asks pupils to apply what they have learnt about similar-sounding words by writing their own new sentences, similar in style to 'Write with your right hand' or 'His son looked at the sun.'","Each sentence a pupil writes should clearly show the different meanings of the two similar-sounding words used, demonstrating that they understand rather than confuse the pair.",Model sentences from the unit include 'My son baths the sun in the morning' and 'We meet to eat meat on Sundays.',This skill helps a pupil write clear diary entries or messages at home without mixing up similar-sounding words.,Write a sentence using both 'write' and 'right'.::I write with my right hand.||Write a sentence using both 'see' and 'sea'.::I can see the sea from the hill.||Write a sentence using both 'meet' and 'meat'.::We meet at noon to eat meat.,
2023-JSS014-DRS IV,Communicate effectively in different contexts,Demonstrate knowledge of the basic features of spoken language,Use words with opposite meanings in spoken contexts,Reading aloud pairs of words with opposite meanings,4,Direct/explicit instruction,Kuwaongoza Wanafunzi,A pupil correctly pronounces and states the meaning of at least six opposite word pairs from Activity 8.3(a).,Word pair cards from Activity 8.3(a),"TET(2023), ENGLISH, PUPIL'S BOOK, STANDARD FOUR, TET, DAR ES SALAAM","This lesson introduces pairs of words with opposite meanings listed in the pupil's book, including fat/thin, tall/short, come/go, black/white and cold/hot.","Pupils read each pair aloud and explain how the two words describe completely opposite qualities or actions, building vocabulary for describing people, objects and actions.","Further pairs from the book include large/small, difficult/simple, sweet/bitter, rich/poor, long/short and heavy/light.","Knowing opposite words helps a pupil describe things clearly at home, such as saying a bag is heavy rather than light.",What is the opposite of 'fat'?::Thin.||What is the opposite of 'tall'?::Short.||What is the opposite of 'sweet'?::Bitter.||What is the opposite of 'rich'?::Poor.,
2023-JSS014-DRS IV,Communicate effectively in different contexts,Demonstrate knowledge of the basic features of spoken language,Use words with opposite meanings in spoken contexts,Writing the opposite of given words,4,Independent writing exercise,Kuwaongoza Wanafunzi,A pupil correctly writes the opposite of at least five of the seven words listed in Activity 8.3(c).,Word table from Activity 8.3(c)|Exercise books,"TET(2023), ENGLISH, PUPIL'S BOOK, STANDARD FOUR, TET, DAR ES SALAAM","This lesson practises writing the correct opposite for each word in a table, including fat, small, fast, white, bitter, hot and heavy.",Pupils recall the matching opposite word learnt in Activity 8.3(a) and write it accurately next to each given word in the table.,"Correct answers include: fat -> thin, small -> large, fast -> slow, white -> black, bitter -> sweet, hot -> cold, heavy -> light.","This skill helps a pupil accurately compare or describe two things, such as saying one bag is heavy and another is light.",What is the opposite of 'small'?::Large.||What is the opposite of 'fast'?::Slow.||What is the opposite of 'white'?::Black.||What is the opposite of 'heavy'?::Light.,
2023-JSS014-DRS IV,Communicate effectively in different contexts,Demonstrate knowledge of the basic features of spoken language,Use words with opposite meanings in spoken contexts,Using opposite words to describe pictures,4,Discussion,Kuwaongoza Wanafunzi,A pupil correctly uses at least four opposite word pairs to describe the objects or people shown in the pictures from Activity 8.3(b).,Picture cards from Activity 8.3(b),"TET(2023), ENGLISH, PUPIL'S BOOK, STANDARD FOUR, TET, DAR ES SALAAM","This lesson has pupils study pictures illustrating pairs of opposites and describe what they see using the correct opposite words, such as pointing out a tall person next to a short person.","Pupils practise forming a full sentence for each picture that uses one word from an opposite pair correctly, for example describing a fast car next to a slow bicycle in the same picture.","Pupils model their sentences on the pairs practised earlier, such as tall/short, fast/slow and open/close, applying them directly to what is shown in each picture.","Using opposite words correctly helps a pupil give clear comparisons and descriptions in everyday conversation, such as comparing prices as cheap or expensive.","Describe a picture showing a tall man and a short boy using an opposite pair.::The man is tall, but the boy is short.||Describe a picture showing an open door and a closed door.::One door is open, and the other door is closed.||Describe a picture showing a fast car and a slow bicycle.::The car is fast, but the bicycle is slow.||Why is it useful to describe pictures using opposite words?::It makes the comparison between the two things clear.",
2023-JSS014-DRS IV,Communicate effectively in different contexts,Produce short written messages using appropriate grammar and vocabulary,Identify the form and content of wishes and messages,Identifying the purpose and form of best wishes through Pendo's lesson,3,Discussion,Kuwaongoza Wanafunzi,A pupil correctly names at least three types of wishes mentioned in Activity 9.1 and explains the purpose of a wish.,Text: Pendo learns to write wishes|Chalkboard,"TET(2023), ENGLISH, PUPIL'S BOOK, STANDARD FOUR, TET, DAR ES SALAAM","This lesson uses the story of Pendo, a young girl who learns from her teacher Mr Mussa about writing heartfelt wishes for different occasions.","As Mr Mussa explains, 'wishes are special words that make people feel happy, loved, and cared for,' and the three types covered are Birthday Wishes, Best Wishes for Exams, and Get Well Soon Wishes.","From the story: 'When writing a wish, always think about how you want the other person to feel. Be kind, use encouraging words, and try to make them smile.'","Understanding the purpose of a wish helps a pupil choose kind, encouraging words when comforting a sick relative or congratulating a friend.","Name the three types of wishes Mr Mussa taught.::Birthday Wishes, Best Wishes for Exams and Get Well Soon Wishes.||According to Mr Mussa, how should wishes make people feel?::Happy, loved and cared for.||What advice does Mr Mussa give about the words used in a wish?::Be kind, use encouraging words, and try to make the person smile.||How did Pendo feel after the lesson?::Excited to write wishes to brighten someone's day.",
2023-JSS014-DRS IV,Communicate effectively in different contexts,Produce short written messages using appropriate grammar and vocabulary,Identify the form and content of wishes and messages,Identifying the form and content of a birthday wish,3,Guided comprehension,Kuwaongoza Wanafunzi,"A pupil correctly identifies the three parts of a birthday wish card (greeting, message, sign-off) from the example cards in Activity 9.2.",Sample birthday wish cards from Activity 9.2(a) and (b),"TET(2023), ENGLISH, PUPIL'S BOOK, STANDARD FOUR, TET, DAR ES SALAAM","This lesson studies two example birthday wish cards, one from Mbuke and one from Chakupewa to Betty, to identify their form and content.","Each card begins with 'Dear...', contains a short message wishing the person well and mentioning the occasion, such as 'As you turn 9 today, I wish you every success in life,' and ends with the sender's name.","From the card: 'Dear Betty, As you turn 9 today, I wish you every success in life. Happy birthday, Betty! Chakupewa'",Recognising this form helps a pupil correctly write or read a real birthday card given to them or a family member.,What word does a birthday wish card start with?::Dear (followed by the person's name).||What does Chakupewa's card mention about Betty?::That she is turning 9.||What comes at the very end of the birthday card?::The sender's name (a sign-off).||What phrase is repeated in both example cards?::Happy birthday.,
2023-JSS014-DRS IV,Communicate effectively in different contexts,Produce short written messages using appropriate grammar and vocabulary,Identify the form and content of wishes and messages,"Identifying the form and content of congratulatory, anniversary and appreciation messages",4,Guided comprehension,Kuwaongoza Wanafunzi,"A pupil correctly identifies the greeting, main message and sign-off in at least three of the sample messages from Activities 9.3, 9.4 and 9.5.","Sample messages from Activities 9.3(a), 9.4(a) and 9.5(a)","TET(2023), ENGLISH, PUPIL'S BOOK, STANDARD FOUR, TET, DAR ES SALAAM","This lesson compares three further sample messages: Doris's congratulatory message to her father, Anthony's wedding anniversary message to his parents, and Nangi's appreciation message to teacher Mkulia.","Each message follows the same basic form, a greeting naming the person, a message stating the occasion and a kind wish, and a sign-off, but the content changes to match the purpose, whether congratulating a promotion, an anniversary, or thanking a teacher.",From the messages: 'I know you have been promoted to a senior position at work. Congratulations!' 'Next week is your tenth wedding anniversary... May you live long enough to see your grandchildren.' 'You guided us very well while in Standard Four... Thank you and God bless you.',Recognising these forms helps a pupil identify what kind of message they have received and understand its purpose.,"What occasion is Doris's message about?::Her father's promotion at work.||What occasion is Anthony's message about?::His parents' tenth wedding anniversary.||Who wrote the appreciation message, and to whom?::Nangi wrote it to teacher Mkulia.||What three parts does every one of these messages contain?::A greeting, a message about the occasion, and a sign-off (the sender's name).",
2023-JSS014-DRS IV,Communicate effectively in different contexts,Produce short written messages using appropriate grammar and vocabulary,"Write wishes and messages to parents, teachers and friends",Writing a birthday wish card,3,Independent writing exercise,Kuwaongoza Wanafunzi,"A pupil writes a complete birthday wish card with a greeting, a genuine wish and their name, similar to Activity 9.2(c).",Blank card template from Activity 9.2(c)|Coloured pens,"TET(2023), ENGLISH, PUPIL'S BOOK, STANDARD FOUR, TET, DAR ES SALAAM","This lesson has pupils complete a blank birthday card by choosing a person's name, writing a wish for their birthday, and signing their own name.","Following the models by Mbuke and Chakupewa, pupils' wishes should mention the birthday and include a kind, encouraging statement.","Pupils model their card on 'Dear Betty, As you turn 9 today, I wish you every success in life. Happy birthday, Betty!'","This skill lets a pupil write a real birthday card for a friend, sibling or classmate.","What should you write immediately after 'Dear...' in a birthday card?::The name of the person you are writing to.||What kind of statement should the birthday message include?::A kind, encouraging wish, e.g. wishing them success or happiness.||What should you write at the end of the card?::Your own name.||Write a short birthday wish for a friend named Amina.::Dear Amina, Happy birthday! I wish you a wonderful year ahead.",
2023-JSS014-DRS IV,Communicate effectively in different contexts,Produce short written messages using appropriate grammar and vocabulary,"Write wishes and messages to parents, teachers and friends",Writing a congratulatory message,2,Independent writing exercise,Kuwaongoza Wanafunzi,"A pupil writes a complete congratulatory message with a greeting, the achievement congratulated, and their name, similar to Activity 9.3(b).",Blank template from Activity 9.3(b),"TET(2023), ENGLISH, PUPIL'S BOOK, STANDARD FOUR, TET, DAR ES SALAAM","This lesson has pupils complete a congratulatory message to someone, modelled on Doris's message congratulating her father on his promotion.","The message should name the achievement being congratulated and include an encouraging wish for the future, following the pattern 'Congratulations! I hope you will...'",Pupils model their message on 'I know you have been promoted to a senior position at work. Congratulations! I hope you will enjoy more promotions in the future.',"This skill helps a pupil congratulate a classmate or family member on a real achievement, such as passing an exam.","What word must a congratulatory message include?::Congratulations.||What should follow the word 'Congratulations' in the message?::A hopeful wish for the future.||Write a short congratulatory message for a friend who passed an exam.::Dear friend, Congratulations on passing your exam! I hope you keep doing well.",
2023-JSS014-DRS IV,Communicate effectively in different contexts,Produce short written messages using appropriate grammar and vocabulary,"Write wishes and messages to parents, teachers and friends",Writing a wedding anniversary message,3,Independent writing exercise,Kuwaongoza Wanafunzi,"A pupil writes a wedding anniversary message that includes a warm greeting, mention of the anniversary, a personal touch and a kind closing, per Activity 9.4(b) and (c).",Blank template from Activity 9.4(b)|Sample message from Activity 9.4(a),"TET(2023), ENGLISH, PUPIL'S BOOK, STANDARD FOUR, TET, DAR ES SALAAM","This lesson has pupils write a wedding anniversary message, such as one imagined for an aunt and uncle celebrating their 10th anniversary.","The book instructs that the message should include a warm greeting, a mention of the anniversary, a personal touch such as an admired quality or memory, and a kind closing.",Pupils model their message on 'Your love has been an inspiration to us. I wish you the best in the years to come. May you live long enough to see your grandchildren.',This skill helps a pupil write a genuine anniversary message for their own parents or relatives.,"Name the four things Activity 9.4(c) says an anniversary message should include.::A warm greeting, a mention of the anniversary, a personal touch, and a kind closing.||What personal touch could a pupil add about their aunt and uncle?::Something they admire about the couple or a special memory with them.||Write a short closing line for an anniversary message.::Wishing you many more happy years together.",
2023-JSS014-DRS IV,Communicate effectively in different contexts,Produce short written messages using appropriate grammar and vocabulary,"Write wishes and messages to parents, teachers and friends",Writing appreciation messages for different scenarios,2,Independent writing exercise,Kuwaongoza Wanafunzi,A pupil writes at least two appropriate wish or appreciation messages for the scenarios given in Activity 9.5(c).,Scenario cards from Activity 9.5(c)|Blank template from Activity 9.5(b),"TET(2023), ENGLISH, PUPIL'S BOOK, STANDARD FOUR, TET, DAR ES SALAAM","This lesson has pupils write short messages for four scenarios: a friend's birthday, a cousin's upcoming exam, an unwell neighbour, and a classmate who won a sports competition.","Each message must match its scenario, for example using encouraging words for the exam and a caring, get-well tone for the sick neighbour, following the model appreciation message to teacher Mkulia.",Pupils model their tone on 'Your love for us and your commitment for work will always be remembered. Thank you and God bless you.',This skill helps a pupil write a real get-well or congratulatory note to someone they know.,"Write a short message for a neighbour who is feeling unwell.::Dear neighbour, I heard you are unwell. I hope you feel better soon. Take care!||Write a short message for a classmate who won a sports competition.::Dear friend, Congratulations on winning the sports competition! Well done.||Name the four scenarios given in Activity 9.5(c).::A friend's birthday, a cousin's exam, an unwell neighbour, and a classmate's sports win.",
2023-JSS014-DRS IV,Communicate effectively in different contexts,Produce short written messages using appropriate grammar and vocabulary,Prepare a schedule of daily routines,Identifying daily activities and completing a routine schedule,3,Guided comprehension,Kuwaongoza Wanafunzi,A pupil correctly completes at least four missing entries in the daily routine schedule table from Activity 10.1(b).,Picture cards of daily activities|Schedule table from Activity 10.1(b),"TET(2023), ENGLISH, PUPIL'S BOOK, STANDARD FOUR, TET, DAR ES SALAAM","This lesson has pupils study pictures of everyday activities such as bathing, eating and going to school, then answer questions about which activities happen first, last, in the morning and in the afternoon.","Pupils use the order suggested by the pictures to fill in the missing time or activity entries in the schedule table, understanding that a schedule pairs a specific time with a specific activity.","The table gives 'bathing' with a missing time and asks pupils to supply the activities for times such as 6:20 a.m. and 5:45 a.m., and to state the time for 'going to school'.",Preparing a simple schedule like this helps a pupil plan and remember their own morning routine.,"What two things does every row of a schedule table need?::A time and an activity.||Which activity from the table is given at 5:45 a.m. or nearby, based on picture order?::An early activity such as waking up or bathing (any activity that fits before 6:20 a.m.).||What is the last activity listed in the schedule table?::Going back home from school.||Why is 'going to school' placed after the morning activities in the table?::Because it happens after waking up, bathing and other morning routines.",
2023-JSS014-DRS IV,Communicate effectively in different contexts,Produce short written messages using appropriate grammar and vocabulary,Prepare a schedule of daily routines,Preparing Olewado's morning routine schedule,4,Reading comprehension and gap filling,Kuwaongoza Wanafunzi,A pupil correctly prepares a time-ordered schedule of at least five of Olewado's morning activities based on the passage.,Text: Early morning routine|Schedule template,"TET(2023), ENGLISH, PUPIL'S BOOK, STANDARD FOUR, TET, DAR ES SALAAM","This lesson uses a passage describing Olewado's morning routine from waking at 5:30 a.m. through cooking tea, breakfast, greeting parents, bathing, prayers, dressing and walking to school.","Pupils read the passage carefully to extract each activity and its exact time, then arrange them in order to build a clear schedule, as instructed in Activity 10.2(c).","From the passage: 'I wake up at 5:30 am. At 5:40 a.m., I cook my tea. At 6:00 a.m., I take my breakfast... At 6:15 a.m., we all gather in the sitting room to say prayers.'",Making a written schedule like Olewado's helps a pupil manage their own time better each morning.,At what time does Olewado wake up?::5:30 a.m.||At what time does Olewado cook tea?::5:40 a.m.||At what time do Olewado's family say prayers?::6:15 a.m.||How long do Olewado and her brother walk to school?::About 30 minutes.,
2023-JSS014-DRS IV,Communicate effectively in different contexts,Produce short written messages using appropriate grammar and vocabulary,Prepare a schedule of daily routines,Arranging Malea's and Omari's routines in time order,3,Reading comprehension and gap filling,Kuwaongoza Wanafunzi,A pupil correctly fills in at least four blanks about Malea's Saturday routine and correctly rearranges Omari's six routine sentences into time order.,Text: My Saturday routine|Sentence strips from Activity 10.2(f),"TET(2023), ENGLISH, PUPIL'S BOOK, STANDARD FOUR, TET, DAR ES SALAAM",This lesson uses a passage about Malea's Saturday household chores and a set of six jumbled sentences about Omari's morning routine that must be rearranged by time.,"Pupils practise identifying times stated in a passage, such as washing school uniform 'From 9:00 a.m. to 11:00 a.m.', and reordering Omari's sentences from waking at 6:00 a.m. through to having breakfast at 7:20 a.m.","From the texts: 'Malea wakes up at 6.30 a.m.' 'Omari wakes up at 6:00 a.m. ... At 6:30 a.m., he takes bath ... He takes his breakfast at 7:20 a.m.'",Arranging activities correctly in time order helps a pupil build a realistic personal schedule for weekends.,"At what time does Malea wake up on Saturday?::6.30 a.m.||Between what times does Malea wash her school uniform?::From 9:00 a.m. to 11:00 a.m.||What is the first thing Omari does in his routine, in correct time order?::He wakes up at 6:00 a.m.||What does Omari do at 7:20 a.m.?::He takes his breakfast.",
2023-JSS014-DRS IV,Communicate effectively in different contexts,Demonstrate basic skills in creative writing,"Write simple sentences using visual/audiovisual stimuli (e.g., pictures, charts, diagrams)",Writing sentences about the school bus picture,4,Guided comprehension,Kuwaongoza Wanafunzi,"A pupil correctly writes at least four descriptive sentences answering the picture questions in Activity 11.1(a), using the given opening sentence.",Picture of children going to school|Opening sentence card,"TET(2023), ENGLISH, PUPIL'S BOOK, STANDARD FOUR, TET, DAR ES SALAAM","This lesson has pupils study a picture of children hurrying to catch a school bus and answer questions about what they see, then use their answers to build a composition.","Pupils are given the opening sentence 'Early one morning, two excited children hurried along with their mother to the bus stand, to catch the big yellow school bus,' and must continue the composition using details from the picture, such as the size of the bus and who is inside it.","Guiding questions from the book include 'What are the children doing?', 'What is the size of the bus?' and 'Who is standing behind the children?'","Describing a picture in sentences helps a pupil explain in writing what happened during an event they witnessed, such as a school trip.","What is the given opening sentence for this composition?::Early one morning, two excited children hurried along with their mother to the bus stand, to catch the big yellow school bus.||What colour is the bus in the picture?::Yellow.||Name one question from Activity 11.1(a) used to build the composition.::Any of: What are the children doing? / What is the size of the bus? / Who is standing behind the children? (etc.)||Why is it useful to answer picture questions before writing a composition?::The answers give the details needed to build full, descriptive sentences.",
2023-JSS014-DRS IV,Communicate effectively in different contexts,Demonstrate basic skills in creative writing,"Write simple sentences using visual/audiovisual stimuli (e.g., pictures, charts, diagrams)",Writing a composition from a picture stimulus,3,Independent writing exercise,Kuwaongoza Wanafunzi,A pupil independently writes a composition of at least four sentences describing the picture in Activity 11.1(c).,Picture stimulus from Activity 11.1(c)|Exercise books,"TET(2023), ENGLISH, PUPIL'S BOOK, STANDARD FOUR, TET, DAR ES SALAAM","This lesson has pupils study a new picture and write their own composition describing what is happening, without a given opening sentence this time.","Pupils decide for themselves how to begin, continue and end their composition, applying the same picture-description skills practised with the school bus picture.","Pupils generate original sentences describing the people, objects and actions visible in the picture, in a style similar to the earlier school bus composition.",This skill helps a pupil describe photographs or scenes from real life in a letter or story to a friend.,"What should a pupil do first before writing about a picture with no given opening sentence?::Look carefully at the picture and decide what is happening in it.||What kind of details should a composition about a picture include?::Details about the people, objects, setting and actions shown.||Why is it useful to have practised with the school bus picture first?::It teaches the same skills that can now be applied independently.",
2023-JSS014-DRS IV,Communicate effectively in different contexts,Demonstrate basic skills in creative writing,"Write simple sentences using visual/audiovisual stimuli (e.g., pictures, charts, diagrams)",Writing a composition from a second picture stimulus,3,Independent writing exercise,Kuwaongoza Wanafunzi,A pupil independently writes a composition of at least four sentences describing the second picture in Activity 11.1(d).,Picture stimulus from Activity 11.1(d)|Exercise books,"TET(2023), ENGLISH, PUPIL'S BOOK, STANDARD FOUR, TET, DAR ES SALAAM","This lesson has pupils study another picture and write a fresh composition, continuing to build independence in visual-stimulus writing.","Pupils are encouraged to vary their sentence openings and include descriptive words, building on the skills used for the previous two picture compositions.","Pupils write original descriptive sentences about the people, setting and action shown in the picture, avoiding repeating the same sentence pattern for every sentence.",This skill helps a pupil write a clear caption or description for a family photograph.,"Why should a pupil try to vary their sentence openings in a composition?::To make the writing more interesting and avoid repetition.||What three things should a good picture composition describe?::The people, the setting and the action.||What is one way to check a composition is complete?::Make sure it has at least four sentences describing the picture clearly.",
2023-JSS014-DRS IV,Communicate effectively in different contexts,Demonstrate basic skills in creative writing,"Write simple sentences using visual/audiovisual stimuli (e.g., pictures, charts, diagrams)",Completing the story of the cock and the dog,3,Independent writing exercise,Kuwaongoza Wanafunzi,"A pupil writes a complete, logical continuation of at least four sentences for the story started with 'Once upon a time, a cock and a dog were friends.'",Picture of a cock and a dog|Story opener card,"TET(2023), ENGLISH, PUPIL'S BOOK, STANDARD FOUR, TET, DAR ES SALAAM","This lesson gives pupils a picture of a cock and a dog and the opening line 'Once upon a time, a cock and a dog were friends,' which they must continue into a full short story.","Pupils use the picture as a visual stimulus to imagine what the cock and dog did together, ensuring their story follows on logically from the given opening sentence.","A pupil might continue, 'One day, they decided to look for food together in the forest,' based on the picture of the two animals.",Completing a story from a picture and an opening line helps a pupil develop the imagination and storytelling skills used in everyday storytelling.,"What is the given opening sentence for this story?::Once upon a time, a cock and a dog were friends.||What two animals are the main characters of this story?::A cock and a dog.||What should a pupil use to imagine what happens next in the story?::The picture of the cock and the dog.||Why must the continuation follow on logically from the opening sentence?::So that the whole story makes sense as one connected piece of writing.",
2023-JSS014-DRS IV,Communicate effectively in different contexts,Demonstrate basic skills in creative writing,"Write simple sentences using visual/audiovisual stimuli (e.g., pictures, charts, diagrams)",Writing a composition about cooking rice using six pictures and sequence words,3,Independent writing exercise,Kuwaongoza Wanafunzi,"A pupil writes a composition of at least four steps describing how to cook rice, correctly using the sequence words first, next, then and finally.",Six-picture sequence on cooking rice from Activity 11.1(f)|Sequence word cards,"TET(2023), ENGLISH, PUPIL'S BOOK, STANDARD FOUR, TET, DAR ES SALAAM","This lesson has pupils study six pictures showing the steps of cooking rice and use the opening sentence 'Today, I will describe how to cook rice' to write a step-by-step composition.","Pupils use the words first, next, then and finally to guide the reader clearly through the process, matching each sequence word to the correct picture and step.","From the book's frame: 'Today I will describe how to cook rice. First, ______ Next, ______ Then, ______ Finally, ______'","This skill helps a pupil explain a real process, such as cooking or a chore, clearly and in the correct order to someone else.","What is the opening sentence for the cooking rice composition?::Today, I will describe how to cook rice.||Name the four sequence words used to guide the composition.::First, next, then and finally.||Why are sequence words important in this kind of composition?::They help the reader follow the steps of the process in the correct order.||What is this composition describing, based on the six pictures?::The steps involved in cooking rice.",
2023-JSS014-DRS IV,Communicate effectively in different contexts,Demonstrate basic skills in creative writing,"Write simple sentences using visual/audiovisual stimuli (e.g., pictures, charts, diagrams)",Completing Naomi's daily routine story using her timetable,2,Reading comprehension and gap filling,Kuwaongoza Wanafunzi,A pupil correctly continues the story about Naomi's daily routine for at least two more days using the information in her timetable.,Naomi's timetable from Activity 11.1(h),"TET(2023), ENGLISH, PUPIL'S BOOK, STANDARD FOUR, TET, DAR ES SALAAM","This lesson has pupils use Naomi's Standard Five class timetable, a visual chart stimulus, to complete a story about her first day and the following days at school.","Pupils read across each day's row in the timetable and turn the listed subjects into sentences continuing the story, such as describing Tuesday's subjects after Monday's Mathematics and Kiswahili.","From the story: 'On Monday, she would start with Mathematics, her favourite subject, followed by Kiswahili.' Using the timetable, Tuesday continues with English, then Historia ya Tanzania na Maadili, then Mathematics, then Chinese.",Reading a timetable or chart like this helps a pupil plan and describe their own school day accurately.,"What subject does Naomi start with on Monday?::Mathematics.||What subject follows Mathematics on Monday, according to the timetable?::Kiswahili.||What is the first subject on Naomi's Tuesday timetable?::English.||What subject does Naomi have first on Friday, according to the timetable?::English.",
2023-JSS014-DRS IV,Communicate effectively in different contexts,Demonstrate basic skills in creative writing,"Write simple guided paragraphs using appropriate and punctuation marks (target: and, but, comma, full stop, question marks)",Using full stops and question marks correctly,4,Direct/explicit instruction,Kuwaongoza Wanafunzi,A pupil correctly punctuates at least five of the six sentences in Activity 11.2(a) with a full stop or question mark.,Sentence cards from Activity 11.2(a)|Chalkboard,"TET(2023), ENGLISH, PUPIL'S BOOK, STANDARD FOUR, TET, DAR ES SALAAM","This lesson introduces the two end-of-sentence punctuation marks, the full stop (.) for statements and the question mark (?) for questions, using the six sentences in Activity 11.2(a).","Pupils read each sentence and decide whether it is asking something, which needs a question mark, such as 'What is your name?', or simply stating a fact, which needs a full stop, such as 'My mother is a teacher.'",From the book: 'What is your name?' 'My mother is a teacher.' 'Do you like playing football?',Using full stops and question marks correctly helps a pupil write clear notes and messages that are easy for others to read.,What punctuation mark ends a statement?::A full stop.||What punctuation mark ends a question?::A question mark.||Punctuate: 'We went to the market yesterday ___'::We went to the market yesterday.||Punctuate: 'Can you help me with my homework ___'::Can you help me with my homework?,
2023-JSS014-DRS IV,Communicate effectively in different contexts,Demonstrate basic skills in creative writing,"Write simple guided paragraphs using appropriate and punctuation marks (target: and, but, comma, full stop, question marks)",Adding commas in lists of items,4,Direct/explicit instruction,Kuwaongoza Wanafunzi,A pupil correctly adds commas in at least four of the five sentences in Activity 11.2(b) that list several items.,Sentence cards from Activity 11.2(b),"TET(2023), ENGLISH, PUPIL'S BOOK, STANDARD FOUR, TET, DAR ES SALAAM","This lesson teaches how to use commas to separate items in a list within a sentence, such as naming several animals or fruits in a row.","A comma is placed after each item in a list except before the last one, which is usually joined with 'and', as in 'I have a pencil, an eraser and a ruler in my bag.'","From the book: 'We saw lions, elephants and zebras at the zoo.' 'My favourite fruits are mangoes, oranges and bananas.'",Correctly placed commas help a pupil write a clear shopping list or list of chores for a parent to read.,"Add commas: 'I have a pencil an eraser and a ruler in my bag.'::I have a pencil, an eraser and a ruler in my bag.||Add commas: 'We saw lions elephants and zebras at the zoo.'::We saw lions, elephants and zebras at the zoo.||Where is a comma NOT needed in a list, according to the rule?::Before the last item when it is joined by 'and'.||Add commas: 'On Monday Tuesday and Wednesday I go to school.'::On Monday, Tuesday and Wednesday I go to school.",
2023-JSS014-DRS IV,Communicate effectively in different contexts,Demonstrate basic skills in creative writing,"Write simple guided paragraphs using appropriate and punctuation marks (target: and, but, comma, full stop, question marks)","Choosing full stops, commas or question marks in mixed sentences",5,Reading comprehension and gap filling,Kuwaongoza Wanafunzi,"A pupil correctly chooses and inserts the appropriate punctuation mark (full stop, comma or question mark) in at least six of the ten sentences in Activity 11.2(c).",Sentence cards from Activity 11.2(c),"TET(2023), ENGLISH, PUPIL'S BOOK, STANDARD FOUR, TET, DAR ES SALAAM","This lesson combines all three punctuation marks learnt so far in a single mixed exercise, requiring pupils to decide which mark fits each of the ten sentences.","Pupils must recognise questions needing a question mark, lists needing commas, and simple statements needing a full stop, sometimes within the same sentence, as in 'Juma likes to play football, swim in the river and climb trees.'",From the book: 'How do you get to school every day ___' 'I saw a lion an elephant and a giraffe at the zoo ___' 'The sun is shining brightly today ___',"This combined skill helps a pupil write a complete, correctly punctuated paragraph such as a diary entry or a letter.","Punctuate: 'The sun is shining brightly today ___'::The sun is shining brightly today.||Punctuate: 'How do you get to school every day ___'::How do you get to school every day?||Punctuate: 'I saw a lion an elephant and a giraffe at the zoo ___'::I saw a lion, an elephant and a giraffe at the zoo.||Punctuate: 'Do you want to go to the market with me ___'::Do you want to go to the market with me?",
2023-JSS014-DRS IV,Communicate effectively in different contexts,Demonstrate basic skills in creative writing,"Write simple guided paragraphs using appropriate and punctuation marks (target: and, but, comma, full stop, question marks)","Punctuating the passage 'Juma, the Curious Boy'",4,Independent writing exercise,Kuwaongoza Wanafunzi,"A pupil correctly inserts full stops, commas or question marks in at least six places in the unpunctuated passage 'Juma, the Curious Boy'.","Unpunctuated text: Juma, the Curious Boy|Exercise books","TET(2023), ENGLISH, PUPIL'S BOOK, STANDARD FOUR, TET, DAR ES SALAAM","This lesson presents the passage about Juma, a curious boy near Mount Kilimanjaro who discovers fish in the river and organises a community fishing day, written without any punctuation marks.","Pupils read the whole passage carefully to identify where each sentence naturally ends and where commas are needed in lists or pauses, then rewrite it with the correct punctuation marks in place.","Pupils correctly punctuate the opening as: 'Once upon a time, a curious boy named Juma lived in a small village near Mount Kilimanjaro. Juma would help his parents in the shamba, attending to the maize and beans every morning.'",This exercise helps a pupil write their own stories or letters with punctuation that makes the meaning clear to the reader.,"Where does the boy named Juma live, according to the passage?::In a small village near Mount Kilimanjaro.||What did Juma notice while walking by the river?::A group of fish swimming close to the surface.||What did the village elders decide to organise after Juma told them about the fish?::A community fishing day.||What punctuation mark should end the sentence about Juma living near Mount Kilimanjaro?::A full stop.",
