subject_version_code,main_competence_name,specific_competence_name,learning_activity_name,sla_name,sla_periods,sla_method,sla_leading,sla_assessment_criteria,sla_teaching_aids,sla_references,sla_notes_intro,sla_notes_details,sla_notes_illustrations,sla_notes_daily_life,sla_exercise,sla_diagram_type
2023-JSS015-Kidato I,Kumudu misingi ya Kiswahili,Kutambua Kiswahili kama kielelezo cha utaifa na utambulisho wa Mtanzania,Kutumia Kiswahili katika mijadala mbalimbali kwa kuzingatia utamaduni wa Mtanzania (mf. matumizi ya tafsida na uteuzi wa maneno kulingana na mila na desturi za Mtanzania),Kiswahili na Utaifa: Mazungumzo yenye Heshima,8,Majadiliano,Kuwaongoza Wanafunzi,Mwanafunzi ataweza kutumia Kiswahili sanifu chenye tafsida katika mijadala mbalimbali kwa kuzingatia utamaduni wa Mtanzania.,Kadi za maneno ya tafsida|Chati ya mila na desturi|Ubao,"TET(2023), MUHTASARI WA KISWAHILI ELIMU YA SEKONDARI KIDATO CHA I-IV, TET, DAR ES SALAAM","Kiswahili ni lugha inayodhihirisha umoja na utaifa wa Mtanzania, hivyo matumizi yake yanapaswa kuzingatia heshima na tafsida kulingana na mila na desturi za jamii husika.","Katika mazungumzo, mzungumzaji sanifu huepuka maneno ya matusi au yenye kudhalilisha na badala yake hutumia tafsida, yaani maneno laini yanayoficha ukali wa jambo bila kupoteza maana. Uteuzi wa maneno hutegemea muktadha, umri na cheo cha wanaohusika katika mazungumzo. Mwalimu awaongoze wanafunzi kutambua tofauti kati ya lugha ya heshima na lugha ya kawaida.","Kwa mfano, badala ya kusema mtu amefariki dunia, jamii nyingi hutumia tafsida kama amelala au ametutoka, ili kupunguza uzito wa maneno kwa wafiwa.",Wanafunzi hutumia tafsida wanapozungumza na wazee au viongozi shuleni na nyumbani ili kuonyesha heshima.,"Tafsida ni nini katika matumizi ya Kiswahili?::Ni matumizi ya maneno laini badala ya maneno makali au ya moja kwa moja ili kuepuka kuudhi au kudhalilisha.||Toa mfano wa tafsida inayotumika badala ya neno kufa.::Amelala, ametutoka, ameaga dunia.||Kwa nini uteuzi wa maneno ni muhimu katika mijadala ya Kitanzania?::Kwa sababu huonyesha heshima, huzingatia mila na desturi, na huepusha migogoro ya kimawasiliano.",
2023-JSS015-Kidato I,Kumudu misingi ya Kiswahili,Kukuza uelewa wa sarufi ya Kiswahili,"Kusimulia habari na matukio kwa kuzingatia kiimbo, mkazo, na lafudhi pamoja na dhima zake",Kusimulia kwa Kiimbo na Mkazo Sahihi,12,Igizo,Kuwaongoza Wanafunzi,"Mwanafunzi ataweza kusimulia habari na matukio kwa kuzingatia kiimbo, mkazo na lafudhi sahihi.",Kinasa sauti|Kadi za hadithi fupi|Ubao,"TET(2023), MUHTASARI WA KISWAHILI ELIMU YA SEKONDARI KIDATO CHA I-IV, TET, DAR ES SALAAM","Kiimbo, mkazo na lafudhi ni vipengele vya matamshi vinavyoongeza uhalisia na hisia katika usimuliaji wa habari na matukio.","Kiimbo ni kupanda na kushuka kwa sauti wakati wa kuzungumza, mkazo ni kusisitiza silabi au neno fulani ili kuonyesha umuhimu wake, na lafudhi ni namna ya kutamka maneno kulingana na eneo au jamii husika. Vipengele hivi hubeba dhima ya kuwasilisha hisia kama furaha, huzuni, mshangao au hasira wakati wa kusimulia. Msimuliaji stadi hubadilisha kiimbo chake kulingana na tukio analolisimulia.","Mfano, katika kusimulia tukio la ajali, sauti ya msimuliaji hupanda kwa haraka kuonyesha mshtuko, tofauti na anaposimulia tukio la sherehe lenye furaha.",Wanafunzi hutumia kiimbo na mkazo wanaposimulia mambo yaliyowatokea shuleni au nyumbani ili wasikilizaji waelewe hisia zao.,"Kiimbo ni nini?::Ni kupanda na kushuka kwa sauti wakati wa kuzungumza au kusimulia.||Mkazo katika usemaji una dhima gani?::Husisitiza umuhimu wa neno au wazo fulani katika mazungumzo.||Eleza tofauti kati ya lafudhi na kiimbo.::Lafudhi ni namna maalum ya kutamka maneno kulingana na eneo la mzungumzaji, wakati kiimbo ni mabadiliko ya sauti wakati wa usemaji.",
2023-JSS015-Kidato I,Kumudu misingi ya Kiswahili,Kukuza uelewa wa sarufi ya Kiswahili,"Kuandika hadithi kwa kuzingatia mpangilio na uhusiano sahihi wa maneno (nomino, vivumishi, vielezi, viwakilishi, vitenzi, vihisishi, vihusishi na viunganishi) katika sentensi",Uandishi wa Hadithi: Mpangilio wa Maneno,12,Kazimradi,Kuwaongoza Wanafunzi,Mwanafunzi ataweza kuandika hadithi kwa kuzingatia mpangilio na uhusiano sahihi wa aina za maneno katika sentensi.,Chati ya aina za maneno|Kadi za sentensi|Vitabu vya hadithi,"TET(2023), MUHTASARI WA KISWAHILI ELIMU YA SEKONDARI KIDATO CHA I-IV, TET, DAR ES SALAAM","Sentensi bora ya hadithi hujengwa kwa mpangilio sahihi wa aina za maneno kama nomino, vivumishi, vielezi, viwakilishi, vitenzi, vihisishi, vihusishi na viunganishi.","Kila aina ya neno ina nafasi na kazi yake katika sentensi. Nomino hutaja majina, vivumishi huelezea nomino, vitenzi huonyesha kitendo, vielezi huelezea jinsi kitendo kinavyofanyika, viunganishi huunganisha maneno au sentensi, na vihisishi huonyesha hisia. Mwandishi wa hadithi lazima azingatie mpangilio huu ili sentensi zake ziwe na maana iliyo wazi na sahihi kisarufi.","Mfano: Yule mvulana mrefu alikimbia haraka sana shuleni. Hapa 'yule' na 'mrefu' ni vivumishi, 'mvulana' ni nomino, 'alikimbia' ni kitenzi, na 'haraka sana' ni kielezi.","Wanafunzi hutumia mpangilio sahihi wa maneno wanapoandika barua, ujumbe wa simu au insha za shuleni ili wasomaji waelewe ujumbe wao vizuri.","Taja aina tatu za maneno zinazotumika kujenga sentensi.::Nomino, kitenzi na kivumishi (au vielezi, viunganishi, vihisishi).||Kivumishi kina kazi gani katika sentensi?::Huelezea zaidi kuhusu nomino, kama sifa, idadi au aina yake.||Andika sentensi moja fupi inayoonyesha mpangilio sahihi wa nomino na kitenzi.::Mfano: Mwalimu alifundisha somo la Kiswahili.",
2023-JSS015-Kidato I,Kumudu misingi ya Kiswahili,Kukuza uelewa wa sarufi ya Kiswahili,Kuandika hadithi kwa kuzingatia mpangilio na uhusiano sahihi wa sentensi katika aya,Kuandika Hadithi kwa Mpangilio wa Aya,12,Kazimradi,Kuwaongoza Wanafunzi,Mwanafunzi ataweza kuandika hadithi kwa kuzingatia mpangilio na uhusiano sahihi wa sentensi katika aya.,Mfano wa hadithi yenye aya|Karatasi na kalamu|Ubao,"TET(2023), MUHTASARI WA KISWAHILI ELIMU YA SEKONDARI KIDATO CHA I-IV, TET, DAR ES SALAAM","Aya ni kifungu cha sentensi zinazohusiana na kuzungumzia wazo kuu moja, na hadithi bora hujengwa kwa mtiririko wa aya zenye mpangilio wa mwanzo, kati na mwisho.","Kila aya katika hadithi hutakiwa kuwa na sentensi kiongozi inayowasilisha wazo kuu na sentensi nyingine zinazoliunga mkono wazo hilo. Mpangilio wa aya huzingatia mtiririko wa matukio kwa mfuatano wa kimantiki ili msomaji aweze kufuatilia hadithi kwa urahisi. Uhusiano wa aya moja hadi nyingine hutegemea vibainishi vya mfuatano kama vile baadaye, kisha, mwishowe.","Kwa mfano, aya ya kwanza ya hadithi inaweza kueleza mahali na wahusika, aya ya pili tukio kuu, na aya ya tatu matokeo au mafunzo ya hadithi.",Wanafunzi huandika hadithi zenye aya zilizopangika vizuri wanapoandika insha za shindano au ripoti za matukio shuleni.,"Aya ni nini?::Ni kifungu cha sentensi zinazohusiana na kuelezea wazo kuu moja.||Taja sehemu tatu kuu za hadithi kwa mujibu wa mpangilio wa aya.::Mwanzo, kati na mwisho.||Kwa nini ni muhimu kupanga aya kwa mfuatano sahihi katika hadithi?::Ili msomaji aelewe matukio kwa urahisi na hadithi iwe na mtiririko wa kimantiki.",
2023-JSS015-Kidato I,Kumudu lugha ya mazungumzo na ya maandishi,Kusikiliza na kuelewa mazungumzo,Kusikiliza mazungumzo changamani na kujibu maswali,Kusikiliza na Kujibu Maswali ya Mazungumzo,8,Maswali na majibu,Kuwaongoza Wanafunzi,Mwanafunzi ataweza kusikiliza mazungumzo changamani na kujibu maswali kwa usahihi.,Kinasa sauti|Kadi za maswali|Redio,"TET(2023), MUHTASARI WA KISWAHILI ELIMU YA SEKONDARI KIDATO CHA I-IV, TET, DAR ES SALAAM",Kusikiliza kwa umakini ni stadi muhimu inayomwezesha msikilizaji kuelewa ujumbe uliomo katika mazungumzo na kujibu maswali kwa usahihi.,"Mazungumzo changamani huwa na hoja nyingi, wahusika zaidi ya mmoja, na wakati mwingine misamiati migumu inayohitaji umakini wa hali ya juu kuifuatilia. Msikilizaji makini huchambua mawazo makuu, hoja tegemezi, pamoja na lengo la mazungumzo kabla ya kujibu maswali yanayohusiana nayo. Ni muhimu kutofautisha kati ya taarifa za msingi na maelezo ya ziada.","Mfano, baada ya kusikiliza mazungumzo ya redio kuhusu mabadiliko ya tabianchi, mwanafunzi aweza kuulizwa sababu tatu za mabadiliko hayo alizozisikia.",Wanafunzi hutumia stadi hii wanaposikiliza matangazo ya shuleni au taarifa za habari na kuweza kujibu maswali kuhusu yaliyosemwa.,"Kusikiliza kwa umakini kuna faida gani kwa msikilizaji?::Humwezesha kuelewa ujumbe kwa usahihi na kujibu maswali kwa ufasaha.||Taja kikwazo kimoja kinachoweza kumzuia mtu kusikiliza vizuri.::Kelele za mazingira, kutokuwa makini, au msamiati mgumu usioeleweka.||Nini maana ya mazungumzo changamani?::Ni mazungumzo yenye hoja nyingi, wahusika wengi na maudhui yaliyochanganyika yanayohitaji umakini wa hali ya juu.",
2023-JSS015-Kidato I,Kumudu lugha ya mazungumzo na ya maandishi,Kusikiliza na kuelewa mazungumzo,Kueleza kwa muhtasari mazungumzo changamani aliyoyasikiliza,Kutoa Muhtasari wa Mazungumzo Aliyoyasikiliza,8,Uchunguzi,Kuwaongoza Wanafunzi,Mwanafunzi ataweza kueleza kwa muhtasari mazungumzo changamani aliyoyasikiliza.,Kinasa sauti|Karatasi za kunakili hoja|Ubao,"TET(2023), MUHTASARI WA KISWAHILI ELIMU YA SEKONDARI KIDATO CHA I-IV, TET, DAR ES SALAAM",Muhtasari ni ufupisho wa mazungumzo unaobeba hoja kuu bila kupoteza maana asili ya ujumbe uliozungumzwa.,Kutoa muhtasari kunahitaji msikilizaji kutambua wazo kuu na kuliacha wazo dogo lisilo na umuhimu mkubwa. Mtoa muhtasari hutumia maneno yake mwenyewe badala ya kunakili moja kwa moja maneno ya mzungumzaji. Ustadi huu huimarisha uwezo wa kuchambua taarifa na kuziwasilisha kwa ufupi na uwazi.,"Kwa mfano, baada ya kusikiliza mjadala wa dakika kumi kuhusu faida za elimu, mwanafunzi aweza kuueleza kwa sentensi tatu tu bila kupoteza maana kuu.",Wanafunzi hutoa muhtasari wa mikutano ya shule au maagizo ya walimu ili kuwaeleza wenzao waliokosa.,"Muhtasari ni nini?::Ni ufupisho wa habari au mazungumzo unaobeba hoja kuu pekee.||Kwa nini mtoa muhtasari haruhusiwi kunakili maneno yote ya mzungumzaji?::Kwa sababu muhtasari unalenga ufupi na hoja kuu tu, si maelezo yote ya asili.||Taja kigezo kimoja cha muhtasari mzuri.::Uwazi, ufupi, na kubeba hoja kuu pekee bila kupotosha maana.",
2023-JSS015-Kidato I,Kumudu lugha ya mazungumzo na ya maandishi,Kusikiliza na kuelewa mazungumzo,"Kushiriki katika majadiliano ya masuala mbalimbali kwa kuzingatia sifa za lugha ya mazungumzo (mf. lugha ya mkato, kupeana nafasi)",Kushiriki Majadiliano kwa Lugha ya Mkato,8,Mdahalo,Kuwaongoza Wanafunzi,Mwanafunzi ataweza kushiriki katika majadiliano ya masuala mbalimbali kwa kuzingatia sifa za lugha ya mazungumzo.,Mada za mjadala|Kengele ya muda|Ubao,"TET(2023), MUHTASARI WA KISWAHILI ELIMU YA SEKONDARI KIDATO CHA I-IV, TET, DAR ES SALAAM","Lugha ya mazungumzo ina sifa zake bainifu kama vile lugha ya mkato, kupeana nafasi ya kuongea, na matumizi ya ishara za mwili.","Wakati wa majadiliano, wazungumzaji hutumia sentensi fupi fupi (lugha ya mkato) badala ya sentensi ndefu za kimaandishi. Aidha, mzungumzaji mzuri hupeana nafasi wenzake wachangie badala ya kutamalaki mazungumzo peke yake. Sifa nyingine ni matumizi ya viashiria vya kuunga mkono kama vile ndiyo, sawa, wakati mwenzako anazungumza.","Mfano, katika mjadala wa darasani kuhusu ulinzi wa mazingira, mshiriki mmoja aweza kusema kwa ufupi Naunga mkono kabla ya kutoa hoja yake mwenyewe.",Wanafunzi hushiriki mijadala darasani na katika vikundi vya kijamii wakizingatia adabu ya kupeana zamu ya kuzungumza.,Taja sifa mbili za lugha ya mazungumzo.::Lugha ya mkato na kupeana nafasi ya kuzungumza.||Kwa nini kupeana nafasi ni muhimu katika mjadala?::Huwezesha washiriki wote kuchangia mawazo yao na huepusha mvurugiko.||Nini maana ya lugha ya mkato?::Ni matumizi ya sentensi fupi na maneno machache yenye maana kamili wakati wa mazungumzo.,
2023-JSS015-Kidato I,Kumudu lugha ya mazungumzo na ya maandishi,Kusoma matini kwa ufasaha na ufahamu,"Kusoma matini fupi changamani kwa kuzingatia alama za uandishi, kasi sahihi na kiimbo cha tungo",Kusoma kwa Kuzingatia Alama za Uandishi na Kiimbo,8,Uchunguzi,Kuwaongoza Wanafunzi,"Mwanafunzi ataweza kusoma matini fupi changamani kwa kuzingatia alama za uandishi, kasi sahihi na kiimbo cha tungo.",Matini fupi|Chati ya alama za uandishi|Ubao,"TET(2023), MUHTASARI WA KISWAHILI ELIMU YA SEKONDARI KIDATO CHA I-IV, TET, DAR ES SALAAM","Usomaji sanifu wa matini hutegemea uzingatiaji wa alama za uandishi kama nukta, mkato na alama ya kuuliza, pamoja na kasi na kiimbo sahihi.","Alama za uandishi huongoza msomaji ajue mahali pa kusimama, kupumzika au kupandisha sauti. Kasi ya kusoma isiwe ya haraka mno wala ya polepole mno, bali ilingane na maudhui ya matini. Kiimbo cha tungo hubadilika kulingana na aina ya sentensi, iwe ya kuuliza, kutoa amri au kutangaza jambo.","Mfano, sentensi yenye alama ya kuuliza kama Umefika lini? husomwa kwa kupandisha sauti mwishoni, tofauti na sentensi ya kawaida.","Wanafunzi husoma matangazo, barua na vitabu kwa kuzingatia alama za uandishi ili wasikilizaji wawaelewe vizuri.","Alama za uandishi zina kazi gani wakati wa kusoma?::Huonyesha mahali pa kusimama, kupumzika au kubadilisha kiimbo cha sauti.||Sentensi ya kuuliza husomwaje kwa kiimbo?::Sauti hupandishwa mwishoni mwa sentensi.||Kwa nini kasi ya kusoma ni muhimu?::Kasi sahihi huwezesha wasikilizaji kuelewa ujumbe bila kuchoka au kuchanganyikiwa.",
2023-JSS015-Kidato I,Kumudu lugha ya mazungumzo na ya maandishi,Kusoma matini kwa ufasaha na ufahamu,Kueleza namna alama za uandishi na kiimbo vinavyoathiri ujumbe katika usomaji wa matini fupi changamani,Athari za Alama za Uandishi na Kiimbo katika Ujumbe,8,Majadiliano,Kuwaongoza Wanafunzi,Mwanafunzi ataweza kueleza namna alama za uandishi na kiimbo vinavyoathiri ujumbe katika usomaji wa matini fupi changamani.,Matini yenye mifano ya alama tofauti|Ubao|Kadi za sentensi,"TET(2023), MUHTASARI WA KISWAHILI ELIMU YA SEKONDARI KIDATO CHA I-IV, TET, DAR ES SALAAM",Alama za uandishi na kiimbo huweza kubadilisha kabisa maana ya sentensi hata kama maneno yaliyotumika ni yaleyale.,"Sentensi moja iliyoandikwa kwa kutumia alama tofauti au kusomwa kwa kiimbo tofauti hubeba maana tofauti kwa msikilizaji. Kwa mfano, alama ya mshangao huonyesha hisia kali tofauti na nukta ya kawaida. Uzingatiaji sahihi wa vipengele hivi huepusha upotoshaji wa ujumbe uliokusudiwa na mwandishi au mzungumzaji.",Mfano: Njoo hapa. (amri ya kawaida) ikilinganishwa na Njoo hapa! (amri kali yenye hisia) huonyesha jinsi alama inavyobadili uzito wa ujumbe.,Wanafunzi hutumia uelewa huu wanapoandika ujumbe wa simu ili wapokeaji waelewe hisia zilizokusudiwa.,"Alama ya mshangao hutumika lini?::Hutumika kuonyesha hisia kali kama mshangao, hasira au furaha kubwa.||Eleza jinsi kiimbo kinavyoweza kubadilisha maana ya sentensi.::Kiimbo kinaweza kufanya sentensi ya kawaida ionekane ni swali, amri au taarifa ya kawaida kutegemea jinsi inavyotamkwa.||Toa sababu moja kwa nini uandishi sahihi wa alama ni muhimu.::Huepusha upotoshaji wa maana na kumsaidia msomaji kuelewa ujumbe uliokusudiwa.",
2023-JSS015-Kidato I,Kumudu lugha ya mazungumzo na ya maandishi,Kusoma matini kwa ufasaha na ufahamu,"Kuandika hoja kuu kutoka katika matini fupi changamani alizozisoma kwa kuzingatia sifa za lugha ya maandishi (mf. alama za uandishi, miunganiko sahihi ya tungo, usanifu)",Kuandika Hoja Kuu kutoka Matini Fupi,8,Uchunguzi,Kuwaongoza Wanafunzi,Mwanafunzi ataweza kuandika hoja kuu kutoka katika matini fupi changamani alizozisoma kwa kuzingatia sifa za lugha ya maandishi.,Matini fupi zilizochapishwa|Karatasi za kunakilia hoja|Kalamu,"TET(2023), MUHTASARI WA KISWAHILI ELIMU YA SEKONDARI KIDATO CHA I-IV, TET, DAR ES SALAAM","Hoja kuu ni mawazo makubwa yanayobeba ujumbe wa msingi wa matini, na kuyatambua huhitaji usomaji makini na uchambuzi wa kina.","Msomaji stadi hutofautisha kati ya hoja kuu na maelezo ya ziada yanayotolewa kuunga mkono hoja hizo. Uandishi wa hoja kuu huzingatia sifa za lugha ya maandishi kama vile matumizi sahihi ya alama za uandishi, miunganiko ya tungo na usanifu wa lugha. Mchakato huu humsaidia msomaji kuweka kumbukumbu fupi na sahihi za matini aliyoisoma.","Mfano, katika habari kuhusu mafuriko, hoja kuu yaweza kuwa mvua kubwa imesababisha mafuriko makubwa mkoani, huku maelezo mengine yakiwa ni takwimu za waathirika.",Wanafunzi huandika hoja kuu za magazeti au vipeperushi ili kuwasilisha taarifa muhimu kwa wenzao kwa ufupi.,Hoja kuu ni nini?::Ni wazo au mawazo makubwa yanayobeba ujumbe wa msingi wa matini.||Taja sifa moja ya lugha ya maandishi inayopaswa kuzingatiwa wakati wa kuandika hoja kuu.::Matumizi sahihi ya alama za uandishi au usanifu wa lugha.||Kwa nini ni muhimu kutofautisha hoja kuu na maelezo ya ziada?::Ili kupata ujumbe wa msingi wa matini bila kuchanganya na taarifa zisizo na uzito mkubwa.,
2023-JSS015-Kidato I,Kumudu lugha ya mazungumzo na ya maandishi,Kusoma matini kwa ufasaha na ufahamu,Kutumia TEHAMA kutafuta maana ya maneno mapya kutoka katika matini aliyoisoma,Kutumia TEHAMA Kutafuta Maana za Maneno Mapya,8,Utafiti mdogo,Kuwaongoza Wanafunzi,Mwanafunzi ataweza kutumia TEHAMA kutafuta maana ya maneno mapya kutoka katika matini aliyoisoma.,Kompyuta au simu janja|Intaneti|Kamusi ya kidijitali,"TET(2023), MUHTASARI WA KISWAHILI ELIMU YA SEKONDARI KIDATO CHA I-IV, TET, DAR ES SALAAM",Teknolojia ya Habari na Mawasiliano (TEHAMA) hutoa njia za haraka na rahisi za kutafuta maana ya maneno mapya yanayojitokeza katika usomaji.,"Wanafunzi wanaweza kutumia kamusi za kidijitali, mitandao ya intaneti au programu za simu kutafuta maana, matamshi na matumizi ya maneno mapya. Ustadi huu huwaandaa kukabiliana na msamiati mgumu kwa haraka bila kutegemea kamusi za karatasi pekee. Ni muhimu kuthibitisha usahihi wa vyanzo vinavyotumika ili kupata maana sahihi.","Mfano, mwanafunzi anapokutana na neno tunduizi katika matini, aweza kulitafuta kwenye kamusi ya kidijitali na kupata maana yake ya kuchunguza kwa makini.",Wanafunzi hutumia simu janja kutafuta maana za maneno wanapokutana na msamiati mgumu katika magazeti au vitabu vya nje ya darasa.,"TEHAMA inaweza kutumika vipi katika kujifunza msamiati mpya?::Kwa kutafuta maana za maneno kupitia kamusi za kidijitali au mitandao ya intaneti.||Taja chombo kimoja cha TEHAMA kinachoweza kutumika kutafuta maana ya neno.::Simu janja, kompyuta au kamusi mtandaoni.||Kwa nini ni muhimu kuthibitisha usahihi wa chanzo cha TEHAMA?::Ili kuepuka kupata maana zisizo sahihi au za kupotosha.",
2023-JSS015-Kidato I,Kuwasiliana katika miktadha mbalimbali,Kutumia kamusi katika miktadha mbalimbali,Kutumia msamiati kwa usahihi katika mazungumzo na maandishi,Matumizi Sahihi ya Msamiati katika Mazungumzo na Maandishi,8,Bunguabongo,Kuwaongoza Wanafunzi,Mwanafunzi ataweza kutumia msamiati kwa usahihi katika mazungumzo na maandishi.,Kamusi ya Kiswahili|Kadi za msamiati|Ubao,"TET(2023), MUHTASARI WA KISWAHILI ELIMU YA SEKONDARI KIDATO CHA I-IV, TET, DAR ES SALAAM","Msamiati ni jumla ya maneno yanayotumiwa na jamii ya lugha fulani, na matumizi yake sahihi huongeza ufasaha wa mzungumzaji na mwandishi.","Kutumia msamiati kwa usahihi kunahusisha kuelewa maana halisi na ya kimatumizi ya neno pamoja na muktadha unaofaa. Maneno mengi ya Kiswahili yana visawe (maneno yenye maana karibu), hivyo mzungumzaji au mwandishi anapaswa kuchagua neno linalofaa zaidi kulingana na hali husika. Matumizi mabaya ya msamiati yaweza kubadilisha au kuharibu ujumbe uliokusudiwa.","Mfano, maneno kama nyumba, boma na kasri yote huelezea makazi lakini hutumika katika miktadha tofauti kulingana na ukubwa na hadhi ya jengo.",Wanafunzi hutumia msamiati sahihi wanapoandika insha au wanapozungumza na wageni ili kuwasilisha ujumbe wao kwa ufasaha.,"Msamiati ni nini?::Ni jumla ya maneno yanayotumiwa na wazungumzaji wa lugha fulani.||Toa mfano wa maneno mawili yenye maana karibu (visawe).::Nyumba na boma, au furaha na shangwe.||Kwa nini uteuzi sahihi wa msamiati ni muhimu katika mawasiliano?::Huwasilisha ujumbe kwa usahihi na huepusha utata katika mawasiliano.",
2023-JSS015-Kidato I,Kuwasiliana katika miktadha mbalimbali,Kutumia kamusi katika miktadha mbalimbali,Kutumia taarifa mbalimbali za kamusi katika mawasiliano ya mazungumzo na maandishi,Kutumia Taarifa za Kamusi katika Mawasiliano,8,Utafiti mdogo,Kuwaongoza Wanafunzi,Mwanafunzi ataweza kutumia taarifa mbalimbali za kamusi katika mawasiliano ya mazungumzo na maandishi.,Kamusi za Kiswahili|Karatasi za mazoezi|Ubao,"TET(2023), MUHTASARI WA KISWAHILI ELIMU YA SEKONDARI KIDATO CHA I-IV, TET, DAR ES SALAAM","Kamusi si tu chombo cha kutafuta maana ya maneno bali pia hutoa taarifa kuhusu matamshi, aina ya neno, matumizi na hata asili yake.","Kamusi bora huonyesha aina ya neno (nomino, kitenzi, kivumishi), namna ya kuandikwa, na wakati mwingine sentensi mfano za matumizi. Mwanafunzi anayejua kusoma kamusi vizuri huweza kutumia taarifa hizi kuboresha usahihi wa lugha yake katika mazungumzo na maandishi. Ni muhimu kufahamu vifupisho vinavyotumika ndani ya kamusi kama vile nm. kwa nomino na kt. kwa kitenzi.","Mfano, kamusi inapoonyesha neno kimbia kt. (kitenzi) maana yake ni kwenda kasi kwa miguu, mwanafunzi anajua ni kitenzi na anaweza kukitumia ipasavyo katika sentensi.",Wanafunzi hutumia kamusi wanapoandika insha au ripoti ili kuhakikisha tahajia na matumizi sahihi ya maneno.,Taja taarifa mbili zinazopatikana katika kamusi mbali na maana ya neno.::Aina ya neno na matamshi (au sentensi mfano).||Kifupisho nm. katika kamusi kinamaanisha nini?::Nomino.||Kwa nini ni muhimu kujua kutumia kamusi vizuri?::Husaidia kupata maana sahihi na taarifa za kisarufi za neno kwa ajili ya mawasiliano bora.,
2023-JSS015-Kidato I,Kuwasiliana katika miktadha mbalimbali,Kuwasiliana kwa ufasaha kwa njia ya mazungumzo,"Kuzungumza kwa ufasaha katika miktadha mbalimbali (mf. nyumbani, shuleni na hospitalini)",Kuzungumza kwa Ufasaha katika Miktadha Mbalimbali,8,Igizo,Kuwaongoza Wanafunzi,"Mwanafunzi ataweza kuzungumza kwa ufasaha katika miktadha mbalimbali kama nyumbani, shuleni na hospitalini.",Kadi za miktadha|Vifaa vya kuigiza|Ubao,"TET(2023), MUHTASARI WA KISWAHILI ELIMU YA SEKONDARI KIDATO CHA I-IV, TET, DAR ES SALAAM","Ufasaha wa lugha hubadilika kulingana na mahali au hali (muktadha) anapozungumza mtu, kwani kila mazingira yana kanuni zake za mawasiliano.","Mzungumzaji stadi hutambua tofauti ya lugha inayotumika nyumbani, ambayo mara nyingi ni ya kawaida na ya karibu, na lugha inayotumika hospitalini au shuleni, ambayo huwa rasmi zaidi. Uwezo wa kubadilisha mtindo wa lugha kulingana na muktadha huitwa umilisi wa kimawasiliano. Hii huzingatia pia hadhira, lengo la mazungumzo na uhusiano baina ya wazungumzaji.","Mfano, mwanafunzi anapozungumza na mzazi wake nyumbani hutumia lugha ya karibu, lakini anapozungumza na daktari hospitalini hutumia lugha rasmi na yenye heshima zaidi.",Wanafunzi hubadilisha mtindo wa mazungumzo wanapohama kutoka nyumbani kwenda shuleni au kliniki ili kuendana na muktadha husika.,"Muktadha katika mazungumzo ni nini?::Ni mazingira au hali inayoathiri jinsi lugha inavyotumika.||Toa mfano wa lugha inayofaa kutumika hospitalini.::Lugha rasmi na yenye heshima, mfano: Daktari, ninaomba msaada wako.||Kwa nini ni muhimu kubadilisha mtindo wa lugha kulingana na muktadha?::Ili kuendana na matarajio ya hadhira na kufanikisha mawasiliano bora.",
2023-JSS015-Kidato I,Kuwasiliana katika miktadha mbalimbali,Kuwasiliana kwa ufasaha kwa njia ya mazungumzo,Kutumia lugha kwa ufasaha katika malumbano ya hoja,Ufasaha wa Lugha katika Malumbano ya Hoja,8,Mdahalo,Kuwaongoza Wanafunzi,Mwanafunzi ataweza kutumia lugha kwa ufasaha katika malumbano ya hoja.,Mada za mdahalo|Kengele ya muda|Ubao,"TET(2023), MUHTASARI WA KISWAHILI ELIMU YA SEKONDARI KIDATO CHA I-IV, TET, DAR ES SALAAM",Malumbano ya hoja ni mashindano ya kimawasiliano ambapo pande mbili hutetea msimamo wao kwa hoja madhubuti na lugha fasaha.,"Katika malumbano, kila upande hutakiwa kutoa hoja zenye ushahidi na kuzitetea kwa lugha ya heshima bila kumdhalilisha mpinzani. Ufasaha hujumuisha matumizi sahihi ya msamiati, muundo mzuri wa sentensi na kujiamini wakati wa kuzungumza. Msemaji hodari hujibu hoja za mpinzani kwa kufuata mantiki na si kwa hisia.","Mfano, katika mdahalo kuhusu Elimu ya bure ina manufaa zaidi kuliko madhara, kila kikundi hutoa hoja tatu zenye mifano halisi kuunga mkono msimamo wake.",Wanafunzi hushiriki mashindano ya mdahalo shuleni wakitumia ufasaha wa lugha kutetea hoja zao mbele ya hadhira.,"Malumbano ya hoja ni nini?::Ni mashindano ya kimawasiliano ambapo pande mbili hutetea misimamo tofauti kwa hoja na ushahidi.||Taja sifa moja ya msemaji fasaha katika mdahalo.::Kujiamini, matumizi sahihi ya lugha, na kutoa hoja zenye mantiki.||Kwa nini ni muhimu kuepuka kumdhalilisha mpinzani katika mdahalo?::Ili kudumisha heshima na kuzingatia maadili ya majadiliano yenye staha.",
2023-JSS015-Kidato I,Kuwasiliana katika miktadha mbalimbali,Kuwasiliana kwa njia ya maandishi katika miktadha mbalimbali,Kujieleza kwa ufasaha kwa maandishi katika miktadha mbalimbali,Kujieleza kwa Maandishi katika Miktadha Mbalimbali,8,Kazimradi,Kuwaongoza Wanafunzi,Mwanafunzi ataweza kujieleza kwa ufasaha kwa maandishi katika miktadha mbalimbali.,Mifano ya barua na ujumbe|Karatasi na kalamu|Ubao,"TET(2023), MUHTASARI WA KISWAHILI ELIMU YA SEKONDARI KIDATO CHA I-IV, TET, DAR ES SALAAM","Kujieleza kwa maandishi ni uwezo wa kuwasilisha mawazo, hisia au taarifa kwa njia ya maandishi kulingana na muktadha unaokusudiwa.","Aina za maandishi hutofautiana kulingana na madhumuni, kama vile barua rasmi, ujumbe wa kawaida, au taarifa fupi. Mwandishi stadi huzingatia mtindo, msamiati na muundo unaofaa kwa muktadha husika, iwe ni maandishi rasmi kwa mwalimu au maandishi ya kawaida kwa rafiki. Uwazi, ufupi na usahihi wa kisarufi ni vigezo muhimu vya maandishi bora.","Mfano, barua kwa mkuu wa shule kuomba ruhusa huandikwa kwa mtindo rasmi, tofauti na ujumbe mfupi kwa rafiki unaoweza kutumia lugha ya kawaida zaidi.","Wanafunzi huandika barua za maombi, ujumbe wa simu na taarifa mbalimbali kulingana na mahitaji ya kila siku nyumbani na shuleni.","Taja aina mbili za maandishi zinazotofautiana kimtindo.::Barua rasmi na ujumbe wa kawaida.||Ni vigezo gani muhimu vya maandishi bora?::Uwazi, ufupi na usahihi wa kisarufi.||Kwa nini muktadha ni muhimu wakati wa kuandika?::Huamua mtindo, lugha na muundo unaofaa kutumika katika maandishi.",
2023-JSS015-Kidato II,Kumudu misingi ya Kiswahili,Kukuza uelewa wa sarufi ya Kiswahili,Kuandika habari kwa kuzingatia upatanisho wa kisarufi (kwa kuzingatia ngeli za nomino na viambishi vya upatanisho),Upatanisho wa Kisarufi: Ngeli za Nomino,14,Majadiliano,Kuwaongoza Wanafunzi,Mwanafunzi ataweza kuandika habari kwa kuzingatia upatanisho wa kisarufi wa ngeli za nomino na viambishi vya upatanisho.,Chati ya ngeli za nomino|Kadi za mazoezi|Ubao,"TET(2023), MUHTASARI WA KISWAHILI ELIMU YA SEKONDARI KIDATO CHA I-IV, TET, DAR ES SALAAM",Upatanisho wa kisarufi ni kanuni inayotawala uhusiano kati ya nomino na maneno mengine yanayoiambatana kama vivumishi na vitenzi kulingana na ngeli yake.,"Nomino za Kiswahili zimegawanywa katika ngeli mbalimbali kama A-WA, I-ZI, U-ZI na LI-YA, na kila ngeli ina viambishi vyake vya upatanisho vinavyoathiri vitenzi na vivumishi vinavyoiambatana. Mwandishi anayezingatia upatanisho sahihi huhakikisha kuwa kiambishi cha kitenzi kinaendana na ngeli ya nomino inayotenda kitendo. Makosa ya upatanisho huvuruga usahihi wa lugha na kubadilisha maana.","Mfano: Mtoto anacheza (ngeli A-WA, kiambishi a-) ikilinganishwa na Kitabu kinasomwa (ngeli KI-VI, kiambishi ki-) huonyesha jinsi kiambishi kinavyobadilika kulingana na ngeli ya nomino.",Wanafunzi huandika habari na insha shuleni wakizingatia upatanisho sahihi wa ngeli ili lugha yao iwe sanifu na sahihi.,"Upatanisho wa kisarufi ni nini?::Ni kanuni inayotawala uhusiano wa kiambishi kati ya nomino na maneno mengine yanayoiambatana kulingana na ngeli yake.||Taja ngeli mbili za nomino katika Kiswahili.::A-WA na I-ZI (au KI-VI, U-ZI, LI-YA).||Andika sentensi sahihi ya upatanisho kwa nomino Watoto (wengi).::Watoto wanacheza uwanjani.",
2023-JSS015-Kidato II,Kumudu misingi ya Kiswahili,Kukuza uelewa wa sarufi ya Kiswahili,Kuzungumza kwa kutumia miundo changamani ya sentensi katika miktadha mbalimbali (sentensi ambatani na changamani),Sentensi Ambatani na Changamani katika Mazungumzo,13,Majadiliano,Kuwaongoza Wanafunzi,Mwanafunzi ataweza kuzungumza kwa kutumia miundo changamani ya sentensi ambatani na changamani katika miktadha mbalimbali.,Chati ya aina za sentensi|Kadi za viunganishi|Ubao,"TET(2023), MUHTASARI WA KISWAHILI ELIMU YA SEKONDARI KIDATO CHA I-IV, TET, DAR ES SALAAM","Sentensi ambatani huundwa kwa kuunganisha sentensi sahili mbili au zaidi zenye uzito sawa, wakati sentensi changamani huwa na sentensi kuu na sentensi tegemezi.","Viunganishi kama na, lakini, au hutumika kuunda sentensi ambatani, wakati viunganishi kama kwa sababu, ingawa, ambaye hutumika kuunda sentensi changamani zenye kishazi tegemezi. Uwezo wa kuzungumza kwa kutumia miundo hii huongeza ufasaha na kina cha mawazo yanayowasilishwa. Mzungumzaji stadi hutumia miundo hii kuunganisha mawazo kwa ufanisi bila kuchanganya wasikilizaji.",Mfano wa sentensi ambatani: Mvua ilinyesha na wanafunzi walikimbilia madarasani. Mfano wa sentensi changamani: Mwanafunzi aliyefanya bidii alifaulu mtihani wake.,Wanafunzi hutumia sentensi ambatani na changamani wanapoeleza sababu na matokeo ya matukio wanayoyaona nyumbani au shuleni.,"Sentensi ambatani ni nini?::Ni sentensi inayoundwa kwa kuunganisha sentensi sahili mbili au zaidi zenye uzito sawa kwa kutumia kiunganishi.||Taja kiunganishi kimoja kinachotumika kuunda sentensi changamani.::Kwa sababu, ingawa, au ambaye.||Andika sentensi changamani moja kwa kutumia kiunganishi kwa sababu.::Mfano: Alishinda tuzo kwa sababu alifanya bidii darasani.",
2023-JSS015-Kidato II,Kumudu misingi ya Kiswahili,Kukuza uelewa wa sarufi ya Kiswahili,Kuandika matini fupi kwa kutumia miundo changamani ya sentensi,Kuandika Matini kwa Miundo Changamani ya Sentensi,13,Kazimradi,Kuwaongoza Wanafunzi,Mwanafunzi ataweza kuandika matini fupi kwa kutumia miundo changamani ya sentensi.,Mifano ya matini|Karatasi na kalamu|Ubao,"TET(2023), MUHTASARI WA KISWAHILI ELIMU YA SEKONDARI KIDATO CHA I-IV, TET, DAR ES SALAAM",Uandishi wa matini fupi wenye ubora hutegemea matumizi ya miundo mbalimbali ya sentensi ili kuepuka mtiririko wa kimonotoni.,"Mwandishi stadi huchanganya sentensi sahili, ambatani na changamani ili kuipa matini mtiririko wa asili na kuvutia. Matumizi ya sentensi changamani huruhusu mwandishi kuunganisha mawazo mengi katika sentensi moja bila kuchosha msomaji. Ni muhimu kuepuka sentensi ndefu kupita kiasi zinazoweza kuchanganya maana.","Mfano wa matini: Ingawa mvua ilinyesha kwa nguvu, wanafunzi waliendelea na mazoezi ya viwanja kwa sababu walikuwa wamejiandaa vizuri.",Wanafunzi huandika taarifa fupi za matukio ya shuleni kwa kuchanganya miundo ya sentensi ili kuvutia wasomaji wao.,"Kwa nini ni muhimu kuchanganya miundo ya sentensi katika matini?::Huipa matini mtiririko unaovutia na kuepusha ukakasi wa kimonotoni.||Taja aina tatu za sentensi zinazoweza kutumika katika matini.::Sentensi sahili, ambatani na changamani.||Andika sentensi changamani inayoeleza sababu ya jambo fulani shuleni.::Mfano: Shule ilifungwa mapema kwa sababu kulikuwa na dharura ya kiafya.",
2023-JSS015-Kidato II,Kumudu lugha ya mazungumzo na ya maandishi,Kusikiliza na kuelewa mazungumzo,"Kusikiliza habari changamani kwa umakini, udadisi na kuuliza maswali",Kusikiliza Habari Changamani kwa Umakini na Udadisi,12,Maswali na majibu,Kuwaongoza Wanafunzi,"Mwanafunzi ataweza kusikiliza habari changamani kwa umakini, udadisi na kuuliza maswali yanayohusiana nazo.",Kinasa sauti|Redio|Kadi za maswali,"TET(2023), MUHTASARI WA KISWAHILI ELIMU YA SEKONDARI KIDATO CHA I-IV, TET, DAR ES SALAAM",Udadisi ni hulka muhimu ya msikilizaji makini inayomfanya auliza maswali ya kuchunguza zaidi kile alichokisikia.,"Msikilizaji mdadisi hachukulii kila taarifa kama ya kweli bila kuihoji, bali huuliza maswali ya nani, lini, wapi, kwa nini na jinsi gani ili kupata uelewa wa kina wa habari. Umakini huhusisha kutosumbuliwa na vikwazo vya nje wakati wa kusikiliza, na kuweka kumbukumbu ya hoja muhimu. Stadi hii huimarisha uwezo wa uchambuzi na tathmini ya taarifa.","Mfano, baada ya kusikiliza habari kuhusu ongezeko la bei za bidhaa, mwanafunzi mdadisi aweza kuuliza Kwa nini bei zimepanda hivi karibuni?",Wanafunzi husikiliza taarifa za habari na kuuliza maswali ya ufafanuzi kwa walimu au wazazi ili kupata uelewa zaidi.,Udadisi ni nini katika muktadha wa usikilizaji?::Ni hulka ya kuuliza maswali ya kuchunguza zaidi habari iliyosikilizwa.||Taja swali moja la kiudadisi linaloweza kuulizwa baada ya kusikiliza habari.::Kwa nini jambo hili limetokea? au Lilitokea lini?||Kwa nini umakini ni muhimu wakati wa kusikiliza habari changamani?::Huwezesha msikilizaji kuelewa taarifa kwa usahihi na kuepuka kupotosha ujumbe.,
2023-JSS015-Kidato II,Kumudu lugha ya mazungumzo na ya maandishi,Kusikiliza na kuelewa mazungumzo,Kusikiliza mijadala/habari changamani na kuwasilisha mawazo makuu aliyoyapata kwa kuzingatia uwazi na uwekevu,Kuwasilisha Mawazo Makuu kwa Uwazi na Uwekevu,12,Uchunguzi,Kuwaongoza Wanafunzi,Mwanafunzi ataweza kusikiliza mijadala au habari changamani na kuwasilisha mawazo makuu aliyoyapata kwa kuzingatia uwazi na uwekevu.,Kinasa sauti|Karatasi za kunakili|Ubao,"TET(2023), MUHTASARI WA KISWAHILI ELIMU YA SEKONDARI KIDATO CHA I-IV, TET, DAR ES SALAAM",Uwasilishaji wa mawazo makuu unahitaji msikilizaji kuchambua taarifa kwa uwazi na uwekevu ili yasieleweke kwa utata.,"Uwazi humaanisha kuwasilisha mawazo kwa lugha rahisi na iliyo bayana, wakati uwekevu ni umakini na uangalifu wa kuepuka makosa au upotoshaji wa taarifa. Msikilizaji anayewasilisha mawazo makuu vizuri hupanga hoja kwa mfuatano wa kimantiki na huepuka maelezo yasiyo na umuhimu. Stadi hii ni muhimu katika taaluma mbalimbali zinazohitaji usahihi wa taarifa.","Mfano, baada ya kusikiliza mjadala wa mazingira, mwanafunzi aweza kuwasilisha kwa uwazi kwamba wazungumzaji wote walikubaliana juu ya umuhimu wa kupanda miti.",Wanafunzi huwasilisha kwa wenzao mawazo makuu ya mikutano ya shule kwa uwazi ili wote waelewe maamuzi yaliyofikiwa.,Uwazi katika uwasilishaji wa mawazo unamaanisha nini?::Ni kuwasilisha mawazo kwa lugha rahisi na iliyo bayana isiyo na utata.||Uwekevu una maana gani katika usikilizaji na uwasilishaji?::Ni umakini na uangalifu wa kuepuka makosa au upotoshaji wa taarifa.||Kwa nini ni muhimu kupanga hoja kwa mfuatano wa kimantiki?::Ili wasikilizaji waweze kufuatilia na kuelewa mawazo kwa urahisi.,
2023-JSS015-Kidato II,Kumudu lugha ya mazungumzo na ya maandishi,Kusoma matini kwa ufasaha na ufahamu,Kusoma matini ndefu changamani kwa kina na utunduizi,Kusoma Matini Ndefu kwa Kina na Utunduizi,12,Uchunguzi,Kuwaongoza Wanafunzi,Mwanafunzi ataweza kusoma matini ndefu changamani kwa kina na utunduizi.,Vitabu vya hadithi|Matini ndefu|Ubao,"TET(2023), MUHTASARI WA KISWAHILI ELIMU YA SEKONDARI KIDATO CHA I-IV, TET, DAR ES SALAAM",Usomaji wa kina na utunduizi ni ustadi wa kusoma kwa uangalifu mkubwa ili kubaini maana za wazi na za dhahiri zilizofichika ndani ya matini.,"Msomaji mtunduizi hachukulii maandishi kijuujuu bali huchambua kila sehemu ya matini akitafuta uhusiano wa mawazo, dhamira ya mwandishi na ujumbe uliojificha. Usomaji wa kina huhusisha kusimama katika sehemu ngumu, kurudia usomaji na kuuliza maswali binafsi kuhusu kile kinachosomwa. Stadi hii ni muhimu hasa katika kusoma matini za kifasihi na kihoja.","Mfano, katika kusoma hadithi ndefu kuhusu ukame, msomaji mtunduizi aweza kubaini kwamba mwandishi analenga kuonya jamii kuhusu uharibifu wa mazingira, sio tu kusimulia tukio.",Wanafunzi husoma vitabu vya ziada na magazeti kwa kina ili kupata uelewa mpana wa masuala ya kijamii.,"Utunduizi katika usomaji unamaanisha nini?::Ni usomaji wa kina unaobainisha maana zilizo wazi na zilizofichika katika matini.||Kwa nini msomaji anapaswa kusimama katika sehemu ngumu za matini?::Ili aelewe vizuri kabla ya kuendelea na sehemu nyingine, na kuepuka kukosa maana muhimu.||Taja stadi moja inayosaidia usomaji wa kina.::Kuuliza maswali binafsi kuhusu kinachosomwa au kurudia usomaji wa sehemu ngumu.",
2023-JSS015-Kidato II,Kumudu lugha ya mazungumzo na ya maandishi,Kusoma matini kwa ufasaha na ufahamu,"Kusoma matini ndefu changamani, kuandika muhtasari wa hoja kuu zilizomo na kutoa maoni juu ya hoja hizo",Muhtasari na Maoni juu ya Hoja za Matini Ndefu,12,Kazimradi,Kuwaongoza Wanafunzi,"Mwanafunzi ataweza kusoma matini ndefu changamani, kuandika muhtasari wa hoja kuu zilizomo na kutoa maoni juu ya hoja hizo.",Matini ndefu|Karatasi za kunakili|Kalamu,"TET(2023), MUHTASARI WA KISWAHILI ELIMU YA SEKONDARI KIDATO CHA I-IV, TET, DAR ES SALAAM","Baada ya kusoma matini ndefu, msomaji hutakiwa si tu kufupisha hoja kuu bali pia kutoa maoni yake binafsi kuhusu hoja hizo.","Kuandika muhtasari kunahitaji kubaini na kunakili hoja kuu pekee kwa maneno mafupi, huku kuepuka maelezo ya ziada yasiyo ya lazima. Kutoa maoni huhitaji msomaji achambue kama anakubaliana au hakubaliani na hoja alizozisoma, akitoa sababu za msimamo wake. Uwezo huu wa kutathmini huonyesha kiwango cha juu cha ufahamu wa usomaji.","Mfano, baada ya kusoma matini kuhusu ndoa za utotoni, mwanafunzi aweza kuandika muhtasari wa hoja tatu kuu na kisha kutoa maoni yake kwamba hoja hizo ni sahihi kwa sababu zinaendana na sheria za nchi.",Wanafunzi husoma makala za magazeti na kutoa maoni yao katika mijadala ya darasani au majarida ya shule.,Ni tofauti gani kati ya muhtasari na maoni?::Muhtasari ni ufupisho wa hoja kuu wakati maoni ni tathmini au msimamo wa msomaji kuhusu hoja hizo.||Kwa nini ni muhimu kutoa sababu wakati wa kutoa maoni?::Ili kuthibitisha msimamo wako na kuufanya uwe wa kimantiki na wenye mashiko.||Taja hatua moja ya kwanza kabla ya kuandika muhtasari wa matini ndefu.::Kusoma matini kwa makini ili kubaini hoja kuu.,
2023-JSS015-Kidato II,Kuwasiliana katika miktadha mbalimbali,Kuwasiliana kwa ufasaha kwa njia ya mazungumzo,"Kuzungumza kwa kutumia mitindo mbalimbali ya lugha ya mazungumzo na kwa kuzingatia miktadha, umri, jinsia na uhusiano",Mitindo ya Lugha ya Mazungumzo kwa Muktadha na Umri,12,Igizo,Kuwaongoza Wanafunzi,"Mwanafunzi ataweza kuzungumza kwa kutumia mitindo mbalimbali ya lugha ya mazungumzo kwa kuzingatia miktadha, umri, jinsia na uhusiano.",Kadi za majukumu|Vifaa vya kuigiza|Ubao,"TET(2023), MUHTASARI WA KISWAHILI ELIMU YA SEKONDARI KIDATO CHA I-IV, TET, DAR ES SALAAM","Mtindo wa lugha hubadilika kulingana na nani anayezungumzwa naye, uhusiano uliopo, na hali ya kijamii inayozunguka mazungumzo hayo.","Mzungumzaji stadi hutumia mtindo tofauti anapozungumza na mtu mzee kuliko anapozungumza na rika lake, na huzingatia pia jinsia na uhusiano wa kifamilia au kikazi. Mitindo hii hujumuisha kiwango cha heshima, uchaguzi wa msamiati na hata kiimbo. Uelewa wa mitindo hii huimarisha umilisi wa lugha katika jamii yenye tabaka mbalimbali za kijamii.","Mfano, mwanafunzi anapozungumza na babu yake hutumia lugha ya heshima zaidi ukilinganisha na anapozungumza na rafiki yake wa shule.","Wanafunzi hubadilisha mitindo ya mazungumzo wanapozungumza na walimu, wazazi na wenzao ili kuendana na uhusiano na hadhi ya kila mmoja.","Nini kinaathiri uchaguzi wa mtindo wa lugha ya mazungumzo?::Muktadha, umri, jinsia na uhusiano baina ya wazungumzaji.||Toa mfano wa mtindo wa lugha unaofaa kutumika kwa mtu mzee.::Lugha ya heshima yenye tafsida, mfano: Shikamoo babu, hujambo?||Kwa nini ni muhimu kubadilisha mtindo wa lugha kulingana na uhusiano?::Ili kuonyesha heshima inayostahili na kuepuka kutoelewana kijamii.",
2023-JSS015-Kidato II,Kuwasiliana katika miktadha mbalimbali,Kuwasiliana kwa ufasaha kwa njia ya mazungumzo,Kutumia kwa usahihi ishara zinazoambatana na mazungumzo katika kuwasiliana,Matumizi Sahihi ya Ishara Zinazoambatana na Mazungumzo,12,Igizo,Kuwaongoza Wanafunzi,Mwanafunzi ataweza kutumia kwa usahihi ishara zinazoambatana na mazungumzo katika kuwasiliana.,Video za mazungumzo|Vioo|Ubao,"TET(2023), MUHTASARI WA KISWAHILI ELIMU YA SEKONDARI KIDATO CHA I-IV, TET, DAR ES SALAAM","Ishara za mwili kama vile mikono, sura ya uso na mkao huambatana na maneno kuimarisha ujumbe unaowasilishwa katika mazungumzo.","Mawasiliano si maneno pekee, bali huhusisha pia lugha ya mwili inayosaidia kusisitiza, kupinga au kuongeza maana ya kile kinachosemwa. Matumizi sahihi ya ishara huzingatia utamaduni wa jamii husika kwani ishara moja yaweza kuwa na maana tofauti katika jamii tofauti. Mzungumzaji stadi huoanisha ishara zake na maneno ili asilete mkanganyiko kwa msikilizaji.","Mfano, kutikisa kichwa juu chini wakati wa kuzungumza kunaweza kuambatana na neno ndiyo kuonyesha ukubalifu wa jambo.",Wanafunzi hutumia ishara za mikono na sura wanapotoa mawasilisho darasani ili kusisitiza hoja zao.,Ishara zinazoambatana na mazungumzo zina umuhimu gani?::Husaidia kusisitiza au kuongeza maana ya ujumbe unaowasilishwa kwa maneno.||Toa mfano wa ishara moja inayoonyesha ukubalifu.::Kutikisa kichwa juu chini.||Kwa nini ni muhimu kuzingatia utamaduni wakati wa kutumia ishara?::Kwa sababu ishara moja inaweza kuwa na maana tofauti katika tamaduni tofauti.,
2023-JSS015-Kidato II,Kuwasiliana katika miktadha mbalimbali,Kuwasiliana kwa njia ya maandishi katika miktadha mbalimbali,Kuandika insha za wasifu na hoja (za kisanaa na zisizo za kisanaa),Kuandika Insha za Wasifu na Hoja,14,Kazimradi,Kuwaongoza Wanafunzi,Mwanafunzi ataweza kuandika insha za wasifu na hoja za kisanaa na zisizo za kisanaa.,Mifano ya insha|Karatasi na kalamu|Ubao,"TET(2023), MUHTASARI WA KISWAHILI ELIMU YA SEKONDARI KIDATO CHA I-IV, TET, DAR ES SALAAM","Insha ya wasifu huelezea maisha na matukio ya mtu fulani, wakati insha ya hoja hutoa mawazo na msimamo kuhusu jambo fulani.","Insha za kisanaa hutumia lugha ya picha, tashbihi na mbinu za kifasihi kuvutia msomaji, wakati insha zisizo za kisanaa huzingatia lugha ya moja kwa moja na hoja za kimantiki. Insha ya wasifu hufuata mpangilio wa matukio ya maisha ya mtu kwa mfuatano wa nyakati, na huweza kuandikwa kwa mtindo wa kisanaa au wa moja kwa moja. Insha ya hoja huwa na utangulizi, hoja za kuunga mkono na hitimisho.","Mfano wa insha ya wasifu: Wasifu wa Mwalimu Julius Nyerere unaweza kuanza na kuzaliwa kwake, elimu yake, mchango wake kwa taifa, na hatimaye kifo chake.",Wanafunzi huandika insha za wasifu wa watu mashuhuri au hoja za kijamii katika mashindano ya insha shuleni.,"Insha ya wasifu inahusu nini?::Huelezea maisha na matukio ya mtu fulani kwa mfuatano wa nyakati.||Ni tofauti gani kati ya insha ya kisanaa na isiyo ya kisanaa?::Insha ya kisanaa hutumia lugha ya picha na mbinu za kifasihi, wakati isiyo ya kisanaa hutumia lugha ya moja kwa moja na hoja za kimantiki.||Taja sehemu tatu za insha ya hoja.::Utangulizi, hoja za kuunga mkono, na hitimisho.",
2023-JSS015-Kidato II,Kuwasiliana katika miktadha mbalimbali,Kuwasiliana kwa njia ya maandishi katika miktadha mbalimbali,Kusikiliza hoja na kuandika kumbukumbu,Kusikiliza Hoja na Kuandika Kumbukumbu,14,Kazimradi,Kuwaongoza Wanafunzi,Mwanafunzi ataweza kusikiliza hoja na kuandika kumbukumbu kwa usahihi na mpangilio mzuri.,Fomu za kumbukumbu|Kinasa sauti|Kalamu,"TET(2023), MUHTASARI WA KISWAHILI ELIMU YA SEKONDARI KIDATO CHA I-IV, TET, DAR ES SALAAM",Kumbukumbu (taarifa za mkutano) ni maandishi rasmi yanayonakili hoja na maamuzi yaliyofikiwa katika mkutano au mjadala.,"Mwandishi wa kumbukumbu husikiliza hoja kwa umakini na kunakili mambo muhimu kama tarehe, waliohudhuria, hoja zilizojadiliwa na maamuzi yaliyofikiwa. Kumbukumbu huandikwa kwa mtindo rasmi, wa moja kwa moja na usio na maoni binafsi ya mwandishi. Mpangilio wa kumbukumbu huwa na kichwa cha habari, orodha ya waliohudhuria, hoja na maazimio.","Mfano, katika mkutano wa darasa kuhusu usafi wa mazingira, kumbukumbu yaweza kuandikwa: Ilikubalika kwamba kila mwanafunzi atafanya usafi kila Ijumaa.",Wanafunzi huandika kumbukumbu za mikutano ya vilabu vya shule au vikao vya wanafunzi ili kuweka kumbukumbu za maamuzi.,"Kumbukumbu ni nini?::Ni maandishi rasmi yanayonakili hoja na maamuzi yaliyofikiwa katika mkutano.||Taja kipengele kimoja kinachopaswa kuwepo katika kumbukumbu za mkutano.::Tarehe, waliohudhuria, hoja zilizojadiliwa au maazimio.||Kwa nini kumbukumbu inapaswa kuandikwa bila maoni binafsi ya mwandishi?::Ili iwe taarifa rasmi na yenye uhalisia wa yaliyojiri bila upendeleo.",
2023-JSS015-Kidato III,Kumudu misingi ya Kiswahili,Kukuza uelewa wa sarufi ya Kiswahili,"Kuunda maneno kwa njia mbalimbali kutokana na habari alizozisoma au kuzisikiliza (mf. utohoaji, uradidi, uhulutishaji)","Uundaji wa Maneno: Utohoaji, Uradidi na Uhulutishaji",5,Majadiliano,Kuwaongoza Wanafunzi,"Mwanafunzi ataweza kuunda maneno kwa njia mbalimbali kama utohoaji, uradidi na uhulutishaji kutokana na habari alizozisikia au kuzisoma.",Chati ya uundaji wa maneno|Kadi za mifano|Ubao,"TET(2023), MUHTASARI WA KISWAHILI ELIMU YA SEKONDARI KIDATO CHA I-IV, TET, DAR ES SALAAM","Kiswahili huunda maneno mapya kwa njia mbalimbali ikiwemo utohoaji (kuazima maneno kutoka lugha nyingine), uradidi (kurudia sehemu ya neno) na uhulutishaji (kuunganisha maneno mawili kutengeneza neno jipya).","Utohoaji huhusisha kubadilisha neno la lugha ya kigeni liingie na kuendana na sarufi ya Kiswahili, kama vile neno kompyuta kutoka computer. Uradidi hutokea unaporudia sehemu ya neno kuunda neno jipya, mfano polepole kutoka pole. Uhulutishaji ni kuunganisha maneno mawili tofauti kutengeneza neno moja lenye maana mpya, mfano mwanamke kutoka mwana na mke.",Mfano wa utohoaji: computer huwa kompyuta; mfano wa uradidi: pole huwa polepole; mfano wa uhulutishaji: mwana + mke huwa mwanamke.,"Wanafunzi hukutana na maneno yaliyoundwa kwa njia hizi katika magazeti, vitabu na mazungumzo ya kila siku.","Utohoaji ni nini?::Ni njia ya kuazima neno kutoka lugha nyingine na kulibadilisha liendane na sarufi ya Kiswahili.||Toa mfano wa neno lililoundwa kwa njia ya uradidi.::Polepole, kokote, au tenatena.||Uhulutishaji ni njia gani ya kuunda maneno?::Ni kuunganisha maneno mawili tofauti kutengeneza neno moja jipya lenye maana mpya.",
2023-JSS015-Kidato III,Kumudu misingi ya Kiswahili,Kukuza uelewa wa sarufi ya Kiswahili,Kuandika habari kwa kuzingatia maneno yaliyoundwa kwa njia mbalimbali,Kuandika Habari kwa Maneno Yaliyoundwa kwa Njia Mbalimbali,5,Kazimradi,Kuwaongoza Wanafunzi,Mwanafunzi ataweza kuandika habari kwa kuzingatia maneno yaliyoundwa kwa njia mbalimbali.,Orodha ya maneno mapya|Karatasi na kalamu|Ubao,"TET(2023), MUHTASARI WA KISWAHILI ELIMU YA SEKONDARI KIDATO CHA I-IV, TET, DAR ES SALAAM","Baada ya kuelewa njia za uundaji wa maneno, mwanafunzi anatakiwa kuyatumia maneno hayo katika kuandika habari zenye mtiririko mzuri.","Uandishi wa habari unaotumia maneno yaliyoundwa kwa utohoaji, uradidi na uhulutishaji huonyesha uelewa wa kina wa lugha na huongeza utajiri wa msamiati katika maandishi. Mwandishi anapaswa kuhakikisha maneno hayo yanatumika katika muktadha sahihi ili yasipoteze maana yaliyokusudiwa. Zoezi hili huimarisha ubunifu wa lugha kwa wanafunzi.","Mfano wa habari: Kompyuta mpya ya shule ilifika taratibu-taratibu ikisindikizwa na mwanamke aliyeajiriwa hivi karibuni, hapa maneno kompyuta (utohoaji), taratibu-taratibu (uradidi) na mwanamke (uhulutishaji) yametumika.",Wanafunzi huandika habari za shuleni na kutumia maneno mapya yaliyoundwa kwa njia hizi kuboresha msamiati wao.,"Taja njia tatu za uundaji wa maneno zinazoweza kutumika katika uandishi wa habari.::Utohoaji, uradidi na uhulutishaji.||Kwa nini ni muhimu kuzingatia muktadha wakati wa kutumia maneno mapya?::Ili maneno yasipoteze maana yaliyokusudiwa na habari ieleweke vizuri.||Andika sentensi moja inayotumia neno la uradidi.::Mfano: Mtoto alitembea taratibu-taratibu kuelekea shuleni.",
2023-JSS015-Kidato III,Kumudu misingi ya Kiswahili,Kukuza uelewa wa sarufi ya Kiswahili,"Kujenga hoja za uga mahususi kwa kutumia miundo mbalimbali ya sentensi (mf. siasa, uchumi, kilimo na biashara)",Kujenga Hoja za Uga Mahususi,5,Bunguabongo,Kuwaongoza Wanafunzi,"Mwanafunzi ataweza kujenga hoja za uga mahususi kwa kutumia miundo mbalimbali ya sentensi katika masuala kama siasa, uchumi, kilimo na biashara.",Makala za magazeti|Kadi za mada|Ubao,"TET(2023), MUHTASARI WA KISWAHILI ELIMU YA SEKONDARI KIDATO CHA I-IV, TET, DAR ES SALAAM","Uga mahususi ni eneo maalum la maarifa au taaluma kama siasa, uchumi, kilimo au biashara ambalo huwa na msamiati na hoja zake bainifu.",Kujenga hoja za uga mahususi kunahitaji mzungumzaji au mwandishi kufahamu msamiati wa kitaaluma unaotumika katika eneo husika na kuutumia kwa usahihi katika miundo mbalimbali ya sentensi. Hoja hizi zinapaswa kuwa na ushahidi na mifano halisi kutoka katika uga husika ili ziwe na mashiko. Uwezo huu ni muhimu katika kuandaa mazungumzo au maandishi ya kitaaluma.,"Mfano, katika uga wa kilimo, mwanafunzi aweza kujenga hoja: Kilimo cha umwagiliaji huongeza uzalishaji kwa sababu hakitegemei mvua za msimu pekee.",Wanafunzi hujenga hoja za kiuchumi au kisiasa wanapojadili masuala ya jamii katika vilabu vya mijadala shuleni.,"Uga mahususi ni nini?::Ni eneo maalum la maarifa au taaluma kama siasa, uchumi au kilimo lenye msamiati wake bainifu.||Kwa nini hoja za kitaaluma zinahitaji ushahidi?::Ili ziwe na mashiko na kuaminika mbele ya hadhira.||Jenga hoja fupi moja kuhusu uga wa biashara.::Mfano: Biashara ndogo ndogo huongeza ajira kwa vijana katika jamii.",
2023-JSS015-Kidato III,Kumudu misingi ya Kiswahili,Kukuza uelewa wa sarufi ya Kiswahili,Kuandika matini ndefu na changamani kwa kutumia miundo mbalimbali ya sentensi,Kuandika Matini Ndefu kwa Miundo Mbalimbali ya Sentensi,5,Kazimradi,Kuwaongoza Wanafunzi,Mwanafunzi ataweza kuandika matini ndefu na changamani kwa kutumia miundo mbalimbali ya sentensi.,Mifano ya matini ndefu|Karatasi na kalamu|Ubao,"TET(2023), MUHTASARI WA KISWAHILI ELIMU YA SEKONDARI KIDATO CHA I-IV, TET, DAR ES SALAAM",Uandishi wa matini ndefu unahitaji ustadi wa kuchanganya miundo mbalimbali ya sentensi ili kuepusha ukakasi na kuongeza mvuto wa kusoma.,"Mwandishi mahiri hutumia sentensi sahili kuanzisha wazo, sentensi ambatani kuunganisha mawazo yanayolingana, na sentensi changamani kuonyesha uhusiano wa kisababisho kati ya mawazo. Matini ndefu inayotumia miundo tofauti ya sentensi huwa na mtiririko mzuri na huepusha uchovu kwa msomaji. Ni muhimu pia kuzingatia dhamira kuu isipotee katikati ya maelezo marefu.","Mfano, matini ndefu kuhusu mabadiliko ya tabianchi yaweza kuanza na sentensi sahili, kufuatiwa na sentensi ambatani inayoelezea sababu na athari, na kumalizika na sentensi changamani inayotoa mapendekezo.",Wanafunzi huandika ripoti ndefu za matukio ya kijamii au kimazingira wakizingatia miundo mbalimbali ya sentensi.,Kwa nini mwandishi anapaswa kuchanganya miundo ya sentensi katika matini ndefu?::Ili kuepusha ukakasi na kuongeza mvuto wa kusoma.||Taja hatari moja ya kutumia sentensi ndefu sana bila mpangilio.::Inaweza kuchanganya maana na kumfanya msomaji apoteze dhamira kuu.||Andika sentensi ambatani inayohusu mazingira.::Mfano: Watu wanakata miti hovyo na mvua zinapungua kila mwaka.,
2023-JSS015-Kidato III,Kumudu lugha ya mazungumzo na ya maandishi,Kusikiliza na kuelewa mazungumzo,Kusikiliza habari changamani kitunduizi na kuchangia au kutoa maoni mwafaka,Kusikiliza Habari Kitunduizi na Kutoa Maoni,5,Uchunguzi,Kuwaongoza Wanafunzi,Mwanafunzi ataweza kusikiliza habari changamani kitunduizi na kuchangia au kutoa maoni mwafaka.,Kinasa sauti|Redio|Karatasi za maoni,"TET(2023), MUHTASARI WA KISWAHILI ELIMU YA SEKONDARI KIDATO CHA I-IV, TET, DAR ES SALAAM",Kusikiliza kitunduizi ni kusikiliza kwa uangalifu mkubwa unaozingatia maana za wazi na zilizofichika ndani ya habari inayosikilizwa.,"Msikilizaji kitunduizi huchambua sauti, msisitizo na maudhui ya habari ili kubaini nia na msimamo wa mzungumzaji. Baada ya kusikiliza kwa kina, msikilizaji hutoa maoni yanayolingana na hoja zilizowasilishwa, akiwa na uwezo wa kukubaliana au kutokubaliana kwa hoja za msingi. Maoni mwafaka huzingatia ushahidi na mantiki badala ya hisia tu.","Mfano, baada ya kusikiliza habari kuhusu matumizi ya nishati mbadala, mwanafunzi aweza kutoa maoni kwamba serikali inapaswa kuwekeza zaidi katika nishati ya jua kwa sababu ni endelevu.",Wanafunzi husikiliza vipindi vya redio na televisheni na kutoa maoni yao katika mijadala ya darasani.,Kusikiliza kitunduizi kunamaanisha nini?::Ni kusikiliza kwa uangalifu mkubwa unaozingatia maana za wazi na zilizofichika.||Maoni mwafaka yanapaswa kuzingatia nini?::Ushahidi na mantiki badala ya hisia tu.||Toa mfano wa maoni yanayoweza kutolewa baada ya kusikiliza habari kuhusu elimu.::Mfano: Naunga mkono kwamba elimu ya ufundi ni muhimu kwa maendeleo ya vijana.,
2023-JSS015-Kidato III,Kumudu lugha ya mazungumzo na ya maandishi,Kusikiliza na kuelewa mazungumzo,"Kusikiliza habari na kuzielezea kwa maneno yake mwenyewe kwa kuzingatia stadi za mawasiliano (mf. uwazi, ukamilifu wa hoja, usahihi, muwala, uwekevu na staha)",Kuzielezea Habari kwa Maneno Yake Mwenyewe,5,Uchunguzi,Kuwaongoza Wanafunzi,Mwanafunzi ataweza kusikiliza habari na kuzielezea kwa maneno yake mwenyewe kwa kuzingatia stadi za mawasiliano.,Kinasa sauti|Karatasi za mazoezi|Ubao,"TET(2023), MUHTASARI WA KISWAHILI ELIMU YA SEKONDARI KIDATO CHA I-IV, TET, DAR ES SALAAM",Kuelezea habari kwa maneno ya mtu mwenyewe ni ustadi unaothibitisha uelewa wa kweli wa msikilizaji badala ya kukariri maneno ya asili.,"Stadi za mawasiliano zinazopaswa kuzingatiwa ni uwazi, ukamilifu wa hoja, usahihi, muwala (mtiririko mzuri wa mawazo), uwekevu na staha. Msikilizaji anayeelezea habari kwa maneno yake mwenyewe huonyesha kwamba ameelewa dhamira kuu na si tu maneno ya juu juu. Hii huimarisha uwezo wa kuchakata taarifa na kuziwasilisha kwa ubunifu.","Mfano, baada ya kusikiliza habari ya dakika tano kuhusu mafanikio ya wanamichezo, mwanafunzi aweza kuieleza kwa sentensi zake mwenyewe akitumia stadi za uwazi na muwala.",Wanafunzi huwaelezea wazazi wao habari walizozisikia shuleni kwa maneno yao wenyewe kwa uwazi na staha.,Kwa nini ni muhimu kuelezea habari kwa maneno ya mtu mwenyewe?::Huonyesha uelewa wa kweli wa msikilizaji badala ya kukariri maneno ya asili.||Taja stadi mbili za mawasiliano zinazopaswa kuzingatiwa.::Uwazi na muwala (au usahihi na staha).||Muwala una maana gani katika mawasiliano?::Ni mtiririko mzuri na uliopangika wa mawazo katika mazungumzo au maandishi.,
2023-JSS015-Kidato III,Kumudu lugha ya mazungumzo na ya maandishi,Kusoma matini kwa ufasaha na ufahamu,"Kusoma matini ndefu changamani na kuelezea kwa maandishi mawazo makuu yaliyomo kwa kuzingatia stadi za mawasiliano (mf. uwazi, ukamilifu wa hoja, usahihi, muwala, uwekevu na staha)",Kuelezea kwa Maandishi Mawazo Makuu ya Matini Ndefu,5,Kazimradi,Kuwaongoza Wanafunzi,Mwanafunzi ataweza kusoma matini ndefu changamani na kuelezea kwa maandishi mawazo makuu yaliyomo kwa kuzingatia stadi za mawasiliano.,Matini ndefu|Karatasi na kalamu|Ubao,"TET(2023), MUHTASARI WA KISWAHILI ELIMU YA SEKONDARI KIDATO CHA I-IV, TET, DAR ES SALAAM","Uelezaji wa maandishi wa mawazo makuu hufanywa baada ya usomaji wa kina wa matini ndefu, ukizingatia stadi za mawasiliano bora.","Mwandishi anayeelezea mawazo makuu kwa maandishi huhitajika kupanga hoja kwa muwala unaoeleweka, kutumia lugha sahihi na kuepuka utata. Ukamilifu wa hoja unahakikisha kila wazo kuu limeguswa bila kuacha nafasi ya maswali kwa msomaji. Staha katika maandishi huonyesha heshima kwa mada na hadhira inayosomewa.","Mfano, baada ya kusoma matini ndefu kuhusu utandawazi, mwanafunzi aweza kuandika mawazo makuu matatu: fursa za kiuchumi, changamoto za kiutamaduni, na mapendekezo ya kukabiliana nayo.",Wanafunzi huandika ripoti za vitabu walivyosoma wakielezea mawazo makuu kwa stadi za mawasiliano bora.,Ukamilifu wa hoja unamaanisha nini?::Ni kuhakikisha kila wazo kuu la matini limeguswa bila kuacha maswali kwa msomaji.||Taja hatua ya kwanza kabla ya kuelezea mawazo makuu kwa maandishi.::Kusoma matini kwa kina ili kubaini mawazo makuu.||Kwa nini staha ni muhimu katika maandishi ya kuelezea mawazo makuu?::Huonyesha heshima kwa mada husika na kwa hadhira inayosomewa.,
2023-JSS015-Kidato III,Kumudu lugha ya mazungumzo na ya maandishi,Kusoma matini kwa ufasaha na ufahamu,Kusoma matini ndefu changamani na kutathmini hoja zilizomo,Kutathmini Hoja katika Matini Ndefu,5,Mdahalo,Kuwaongoza Wanafunzi,Mwanafunzi ataweza kusoma matini ndefu changamani na kutathmini hoja zilizomo.,Matini ndefu|Kadi za tathmini|Ubao,"TET(2023), MUHTASARI WA KISWAHILI ELIMU YA SEKONDARI KIDATO CHA I-IV, TET, DAR ES SALAAM","Kutathmini hoja ni kuchambua uzito, ukweli na mantiki ya hoja zilizotolewa na mwandishi ili kubaini uimara wake.","Msomaji anayetathmini hoja huangalia kama hoja zina ushahidi wa kutosha, kama zinaendana na mantiki, na kama hazina upendeleo usiofaa. Tathmini nzuri huhitaji kulinganisha hoja tofauti zilizomo katika matini na kutoa hukumu yenye msingi. Ustadi huu ni muhimu katika kusoma makala za kihoja na tasnifu za kitaaluma.","Mfano, katika matini inayodai kwamba elimu ya sekondari ihifadhiwe bure kwa wote, msomaji anayetathmini aweza kuuliza kama hoja hiyo ina ushahidi wa kutosha kuhusu uwezekano wa kifedha wa serikali.",Wanafunzi hutathmini hoja za makala za magazeti au mitandao ya kijamii kabla ya kuziamini au kuzisambaza.,"Kutathmini hoja kunamaanisha nini?::Ni kuchambua uzito, ukweli na mantiki ya hoja zilizotolewa na mwandishi.||Taja kigezo kimoja cha kutathmini hoja.::Uwepo wa ushahidi wa kutosha au mantiki ya hoja.||Kwa nini ni muhimu kutathmini hoja kabla ya kuziamini?::Ili kuepuka kudanganywa na taarifa za uongo au zenye upendeleo.",
2023-JSS015-Kidato III,Kuwasiliana katika miktadha mbalimbali,Kuwasiliana kwa ufasaha kwa njia ya mazungumzo,"Kutumia lugha fasaha katika mazungumzo ya hadhara (mf. mikutano ya hadhara, uwasilishaji mbele ya halaiki na mijadala mbalimbali)",Lugha Fasaha katika Mazungumzo ya Hadhara,5,Igizo,Kuwaongoza Wanafunzi,Mwanafunzi ataweza kutumia lugha fasaha katika mazungumzo ya hadhara kama mikutano na uwasilishaji mbele ya halaiki.,Kipaza sauti bandia|Kadi za hotuba|Ubao,"TET(2023), MUHTASARI WA KISWAHILI ELIMU YA SEKONDARI KIDATO CHA I-IV, TET, DAR ES SALAAM","Mazungumzo ya hadhara yanahitaji lugha fasaha, ya wazi na yenye kujiamini kwa sababu hulenga hadhira kubwa yenye mahitaji tofauti.","Mzungumzaji wa hadhara anapaswa kuandaa hoja zake vizuri, kutumia sauti yenye nguvu ya kutosha, na kuepuka lugha ya kificho isiyoeleweka na wote. Mikutano ya hadhara na uwasilishaji mbele ya halaiki huhitaji mpangilio mzuri wa maudhui: utangulizi wa kuvutia, mwili wenye hoja, na hitimisho lenye wito wa kutenda. Kujiamini na mawasiliano ya macho ni muhimu katika kufanikisha uwasilishaji.","Mfano, katika mkutano wa hadhara kuhusu chanjo, mzungumzaji aweza kuanza kwa swali la kuvutia kama Je, mnajua chanjo huokoa maisha ngapi kila mwaka? kabla ya kuendelea na hoja zake.",Wanafunzi hutoa mawasilisho mbele ya darasa au shule nzima wakitumia lugha fasaha kujenga ujasiri wa kuzungumza hadharani.,Taja kipengele kimoja muhimu cha mazungumzo ya hadhara.::Mpangilio mzuri wa maudhui au sauti yenye nguvu ya kutosha.||Kwa nini mawasiliano ya macho ni muhimu wakati wa kuzungumza hadharani?::Huonyesha kujiamini na huimarisha uhusiano na hadhira.||Hitimisho la mazungumzo ya hadhara linapaswa kuwa na nini?::Muhtasari wa hoja kuu na wito wa kutenda kwa hadhira.,
2023-JSS015-Kidato III,Kuwasiliana katika miktadha mbalimbali,Kuwasiliana kwa njia ya maandishi katika miktadha mbalimbali,Kuandika barua na makala za magazetini,Kuandika Barua na Makala za Magazetini,5,Kazimradi,Kuwaongoza Wanafunzi,Mwanafunzi ataweza kuandika barua na makala za magazetini kwa mtindo na muundo sahihi.,Mifano ya barua rasmi|Magazeti|Karatasi na kalamu,"TET(2023), MUHTASARI WA KISWAHILI ELIMU YA SEKONDARI KIDATO CHA I-IV, TET, DAR ES SALAAM",Barua na makala za magazetini ni aina za maandishi zenye muundo na madhumuni maalum ya kuwasiliana na mtu binafsi au umma kwa ujumla.,"Barua rasmi huwa na anwani, tarehe, salamu, mwili wa ujumbe na hitimisho, na hutumika kuwasiliana na taasisi au watu wenye vyeo. Makala za magazetini huandikwa kwa lengo la kuelimisha, kuburudisha au kutoa maoni juu ya jambo la kijamii, na huwa na kichwa cha habari kinachovutia na mwili wenye hoja zilizopangika. Mwandishi wa makala huzingatia hadhira pana ya wasomaji wa gazeti.","Mfano, makala ya gazeti kuhusu umuhimu wa elimu ya ufundi yaweza kuanza na kichwa cha habari kinachovutia kama Elimu ya Ufundi: Ufunguo wa Ajira kwa Vijana.","Wanafunzi huandika barua za maombi kwa shule au taasisi, na wengine huchangia makala katika magazeti ya shule.","Taja sehemu tatu za barua rasmi.::Anwani, salamu na hitimisho (au mwili wa ujumbe).||Makala ya gazeti inatofautianaje na barua rasmi?::Makala hulenga hadhira pana ya wasomaji wa gazeti na huchapishwa, wakati barua hulenga mtu au taasisi maalum.||Kwa nini kichwa cha habari cha makala kinapaswa kuvutia?::Ili kuwavuta wasomaji kusoma makala nzima.",
2023-JSS015-Kidato III,Kuthamini kazi za fasihi ya Kiswahili,Kukuza uelewa wa misingi ya fasihi ya Kiswahili,"Kufafanua dhana ya fasihi na fasihi ya Kiswahili (maana, aina na dhima)",Dhana ya Fasihi na Fasihi ya Kiswahili,5,Majadiliano,Kuwaongoza Wanafunzi,"Mwanafunzi ataweza kufafanua dhana ya fasihi na fasihi ya Kiswahili kwa kueleza maana, aina na dhima zake.",Chati ya aina za fasihi|Vitabu vya fasihi|Ubao,"TET(2023), MUHTASARI WA KISWAHILI ELIMU YA SEKONDARI KIDATO CHA I-IV, TET, DAR ES SALAAM","Fasihi ni sanaa itumiayo lugha kuwasilisha mawazo, hisia na uzoefu wa binadamu kwa njia ya kubuni, wakati fasihi ya Kiswahili ni fasihi hiyo inayowasilishwa kwa lugha ya Kiswahili.","Fasihi imegawanyika katika aina kuu mbili: fasihi simulizi (inayotolewa kwa mdomo kama hadithi na nyimbo) na fasihi andishi (inayoandikwa kama riwaya na tamthiliya). Dhima za fasihi ni pamoja na kuelimisha, kuburudisha, kuonya, kuhifadhi utamaduni na kukuza lugha. Fasihi ya Kiswahili hubeba maudhui yanayohusiana na maisha na tamaduni za jamii za Kiswahili.","Mfano, hadithi za mababu kuhusu Sungura na Fisi ni fasihi simulizi inayolenga kufundisha maadili kwa njia ya kuburudisha.",Wanafunzi husoma na kusikiliza kazi za fasihi kama vitabu na hadithi za jadi ili kujifunza maadili na utamaduni wa jamii yao.,"Fasihi ni nini?::Ni sanaa itumiayo lugha kuwasilisha mawazo, hisia na uzoefu wa binadamu kwa njia ya kubuni.||Taja aina mbili kuu za fasihi.::Fasihi simulizi na fasihi andishi.||Taja dhima mbili za fasihi katika jamii.::Kuelimisha na kuburudisha (au kuonya na kuhifadhi utamaduni).",
2023-JSS015-Kidato III,Kuthamini kazi za fasihi ya Kiswahili,Kukuza uelewa wa misingi ya fasihi ya Kiswahili,Kuchambua tanzu za fasihi simulizi na andishi,Uchambuzi wa Tanzu za Fasihi Simulizi na Andishi,5,Bunguabongo,Kuwaongoza Wanafunzi,Mwanafunzi ataweza kuchambua tanzu za fasihi simulizi na andishi.,Chati ya tanzu za fasihi|Vitabu vya mifano|Ubao,"TET(2023), MUHTASARI WA KISWAHILI ELIMU YA SEKONDARI KIDATO CHA I-IV, TET, DAR ES SALAAM","Tanzu za fasihi ni migawanyo mikuu ya kazi za kifasihi kulingana na sifa zake za kifani, ikijumuisha ushairi, hadithi na maigizo.","Fasihi simulizi ina tanzu kama hadithi za jadi, methali, nyimbo, vitendawili na ngonjera, wakati fasihi andishi ina tanzu kuu tatu: riwaya, tamthiliya na ushairi. Kila utanzu una sifa zake bainifu za kifani na kimaudhui zinazoutofautisha na tanzu nyingine. Uchambuzi wa tanzu huhusisha kutambua sifa hizo na jinsi zinavyowasilisha maudhui.","Mfano, utanzu wa ngonjera ni utungo wa kishairi unaotumia mazungumzo baina ya watu wawili au zaidi kuwasilisha ujumbe wa kijamii kwa njia ya kuvutia.",Wanafunzi hushiriki katika maonesho ya shule yanayohusisha tanzu mbalimbali za fasihi kama vile ngonjera na maigizo.,"Taja tanzu tatu za fasihi andishi.::Riwaya, tamthiliya na ushairi.||Ngonjera ni nini?::Ni utungo wa kishairi unaotumia mazungumzo baina ya watu wawili au zaidi kuwasilisha ujumbe.||Taja tanzu mbili za fasihi simulizi.::Methali na vitendawili (au hadithi za jadi na nyimbo).",
2023-JSS015-Kidato III,Kuthamini kazi za fasihi ya Kiswahili,Kuhakiki kazi za fasihi ya Kiswahili,"Kujadili dhana ya uhakiki wa kazi za fasihi (maana ya uhakiki, mhakiki na sifa za mhakiki)",Dhana ya Uhakiki wa Kazi za Fasihi,5,Majadiliano,Kuwaongoza Wanafunzi,"Mwanafunzi ataweza kujadili dhana ya uhakiki wa kazi za fasihi akieleza maana ya uhakiki, mhakiki na sifa za mhakiki.",Vitabu vya fasihi|Chati ya sifa za mhakiki|Ubao,"TET(2023), MUHTASARI WA KISWAHILI ELIMU YA SEKONDARI KIDATO CHA I-IV, TET, DAR ES SALAAM","Uhakiki ni mchakato wa kuchambua, kutathmini na kutoa hukumu juu ya ubora wa kazi ya fasihi kwa kuzingatia vigezo maalum vya kifani na kimaudhui.","Mhakiki ni mtu anayefanya kazi ya kuchambua na kutathmini kazi za fasihi kwa lengo la kuwasaidia wasomaji kuelewa na kutathmini thamani ya kazi hiyo. Sifa za mhakiki mzuri ni pamoja na kuwa na uelewa mpana wa fasihi, kutokuwa na upendeleo, uwezo wa kuchambua kwa kina, na kuwa na maarifa ya jamii inayohusika. Uhakiki huzingatia vipengele vya fani (mtindo, muundo, wahusika) na maudhui (dhamira, migogoro, ujumbe).","Mfano, mhakiki wa riwaya fulani aweza kuchambua jinsi mwandishi alivyotumia mbinu ya mtiririko wa matukio kuwasilisha dhamira ya umaskini katika jamii.",Wanafunzi huhakiki vitabu wanavyosoma darasani kwa kutoa maoni kuhusu ubora wa fani na maudhui yake.,"Uhakiki ni nini?::Ni mchakato wa kuchambua, kutathmini na kutoa hukumu juu ya ubora wa kazi ya fasihi.||Mhakiki ni nani?::Ni mtu anayechambua na kutathmini kazi za fasihi kwa lengo la kuwasaidia wasomaji kuelewa thamani yake.||Taja sifa mbili za mhakiki mzuri.::Kutokuwa na upendeleo na kuwa na uelewa mpana wa fasihi.",
2023-JSS015-Kidato III,Kuthamini kazi za fasihi ya Kiswahili,Kuhakiki kazi za fasihi ya Kiswahili,Kufafanua misingi ya uhakiki wa kazi za fasihi simulizi na fasihi andishi (vipengele vya fani na maudhui),Misingi ya Uhakiki: Fani na Maudhui,5,Majadiliano,Kuwaongoza Wanafunzi,Mwanafunzi ataweza kufafanua misingi ya uhakiki wa kazi za fasihi simulizi na andishi akizingatia vipengele vya fani na maudhui.,Chati ya vipengele vya fani na maudhui|Vitabu vya fasihi|Ubao,"TET(2023), MUHTASARI WA KISWAHILI ELIMU YA SEKONDARI KIDATO CHA I-IV, TET, DAR ES SALAAM",Uhakiki wa kazi za fasihi hujengwa juu ya misingi miwili mikuu: fani (jinsi kazi ilivyoumbwa) na maudhui (yaliyomo ndani ya kazi).,"Vipengele vya fani ni pamoja na muundo, mtindo, matumizi ya lugha, wahusika na mandhari, wakati vipengele vya maudhui ni dhamira, migogoro, ujumbe na falsafa ya mwandishi. Mhakiki lazima achunguze vipengele hivi kwa pamoja kwani fani na maudhui hutegemeana katika kuwasilisha ujumbe wa kazi ya fasihi. Uelewa wa misingi hii humwezesha mhakiki kutoa tathmini yenye msingi thabiti.","Mfano, katika kuhakiki tamthiliya, mhakiki aweza kuchambua mtindo wa lugha (fani) uliotumika kuwasilisha dhamira ya ukombozi wa mwanamke (maudhui).",Wanafunzi huchambua vipengele vya fani na maudhui wanaposoma riwaya au tamthiliya zilizoteuliwa kwa masomo yao.,"Fani ni nini katika uhakiki wa fasihi?::Ni jinsi kazi ya fasihi ilivyoumbwa, ikijumuisha muundo, mtindo na matumizi ya lugha.||Maudhui ni nini?::Ni yaliyomo ndani ya kazi ya fasihi kama dhamira, migogoro na ujumbe.||Taja kipengele kimoja cha fani.::Wahusika, mandhari au mtindo.",
2023-JSS015-Kidato III,Kuthamini kazi za fasihi ya Kiswahili,Kuhakiki kazi za fasihi ya Kiswahili,Kuhakiki fani na maudhui katika kazi za fasihi simulizi (mashairi na maigizo),Kuhakiki Fani na Maudhui katika Fasihi Simulizi,5,Uchunguzi,Kuwaongoza Wanafunzi,Mwanafunzi ataweza kuhakiki fani na maudhui katika kazi za fasihi simulizi kama mashairi na maigizo.,Mashairi ya jadi|Video za maigizo|Ubao,"TET(2023), MUHTASARI WA KISWAHILI ELIMU YA SEKONDARI KIDATO CHA I-IV, TET, DAR ES SALAAM",Kazi za fasihi simulizi kama mashairi ya jadi na maigizo huhitaji uhakiki unaozingatia mazingira ya utoaji na hadhira ya asili.,"Katika kuhakiki mashairi ya fasihi simulizi, mhakiki huangalia vipengele kama mizani, vina, uradidi na matumizi ya sauti, pamoja na maudhui yanayowasilishwa kama maadili au historia ya jamii. Maigizo simulizi huhakikiwa kwa kuangalia uwasilishaji wa wahusika, matumizi ya ishara na jinsi maudhui yanavyowasilishwa kwa hadhira wakati wa tukio la moja kwa moja. Muktadha wa utoaji ni muhimu sana katika uhakiki wa fasihi simulizi.","Mfano, katika kuhakiki wimbo wa jadi wa arusi, mhakiki aweza kuchunguza jinsi maneno yanavyosifu ndoa na kuwaonya bibi na bwana harusi kuhusu majukumu yao.",Wanafunzi huhakiki nyimbo na maigizo ya kijadi wanayoyaona katika sherehe za jamii yao.,"Taja kipengele kimoja cha fani kinachohakikiwa katika mashairi ya fasihi simulizi.::Mizani, vina au uradidi.||Kwa nini muktadha wa utoaji ni muhimu katika uhakiki wa fasihi simulizi?::Kwa sababu maana na thamani ya kazi mara nyingi hutegemea mazingira na hadhira ya wakati inapotolewa.||Taja maudhui yanayoweza kupatikana katika wimbo wa jadi wa arusi.::Maadili ya ndoa au majukumu ya mume na mke.",
2023-JSS015-Kidato III,Kuthamini kazi za fasihi ya Kiswahili,Kuhakiki kazi za fasihi ya Kiswahili,Kuhakiki fani na maudhui katika tamthiliya,Kuhakiki Fani na Maudhui katika Tamthiliya,5,Uchunguzi,Kuwaongoza Wanafunzi,Mwanafunzi ataweza kuhakiki fani na maudhui katika tamthiliya kwa kuzingatia vigezo vya kiuhakiki.,Kitabu cha tamthiliya|Video ya maonesho|Ubao,"TET(2023), MUHTASARI WA KISWAHILI ELIMU YA SEKONDARI KIDATO CHA I-IV, TET, DAR ES SALAAM","Tamthiliya ni kazi ya fasihi andishi inayolenga kuigizwa jukwaani au kusomwa, na huhakikiwa kwa kuzingatia vipengele vya fani na maudhui.","Vipengele vya fani katika tamthiliya ni pamoja na muundo (maonesho na sehemu), mazungumzo, wahusika, mandhari na maelekezo ya jukwaa. Maudhui ya tamthiliya hujumuisha dhamira kuu, migogoro ya wahusika na ujumbe unaowasilishwa kwa jamii. Mhakiki hulinganisha jinsi fani ilivyotumika kuwasilisha maudhui kwa ufanisi, akizingatia pia lugha ya mazungumzo inayotumika kwenye jukwaa.","Mfano, katika kuhakiki tamthiliya inayohusu rushwa, mhakiki aweza kuchambua jinsi mgogoro kati ya wahusika wawili unavyowasilisha madhara ya rushwa katika jamii.",Wanafunzi huigiza sehemu za tamthiliya na kuhakiki fani na maudhui yake katika maonesho ya shule.,"Taja kipengele kimoja cha fani katika tamthiliya.::Wahusika, mandhari au maelekezo ya jukwaa.||Migogoro katika tamthiliya inahusiana na kipengele gani?::Maudhui.||Kwa nini lugha ya mazungumzo ni muhimu katika tamthiliya?::Kwa sababu tamthiliya hutegemea mazungumzo ya wahusika kuwasilisha dhamira na kuendeleza hadithi jukwaani.",
2023-JSS015-Kidato III,Kuthamini kazi za fasihi ya Kiswahili,Kuhakiki kazi za fasihi ya Kiswahili,Kutathmini namna maudhui ya kazi alizozihakiki yanavyosadifu jamii inayomzunguka,Kutathmini Uhusiano wa Maudhui na Jamii,5,Mdahalo,Kuwaongoza Wanafunzi,Mwanafunzi ataweza kutathmini namna maudhui ya kazi alizozihakiki yanavyosadifu jamii inayomzunguka.,Vitabu vya fasihi vilivyohakikiwa|Kadi za tathmini|Ubao,"TET(2023), MUHTASARI WA KISWAHILI ELIMU YA SEKONDARI KIDATO CHA I-IV, TET, DAR ES SALAAM","Kazi za fasihi mara nyingi huakisi hali halisi ya jamii, hivyo msomaji anahitaji kutathmini jinsi maudhui hayo yanavyosadifu au kuendana na mazingira yake.",Kutathmini uhusiano wa maudhui na jamii kunahitaji mwanafunzi kulinganisha matukio na migogoro iliyomo katika kazi ya fasihi na hali halisi inayotokea katika jamii yake. Hii husaidia kubaini kama mwandishi ameandika kwa uhalisia au kwa mawazo ya kubuni tu. Tathmini hii huimarisha uwezo wa mwanafunzi kuunganisha maarifa ya darasani na maisha halisi.,"Mfano, katika riwaya inayohusu umaskini vijijini, mwanafunzi aweza kutathmini kama changamoto zilizoelezwa zinafanana na hali halisi ya jamii yake mwenyewe.",Wanafunzi hujadili kazi za fasihi wanazosoma na kuzihusisha na matukio ya kweli yanayotokea katika jamii zao.,Kutathmini uhusiano wa maudhui na jamii kunamaanisha nini?::Ni kulinganisha matukio ya kazi ya fasihi na hali halisi ya jamii inayomzunguka msomaji.||Kwa nini fasihi mara nyingi huakisi jamii?::Kwa sababu waandishi hutunga kazi zao wakichochewa na mazingira na uzoefu wa jamii wanayoishi.||Toa mfano wa jinsi maudhui ya umaskini yanavyoweza kusadifu jamii.::Riwaya inayoonyesha familia zinazokosa chakula au elimu inaweza kufanana na changamoto halisi za baadhi ya jamii.,
2023-JSS015-Kidato III,Kuthamini kazi za fasihi ya Kiswahili,Kubuni kazi za fasihi ya Kiswahili,"Kujadili kanuni za utunzi wa nyimbo, ngonjera na maigizo","Kanuni za Utunzi wa Nyimbo, Ngonjera na Maigizo",5,Majadiliano,Kuwaongoza Wanafunzi,"Mwanafunzi ataweza kujadili kanuni za utunzi wa nyimbo, ngonjera na maigizo.",Mifano ya nyimbo na ngonjera|Chati ya kanuni za utunzi|Ubao,"TET(2023), MUHTASARI WA KISWAHILI ELIMU YA SEKONDARI KIDATO CHA I-IV, TET, DAR ES SALAAM","Utunzi wa kazi za fasihi simulizi kama nyimbo, ngonjera na maigizo hufuata kanuni maalum zinazolenga kufanya kazi hizo ziwe na mvuto na ujumbe wa maana.","Kanuni za utunzi wa nyimbo hujumuisha uteuzi wa mahadhi, matumizi ya lugha ya mkato, na kuwa na kiitikio kinachorudiwarudiwa. Ngonjera hufuata muundo wa maswali na majibu baina ya wahusika wawili wenye misimamo tofauti, huku ikizingatia mizani na vina. Maigizo hutungwa kwa kuzingatia mgogoro, wahusika wanaofaa, na muundo wenye mwanzo, kati na mwisho.","Mfano, ngonjera huweza kuandikwa kama mazungumzo kati ya Mkulima na Mfanyabiashara wakijadiliana kuhusu bei ya mazao, kila mmoja akitoa hoja zake kwa zamu.",Wanafunzi hutunga na kuwasilisha nyimbo na ngonjera katika maonesho ya sanaa shuleni.,"Taja kanuni moja ya utunzi wa nyimbo.::Uteuzi wa mahadhi au matumizi ya kiitikio kinachorudiwarudiwa.||Ngonjera hufuata muundo gani?::Muundo wa maswali na majibu baina ya wahusika wenye misimamo tofauti.||Taja kipengele kimoja muhimu katika utunzi wa maigizo.::Mgogoro, wahusika wanaofaa, au muundo wenye mwanzo, kati na mwisho.",
2023-JSS015-Kidato III,Kuthamini kazi za fasihi ya Kiswahili,Kubuni kazi za fasihi ya Kiswahili,"Kutunga nyimbo, ngonjera na maigizo","Kutunga Nyimbo, Ngonjera na Maigizo",5,Kazimradi,Kuwaongoza Wanafunzi,"Mwanafunzi ataweza kutunga nyimbo, ngonjera na maigizo kwa kuzingatia kanuni za utunzi.",Karatasi na kalamu|Mifano ya kazi zilizotungwa|Ubao,"TET(2023), MUHTASARI WA KISWAHILI ELIMU YA SEKONDARI KIDATO CHA I-IV, TET, DAR ES SALAAM","Baada ya kujifunza kanuni za utunzi, mwanafunzi anatakiwa kutumia maarifa hayo kutunga kazi zake mwenyewe za nyimbo, ngonjera na maigizo.","Utunzi bora huanza na kuchagua dhamira au mada, kisha kubuni wahusika na muundo unaofaa. Katika kutunga wimbo, mwanafunzi huzingatia mahadhi na kiitikio, wakati katika ngonjera huzingatia mazungumzo ya kubadilishana hoja. Utunzi wa maigizo huhitaji mwanafunzi kuweka mgogoro wazi na jinsi unavyotatuliwa mwishoni. Ubunifu na matumizi sahihi ya lugha ni muhimu katika hatua zote.","Mfano, mwanafunzi aweza kutunga wimbo mfupi kuhusu umuhimu wa elimu wenye kiitikio kinachosema Soma soma elimu ni ufunguo wa maisha.",Wanafunzi hutunga nyimbo na maigizo kwa ajili ya maadhimisho ya siku maalum shuleni kama Siku ya Kiswahili.,Hatua ya kwanza ya kutunga kazi ya fasihi ni ipi?::Kuchagua dhamira au mada ya kazi.||Kiitikio katika wimbo kina kazi gani?::Hurudiwarudiwa ili kusisitiza ujumbe mkuu wa wimbo.||Utunzi wa maigizo unahitaji nini muhimu?::Kuweka mgogoro wazi na jinsi unavyotatuliwa mwishoni mwa igizo.,
2023-JSS015-Kidato III,Kuthamini kazi za fasihi ya Kiswahili,Kubuni kazi za fasihi ya Kiswahili,Kuimba nyimbo na kutamba ngonjera,Kuimba Nyimbo na Kutamba Ngonjera,5,Igizo,Kuwaongoza Wanafunzi,Mwanafunzi ataweza kuimba nyimbo na kutamba ngonjera kwa ufasaha na hisia zinazolingana na maudhui.,Vyombo vya muziki vya jadi|Kadi za ngonjera|Kinasa sauti,"TET(2023), MUHTASARI WA KISWAHILI ELIMU YA SEKONDARI KIDATO CHA I-IV, TET, DAR ES SALAAM",Uwasilishaji wa nyimbo na ngonjera hauhitaji tu maandishi mazuri bali pia ustadi wa kuimba na kutamba kwa hisia na mahadhi sahihi.,"Kuimba wimbo kunahitaji kuzingatia mahadhi, sauti na kiimbo kinachoendana na maudhui ya wimbo, iwe ni wimbo wa furaha, huzuni au wa kuadhimisha jambo fulani. Kutamba ngonjera kunahitaji wasilishaji wawili au zaidi kubadilishana zamu kwa kiimbo na hisia zinazoendana na hoja wanazozitoa. Mazoezi ya mara kwa mara huboresha ustadi wa uwasilishaji wa hadhara.","Mfano, katika kutamba ngonjera ya mazungumzo kati ya Mwanafunzi na Mwalimu kuhusu nidhamu, kila mhusika hutamba kwa sauti na hisia zinazoonyesha msimamo wake.",Wanafunzi huimba nyimbo na kutamba ngonjera katika sherehe za shule na maadhimisho ya kitaifa.,"Kuimba wimbo kwa ufanisi kunahitaji kuzingatia nini?::Mahadhi, sauti na kiimbo kinachoendana na maudhui ya wimbo.||Kutamba ngonjera kunahusisha washiriki wangapi kwa kawaida?::Wawili au zaidi wanaobadilishana zamu ya kutamba.||Kwa nini mazoezi ni muhimu kabla ya kuwasilisha ngonjera hadharani?::Huboresha ustadi wa uwasilishaji na kuongeza ujasiri wa mtambaji.",
2023-JSS015-Kidato III,Kuthamini kazi za fasihi ya Kiswahili,Kubuni kazi za fasihi ya Kiswahili,Kuigiza maigizo,Kuigiza Maigizo,5,Igizo,Kuwaongoza Wanafunzi,"Mwanafunzi ataweza kuigiza maigizo kwa kuzingatia wahusika, mandhari na ujumbe uliokusudiwa.",Vazi za kuigiza|Jukwaa la darasa|Kadi za majukumu,"TET(2023), MUHTASARI WA KISWAHILI ELIMU YA SEKONDARI KIDATO CHA I-IV, TET, DAR ES SALAAM","Kuigiza ni uwasilishaji wa kazi ya fasihi kwa vitendo na mazungumzo ya moja kwa moja mbele ya hadhira, kwa kuwakilisha wahusika na matukio.","Muigizaji mzuri huzoea maneno ya mhusika wake, huelewa hisia na tabia za mhusika huyo, na hutumia sauti pamoja na miondoko ya mwili kuwasilisha ujumbe kwa uhalisia. Mandhari na vifaa vya kuigiza huimarisha uhalisia wa igizo na kumsaidia mtazamaji kuelewa muktadha wa tukio. Ushirikiano kati ya waigizaji ni muhimu ili igizo liwe na mtiririko mzuri.","Mfano, katika igizo linaloonyesha madhara ya utoro shuleni, wanafunzi huigiza wahusika kama mwanafunzi mtoro, mwalimu na mzazi, kila mmoja akionyesha msimamo wake kupitia mazungumzo na vitendo.",Wanafunzi huigiza matukio ya kijamii kama afya na elimu katika maonesho ya shule kuelimisha wenzao.,Muigizaji mzuri anapaswa kuzingatia nini?::Kuelewa hisia na tabia za mhusika wake na kutumia sauti na miondoko ya mwili ipasavyo.||Mandhari katika igizo yana umuhimu gani?::Huimarisha uhalisia wa igizo na kumsaidia mtazamaji kuelewa muktadha wa tukio.||Kwa nini ushirikiano kati ya waigizaji ni muhimu?::Ili igizo liwe na mtiririko mzuri na ujumbe uwasilishwe kwa ufanisi.,
2023-JSS015-Kidato III,Kutoa huduma ya lugha ya Kiswahili katika jamii,Kufanya tafsiri sahili katika lugha ya Kiswahili,"Kujadili dhana, misingi, kanuni, na hatua za tafsiri","Dhana, Misingi, Kanuni na Hatua za Tafsiri",5,Majadiliano,Kuwaongoza Wanafunzi,"Mwanafunzi ataweza kujadili dhana, misingi, kanuni na hatua za tafsiri.",Chati ya hatua za tafsiri|Matini za lugha mbili|Ubao,"TET(2023), MUHTASARI WA KISWAHILI ELIMU YA SEKONDARI KIDATO CHA I-IV, TET, DAR ES SALAAM",Tafsiri ni mchakato wa kuhamisha ujumbe kutoka lugha chanzi kwenda lugha lengwa huku maana ikibaki ile ile bila kupotoshwa.,"Misingi ya tafsiri hujumuisha uaminifu kwa maana ya asili, ufasaha katika lugha lengwa na uzingatiaji wa muktadha wa kitamaduni. Kanuni za tafsiri ni pamoja na kutotafsiri neno kwa neno bila kuzingatia maana, na kuzingatia hadhira ya lugha lengwa. Hatua za tafsiri huanza na kusoma na kuelewa matini chanzi, kuchambua msamiati mgumu, kutafsiri rasimu ya kwanza, na hatimaye kuhariri tafsiri hiyo.","Mfano, tafsiri ya sentensi It is raining cats and dogs haipaswi kutafsiriwa neno kwa neno bali kwa maana yake sahihi ya Mvua inanyesha kwa nguvu sana.",Wanafunzi hutafsiri matangazo na maelekezo kutoka Kiingereza kwenda Kiswahili au kinyume chake wanapowasaidia wageni.,Tafsiri ni nini?::Ni mchakato wa kuhamisha ujumbe kutoka lugha chanzi kwenda lugha lengwa huku maana ikibaki ile ile.||Taja kanuni moja muhimu ya tafsiri.::Kutotafsiri neno kwa neno bila kuzingatia maana halisi.||Taja hatua moja ya mwanzo katika mchakato wa tafsiri.::Kusoma na kuelewa matini chanzi kabla ya kuanza kutafsiri.,
2023-JSS015-Kidato III,Kutoa huduma ya lugha ya Kiswahili katika jamii,Kufanya tafsiri sahili katika lugha ya Kiswahili,Kutafsiri matini fupi sahili,Kutafsiri Matini Fupi Sahili,5,Kazimradi,Kuwaongoza Wanafunzi,Mwanafunzi ataweza kutafsiri matini fupi sahili kutoka lugha moja kwenda nyingine kwa usahihi.,Matini fupi za lugha mbili|Kamusi ya lugha mbili|Karatasi na kalamu,"TET(2023), MUHTASARI WA KISWAHILI ELIMU YA SEKONDARI KIDATO CHA I-IV, TET, DAR ES SALAAM","Kutafsiri matini fupi sahili ni hatua ya awali ya kujifunza ustadi wa tafsiri, ambapo mwanafunzi hufanya mazoezi kwa sentensi na aya fupi zenye msamiati rahisi.","Mwanafunzi anayetafsiri matini fupi hutakiwa kusoma matini chanzi kwa makini, kuelewa maana yake, kisha kuandika tafsiri katika lugha lengwa akizingatia sarufi na muundo sahihi wa lugha hiyo. Ni muhimu kuepuka tafsiri ya moja kwa moja isiyozingatia tofauti za kimuundo baina ya lugha mbili. Baada ya kutafsiri, mwanafunzi anapaswa kusoma tena tafsiri yake kuhakiki kama inaeleweka.","Mfano, sentensi Karibu nyumbani ikitafsiriwa kwa Kiingereza huwa Welcome home, si tafsiri ya neno kwa neno.",Wanafunzi hutafsiri maelekezo rahisi au matangazo mafupi wanapowasiliana na watu wasioelewa Kiswahili au Kiingereza.,Kwa nini ni muhimu kuepuka tafsiri ya neno kwa neno?::Kwa sababu inaweza kupotosha maana halisi ya ujumbe katika lugha lengwa.||Tafsiri sentensi Habari za asubuhi kwa Kiingereza.::Good morning.||Hatua ya mwisho baada ya kutafsiri matini ni ipi?::Kusoma tena tafsiri ili kuhakiki kama inaeleweka na ni sahihi.,
2023-JSS015-Kidato III,Kutoa huduma ya lugha ya Kiswahili katika jamii,Kufanya tafsiri sahili katika lugha ya Kiswahili,Kutatua changamoto zinazojitokeza katika kutafsiri matini,Kutatua Changamoto za Kutafsiri Matini,5,Bunguabongo,Kuwaongoza Wanafunzi,Mwanafunzi ataweza kutatua changamoto zinazojitokeza katika kutafsiri matini.,Matini zenye changamoto za tafsiri|Kamusi|Ubao,"TET(2023), MUHTASARI WA KISWAHILI ELIMU YA SEKONDARI KIDATO CHA I-IV, TET, DAR ES SALAAM","Tafsiri huweza kukumbwa na changamoto mbalimbali kama vile maneno yasiyo na visawe halisi, misemo ya kitamaduni, na tofauti za kimuundo baina ya lugha.","Baadhi ya changamoto za kawaida ni maneno ya kitamaduni yasiyo na tafsiri sahihi, misemo na nahau ambazo tafsiri yake ya moja kwa moja hupoteza maana, na tofauti za kisarufi kati ya lugha chanzi na lugha lengwa. Mtafsiri stadi hutumia mbinu kama ufafanuzi, ukopaji wa neno, au kutafuta neno linalokaribiana zaidi kimaana ili kutatua changamoto hizo. Uzoefu na maarifa ya tamaduni za lugha zote mbili huimarisha uwezo wa kutatua changamoto hizi.","Mfano, nahau ya Kiswahili kula njama ikitafsiriwa moja kwa moja kwa Kiingereza inapoteza maana; badala yake hutafsiriwa kwa maana yake ya to conspire.",Wanafunzi hukutana na changamoto za tafsiri wanapotafsiri nyimbo au misemo ya kienyeji kwa marafiki wasioelewa lugha hiyo.,Taja changamoto moja ya kawaida katika tafsiri.::Misemo au nahau zisizo na tafsiri sahihi ya moja kwa moja.||Mbinu gani inaweza kutumika kutatua tatizo la neno lisilo na kisawe?::Ufafanuzi wa maana au ukopaji wa neno kutoka lugha chanzi.||Kwa nini maarifa ya tamaduni mbili ni muhimu kwa mtafsiri?::Husaidia kuelewa maana halisi ya misemo na kuepuka upotoshaji wa ujumbe.,
2023-JSS015-Kidato III,Kutoa huduma ya lugha ya Kiswahili katika jamii,Kuhariri matini mbalimbali za Kiswahili,"Kujadili dhana, kanuni na misingi ya uhariri","Dhana, Kanuni na Misingi ya Uhariri",10,Majadiliano,Kuwaongoza Wanafunzi,"Mwanafunzi ataweza kujadili dhana, kanuni na misingi ya uhariri wa matini za Kiswahili.",Matini zenye makosa|Chati ya alama za uhariri|Ubao,"TET(2023), MUHTASARI WA KISWAHILI ELIMU YA SEKONDARI KIDATO CHA I-IV, TET, DAR ES SALAAM","Uhariri ni mchakato wa kusahihisha na kuboresha matini ili iwe sahihi kisarufi, wazi kimawasiliano na yenye mtiririko mzuri.","Kanuni za uhariri hujumuisha kuangalia usahihi wa tahajia, sarufi, matumizi ya alama za uandishi, na mtiririko wa mawazo katika matini. Mhariri huzingatia pia kama matini inafikisha lengo lililokusudiwa na hadhira inayolengwa. Misingi ya uhariri ni pamoja na uadilifu wa kutobadilisha maana ya asili ya mwandishi na usahihi wa taarifa zinazotolewa.","Mfano, mhariri anayesoma sentensi yenye kosa la tahajia kama shcool badala ya shule huitengeneza upya bila kubadilisha maana ya sentensi nzima.",Wanafunzi husahihisha kazi za wenzao darasani kwa kuzingatia kanuni za uhariri kabla ya kukabidhi kazi za mwisho.,"Uhariri ni nini?::Ni mchakato wa kusahihisha na kuboresha matini ili iwe sahihi kisarufi na yenye mtiririko mzuri.||Taja kipengele kimoja kinachoangaliwa wakati wa uhariri.::Tahajia, sarufi, au matumizi ya alama za uandishi.||Kwa nini mhariri hapaswi kubadilisha maana ya asili ya mwandishi?::Ili kudumisha uadilifu na kuheshimu nia halisi ya mwandishi.",
2023-JSS015-Kidato III,Kutoa huduma ya lugha ya Kiswahili katika jamii,Kuhariri matini mbalimbali za Kiswahili,Kuhariri matini fupi za Kiswahili,Kuhariri Matini Fupi za Kiswahili,10,Kazimradi,Kuwaongoza Wanafunzi,Mwanafunzi ataweza kuhariri matini fupi za Kiswahili kwa kusahihisha makosa ya kisarufi na kimtindo.,Matini fupi zenye makosa|Kalamu nyekundu|Karatasi,"TET(2023), MUHTASARI WA KISWAHILI ELIMU YA SEKONDARI KIDATO CHA I-IV, TET, DAR ES SALAAM",Kuhariri matini fupi ni zoezi la vitendo linalomwezesha mwanafunzi kutumia kanuni za uhariri alizojifunza kusahihisha kazi halisi.,"Mwanafunzi anayehariri matini fupi husoma matini mara mbili au zaidi, kwanza kubaini makosa ya kisarufi na tahajia, kisha kuangalia mtiririko wa mawazo na matumizi sahihi ya msamiati. Alama maalum za uhariri kama vile mstari chini ya neno au duara hutumika kuonyesha aina ya kosa. Baada ya kuhariri, matini iliyorekebishwa huandikwa upya kwa usafi.","Mfano, sentensi yenye kosa Watoto anacheza uwanjani hurekebishwa kuwa Watoto wanacheza uwanjani baada ya kubaini kosa la upatanisho wa kisarufi.",Wanafunzi huhariri insha na barua zao wenyewe kabla ya kuzikabidhi kwa walimu ili kuboresha ubora wa kazi zao.,Taja hatua ya kwanza katika kuhariri matini fupi.::Kusoma matini kwa makini ili kubaini makosa ya kisarufi na tahajia.||Tambua na sahihisha kosa katika sentensi Mtoto wanakimbia.::Sahihi ni Mtoto anakimbia.||Kwa nini ni muhimu kuandika upya matini baada ya kuhariri?::Ili kupata nakala safi na sahihi isiyo na alama za marekebisho.,
2023-JSS015-Kidato IV,Kuwasiliana katika miktadha mbalimbali,Kuwasiliana kwa ufasaha kwa njia ya mazungumzo,Kuigiza usaili kwa kuzungumza na kuandika,Kuigiza Usaili kwa Kuzungumza na Kuandika,8,Igizo,Kuwaongoza Wanafunzi,Mwanafunzi ataweza kuigiza usaili kwa kuzungumza na kuandika kwa kuzingatia taratibu za usaili.,Kadi za maswali ya usaili|Fomu ya maombi ya kazi|Ubao,"TET(2023), MUHTASARI WA KISWAHILI ELIMU YA SEKONDARI KIDATO CHA I-IV, TET, DAR ES SALAAM",Usaili ni mahojiano rasmi kati ya mwajiri na mwombaji kazi yenye lengo la kutathmini ustahiki wa mwombaji kwa nafasi fulani.,"Katika usaili wa mazungumzo, mwombaji hutakiwa kuvaa vizuri, kujiamini, kutumia lugha rasmi na kujibu maswali kwa ufupi na usahihi. Usaili wa kimaandishi huhusisha kujaza fomu za maombi na kuandika majibu ya maswali kwa lugha fasaha na sahihi ya kisarufi. Maandalizi mazuri kabla ya usaili, kama kujua taarifa za kampuni husika, huongeza nafasi ya mafanikio.","Mfano, katika usaili wa kazi ya ualimu, mhojiwa aweza kuulizwa Kwa nini umependa taaluma ya ualimu? na anatakiwa kujibu kwa ujasiri na sababu za msingi.",Wanafunzi hujizoeza usaili kupitia maigizo darasani ili kujiandaa na fursa za ajira au masomo ya baadaye.,"Usaili ni nini?::Ni mahojiano rasmi kati ya mwajiri na mwombaji kazi kutathmini ustahiki wake.||Taja sifa moja muhimu ya mhojiwa katika usaili wa mazungumzo.::Kujiamini, kuvaa vizuri, au kujibu maswali kwa ufupi na usahihi.||Kwa nini maandalizi kabla ya usaili ni muhimu?::Huongeza nafasi ya mafanikio kwa kumwezesha mhojiwa kujibu maswali kwa ujasiri na maarifa.",
2023-JSS015-Kidato IV,Kuwasiliana katika miktadha mbalimbali,Kuwasiliana kwa njia ya maandishi katika miktadha mbalimbali,Kuandika wasifukazi na tawasifu,Kuandika Wasifukazi na Tawasifu,8,Kazimradi,Kuwaongoza Wanafunzi,Mwanafunzi ataweza kuandika wasifukazi na tawasifu kwa muundo sahihi.,Mifano ya wasifukazi|Karatasi na kalamu|Ubao,"TET(2023), MUHTASARI WA KISWAHILI ELIMU YA SEKONDARI KIDATO CHA I-IV, TET, DAR ES SALAAM","Wasifukazi (curriculum vitae) ni hati inayoonyesha taarifa za kitaaluma na uzoefu wa kazi wa mtu, wakati tawasifu ni maelezo ya maisha ya mtu yaliyoandikwa na yeye mwenyewe.","Wasifukazi huwa na sehemu kama taarifa binafsi, elimu, uzoefu wa kazi, ujuzi na wadhamini, zote zikiandikwa kwa mpangilio na ufupi. Tawasifu huelezea maisha ya mwandishi kwa mtazamo wa nafsi ya kwanza, ikijumuisha matukio muhimu, changamoto na mafanikio yaliyompitia. Nyaraka zote mbili huhitaji lugha fasaha, uadilifu wa taarifa na mpangilio mzuri wa kimuundo.","Mfano, katika wasifukazi, sehemu ya elimu yaweza kuandikwa: 2020-2023: Shule ya Sekondari ya Kibaha, Kidato cha Nne.",Wanafunzi huandaa wasifukazi zao wanapoomba nafasi za mafunzo kazini au ufadhili wa masomo.,Wasifukazi ni nini?::Ni hati inayoonyesha taarifa za kitaaluma na uzoefu wa kazi wa mtu.||Tawasifu ni nini?::Ni maelezo ya maisha ya mtu yaliyoandikwa na yeye mwenyewe kwa mtazamo wa nafsi ya kwanza.||Taja sehemu mbili zinazopaswa kuwepo katika wasifukazi.::Taarifa binafsi na elimu (au uzoefu wa kazi na ujuzi).,
2023-JSS015-Kidato IV,Kuthamini kazi za fasihi ya Kiswahili,Kuhakiki kazi za fasihi ya Kiswahili,Kujadili dhana ya mashairi andishi,Dhana ya Mashairi Andishi,7,Majadiliano,Kuwaongoza Wanafunzi,"Mwanafunzi ataweza kujadili dhana ya mashairi andishi akieleza maana, sifa na aina zake.",Vitabu vya mashairi|Chati ya vipengele vya shairi|Ubao,"TET(2023), MUHTASARI WA KISWAHILI ELIMU YA SEKONDARI KIDATO CHA I-IV, TET, DAR ES SALAAM","Mashairi andishi ni tungo za kishairi zilizoandikwa zenye kuzingatia kanuni maalum za kimuundo kama mizani, vina na beti.","Shairi andishi huwa na sifa kama idadi maalum ya mizani katika kila mstari, mpangilio wa vina vinavyofuatana kwa utaratibu, na mgawanyiko wa beti. Aina za mashairi ni pamoja na mashairi huru (yasiyofuata kanuni za kimapokeo) na mashairi ya kimapokeo (yanayofuata kanuni thabiti za arudhi). Mashairi hubeba dhamira mbalimbali kama mapenzi, siasa, maadili na historia ya jamii.","Mfano, shairi la kimapokeo huweza kuwa na beti nne, kila ubeti wenye mistari minne yenye mizani kumi na sita na vina vinavyofanana.",Wanafunzi husoma na kuandika mashairi kuhusu maisha ya kila siku katika mashindano ya fasihi shuleni.,Mizani ni nini katika shairi?::Ni idadi ya vipande vya sauti (silabi) vinavyounda mstari wa shairi.||Taja aina mbili za mashairi andishi.::Mashairi huru na mashairi ya kimapokeo.||Vina ni nini?::Ni mfanano wa sauti unaojitokeza mwishoni au katikati ya mistari ya shairi.,
2023-JSS015-Kidato IV,Kuthamini kazi za fasihi ya Kiswahili,Kuhakiki kazi za fasihi ya Kiswahili,Kuhakiki fani na maudhui katika mashairi andishi,Kuhakiki Fani na Maudhui katika Mashairi Andishi,7,Uchunguzi,Kuwaongoza Wanafunzi,Mwanafunzi ataweza kuhakiki fani na maudhui katika mashairi andishi.,Mashairi teule|Kadi za uhakiki|Ubao,"TET(2023), MUHTASARI WA KISWAHILI ELIMU YA SEKONDARI KIDATO CHA I-IV, TET, DAR ES SALAAM","Uhakiki wa mashairi andishi huhusisha uchambuzi wa vipengele vya fani kama muundo na matumizi ya lugha, pamoja na maudhui kama dhamira na ujumbe.","Katika kuhakiki fani ya shairi, mhakiki huchunguza idadi ya mizani, mpangilio wa vina, matumizi ya tamathali za semi kama sitiari na tashbihi, na uteuzi wa msamiati. Uhakiki wa maudhui huangalia dhamira kuu ya shairi, ujumbe unaowasilishwa na jinsi mshairi anavyowasilisha hisia zake. Uhusiano kati ya fani na maudhui huonyesha ubunifu na umahiri wa mshairi.","Mfano, katika shairi linalosifu uzalendo, mhakiki aweza kuchambua matumizi ya sitiari kama Taifa ni meli inayotuvusha baharini kuwasilisha dhamira ya umoja wa kitaifa.",Wanafunzi huhakiki mashairi wanayosoma katika vitabu vya kiada na kutoa maoni yao darasani.,"Taja kipengele kimoja cha fani kinachohakikiwa katika shairi.::Mizani, vina, au matumizi ya tamathali za semi.||Tamathali za semi zina dhima gani katika shairi?::Huongeza mvuto wa lugha na kuwasilisha maana kwa njia ya kisanaa.||Toa mfano wa dhamira inayoweza kupatikana katika shairi la uzalendo.::Umoja wa kitaifa au upendo kwa nchi.",
2023-JSS015-Kidato IV,Kuthamini kazi za fasihi ya Kiswahili,Kuhakiki kazi za fasihi ya Kiswahili,Kuhakiki fani na maudhui katika riwaya,Kuhakiki Fani na Maudhui katika Riwaya,7,Uchunguzi,Kuwaongoza Wanafunzi,Mwanafunzi ataweza kuhakiki fani na maudhui katika riwaya.,Kitabu cha riwaya teule|Kadi za uhakiki|Ubao,"TET(2023), MUHTASARI WA KISWAHILI ELIMU YA SEKONDARI KIDATO CHA I-IV, TET, DAR ES SALAAM","Riwaya ni kazi ndefu ya kubuni iliyoandikwa kwa nathari, na uhakiki wake huhusisha uchambuzi wa vipengele vya fani na maudhui kwa kina.","Vipengele vya fani katika riwaya ni pamoja na muundo (jinsi hadithi ilivyopangwa), wahusika, mandhari, na mtindo wa lugha uliotumiwa na mwandishi. Maudhui ya riwaya hujumuisha dhamira kuu, migogoro inayojitokeza na jinsi inavyotatuliwa, na ujumbe wa jamii unaowasilishwa. Uhakiki wa riwaya huhitaji usomaji wa kina wa kitabu chote ili kuelewa uhusiano kati ya matukio mbalimbali.","Mfano, katika kuhakiki riwaya inayohusu ukoloni, mhakiki aweza kuchambua jinsi mwandishi alivyotumia wahusika wakuu wawili wenye misimamo tofauti kuwasilisha mgogoro wa ukombozi.",Wanafunzi husoma riwaya teule za mtaala na kuhakiki fani na maudhui yake katika mitihani na mijadala ya darasani.,"Riwaya ni nini?::Ni kazi ndefu ya kubuni iliyoandikwa kwa nathari.||Taja kipengele kimoja cha fani katika riwaya.::Muundo, wahusika, mandhari au mtindo wa lugha.||Kwa nini usomaji wa kina ni muhimu kabla ya kuhakiki riwaya?::Ili kuelewa uhusiano kati ya matukio mbalimbali na dhamira nzima ya riwaya.",
2023-JSS015-Kidato IV,Kuthamini kazi za fasihi ya Kiswahili,Kuhakiki kazi za fasihi ya Kiswahili,Kuhusianisha kazi za fasihi na maisha halisi,Kuhusianisha Kazi za Fasihi na Maisha Halisi,7,Mdahalo,Kuwaongoza Wanafunzi,Mwanafunzi ataweza kuhusianisha kazi za fasihi na maisha halisi.,Vitabu vya fasihi|Makala za magazetini|Ubao,"TET(2023), MUHTASARI WA KISWAHILI ELIMU YA SEKONDARI KIDATO CHA I-IV, TET, DAR ES SALAAM","Kazi za fasihi mara nyingi hutungwa kwa kuzingatia matukio na changamoto za kweli za jamii, hivyo msomaji anapaswa kuweza kuzihusianisha na maisha yake ya kila siku.","Kuhusianisha fasihi na maisha halisi kunahusisha kubaini mifanano kati ya migogoro, wahusika na dhamira za kazi ya fasihi na hali halisi zinazotokea katika jamii. Zoezi hili humsaidia msomaji kuona umuhimu wa fasihi katika kutafakari na kutatua matatizo ya kijamii. Uwezo huu wa kuunganisha nadharia na uhalisia ni muhimu katika kukuza fikra makini kwa wanafunzi.","Mfano, riwaya inayohusu ukosefu wa ajira miongoni mwa vijana yaweza kuhusianishwa na changamoto halisi za vijana wanaomaliza masomo bila kazi katika jamii ya sasa.",Wanafunzi hujadili jinsi migogoro katika riwaya wanazosoma inavyofanana na matatizo wanayoyaona katika familia na jamii zao.,Kuhusianisha fasihi na maisha halisi kunamaanisha nini?::Ni kubaini mifanano kati ya matukio ya kazi ya fasihi na hali halisi ya jamii.||Kwa nini zoezi hili ni muhimu kwa msomaji?::Husaidia kutafakari na kutatua matatizo ya kijamii kwa kutumia mafunzo ya fasihi.||Toa mfano wa tatizo la kijamii linaloweza kuonekana katika riwaya na maisha halisi.::Ukosefu wa ajira kwa vijana au umaskini wa kifamilia.,
2023-JSS015-Kidato IV,Kuthamini kazi za fasihi ya Kiswahili,Kubuni kazi za fasihi ya Kiswahili,Kujadili kanuni za utunzi wa hadithi fupi simulizi na andishi,Kanuni za Utunzi wa Hadithi Fupi Simulizi na Andishi,11,Majadiliano,Kuwaongoza Wanafunzi,Mwanafunzi ataweza kujadili kanuni za utunzi wa hadithi fupi simulizi na andishi.,Mifano ya hadithi fupi|Chati ya vipengele vya hadithi|Ubao,"TET(2023), MUHTASARI WA KISWAHILI ELIMU YA SEKONDARI KIDATO CHA I-IV, TET, DAR ES SALAAM",Hadithi fupi ni tungo za kinathari zenye urefu mfupi zinazolenga kuwasilisha dhamira moja kuu kwa ufupi na ufanisi.,"Kanuni za utunzi wa hadithi fupi hujumuisha uwepo wa mgogoro mmoja mkuu, wahusika wachache, na muundo wenye mwanzo, kati na mwisho unaotokea ndani ya muda mfupi. Hadithi fupi simulizi hutungwa kwa lengo la kutolewa kwa mdomo na hivyo huzingatia lugha rahisi ya kukumbukwa, wakati hadithi fupi andishi huruhusu matumizi ya lugha ya kina zaidi kwa vile msomaji anaweza kurudia usomaji. Hitimisho la hadithi fupi mara nyingi huwa na mshangao au fundisho.","Mfano, hadithi fupi kuhusu mvulana mvivu ambaye baadaye anabadilika kuwa mchapakazi hubeba fundisho la bidii, ikiwasilishwa kwa mgogoro mmoja tu wa uvivu dhidi ya bidii.",Wanafunzi husimulia hadithi fupi za jadi wanazozijua kutoka kwa babu na bibi zao wakiwaeleza wenzao darasani.,"Hadithi fupi ni nini?::Ni tungo za kinathari zenye urefu mfupi zinazowasilisha dhamira moja kuu.||Taja tofauti moja kati ya hadithi fupi simulizi na andishi.::Simulizi hutolewa kwa mdomo na huzingatia lugha rahisi, wakati andishi huandikwa na huweza kutumia lugha ya kina zaidi.||Hitimisho la hadithi fupi mara nyingi huwa na nini?::Mshangao au fundisho kwa msomaji au msikilizaji.",
2023-JSS015-Kidato IV,Kuthamini kazi za fasihi ya Kiswahili,Kubuni kazi za fasihi ya Kiswahili,Kutunga hadithi fupi simulizi na andishi,Kutunga Hadithi Fupi Simulizi na Andishi,11,Kazimradi,Kuwaongoza Wanafunzi,Mwanafunzi ataweza kutunga hadithi fupi simulizi na andishi kwa kuzingatia kanuni za utunzi.,Karatasi na kalamu|Mifano ya hadithi fupi|Ubao,"TET(2023), MUHTASARI WA KISWAHILI ELIMU YA SEKONDARI KIDATO CHA I-IV, TET, DAR ES SALAAM",Kutunga hadithi fupi ni zoezi la ubunifu linalomwezesha mwanafunzi kutumia maarifa ya kanuni za utunzi kutengeneza hadithi yake mwenyewe.,"Mwanafunzi anayetunga hadithi fupi huanza kwa kuchagua dhamira, kubuni wahusika wachache na kuweka mgogoro mmoja mkuu utakaotatuliwa mwishoni. Muundo wa hadithi lazima uwe na mwanzo unaovutia, kati wenye maendeleo ya tukio, na mwisho wenye hitimisho la kushangaza au fundisho. Lugha inayotumika inapaswa kuwa fasaha na inayoendana na aina ya hadithi, iwe ni ya kutungwa kwa maandishi au kwa masimulizi ya mdomo.","Mfano, mwanafunzi aweza kutunga hadithi fupi kuhusu msichana anayeshinda changamoto za umaskini kupitia elimu, ikimalizika na fundisho la umuhimu wa elimu.",Wanafunzi hutunga hadithi fupi kwa ajili ya mashindano ya uandishi wa ubunifu shuleni au majarida ya wanafunzi.,Taja hatua ya kwanza katika kutunga hadithi fupi.::Kuchagua dhamira ya hadithi.||Kwa nini hadithi fupi inapaswa kuwa na mgogoro mmoja mkuu?::Ili kudumisha ufupi na kuepuka kuchanganya msomaji au msikilizaji.||Mwisho wa hadithi fupi unapaswa kuwa na nini?::Hitimisho lenye mshangao au fundisho kwa hadhira.,
2023-JSS015-Kidato IV,Kuthamini kazi za fasihi ya Kiswahili,Kubuni kazi za fasihi ya Kiswahili,Kutamba hadithi,Kutamba Hadithi,10,Igizo,Kuwaongoza Wanafunzi,"Mwanafunzi ataweza kutamba hadithi kwa ufasaha, kiimbo na hisia zinazoendana na maudhui.",Kadi za hadithi|Kinasa sauti|Ubao,"TET(2023), MUHTASARI WA KISWAHILI ELIMU YA SEKONDARI KIDATO CHA I-IV, TET, DAR ES SALAAM","Kutamba hadithi ni kusimulia hadithi kwa mdomo mbele ya hadhira kwa kutumia sauti, kiimbo na ishara za mwili ili kuvutia wasikilizaji.","Mtambaji stadi hubadilisha sauti yake kuwakilisha wahusika tofauti, hutumia kiimbo kinachoendana na tukio, na hujumuisha ishara za mwili kuongeza mvuto wa hadithi. Utambaji mzuri huzingatia kasi sahihi ya usemaji na kutoa nafasi ya mshangao mahali panapohitajika ili kuvuta hisia za wasikilizaji. Mazoezi ya mara kwa mara huimarisha ujasiri na ufasaha wa mtambaji.","Mfano, katika kutamba hadithi ya Sungura na Kobe, mtambaji aweza kubadilisha sauti yake kuwa ya haraka na yenye kiburi kwa Sungura, na sauti ya taratibu na ya utulivu kwa Kobe.",Wanafunzi hutamba hadithi za jadi katika sherehe za shule na vipindi vya maktaba ili kuburudisha na kuelimisha wenzao.,Kutamba hadithi ni nini?::Ni kusimulia hadithi kwa mdomo mbele ya hadhira kwa kutumia sauti na kiimbo.||Taja mbinu moja inayomsaidia mtambaji kuvutia hadhira.::Kubadilisha sauti kuwakilisha wahusika tofauti au kutumia ishara za mwili.||Kwa nini mazoezi ni muhimu kwa mtambaji wa hadithi?::Huimarisha ujasiri na ufasaha wakati wa kutamba mbele ya hadhira.,
2023-JSS015-Kidato IV,Kutoa huduma ya lugha ya Kiswahili katika jamii,Kufanya tafsiri sahili katika lugha ya Kiswahili,Kutafsiri matini ndefu sahili,Kutafsiri Matini Ndefu Sahili,10,Kazimradi,Kuwaongoza Wanafunzi,Mwanafunzi ataweza kutafsiri matini ndefu sahili kutoka lugha moja kwenda nyingine kwa usahihi na ufasaha.,Matini ndefu za lugha mbili|Kamusi ya lugha mbili|Karatasi na kalamu,"TET(2023), MUHTASARI WA KISWAHILI ELIMU YA SEKONDARI KIDATO CHA I-IV, TET, DAR ES SALAAM",Kutafsiri matini ndefu kunahitaji ustadi wa hali ya juu kwani mfasiri lazima adumishe muwala na uhusiano wa hoja katika aya nyingi zinazofuatana.,"Mfasiri wa matini ndefu hugawanya kazi katika sehemu ndogo ndogo, hutafsiri kila sehemu kwa uangalifu, na kisha huhakikisha sehemu zote zinaunganika vizuri kimaana na kimtiririko katika lugha lengwa. Ni muhimu kuzingatia usawiano wa istilahi katika matini yote ili neno moja lisitafsiriwe kwa njia tofauti sehemu tofauti. Uhariri wa mwisho ni muhimu kuhakikisha ubora wa tafsiri nzima.","Mfano, katika kutafsiri makala ndefu kuhusu afya ya jamii, mfasiri anapaswa kuhakikisha neno kama chanjo linatafsiriwa kwa neno moja thabiti katika matini yote badala ya kubadilisha badilisha.",Wanafunzi hutafsiri makala ndefu za kielimu wanapowasaidia jamii kupata taarifa kutoka vyanzo vya lugha ya kigeni.,"Kwa nini usawiano wa istilahi ni muhimu katika kutafsiri matini ndefu?::Ili kuepuka mkanganyiko na kudumisha uwazi wa maana katika matini yote.||Taja hatua moja ya kutafsiri matini ndefu.::Kugawanya matini katika sehemu ndogo ndogo kabla ya kutafsiri.||Uhariri wa mwisho katika tafsiri una lengo gani?::Kuhakikisha ubora, usahihi na mtiririko mzuri wa tafsiri nzima.",
2023-JSS015-Kidato IV,Kutoa huduma ya lugha ya Kiswahili katika jamii,Kufanya tafsiri sahili katika lugha ya Kiswahili,Kutathmini matini zilizotafsiriwa,Kutathmini Matini Zilizotafsiriwa,10,Uchunguzi,Kuwaongoza Wanafunzi,Mwanafunzi ataweza kutathmini matini zilizotafsiriwa kwa kuzingatia usahihi na ufasaha.,Matini asilia na tafsiri yake|Kadi za vigezo vya tathmini|Ubao,"TET(2023), MUHTASARI WA KISWAHILI ELIMU YA SEKONDARI KIDATO CHA I-IV, TET, DAR ES SALAAM","Kutathmini tafsiri ni kupima kiwango cha usahihi, uaminifu kwa maana ya asili na ufasaha wa lugha lengwa katika kazi iliyotafsiriwa.","Mtathmini wa tafsiri hulinganisha matini asilia na tafsiri yake ili kubaini kama maana imehifadhiwa bila kuongezwa au kupunguzwa bila sababu. Vigezo vya tathmini ni pamoja na usahihi wa kimaana, ufasaha wa lugha lengwa, uzingatiaji wa muktadha wa kitamaduni, na usahihi wa kisarufi. Tathmini nzuri humsaidia mfasiri kuboresha kazi zake za baadaye.","Mfano, tafsiri inayosema Alikunywa maji ya mgongo wa mbuzi kwa Kiingereza kama He drank goat's back water ni tafsiri mbovu kwa sababu haikuzingatia maana ya msemo, hivyo mtathmini angeibaini kama kosa.",Wanafunzi hutathmini tafsiri za vitabu au vipeperushi wanavyokutana navyo ili kubaini usahihi wake.,"Kutathmini tafsiri kunamaanisha nini?::Ni kupima kiwango cha usahihi, uaminifu na ufasaha wa kazi iliyotafsiriwa.||Taja kigezo kimoja cha kutathmini tafsiri.::Usahihi wa kimaana au ufasaha wa lugha lengwa.||Kwa nini tathmini ya tafsiri ni muhimu kwa mfasiri?::Humsaidia mfasiri kubaini makosa na kuboresha kazi zake za baadaye.",
2023-JSS015-Kidato IV,Kutoa huduma ya lugha ya Kiswahili katika jamii,Kuhariri matini mbalimbali za Kiswahili,Kuhariri matini ndefu za Kiswahili,Kuhariri Matini Ndefu za Kiswahili,10,Kazimradi,Kuwaongoza Wanafunzi,Mwanafunzi ataweza kuhariri matini ndefu za Kiswahili kwa kuzingatia usahihi wa kisarufi na mtiririko wa hoja.,Matini ndefu zenye makosa|Kalamu nyekundu|Karatasi,"TET(2023), MUHTASARI WA KISWAHILI ELIMU YA SEKONDARI KIDATO CHA I-IV, TET, DAR ES SALAAM",Uhariri wa matini ndefu ni kazi inayohitaji uvumilivu na umakini wa hali ya juu kwani makosa na mapungufu huweza kujitokeza katika sehemu nyingi za matini.,"Mhariri wa matini ndefu husoma kazi nzima kwanza ili kuelewa muktadha wa jumla, kisha hupitia kila aya kwa umakini kubaini makosa ya kisarufi, tahajia na mtiririko wa hoja. Ni muhimu kuhakikisha kuwa aya moja inaunganika vizuri na nyingine na kwamba dhamira kuu haipotei katikati ya matini ndefu. Uhariri wa matini ndefu pia huhusisha kuondoa marudio yasiyo ya lazima ya mawazo.","Mfano, katika kuhariri ripoti ndefu ya shule, mhariri aweza kubaini kwamba wazo moja limerudiwa mara tatu katika aya tofauti na kuliondoa marudio hayo ili kuboresha ufupi wa ripoti.",Wanafunzi huhariri insha ndefu na miradi ya utafiti kabla ya kuwasilisha kazi zao za mwisho kwa walimu.,Kwa nini mhariri wa matini ndefu anapaswa kusoma kazi nzima kwanza?::Ili kuelewa muktadha wa jumla kabla ya kuanza kusahihisha makosa madogo madogo.||Taja tatizo moja linaloweza kuondolewa wakati wa kuhariri matini ndefu.::Marudio yasiyo ya lazima ya mawazo au maneno.||Mtiririko wa hoja katika matini ndefu unahusu nini?::Uunganikaji mzuri wa aya moja hadi nyingine bila kupoteza dhamira kuu.,
2023-JSS015-Kidato IV,Kutoa huduma ya lugha ya Kiswahili katika jamii,Kuhariri matini mbalimbali za Kiswahili,Kutathmini matini zilizohaririwa,Kutathmini Matini Zilizohaririwa,10,Uchunguzi,Kuwaongoza Wanafunzi,Mwanafunzi ataweza kutathmini matini zilizohaririwa kwa kuzingatia ubora wa marekebisho yaliyofanywa.,Matini kabla na baada ya uhariri|Kadi za vigezo vya tathmini|Ubao,"TET(2023), MUHTASARI WA KISWAHILI ELIMU YA SEKONDARI KIDATO CHA I-IV, TET, DAR ES SALAAM",Kutathmini matini zilizohaririwa ni kupima kama marekebisho yaliyofanywa yameongeza ubora wa matini bila kubadilisha maana iliyokusudiwa na mwandishi wa asili.,"Mtathmini hulinganisha nakala ya awali na nakala iliyohaririwa ili kubaini kama makosa ya kisarufi na tahajia yamerekebishwa ipasavyo, na kama mtiririko wa hoja umeboreka. Vigezo vya tathmini ni pamoja na uwazi wa lugha, usahihi wa kisarufi, na uhifadhi wa maana asili ya mwandishi. Tathmini hii husaidia kupima umahiri wa mhariri katika kazi yake.","Mfano, mtathmini anapolinganisha ripoti ya awali na iliyohaririwa, aweza kubaini kwamba makosa kumi ya tahajia yamerekebishwa na mtiririko wa aya umeboreka bila kubadilisha ujumbe wa awali.",Wanafunzi hutathmini kazi za wenzao zilizohaririwa katika vikundi vya kujifunza ili kutoa mrejesho wa kuboresha zaidi.,Kutathmini matini zilizohaririwa kunalenga nini?::Kupima kama marekebisho yameongeza ubora wa matini bila kubadilisha maana iliyokusudiwa.||Taja kigezo kimoja cha kutathmini uhariri.::Uwazi wa lugha au usahihi wa kisarufi.||Kwa nini ni muhimu kulinganisha nakala ya awali na iliyohaririwa?::Ili kubaini mabadiliko yaliyofanyika na kuthibitisha kama yameboresha matini.,
2023-JSS015-Kidato IV,Kutoa huduma ya lugha ya Kiswahili katika jamii,Kufanya ukalimani sahili kwa lugha ya Kiswahili,Kujadili dhana na misingi ya ukalimani (maana na istilahi zinazotokana na fasili ya ukalimani),Dhana na Misingi ya Ukalimani,8,Majadiliano,Kuwaongoza Wanafunzi,Mwanafunzi ataweza kujadili dhana na misingi ya ukalimani akieleza maana na istilahi zinazotokana na fasili ya ukalimani.,Chati ya istilahi za ukalimani|Video za ukalimani|Ubao,"TET(2023), MUHTASARI WA KISWAHILI ELIMU YA SEKONDARI KIDATO CHA I-IV, TET, DAR ES SALAAM",Ukalimani ni mchakato wa kuhamisha ujumbe wa mazungumzo kwa mdomo kutoka lugha moja kwenda nyingine papo kwa papo au baada ya muda mfupi.,"Tofauti na tafsiri inayohusu maandishi, ukalimani hushughulika na mazungumzo ya mdomo na huhitaji ufasaha wa haraka wa lugha zote mbili. Istilahi muhimu za ukalimani ni pamoja na mkalimani (mtu anayefanya ukalimani), lugha chanzi, lugha lengwa, ukalimani wa papo kwa papo na ukalimani wa mfuatano. Misingi ya ukalimani hujumuisha usahihi wa ujumbe, kasi na uaminifu kwa maana ya asili.","Mfano, katika mkutano wa kimataifa, mkalimani husikiliza msemaji akizungumza Kiingereza na papo hapo hutafsiri ujumbe huo kwa Kiswahili kwa wasikilizaji.",Wanafunzi hufanya ukalimani mdogo wanapowasaidia wageni wasioelewa Kiswahili kuwasiliana na jamii inayowazunguka.,Ukalimani ni nini?::Ni mchakato wa kuhamisha ujumbe wa mazungumzo kwa mdomo kutoka lugha moja kwenda nyingine.||Ni tofauti gani kati ya tafsiri na ukalimani?::Tafsiri huhusu maandishi wakati ukalimani huhusu mazungumzo ya mdomo.||Taja aina moja ya ukalimani.::Ukalimani wa papo kwa papo au ukalimani wa mfuatano.,
2023-JSS015-Kidato IV,Kutoa huduma ya lugha ya Kiswahili katika jamii,Kufanya ukalimani sahili kwa lugha ya Kiswahili,Kueleza stadi muhimu katika ukalimani,Stadi Muhimu katika Ukalimani,8,Majadiliano,Kuwaongoza Wanafunzi,Mwanafunzi ataweza kueleza stadi muhimu katika ukalimani.,Chati ya stadi za ukalimani|Kinasa sauti|Ubao,"TET(2023), MUHTASARI WA KISWAHILI ELIMU YA SEKONDARI KIDATO CHA I-IV, TET, DAR ES SALAAM",Ukalimani wenye ufanisi hutegemea stadi maalum zinazomwezesha mkalimani kuwasilisha ujumbe kwa usahihi na haraka.,"Stadi muhimu za ukalimani ni pamoja na usikilizaji makini, kumbukumbu nzuri ya muda mfupi, uwezo wa kufikiri haraka, ufasaha katika lugha zote mbili, na uwezo wa kudhibiti msongo wa mawazo wakati wa kufanya kazi. Mkalimani stadi pia huhitaji maarifa mapana ya tamaduni za lugha zote anazozifanyia kazi ili aweze kuwasilisha maana kamili bila upotoshaji. Mazoezi ya mara kwa mara huimarisha stadi hizi zote.","Mfano, mkalimani anayefanya kazi katika mkutano wa afya lazima awe na kumbukumbu nzuri ya kuweza kuhifadhi hoja za msemaji kwa muda mfupi kabla ya kuzitafsiri kwa hadhira.",Wanafunzi hujizoeza stadi za ukumbukumbu na usikilizaji makini wanapofanya mazoezi ya ukalimani darasani.,Taja stadi moja muhimu ya mkalimani.::Usikilizaji makini au kumbukumbu nzuri ya muda mfupi.||Kwa nini mkalimani anahitaji ufasaha wa lugha zote mbili?::Ili aweze kuwasilisha ujumbe kwa usahihi bila kupoteza maana kati ya lugha chanzi na lengwa.||Kwa nini maarifa ya tamaduni ni muhimu kwa mkalimani?::Husaidia kuwasilisha maana kamili ya ujumbe bila upotoshaji wa kiutamaduni.,
2023-JSS015-Kidato IV,Kutoa huduma ya lugha ya Kiswahili katika jamii,Kufanya ukalimani sahili kwa lugha ya Kiswahili,Kukalimani mazungumzo mafupi na sahili katika miktadha mbalimbali,Kukalimani Mazungumzo Mafupi na Sahili,8,Kazimradi,Kuwaongoza Wanafunzi,Mwanafunzi ataweza kukalimani mazungumzo mafupi na sahili katika miktadha mbalimbali.,Mazungumzo ya mfano ya lugha mbili|Kinasa sauti|Ubao,"TET(2023), MUHTASARI WA KISWAHILI ELIMU YA SEKONDARI KIDATO CHA I-IV, TET, DAR ES SALAAM",Zoezi la vitendo la kukalimani mazungumzo mafupi humwezesha mwanafunzi kutumia stadi na maarifa ya ukalimani aliyojifunza kinadharia.,"Mwanafunzi anayekalimani mazungumzo mafupi husikiliza sentensi au aya fupi katika lugha chanzi na papo hapo huitafsiri kwa lugha lengwa akizingatia usahihi na kasi. Miktadha inayoweza kutumika ni pamoja na mazungumzo ya sokoni, hospitalini au shuleni. Mazoezi haya husaidia mwanafunzi kujenga ujasiri na ufanisi katika kufanya ukalimani wa mazungumzo marefu zaidi baadaye.","Mfano, katika mazungumzo ya sokoni, muuzaji anaposema How much is this? mkalimani mwanafunzi hukalimani papo hapo kwa Kiswahili kama Hii ni bei gani?",Wanafunzi hukalimani mazungumzo mafupi wanapowasaidia wazazi au wageni wasioelewa lugha fulani katika shughuli za kila siku.,"Kwa nini ni muhimu kuanza mazoezi ya ukalimani kwa mazungumzo mafupi?::Ili kujenga ujasiri na stadi za msingi kabla ya kukabiliana na mazungumzo marefu na magumu zaidi.||Taja muktadha mmoja unaofaa kwa mazoezi ya ukalimani.::Sokoni, hospitalini au shuleni.||Kalimani sentensi Thank you very much kwa Kiswahili.::Asante sana.",
