subject_version_code,main_competence_name,specific_competence_name,learning_activity_name,sla_name,sla_periods,sla_method,sla_leading,sla_assessment_criteria,sla_teaching_aids,sla_references,sla_notes_intro,sla_notes_details,sla_notes_illustrations,sla_notes_daily_life,sla_exercise,sla_diagram_type
2023-JSS014-Kidato I,Manage information search from different sources for lifelong learning,Use ICT tools to search for information from different sources,"Familiarise with various types of search engines (e.g., Google, Google Scholar, Bing)",Searching for information: Familiarise with various types of search engines,9,Task-based learning,Kuwaongoza Wanafunzi,Students are able to familiarise with various types of search engines accurately and confidently.,Computers/smartphones with internet access|Projector|Sample search results,"TET(2023), ENGLISH LANGUAGE SYLLABUS FOR ORDINARY SECONDARY EDUCATION, TET, DAR ES SALAAM",This lesson introduces students to using ICT tools to familiarise with various types of search engines. Effective information search skills allow a learner to locate reliable material quickly for study and lifelong learning.,"Students learn the difference between general search engines and specialised ones (e.g., Google, Google Scholar), and practise typing focused keywords instead of full sentences. They also learn to judge the reliability of a source by checking its author, date and domain, and to save or bookmark useful materials such as books, journals and articles for later use.","For example, a student researching 'causes of deforestation in Tanzania' types the keywords 'deforestation causes Tanzania' into a search engine, then compares results from a news site and an educational site to see which gives more reliable information.","Learners use these same search skills at home or in a cyber cafe to complete homework, prepare presentations, or find information for personal projects.","Name two examples of search engines that can be used to find information.::Any two of: Google, Google Scholar, Bing.||Why is it important to check the source of information found online?::To make sure the information is accurate and reliable before using it.||Give one keyword phrase you would type to search for information about climate change.::Any reasonable focused phrase, e.g. 'causes of climate change'.",
2023-JSS014-Kidato I,Manage information search from different sources for lifelong learning,Use ICT tools to search for information from different sources,"Utilise ICT tools to search for general information (e.g., books, journals)",Searching for information: Utilise ICT tools to search for general information,9,Demonstration,Kuwaongoza Wanafunzi,Students are able to utilise ICT tools to search for general information accurately and confidently.,Projector|Sample search results|Worksheet,"TET(2023), ENGLISH LANGUAGE SYLLABUS FOR ORDINARY SECONDARY EDUCATION, TET, DAR ES SALAAM",This lesson introduces students to using ICT tools to utilise ICT tools to search for general information. Effective information search skills allow a learner to locate reliable material quickly for study and lifelong learning.,"Students learn the difference between general search engines and specialised ones (e.g., Google, Google Scholar), and practise typing focused keywords instead of full sentences. They also learn to judge the reliability of a source by checking its author, date and domain, and to save or bookmark useful materials such as books, journals and articles for later use.","For example, a student researching 'causes of deforestation in Tanzania' types the keywords 'deforestation causes Tanzania' into a search engine, then compares results from a news site and an educational site to see which gives more reliable information.","Learners use these same search skills at home or in a cyber cafe to complete homework, prepare presentations, or find information for personal projects.","Name two examples of search engines that can be used to find information.::Any two of: Google, Google Scholar, Bing.||Why is it important to check the source of information found online?::To make sure the information is accurate and reliable before using it.||Give one keyword phrase you would type to search for information about climate change.::Any reasonable focused phrase, e.g. 'causes of climate change'.",
2023-JSS014-Kidato I,Demonstrate mastery of English language skills,Develop listening skills,Answer questions based on information from presentations/tasks,Listening task: Answer questions based on information from presentations/tasks,4,Discussion,Kuwaongoza Wanafunzi,Students are able to answer questions based on information from presentations/tasks accurately and confidently.,Audio recordings|Radio/TV clips|Flashcards,"TET(2023), ENGLISH LANGUAGE SYLLABUS FOR ORDINARY SECONDARY EDUCATION, TET, DAR ES SALAAM","This lesson helps students to answer questions based on information from presentations/tasks after listening to spoken texts such as presentations, stories or recordings. Strong listening comprehension is the foundation for accurate spoken and written responses.","Students listen attentively to an oral text (a presentation, recording, or teacher narration), note down key words and ideas, and then use these notes to respond, summarise or paraphrase what they heard. Emphasis is placed on listening for gist first, then for specific details, before producing an accurate spoken or written response.","For example, after listening to a short recorded story about a market day, students identify who the characters are, what happened first, next and last, and then retell the story in their own words to a partner.","This skill helps learners follow announcements, instructions and conversations correctly in everyday situations such as at school, at home or on the radio.",What should a listener do before trying to answer questions about a spoken text?::Listen attentively for the overall meaning (gist) before focusing on specific details.||Why is note-taking useful while listening?::It helps the listener remember key ideas to use when responding or summarising.||State one way to check that you understood a spoken message correctly.::Restate or paraphrase the message back to the speaker to confirm understanding.,
2023-JSS014-Kidato I,Demonstrate mastery of English language skills,Develop listening skills,Practise pronunciation of words from oral and audio/audio-visual sources,Pronunciation practice: Practise pronunciation of words from oral and audio/audio-visual s,4,Drill,Kuwaongoza Wanafunzi,Students are able to practise pronunciation of words from oral and audio/audio-visual sources accurately and confidently.,Audio recordings|Word cards|Dictionary,"TET(2023), ENGLISH LANGUAGE SYLLABUS FOR ORDINARY SECONDARY EDUCATION, TET, DAR ES SALAAM","This lesson focuses on helping students to practise pronunciation of words from oral and audio/audio-visual sources, building intelligible pronunciation and fluency in spoken English.","Students listen to a model (teacher or recording) pronouncing target words or sounds correctly, then practise through repetition, tongue twisters, games or dictation. Attention is paid to sound distinctions (minimal pairs), word stress, and vowel length, since these features change the meaning of words in English.","For example, students practise the minimal pair 'ship' and 'sheep', noting that the short vowel /ɪ/ in 'ship' differs from the long vowel /iː/ in 'sheep', and that mispronouncing one changes the meaning of the word.","Clear pronunciation helps learners communicate confidently and be understood correctly in conversations, interviews and presentations.","Give one pair of words that sound almost the same but have different meanings.::Any correct minimal pair, e.g. 'ship/sheep' or 'cat/cut'.||Why is word stress important in English pronunciation?::Because placing stress on the wrong syllable can change the meaning or make a word hard to understand.||What technique can a learner use to practise difficult sounds?::Repeating tongue twisters or words after a model speaker (drilling).",
2023-JSS014-Kidato I,Demonstrate mastery of English language skills,Develop listening skills,Write words heard from oral and audio/audio-visual sources,Pronunciation practice: Write words heard from oral and audio/audio-visual sources,4,Dictation,Kuwaongoza Wanafunzi,Students are able to write words heard from oral and audio/audio-visual sources accurately and confidently.,Word cards|Dictionary|Mirror for articulation practice,"TET(2023), ENGLISH LANGUAGE SYLLABUS FOR ORDINARY SECONDARY EDUCATION, TET, DAR ES SALAAM","This lesson focuses on helping students to write words heard from oral and audio/audio-visual sources, building intelligible pronunciation and fluency in spoken English.","Students listen to a model (teacher or recording) pronouncing target words or sounds correctly, then practise through repetition, tongue twisters, games or dictation. Attention is paid to sound distinctions (minimal pairs), word stress, and vowel length, since these features change the meaning of words in English.","For example, students practise the minimal pair 'ship' and 'sheep', noting that the short vowel /ɪ/ in 'ship' differs from the long vowel /iː/ in 'sheep', and that mispronouncing one changes the meaning of the word.","Clear pronunciation helps learners communicate confidently and be understood correctly in conversations, interviews and presentations.","Give one pair of words that sound almost the same but have different meanings.::Any correct minimal pair, e.g. 'ship/sheep' or 'cat/cut'.||Why is word stress important in English pronunciation?::Because placing stress on the wrong syllable can change the meaning or make a word hard to understand.||What technique can a learner use to practise difficult sounds?::Repeating tongue twisters or words after a model speaker (drilling).",
2023-JSS014-Kidato I,Demonstrate mastery of English language skills,Develop listening skills,Reproduce messages from oral presentations,Listening task: Reproduce messages from oral presentations,3,Presentation,Kuwaongoza Wanafunzi,Students are able to reproduce messages from oral presentations accurately and confidently.,Radio/TV clips|Flashcards|Worksheet,"TET(2023), ENGLISH LANGUAGE SYLLABUS FOR ORDINARY SECONDARY EDUCATION, TET, DAR ES SALAAM","This lesson helps students to reproduce messages from oral presentations after listening to spoken texts such as presentations, stories or recordings. Strong listening comprehension is the foundation for accurate spoken and written responses.","Students listen attentively to an oral text (a presentation, recording, or teacher narration), note down key words and ideas, and then use these notes to respond, summarise or paraphrase what they heard. Emphasis is placed on listening for gist first, then for specific details, before producing an accurate spoken or written response.","For example, after listening to a short recorded story about a market day, students identify who the characters are, what happened first, next and last, and then retell the story in their own words to a partner.","This skill helps learners follow announcements, instructions and conversations correctly in everyday situations such as at school, at home or on the radio.",What should a listener do before trying to answer questions about a spoken text?::Listen attentively for the overall meaning (gist) before focusing on specific details.||Why is note-taking useful while listening?::It helps the listener remember key ideas to use when responding or summarising.||State one way to check that you understood a spoken message correctly.::Restate or paraphrase the message back to the speaker to confirm understanding.,
2023-JSS014-Kidato I,Demonstrate mastery of English language skills,Produce short and coherent oral messages with intelligible pronunciation and fluency,Distinguish words with minimal sound distinctions that have different meanings (cut/cat; paper/pepper; date/debt),Pronunciation practice: Distinguish words with minimal sound distinctions that have differ,4,Modelling,Kuwaongoza Wanafunzi,Students are able to distinguish words with minimal sound distinctions that have different meanings accurately and confidently.,Dictionary|Mirror for articulation practice|Audio recordings,"TET(2023), ENGLISH LANGUAGE SYLLABUS FOR ORDINARY SECONDARY EDUCATION, TET, DAR ES SALAAM","This lesson focuses on helping students to distinguish words with minimal sound distinctions that have different meanings, building intelligible pronunciation and fluency in spoken English.","Students listen to a model (teacher or recording) pronouncing target words or sounds correctly, then practise through repetition, tongue twisters, games or dictation. Attention is paid to sound distinctions (minimal pairs), word stress, and vowel length, since these features change the meaning of words in English.","For example, students practise the minimal pair 'ship' and 'sheep', noting that the short vowel /ɪ/ in 'ship' differs from the long vowel /iː/ in 'sheep', and that mispronouncing one changes the meaning of the word.","Clear pronunciation helps learners communicate confidently and be understood correctly in conversations, interviews and presentations.","Give one pair of words that sound almost the same but have different meanings.::Any correct minimal pair, e.g. 'ship/sheep' or 'cat/cut'.||Why is word stress important in English pronunciation?::Because placing stress on the wrong syllable can change the meaning or make a word hard to understand.||What technique can a learner use to practise difficult sounds?::Repeating tongue twisters or words after a model speaker (drilling).",
2023-JSS014-Kidato I,Demonstrate mastery of English language skills,Produce short and coherent oral messages with intelligible pronunciation and fluency,Practise pronunciation with proper word stress assignment,Pronunciation practice: Practise pronunciation with proper word stress assignment,4,Games,Kuwaongoza Wanafunzi,Students are able to practise pronunciation with proper word stress assignment accurately and confidently.,Mirror for articulation practice|Audio recordings|Word cards,"TET(2023), ENGLISH LANGUAGE SYLLABUS FOR ORDINARY SECONDARY EDUCATION, TET, DAR ES SALAAM","This lesson focuses on helping students to practise pronunciation with proper word stress assignment, building intelligible pronunciation and fluency in spoken English.","Students listen to a model (teacher or recording) pronouncing target words or sounds correctly, then practise through repetition, tongue twisters, games or dictation. Attention is paid to sound distinctions (minimal pairs), word stress, and vowel length, since these features change the meaning of words in English.","For example, students practise the minimal pair 'ship' and 'sheep', noting that the short vowel /ɪ/ in 'ship' differs from the long vowel /iː/ in 'sheep', and that mispronouncing one changes the meaning of the word.","Clear pronunciation helps learners communicate confidently and be understood correctly in conversations, interviews and presentations.","Give one pair of words that sound almost the same but have different meanings.::Any correct minimal pair, e.g. 'ship/sheep' or 'cat/cut'.||Why is word stress important in English pronunciation?::Because placing stress on the wrong syllable can change the meaning or make a word hard to understand.||What technique can a learner use to practise difficult sounds?::Repeating tongue twisters or words after a model speaker (drilling).",
2023-JSS014-Kidato I,Demonstrate mastery of English language skills,Produce short and coherent oral messages with intelligible pronunciation and fluency,"Practise pronunciation of words with short and long vowels (e.g., sit/seat, hit/heat, pot/port)",Pronunciation practice: Practise pronunciation of words with short and long vowels,4,Choral repetition,Kuwaongoza Wanafunzi,Students are able to practise pronunciation of words with short and long vowels accurately and confidently.,Audio recordings|Word cards|Dictionary,"TET(2023), ENGLISH LANGUAGE SYLLABUS FOR ORDINARY SECONDARY EDUCATION, TET, DAR ES SALAAM","This lesson focuses on helping students to practise pronunciation of words with short and long vowels, building intelligible pronunciation and fluency in spoken English.","Students listen to a model (teacher or recording) pronouncing target words or sounds correctly, then practise through repetition, tongue twisters, games or dictation. Attention is paid to sound distinctions (minimal pairs), word stress, and vowel length, since these features change the meaning of words in English.","For example, students practise the minimal pair 'ship' and 'sheep', noting that the short vowel /ɪ/ in 'ship' differs from the long vowel /iː/ in 'sheep', and that mispronouncing one changes the meaning of the word.","Clear pronunciation helps learners communicate confidently and be understood correctly in conversations, interviews and presentations.","Give one pair of words that sound almost the same but have different meanings.::Any correct minimal pair, e.g. 'ship/sheep' or 'cat/cut'.||Why is word stress important in English pronunciation?::Because placing stress on the wrong syllable can change the meaning or make a word hard to understand.||What technique can a learner use to practise difficult sounds?::Repeating tongue twisters or words after a model speaker (drilling).",
2023-JSS014-Kidato I,Demonstrate mastery of English language skills,Produce short and coherent oral messages with intelligible pronunciation and fluency,"Practise pronunciation of unfamiliar sounds (e.g., through the use of tongue twisters, songs, poems)",Pronunciation practice: Practise pronunciation of unfamiliar sounds,3,Drill,Kuwaongoza Wanafunzi,Students are able to practise pronunciation of unfamiliar sounds accurately and confidently.,Word cards|Dictionary|Mirror for articulation practice,"TET(2023), ENGLISH LANGUAGE SYLLABUS FOR ORDINARY SECONDARY EDUCATION, TET, DAR ES SALAAM","This lesson focuses on helping students to practise pronunciation of unfamiliar sounds, building intelligible pronunciation and fluency in spoken English.","Students listen to a model (teacher or recording) pronouncing target words or sounds correctly, then practise through repetition, tongue twisters, games or dictation. Attention is paid to sound distinctions (minimal pairs), word stress, and vowel length, since these features change the meaning of words in English.","For example, students practise the minimal pair 'ship' and 'sheep', noting that the short vowel /ɪ/ in 'ship' differs from the long vowel /iː/ in 'sheep', and that mispronouncing one changes the meaning of the word.","Clear pronunciation helps learners communicate confidently and be understood correctly in conversations, interviews and presentations.","Give one pair of words that sound almost the same but have different meanings.::Any correct minimal pair, e.g. 'ship/sheep' or 'cat/cut'.||Why is word stress important in English pronunciation?::Because placing stress on the wrong syllable can change the meaning or make a word hard to understand.||What technique can a learner use to practise difficult sounds?::Repeating tongue twisters or words after a model speaker (drilling).",
2023-JSS014-Kidato I,Demonstrate mastery of English language skills,Produce short and coherent oral messages with intelligible pronunciation and fluency,"Practise pronunciation of words with similar sounds that have different spellings (e.g., one/won, ewe/you)",Pronunciation practice: Practise pronunciation of words with similar sounds that have diff,3,Dictation,Kuwaongoza Wanafunzi,Students are able to practise pronunciation of words with similar sounds that have different spellings accurately and confidently.,Dictionary|Mirror for articulation practice|Audio recordings,"TET(2023), ENGLISH LANGUAGE SYLLABUS FOR ORDINARY SECONDARY EDUCATION, TET, DAR ES SALAAM","This lesson focuses on helping students to practise pronunciation of words with similar sounds that have different spellings, building intelligible pronunciation and fluency in spoken English.","Students listen to a model (teacher or recording) pronouncing target words or sounds correctly, then practise through repetition, tongue twisters, games or dictation. Attention is paid to sound distinctions (minimal pairs), word stress, and vowel length, since these features change the meaning of words in English.","For example, students practise the minimal pair 'ship' and 'sheep', noting that the short vowel /ɪ/ in 'ship' differs from the long vowel /iː/ in 'sheep', and that mispronouncing one changes the meaning of the word.","Clear pronunciation helps learners communicate confidently and be understood correctly in conversations, interviews and presentations.","Give one pair of words that sound almost the same but have different meanings.::Any correct minimal pair, e.g. 'ship/sheep' or 'cat/cut'.||Why is word stress important in English pronunciation?::Because placing stress on the wrong syllable can change the meaning or make a word hard to understand.||What technique can a learner use to practise difficult sounds?::Repeating tongue twisters or words after a model speaker (drilling).",
2023-JSS014-Kidato I,Demonstrate mastery of English language skills,Develop vocabulary from conversations and written texts,"Write new vocabulary from conversations and written texts on particular topics (e.g., politics, sports, tourism, agriculture)",Vocabulary building: Write new vocabulary from conversations and written texts on particul,7,Brainstorming,Kuwaongoza Wanafunzi,Students are able to write new vocabulary from conversations and written texts on particular topics accurately and confidently.,Flashcards|Dictionary|Word charts,"TET(2023), ENGLISH LANGUAGE SYLLABUS FOR ORDINARY SECONDARY EDUCATION, TET, DAR ES SALAAM","This lesson helps students to write new vocabulary from conversations and written texts on particular topics, expanding their word bank for both oral and written communication.","Students identify new words from texts or conversations, work out their meanings from context, record them with definitions and example sentences, and use them actively in speaking and writing. Word-formation techniques such as adding prefixes and suffixes, and relationships such as synonyms and antonyms, are used to deepen understanding.","For example, from the word 'kind', students form the antonym 'unkind' by adding the prefix 'un-', and the adverb 'kindly' by adding the suffix '-ly', then use each new word in a sentence.","A wide vocabulary helps learners express themselves precisely when writing letters, telling stories, or discussing topics such as sports, tourism or agriculture.",Form the opposite of the word 'kind' by adding a prefix.::Unkind.||Change the adjective 'slow' into an adverb.::Slowly.||Use the word 'agriculture' in a sentence of your own.::Any grammatically correct sentence using 'agriculture' correctly.,
2023-JSS014-Kidato I,Demonstrate mastery of English language skills,Develop vocabulary from conversations and written texts,Construct sentences using vocabulary acquired from conversations and written texts,Vocabulary building: Construct sentences using vocabulary acquired from conversations and,6,Word games,Kuwaongoza Wanafunzi,Students are able to construct sentences using vocabulary acquired from conversations and written texts accurately and confidently.,Dictionary|Word charts|Charades cards,"TET(2023), ENGLISH LANGUAGE SYLLABUS FOR ORDINARY SECONDARY EDUCATION, TET, DAR ES SALAAM","This lesson helps students to construct sentences using vocabulary acquired from conversations and written texts, expanding their word bank for both oral and written communication.","Students identify new words from texts or conversations, work out their meanings from context, record them with definitions and example sentences, and use them actively in speaking and writing. Word-formation techniques such as adding prefixes and suffixes, and relationships such as synonyms and antonyms, are used to deepen understanding.","For example, from the word 'kind', students form the antonym 'unkind' by adding the prefix 'un-', and the adverb 'kindly' by adding the suffix '-ly', then use each new word in a sentence.","A wide vocabulary helps learners express themselves precisely when writing letters, telling stories, or discussing topics such as sports, tourism or agriculture.",Form the opposite of the word 'kind' by adding a prefix.::Unkind.||Change the adjective 'slow' into an adverb.::Slowly.||Use the word 'agriculture' in a sentence of your own.::Any grammatically correct sentence using 'agriculture' correctly.,
2023-JSS014-Kidato I,Demonstrate mastery of English language skills,Develop vocabulary from conversations and written texts,"Play vocabulary building games using digital and non-digital resources (e.g., word board games, charades, picture games, flash cards)",Vocabulary building: Play vocabulary building games using digital and non-digital resource,6,Group work,Kuwaongoza Wanafunzi,Students are able to play vocabulary building games using digital and non-digital resources accurately and confidently.,Word charts|Charades cards|Flashcards,"TET(2023), ENGLISH LANGUAGE SYLLABUS FOR ORDINARY SECONDARY EDUCATION, TET, DAR ES SALAAM","This lesson helps students to play vocabulary building games using digital and non-digital resources, expanding their word bank for both oral and written communication.","Students identify new words from texts or conversations, work out their meanings from context, record them with definitions and example sentences, and use them actively in speaking and writing. Word-formation techniques such as adding prefixes and suffixes, and relationships such as synonyms and antonyms, are used to deepen understanding.","For example, from the word 'kind', students form the antonym 'unkind' by adding the prefix 'un-', and the adverb 'kindly' by adding the suffix '-ly', then use each new word in a sentence.","A wide vocabulary helps learners express themselves precisely when writing letters, telling stories, or discussing topics such as sports, tourism or agriculture.",Form the opposite of the word 'kind' by adding a prefix.::Unkind.||Change the adjective 'slow' into an adverb.::Slowly.||Use the word 'agriculture' in a sentence of your own.::Any grammatically correct sentence using 'agriculture' correctly.,
2023-JSS014-Kidato I,Demonstrate mastery of English language skills,Use appropriate grammar and vocabulary in oral and in written language tasks,"Express ideas or opinions in contextualised oral and written language tasks using proper grammar and vocabulary (e.g hospital, market, library, bus stop, sport and games)",Grammar and vocabulary: Express ideas or opinions in contextualised oral and written langu,6,Discussion,Kuwaongoza Wanafunzi,Students are able to express ideas or opinions in contextualised oral and written language tasks using proper grammar and vocabulary accurately and confidently.,Grammar charts|Sample sentences|Realia,"TET(2023), ENGLISH LANGUAGE SYLLABUS FOR ORDINARY SECONDARY EDUCATION, TET, DAR ES SALAAM","This lesson guides students to express ideas or opinions in contextualised oral and written language tasks using proper grammar and vocabulary, using correct grammatical structures and appropriate vocabulary.","Students study the target grammatical structure through examples, identify how it is formed, and practise it by constructing their own sentences orally and in writing. Feedback from peers and the teacher helps students correct errors in tense, agreement, word order and vocabulary choice.","For example, when practising past and present tense forms, a student changes 'She writes a letter every day' (present) to 'She wrote a letter yesterday' (past), noting the change in the verb form.","Accurate grammar allows learners to be clearly understood when narrating events, debating issues or writing formal and informal texts.",Change the sentence 'He writes a story' into the past tense.::He wrote a story.||Identify the subject and verb in the sentence 'The students are discussing the topic.'::Subject: The students; Verb: are discussing.||Correct the error in this sentence: 'She go to school every day.'::She goes to school every day.,
2023-JSS014-Kidato I,Demonstrate mastery of English language skills,Use appropriate grammar and vocabulary in oral and in written language tasks,"Construct sentences using appropriate grammar and vocabulary relating to a specific context (structure: tenses – simple past, simple present, articles, present progressive, pronouns, coordinators, prepositions, adjectives, adverbs)",Grammar and vocabulary: Construct sentences using appropriate grammar and vocabulary relat,5,Debate,Kuwaongoza Wanafunzi,Students are able to construct sentences using appropriate grammar and vocabulary relating to a specific context accurately and confidently.,Sample sentences|Realia|Worksheet,"TET(2023), ENGLISH LANGUAGE SYLLABUS FOR ORDINARY SECONDARY EDUCATION, TET, DAR ES SALAAM","This lesson guides students to construct sentences using appropriate grammar and vocabulary relating to a specific context, using correct grammatical structures and appropriate vocabulary.","Students study the target grammatical structure through examples, identify how it is formed, and practise it by constructing their own sentences orally and in writing. Feedback from peers and the teacher helps students correct errors in tense, agreement, word order and vocabulary choice.","For example, when practising past and present tense forms, a student changes 'She writes a letter every day' (present) to 'She wrote a letter yesterday' (past), noting the change in the verb form.","Accurate grammar allows learners to be clearly understood when narrating events, debating issues or writing formal and informal texts.",Change the sentence 'He writes a story' into the past tense.::He wrote a story.||Identify the subject and verb in the sentence 'The students are discussing the topic.'::Subject: The students; Verb: are discussing.||Correct the error in this sentence: 'She go to school every day.'::She goes to school every day.,
2023-JSS014-Kidato I,Demonstrate mastery of English language skills,Use appropriate grammar and vocabulary in oral and in written language tasks,Debate on topics using proper grammar and vocabulary,Grammar and vocabulary: Debate on topics using proper grammar and vocabulary,5,Guided writing,Kuwaongoza Wanafunzi,Students are able to debate on topics using proper grammar and vocabulary accurately and confidently.,Realia|Worksheet|Grammar charts,"TET(2023), ENGLISH LANGUAGE SYLLABUS FOR ORDINARY SECONDARY EDUCATION, TET, DAR ES SALAAM","This lesson guides students to debate on topics using proper grammar and vocabulary, using correct grammatical structures and appropriate vocabulary.","Students study the target grammatical structure through examples, identify how it is formed, and practise it by constructing their own sentences orally and in writing. Feedback from peers and the teacher helps students correct errors in tense, agreement, word order and vocabulary choice.","For example, when practising past and present tense forms, a student changes 'She writes a letter every day' (present) to 'She wrote a letter yesterday' (past), noting the change in the verb form.","Accurate grammar allows learners to be clearly understood when narrating events, debating issues or writing formal and informal texts.",Change the sentence 'He writes a story' into the past tense.::He wrote a story.||Identify the subject and verb in the sentence 'The students are discussing the topic.'::Subject: The students; Verb: are discussing.||Correct the error in this sentence: 'She go to school every day.'::She goes to school every day.,
2023-JSS014-Kidato I,Comprehend oral and written information,Read texts for comprehension,Sequence the order of events in stories,Reading comprehension: Sequence the order of events in stories,6,Close reading,Kuwaongoza Wanafunzi,Students are able to sequence the order of events in stories accurately and confidently.,Reader/class text|Newspaper articles|Story cards,"TET(2023), ENGLISH LANGUAGE SYLLABUS FOR ORDINARY SECONDARY EDUCATION, TET, DAR ES SALAAM",This lesson develops students' ability to sequence the order of events in stories by engaging closely with written texts.,"Students read a passage silently or aloud, identify key information such as main ideas, sequence of events, facts versus opinions, or the writer's intended meaning, and then respond to comprehension questions orally or in writing. Strategies such as skimming for the main idea, scanning for details, and using context clues to infer meaning are practised.","For example, after reading a short story, students list the events in the order they happened using sequence words such as 'first', 'then', 'after that' and 'finally', before writing a short summary.","These reading skills help learners understand newspapers, notices, textbooks and other texts they meet outside the classroom.","Name two sequence words used to show the order of events in a story.::Any two of: first, then, after that, finally, next.||What is the difference between a fact and an opinion?::A fact can be proven true, while an opinion is a personal belief or judgement.||Explain one strategy for finding the meaning of an unfamiliar word in a text.::Using context clues, such as the surrounding words, to guess the meaning.",
2023-JSS014-Kidato I,Comprehend oral and written information,Read texts for comprehension,Make a summary of stories,Reading comprehension: Make a summary of stories,6,Discussion,Kuwaongoza Wanafunzi,Students are able to make a summary of stories accurately and confidently.,Newspaper articles|Story cards|Worksheet,"TET(2023), ENGLISH LANGUAGE SYLLABUS FOR ORDINARY SECONDARY EDUCATION, TET, DAR ES SALAAM",This lesson develops students' ability to make a summary of stories by engaging closely with written texts.,"Students read a passage silently or aloud, identify key information such as main ideas, sequence of events, facts versus opinions, or the writer's intended meaning, and then respond to comprehension questions orally or in writing. Strategies such as skimming for the main idea, scanning for details, and using context clues to infer meaning are practised.","For example, after reading a short story, students list the events in the order they happened using sequence words such as 'first', 'then', 'after that' and 'finally', before writing a short summary.","These reading skills help learners understand newspapers, notices, textbooks and other texts they meet outside the classroom.","Name two sequence words used to show the order of events in a story.::Any two of: first, then, after that, finally, next.||What is the difference between a fact and an opinion?::A fact can be proven true, while an opinion is a personal belief or judgement.||Explain one strategy for finding the meaning of an unfamiliar word in a text.::Using context clues, such as the surrounding words, to guess the meaning.",
2023-JSS014-Kidato I,Comprehend oral and written information,Read texts for comprehension,Retell stories,Reading comprehension: Retell stories,6,Pair work,Kuwaongoza Wanafunzi,Students are able to retell stories accurately and confidently.,Story cards|Worksheet|Reader/class text,"TET(2023), ENGLISH LANGUAGE SYLLABUS FOR ORDINARY SECONDARY EDUCATION, TET, DAR ES SALAAM",This lesson develops students' ability to retell stories by engaging closely with written texts.,"Students read a passage silently or aloud, identify key information such as main ideas, sequence of events, facts versus opinions, or the writer's intended meaning, and then respond to comprehension questions orally or in writing. Strategies such as skimming for the main idea, scanning for details, and using context clues to infer meaning are practised.","For example, after reading a short story, students list the events in the order they happened using sequence words such as 'first', 'then', 'after that' and 'finally', before writing a short summary.","These reading skills help learners understand newspapers, notices, textbooks and other texts they meet outside the classroom.","Name two sequence words used to show the order of events in a story.::Any two of: first, then, after that, finally, next.||What is the difference between a fact and an opinion?::A fact can be proven true, while an opinion is a personal belief or judgement.||Explain one strategy for finding the meaning of an unfamiliar word in a text.::Using context clues, such as the surrounding words, to guess the meaning.",
2023-JSS014-Kidato I,Comprehend oral and written information,Comprehend oral messages with increasing difficulty,Paraphrase various oral messages from different contexts,Listening task: Paraphrase various oral messages from different contexts,6,Pair work,Kuwaongoza Wanafunzi,Students are able to paraphrase various oral messages from different contexts accurately and confidently.,Flashcards|Worksheet|Audio recordings,"TET(2023), ENGLISH LANGUAGE SYLLABUS FOR ORDINARY SECONDARY EDUCATION, TET, DAR ES SALAAM","This lesson helps students to paraphrase various oral messages from different contexts after listening to spoken texts such as presentations, stories or recordings. Strong listening comprehension is the foundation for accurate spoken and written responses.","Students listen attentively to an oral text (a presentation, recording, or teacher narration), note down key words and ideas, and then use these notes to respond, summarise or paraphrase what they heard. Emphasis is placed on listening for gist first, then for specific details, before producing an accurate spoken or written response.","For example, after listening to a short recorded story about a market day, students identify who the characters are, what happened first, next and last, and then retell the story in their own words to a partner.","This skill helps learners follow announcements, instructions and conversations correctly in everyday situations such as at school, at home or on the radio.",What should a listener do before trying to answer questions about a spoken text?::Listen attentively for the overall meaning (gist) before focusing on specific details.||Why is note-taking useful while listening?::It helps the listener remember key ideas to use when responding or summarising.||State one way to check that you understood a spoken message correctly.::Restate or paraphrase the message back to the speaker to confirm understanding.,
2023-JSS014-Kidato I,Comprehend oral and written information,Comprehend oral messages with increasing difficulty,Respond to oral messages from different contexts,Listening task: Respond to oral messages from different contexts,5,Storytelling,Kuwaongoza Wanafunzi,Students are able to respond to oral messages from different contexts accurately and confidently.,Worksheet|Audio recordings|Radio/TV clips,"TET(2023), ENGLISH LANGUAGE SYLLABUS FOR ORDINARY SECONDARY EDUCATION, TET, DAR ES SALAAM","This lesson helps students to respond to oral messages from different contexts after listening to spoken texts such as presentations, stories or recordings. Strong listening comprehension is the foundation for accurate spoken and written responses.","Students listen attentively to an oral text (a presentation, recording, or teacher narration), note down key words and ideas, and then use these notes to respond, summarise or paraphrase what they heard. Emphasis is placed on listening for gist first, then for specific details, before producing an accurate spoken or written response.","For example, after listening to a short recorded story about a market day, students identify who the characters are, what happened first, next and last, and then retell the story in their own words to a partner.","This skill helps learners follow announcements, instructions and conversations correctly in everyday situations such as at school, at home or on the radio.",What should a listener do before trying to answer questions about a spoken text?::Listen attentively for the overall meaning (gist) before focusing on specific details.||Why is note-taking useful while listening?::It helps the listener remember key ideas to use when responding or summarising.||State one way to check that you understood a spoken message correctly.::Restate or paraphrase the message back to the speaker to confirm understanding.,
2023-JSS014-Kidato I,Comprehend oral and written information,Comprehend oral messages with increasing difficulty,Respond to questions about oral messages,Listening task: Respond to questions about oral messages,5,Question and answer,Kuwaongoza Wanafunzi,Students are able to respond to questions about oral messages accurately and confidently.,Audio recordings|Radio/TV clips|Flashcards,"TET(2023), ENGLISH LANGUAGE SYLLABUS FOR ORDINARY SECONDARY EDUCATION, TET, DAR ES SALAAM","This lesson helps students to respond to questions about oral messages after listening to spoken texts such as presentations, stories or recordings. Strong listening comprehension is the foundation for accurate spoken and written responses.","Students listen attentively to an oral text (a presentation, recording, or teacher narration), note down key words and ideas, and then use these notes to respond, summarise or paraphrase what they heard. Emphasis is placed on listening for gist first, then for specific details, before producing an accurate spoken or written response.","For example, after listening to a short recorded story about a market day, students identify who the characters are, what happened first, next and last, and then retell the story in their own words to a partner.","This skill helps learners follow announcements, instructions and conversations correctly in everyday situations such as at school, at home or on the radio.",What should a listener do before trying to answer questions about a spoken text?::Listen attentively for the overall meaning (gist) before focusing on specific details.||Why is note-taking useful while listening?::It helps the listener remember key ideas to use when responding or summarising.||State one way to check that you understood a spoken message correctly.::Restate or paraphrase the message back to the speaker to confirm understanding.,
2023-JSS014-Kidato I,Comprehend oral and written information,Respond appropriately in a variety of oral and written communication contexts,"Express ideas and opinions in different interpersonal communication settings (e.g., I think…, I guess…, In my opinion…, I would say …)",Communication skills: Express ideas and opinions in different interpersonal communication,5,Role play,Kuwaongoza Wanafunzi,Students are able to express ideas and opinions in different interpersonal communication settings accurately and confidently.,"Role-play cards|Realia (phone, market items)|Dialogue scripts","TET(2023), ENGLISH LANGUAGE SYLLABUS FOR ORDINARY SECONDARY EDUCATION, TET, DAR ES SALAAM","This lesson helps students to express ideas and opinions in different interpersonal communication settings, developing skills for effective interpersonal and group communication.","Students study appropriate language, tone and non-verbal cues (such as eye contact, gestures and facial expression) used in different communicative settings. Through role play, dialogue and discussion, they practise expressing and responding to ideas politely and appropriately depending on the audience and context.","For example, in a role play, one student greets an elder formally using 'Good morning, how are you today?' while greeting a peer informally using 'Hey, what's up?', showing how register changes with audience.","These skills help learners communicate respectfully and effectively with different people in daily life, such as teachers, family members, and the wider community.","Give one example of a non-verbal cue used in communication.::Any correct example, e.g. eye contact, a nod, or a gesture.||Why should language change depending on who you are speaking to?::Because different audiences (e.g. elders versus peers) expect different levels of formality and respect.||Give one polite expression used to express an opinion.::Any correct example, e.g. 'In my opinion...' or 'I think that...'.",
2023-JSS014-Kidato I,Comprehend oral and written information,Respond appropriately in a variety of oral and written communication contexts,Use appropriate non-verbal cues in interpersonal communication,Communication skills: Use appropriate non-verbal cues in interpersonal communication,5,Dialogue,Kuwaongoza Wanafunzi,Students are able to use appropriate non-verbal cues in interpersonal communication accurately and confidently.,"Realia (phone, market items)|Dialogue scripts|Worksheet","TET(2023), ENGLISH LANGUAGE SYLLABUS FOR ORDINARY SECONDARY EDUCATION, TET, DAR ES SALAAM","This lesson helps students to use appropriate non-verbal cues in interpersonal communication, developing skills for effective interpersonal and group communication.","Students study appropriate language, tone and non-verbal cues (such as eye contact, gestures and facial expression) used in different communicative settings. Through role play, dialogue and discussion, they practise expressing and responding to ideas politely and appropriately depending on the audience and context.","For example, in a role play, one student greets an elder formally using 'Good morning, how are you today?' while greeting a peer informally using 'Hey, what's up?', showing how register changes with audience.","These skills help learners communicate respectfully and effectively with different people in daily life, such as teachers, family members, and the wider community.","Give one example of a non-verbal cue used in communication.::Any correct example, e.g. eye contact, a nod, or a gesture.||Why should language change depending on who you are speaking to?::Because different audiences (e.g. elders versus peers) expect different levels of formality and respect.||Give one polite expression used to express an opinion.::Any correct example, e.g. 'In my opinion...' or 'I think that...'.",
2023-JSS014-Kidato I,Comprehend oral and written information,Respond appropriately in a variety of oral and written communication contexts,"Use proper grammar and vocabulary in different interpersonal communication contexts (e.g., greetings, biding farewell, apologising)",Communication skills: Use proper grammar and vocabulary in different interpersonal communi,5,Discussion,Kuwaongoza Wanafunzi,Students are able to use proper grammar and vocabulary in different interpersonal communication contexts accurately and confidently.,Dialogue scripts|Worksheet|Role-play cards,"TET(2023), ENGLISH LANGUAGE SYLLABUS FOR ORDINARY SECONDARY EDUCATION, TET, DAR ES SALAAM","This lesson helps students to use proper grammar and vocabulary in different interpersonal communication contexts, developing skills for effective interpersonal and group communication.","Students study appropriate language, tone and non-verbal cues (such as eye contact, gestures and facial expression) used in different communicative settings. Through role play, dialogue and discussion, they practise expressing and responding to ideas politely and appropriately depending on the audience and context.","For example, in a role play, one student greets an elder formally using 'Good morning, how are you today?' while greeting a peer informally using 'Hey, what's up?', showing how register changes with audience.","These skills help learners communicate respectfully and effectively with different people in daily life, such as teachers, family members, and the wider community.","Give one example of a non-verbal cue used in communication.::Any correct example, e.g. eye contact, a nod, or a gesture.||Why should language change depending on who you are speaking to?::Because different audiences (e.g. elders versus peers) expect different levels of formality and respect.||Give one polite expression used to express an opinion.::Any correct example, e.g. 'In my opinion...' or 'I think that...'.",
2023-JSS014-Kidato I,Comprehend oral and written information,Respond appropriately in a variety of oral and written communication contexts,"Use appropriate language and expressions in communicating with people of different age groups and statuses (e.g., peers, elders, family members, leaders)",Communication skills: Use appropriate language and expressions in communicating with peopl,4,Group work,Kuwaongoza Wanafunzi,Students are able to use appropriate language and expressions in communicating with people of different age groups and statuses accurately and confidently.,"Worksheet|Role-play cards|Realia (phone, market items)","TET(2023), ENGLISH LANGUAGE SYLLABUS FOR ORDINARY SECONDARY EDUCATION, TET, DAR ES SALAAM","This lesson helps students to use appropriate language and expressions in communicating with people of different age groups and statuses, developing skills for effective interpersonal and group communication.","Students study appropriate language, tone and non-verbal cues (such as eye contact, gestures and facial expression) used in different communicative settings. Through role play, dialogue and discussion, they practise expressing and responding to ideas politely and appropriately depending on the audience and context.","For example, in a role play, one student greets an elder formally using 'Good morning, how are you today?' while greeting a peer informally using 'Hey, what's up?', showing how register changes with audience.","These skills help learners communicate respectfully and effectively with different people in daily life, such as teachers, family members, and the wider community.","Give one example of a non-verbal cue used in communication.::Any correct example, e.g. eye contact, a nod, or a gesture.||Why should language change depending on who you are speaking to?::Because different audiences (e.g. elders versus peers) expect different levels of formality and respect.||Give one polite expression used to express an opinion.::Any correct example, e.g. 'In my opinion...' or 'I think that...'.",
2023-JSS014-Kidato I,Communicate effectively in different contexts,Use appropriate grammar and vocabulary for oral communication in a variety of contexts,Express daily routines (structure: present simple),Using grammar: Express daily routines,4,Description,Kuwaongoza Wanafunzi,Students are able to express daily routines accurately and confidently.,Pictures/charts|Realia|Maps,"TET(2023), ENGLISH LANGUAGE SYLLABUS FOR ORDINARY SECONDARY EDUCATION, TET, DAR ES SALAAM","This lesson enables students to express daily routines, applying grammatical structures accurately in a specific context.","Students study the target structure through examples relevant to the context, then practise producing their own oral and written sentences describing real situations. The teacher guides students to notice how the structure changes meaning (for example between ongoing and habitual actions) and corrects common errors.","For example, to express daily routines a student says 'I wake up at six o'clock and go to school', while to express an ongoing action the same student says 'I am going to school now', showing the contrast between simple and progressive forms.","Learners use these structures every day to describe their routines, locations, feelings and needs when talking with family, friends and in the community.","Complete the sentence using the correct tense: 'Every morning, she ___ (walk) to school.'::walks||Rewrite the sentence to show an action happening now: 'He plays football.'::He is playing football.||Give one example sentence describing your own daily routine.::Any grammatically correct sentence describing a routine, e.g. 'I brush my teeth every morning.'",
2023-JSS014-Kidato I,Communicate effectively in different contexts,Use appropriate grammar and vocabulary for oral communication in a variety of contexts,Express ongoing activities (structure: present progressive),Using grammar: Express ongoing activities,4,Role play,Kuwaongoza Wanafunzi,Students are able to express ongoing activities accurately and confidently.,Realia|Maps|Worksheet,"TET(2023), ENGLISH LANGUAGE SYLLABUS FOR ORDINARY SECONDARY EDUCATION, TET, DAR ES SALAAM","This lesson enables students to express ongoing activities, applying grammatical structures accurately in a specific context.","Students study the target structure through examples relevant to the context, then practise producing their own oral and written sentences describing real situations. The teacher guides students to notice how the structure changes meaning (for example between ongoing and habitual actions) and corrects common errors.","For example, to express daily routines a student says 'I wake up at six o'clock and go to school', while to express an ongoing action the same student says 'I am going to school now', showing the contrast between simple and progressive forms.","Learners use these structures every day to describe their routines, locations, feelings and needs when talking with family, friends and in the community.","Complete the sentence using the correct tense: 'Every morning, she ___ (walk) to school.'::walks||Rewrite the sentence to show an action happening now: 'He plays football.'::He is playing football.||Give one example sentence describing your own daily routine.::Any grammatically correct sentence describing a routine, e.g. 'I brush my teeth every morning.'",
2023-JSS014-Kidato I,Communicate effectively in different contexts,Use appropriate grammar and vocabulary for oral communication in a variety of contexts,Express family relationship and occupations (structure: present simple+progressive),Using grammar: Express family relationship and occupations,4,Guided practice,Kuwaongoza Wanafunzi,Students are able to express family relationship and occupations accurately and confidently.,Maps|Worksheet|Pictures/charts,"TET(2023), ENGLISH LANGUAGE SYLLABUS FOR ORDINARY SECONDARY EDUCATION, TET, DAR ES SALAAM","This lesson enables students to express family relationship and occupations, applying grammatical structures accurately in a specific context.","Students study the target structure through examples relevant to the context, then practise producing their own oral and written sentences describing real situations. The teacher guides students to notice how the structure changes meaning (for example between ongoing and habitual actions) and corrects common errors.","For example, to express daily routines a student says 'I wake up at six o'clock and go to school', while to express an ongoing action the same student says 'I am going to school now', showing the contrast between simple and progressive forms.","Learners use these structures every day to describe their routines, locations, feelings and needs when talking with family, friends and in the community.","Complete the sentence using the correct tense: 'Every morning, she ___ (walk) to school.'::walks||Rewrite the sentence to show an action happening now: 'He plays football.'::He is playing football.||Give one example sentence describing your own daily routine.::Any grammatically correct sentence describing a routine, e.g. 'I brush my teeth every morning.'",
2023-JSS014-Kidato I,Communicate effectively in different contexts,Use appropriate grammar and vocabulary for oral communication in a variety of contexts,"Express ownership/possession (structure: have/has in present simple and had in past simple, apostrophe, possessive pronouns)",Using grammar: Express ownership/possession,3,Real-life expression,Kuwaongoza Wanafunzi,Students are able to express ownership/possession accurately and confidently.,Worksheet|Pictures/charts|Realia,"TET(2023), ENGLISH LANGUAGE SYLLABUS FOR ORDINARY SECONDARY EDUCATION, TET, DAR ES SALAAM","This lesson enables students to express ownership/possession, applying grammatical structures accurately in a specific context.","Students study the target structure through examples relevant to the context, then practise producing their own oral and written sentences describing real situations. The teacher guides students to notice how the structure changes meaning (for example between ongoing and habitual actions) and corrects common errors.","For example, to express daily routines a student says 'I wake up at six o'clock and go to school', while to express an ongoing action the same student says 'I am going to school now', showing the contrast between simple and progressive forms.","Learners use these structures every day to describe their routines, locations, feelings and needs when talking with family, friends and in the community.","Complete the sentence using the correct tense: 'Every morning, she ___ (walk) to school.'::walks||Rewrite the sentence to show an action happening now: 'He plays football.'::He is playing football.||Give one example sentence describing your own daily routine.::Any grammatically correct sentence describing a routine, e.g. 'I brush my teeth every morning.'",
2023-JSS014-Kidato I,Communicate effectively in different contexts,Use appropriate grammar and vocabulary for oral communication in a variety of contexts,Give directions,Using grammar: Give directions,3,Pair work,Kuwaongoza Wanafunzi,Students are able to give directions accurately and confidently.,Pictures/charts|Realia|Maps,"TET(2023), ENGLISH LANGUAGE SYLLABUS FOR ORDINARY SECONDARY EDUCATION, TET, DAR ES SALAAM","This lesson enables students to give directions, applying grammatical structures accurately in a specific context.","Students study the target structure through examples relevant to the context, then practise producing their own oral and written sentences describing real situations. The teacher guides students to notice how the structure changes meaning (for example between ongoing and habitual actions) and corrects common errors.","For example, to express daily routines a student says 'I wake up at six o'clock and go to school', while to express an ongoing action the same student says 'I am going to school now', showing the contrast between simple and progressive forms.","Learners use these structures every day to describe their routines, locations, feelings and needs when talking with family, friends and in the community.","Complete the sentence using the correct tense: 'Every morning, she ___ (walk) to school.'::walks||Rewrite the sentence to show an action happening now: 'He plays football.'::He is playing football.||Give one example sentence describing your own daily routine.::Any grammatically correct sentence describing a routine, e.g. 'I brush my teeth every morning.'",
2023-JSS014-Kidato I,Communicate effectively in different contexts,Create a variety of texts for different communicative purposes using the appropriate tone and register,"Recognise the main stages of writing texts (e.g., pre-writing, drafting, revising, editing)",Writing task: Recognise the main stages of writing texts,5,Guided writing,Kuwaongoza Wanafunzi,Students are able to recognise the main stages of writing texts accurately and confidently.,Sample letters/emails|Writing frames|Envelopes,"TET(2023), ENGLISH LANGUAGE SYLLABUS FOR ORDINARY SECONDARY EDUCATION, TET, DAR ES SALAAM","This lesson guides students to recognise the main stages of writing texts, developing their ability to write for a specific purpose and audience.","Students study a model text to identify its structure, tone and typical vocabulary, then plan and write their own text following the same conventions. Emphasis is placed on the appropriate greeting or opening, logical organisation of ideas, and a suitable closing, matched to the purpose of the text.","For example, when writing a friendly letter, a student begins with 'Dear Aunt Mary,', writes the body in a warm, personal tone, and closes with 'Your loving nephew,' followed by their name.","These writing skills are used whenever learners need to communicate in writing outside the classroom, such as writing to relatives, applying for opportunities, or sharing news.","Name one part that every letter should include.::Any correct part, e.g. a greeting/salutation, the body, or a closing.||Give an appropriate opening greeting for a letter to a family member.::Any correct example, e.g. 'Dear Mother,' or 'Dear Uncle,'.||Why is it important to plan a piece of writing before starting?::Planning helps organise ideas logically so the final text is clear and well structured.",
2023-JSS014-Kidato I,Communicate effectively in different contexts,Create a variety of texts for different communicative purposes using the appropriate tone and register,"Write a variety of friendly letters and invitations (vocabulary: Dear Father/Uncle, Dear Mother/Aunt, Mr/Mrs…, Dr./Prof./Madam/Ms …)",Writing task: Write a variety of friendly letters and invitations,5,Modelling,Kuwaongoza Wanafunzi,Students are able to write a variety of friendly letters and invitations accurately and confidently.,Writing frames|Envelopes|Worksheet,"TET(2023), ENGLISH LANGUAGE SYLLABUS FOR ORDINARY SECONDARY EDUCATION, TET, DAR ES SALAAM","This lesson guides students to write a variety of friendly letters and invitations, developing their ability to write for a specific purpose and audience.","Students study a model text to identify its structure, tone and typical vocabulary, then plan and write their own text following the same conventions. Emphasis is placed on the appropriate greeting or opening, logical organisation of ideas, and a suitable closing, matched to the purpose of the text.","For example, when writing a friendly letter, a student begins with 'Dear Aunt Mary,', writes the body in a warm, personal tone, and closes with 'Your loving nephew,' followed by their name.","These writing skills are used whenever learners need to communicate in writing outside the classroom, such as writing to relatives, applying for opportunities, or sharing news.","Name one part that every letter should include.::Any correct part, e.g. a greeting/salutation, the body, or a closing.||Give an appropriate opening greeting for a letter to a family member.::Any correct example, e.g. 'Dear Mother,' or 'Dear Uncle,'.||Why is it important to plan a piece of writing before starting?::Planning helps organise ideas logically so the final text is clear and well structured.",
2023-JSS014-Kidato I,Communicate effectively in different contexts,Create a variety of texts for different communicative purposes using the appropriate tone and register,"Create dialogues on various topics (e.g., the value of education, environment, culture, gender equality)",Writing task: Create dialogues on various topics,4,Collaborative writing,Kuwaongoza Wanafunzi,Students are able to create dialogues on various topics accurately and confidently.,Envelopes|Worksheet|Sample letters/emails,"TET(2023), ENGLISH LANGUAGE SYLLABUS FOR ORDINARY SECONDARY EDUCATION, TET, DAR ES SALAAM","This lesson guides students to create dialogues on various topics, developing their ability to write for a specific purpose and audience.","Students study a model text to identify its structure, tone and typical vocabulary, then plan and write their own text following the same conventions. Emphasis is placed on the appropriate greeting or opening, logical organisation of ideas, and a suitable closing, matched to the purpose of the text.","For example, when writing a friendly letter, a student begins with 'Dear Aunt Mary,', writes the body in a warm, personal tone, and closes with 'Your loving nephew,' followed by their name.","These writing skills are used whenever learners need to communicate in writing outside the classroom, such as writing to relatives, applying for opportunities, or sharing news.","Name one part that every letter should include.::Any correct part, e.g. a greeting/salutation, the body, or a closing.||Give an appropriate opening greeting for a letter to a family member.::Any correct example, e.g. 'Dear Mother,' or 'Dear Uncle,'.||Why is it important to plan a piece of writing before starting?::Planning helps organise ideas logically so the final text is clear and well structured.",
2023-JSS014-Kidato I,Communicate effectively in different contexts,Create a variety of texts for different communicative purposes using the appropriate tone and register,Create and express orally daily and weekly timetables for routines,Using grammar: Create and express orally daily and weekly timetables for routines,4,Description,Kuwaongoza Wanafunzi,Students are able to create and express orally daily and weekly timetables for routines accurately and confidently.,Realia|Maps|Worksheet,"TET(2023), ENGLISH LANGUAGE SYLLABUS FOR ORDINARY SECONDARY EDUCATION, TET, DAR ES SALAAM","This lesson enables students to create and express orally daily and weekly timetables for routines, applying grammatical structures accurately in a specific context.","Students study the target structure through examples relevant to the context, then practise producing their own oral and written sentences describing real situations. The teacher guides students to notice how the structure changes meaning (for example between ongoing and habitual actions) and corrects common errors.","For example, to express daily routines a student says 'I wake up at six o'clock and go to school', while to express an ongoing action the same student says 'I am going to school now', showing the contrast between simple and progressive forms.","Learners use these structures every day to describe their routines, locations, feelings and needs when talking with family, friends and in the community.","Complete the sentence using the correct tense: 'Every morning, she ___ (walk) to school.'::walks||Rewrite the sentence to show an action happening now: 'He plays football.'::He is playing football.||Give one example sentence describing your own daily routine.::Any grammatically correct sentence describing a routine, e.g. 'I brush my teeth every morning.'",
2023-JSS014-Kidato II,Demonstrate mastery of English language skills,Develop listening skills,"Participate in various conversations in different communicative settings (e.g., peer discussions, storytelling)",Listening task: Participate in various conversations in different communicative settings,5,Discussion,Kuwaongoza Wanafunzi,Students are able to participate in various conversations in different communicative settings accurately and confidently.,Radio/TV clips|Flashcards|Worksheet,"TET(2023), ENGLISH LANGUAGE SYLLABUS FOR ORDINARY SECONDARY EDUCATION, TET, DAR ES SALAAM","This lesson helps students to participate in various conversations in different communicative settings after listening to spoken texts such as presentations, stories or recordings. Strong listening comprehension is the foundation for accurate spoken and written responses.","Students listen attentively to an oral text (a presentation, recording, or teacher narration), note down key words and ideas, and then use these notes to respond, summarise or paraphrase what they heard. Emphasis is placed on listening for gist first, then for specific details, before producing an accurate spoken or written response.","For example, after listening to a short recorded story about a market day, students identify who the characters are, what happened first, next and last, and then retell the story in their own words to a partner.","This skill helps learners follow announcements, instructions and conversations correctly in everyday situations such as at school, at home or on the radio.",What should a listener do before trying to answer questions about a spoken text?::Listen attentively for the overall meaning (gist) before focusing on specific details.||Why is note-taking useful while listening?::It helps the listener remember key ideas to use when responding or summarising.||State one way to check that you understood a spoken message correctly.::Restate or paraphrase the message back to the speaker to confirm understanding.,
2023-JSS014-Kidato II,Demonstrate mastery of English language skills,Develop listening skills,Summarise information from oral presentations and audio/audio-visual sources,Listening task: Summarise information from oral presentations and audio/audio-visual sourc,5,Presentation,Kuwaongoza Wanafunzi,Students are able to summarise information from oral presentations and audio/audio-visual sources accurately and confidently.,Flashcards|Worksheet|Audio recordings,"TET(2023), ENGLISH LANGUAGE SYLLABUS FOR ORDINARY SECONDARY EDUCATION, TET, DAR ES SALAAM","This lesson helps students to summarise information from oral presentations and audio/audio-visual sources after listening to spoken texts such as presentations, stories or recordings. Strong listening comprehension is the foundation for accurate spoken and written responses.","Students listen attentively to an oral text (a presentation, recording, or teacher narration), note down key words and ideas, and then use these notes to respond, summarise or paraphrase what they heard. Emphasis is placed on listening for gist first, then for specific details, before producing an accurate spoken or written response.","For example, after listening to a short recorded story about a market day, students identify who the characters are, what happened first, next and last, and then retell the story in their own words to a partner.","This skill helps learners follow announcements, instructions and conversations correctly in everyday situations such as at school, at home or on the radio.",What should a listener do before trying to answer questions about a spoken text?::Listen attentively for the overall meaning (gist) before focusing on specific details.||Why is note-taking useful while listening?::It helps the listener remember key ideas to use when responding or summarising.||State one way to check that you understood a spoken message correctly.::Restate or paraphrase the message back to the speaker to confirm understanding.,
2023-JSS014-Kidato II,Demonstrate mastery of English language skills,Develop listening skills,Paraphrase information presented orally,Listening task: Paraphrase information presented orally,5,Pair work,Kuwaongoza Wanafunzi,Students are able to paraphrase information presented orally accurately and confidently.,Worksheet|Audio recordings|Radio/TV clips,"TET(2023), ENGLISH LANGUAGE SYLLABUS FOR ORDINARY SECONDARY EDUCATION, TET, DAR ES SALAAM","This lesson helps students to paraphrase information presented orally after listening to spoken texts such as presentations, stories or recordings. Strong listening comprehension is the foundation for accurate spoken and written responses.","Students listen attentively to an oral text (a presentation, recording, or teacher narration), note down key words and ideas, and then use these notes to respond, summarise or paraphrase what they heard. Emphasis is placed on listening for gist first, then for specific details, before producing an accurate spoken or written response.","For example, after listening to a short recorded story about a market day, students identify who the characters are, what happened first, next and last, and then retell the story in their own words to a partner.","This skill helps learners follow announcements, instructions and conversations correctly in everyday situations such as at school, at home or on the radio.",What should a listener do before trying to answer questions about a spoken text?::Listen attentively for the overall meaning (gist) before focusing on specific details.||Why is note-taking useful while listening?::It helps the listener remember key ideas to use when responding or summarising.||State one way to check that you understood a spoken message correctly.::Restate or paraphrase the message back to the speaker to confirm understanding.,
2023-JSS014-Kidato II,Demonstrate mastery of English language skills,Produce short and coherent oral messages with intelligible pronunciation and fluency,Construct sentences with proper intonation,Pronunciation practice: Construct sentences with proper intonation,8,Modelling,Kuwaongoza Wanafunzi,Students are able to construct sentences with proper intonation accurately and confidently.,Mirror for articulation practice|Audio recordings|Word cards,"TET(2023), ENGLISH LANGUAGE SYLLABUS FOR ORDINARY SECONDARY EDUCATION, TET, DAR ES SALAAM","This lesson focuses on helping students to construct sentences with proper intonation, building intelligible pronunciation and fluency in spoken English.","Students listen to a model (teacher or recording) pronouncing target words or sounds correctly, then practise through repetition, tongue twisters, games or dictation. Attention is paid to sound distinctions (minimal pairs), word stress, and vowel length, since these features change the meaning of words in English.","For example, students practise the minimal pair 'ship' and 'sheep', noting that the short vowel /ɪ/ in 'ship' differs from the long vowel /iː/ in 'sheep', and that mispronouncing one changes the meaning of the word.","Clear pronunciation helps learners communicate confidently and be understood correctly in conversations, interviews and presentations.","Give one pair of words that sound almost the same but have different meanings.::Any correct minimal pair, e.g. 'ship/sheep' or 'cat/cut'.||Why is word stress important in English pronunciation?::Because placing stress on the wrong syllable can change the meaning or make a word hard to understand.||What technique can a learner use to practise difficult sounds?::Repeating tongue twisters or words after a model speaker (drilling).",
2023-JSS014-Kidato II,Demonstrate mastery of English language skills,Produce short and coherent oral messages with intelligible pronunciation and fluency,"Use cohesive devices to deliver oral presentations of events (e.g., first of all, moreover, but, however, yet, in contrast, although, otherwise, still, on the contrary, on the other hand)",Grammar and vocabulary: Use cohesive devices to deliver oral presentations of events,8,Sentence construction practice,Kuwaongoza Wanafunzi,Students are able to use cohesive devices to deliver oral presentations of events accurately and confidently.,Worksheet|Grammar charts|Sample sentences,"TET(2023), ENGLISH LANGUAGE SYLLABUS FOR ORDINARY SECONDARY EDUCATION, TET, DAR ES SALAAM","This lesson guides students to use cohesive devices to deliver oral presentations of events, using correct grammatical structures and appropriate vocabulary.","Students study the target grammatical structure through examples, identify how it is formed, and practise it by constructing their own sentences orally and in writing. Feedback from peers and the teacher helps students correct errors in tense, agreement, word order and vocabulary choice.","For example, when practising past and present tense forms, a student changes 'She writes a letter every day' (present) to 'She wrote a letter yesterday' (past), noting the change in the verb form.","Accurate grammar allows learners to be clearly understood when narrating events, debating issues or writing formal and informal texts.",Change the sentence 'He writes a story' into the past tense.::He wrote a story.||Identify the subject and verb in the sentence 'The students are discussing the topic.'::Subject: The students; Verb: are discussing.||Correct the error in this sentence: 'She go to school every day.'::She goes to school every day.,
2023-JSS014-Kidato II,Demonstrate mastery of English language skills,Develop vocabulary from conversations and written texts,Recognise words with opposite meanings from conversations and written texts,Vocabulary building: Recognise words with opposite meanings from conversations and written,7,Discussion,Kuwaongoza Wanafunzi,Students are able to recognise words with opposite meanings from conversations and written texts accurately and confidently.,Charades cards|Flashcards|Dictionary,"TET(2023), ENGLISH LANGUAGE SYLLABUS FOR ORDINARY SECONDARY EDUCATION, TET, DAR ES SALAAM","This lesson helps students to recognise words with opposite meanings from conversations and written texts, expanding their word bank for both oral and written communication.","Students identify new words from texts or conversations, work out their meanings from context, record them with definitions and example sentences, and use them actively in speaking and writing. Word-formation techniques such as adding prefixes and suffixes, and relationships such as synonyms and antonyms, are used to deepen understanding.","For example, from the word 'kind', students form the antonym 'unkind' by adding the prefix 'un-', and the adverb 'kindly' by adding the suffix '-ly', then use each new word in a sentence.","A wide vocabulary helps learners express themselves precisely when writing letters, telling stories, or discussing topics such as sports, tourism or agriculture.",Form the opposite of the word 'kind' by adding a prefix.::Unkind.||Change the adjective 'slow' into an adverb.::Slowly.||Use the word 'agriculture' in a sentence of your own.::Any grammatically correct sentence using 'agriculture' correctly.,
2023-JSS014-Kidato II,Demonstrate mastery of English language skills,Develop vocabulary from conversations and written texts,"Use words from conversations and written texts to produce new vocabulary by attaching suffixes and prefixes (e.g., kind-unkind; slow-slowly)",Vocabulary building: Use words from conversations and written texts to produce new vocabul,6,Brainstorming,Kuwaongoza Wanafunzi,Students are able to use words from conversations and written texts to produce new vocabulary by attaching suffixes and prefixes accurately and confidently.,Flashcards|Dictionary|Word charts,"TET(2023), ENGLISH LANGUAGE SYLLABUS FOR ORDINARY SECONDARY EDUCATION, TET, DAR ES SALAAM","This lesson helps students to use words from conversations and written texts to produce new vocabulary by attaching suffixes and prefixes, expanding their word bank for both oral and written communication.","Students identify new words from texts or conversations, work out their meanings from context, record them with definitions and example sentences, and use them actively in speaking and writing. Word-formation techniques such as adding prefixes and suffixes, and relationships such as synonyms and antonyms, are used to deepen understanding.","For example, from the word 'kind', students form the antonym 'unkind' by adding the prefix 'un-', and the adverb 'kindly' by adding the suffix '-ly', then use each new word in a sentence.","A wide vocabulary helps learners express themselves precisely when writing letters, telling stories, or discussing topics such as sports, tourism or agriculture.",Form the opposite of the word 'kind' by adding a prefix.::Unkind.||Change the adjective 'slow' into an adverb.::Slowly.||Use the word 'agriculture' in a sentence of your own.::Any grammatically correct sentence using 'agriculture' correctly.,
2023-JSS014-Kidato II,Demonstrate mastery of English language skills,Use appropriate grammar and vocabulary in oral and in written language tasks,Produce contextualised oral and written descriptions based on personal experience,Grammar and vocabulary: Produce contextualised oral and written descriptions based on pers,8,Group work,Kuwaongoza Wanafunzi,Students are able to produce contextualised oral and written descriptions based on personal experience accurately and confidently.,Grammar charts|Sample sentences|Realia,"TET(2023), ENGLISH LANGUAGE SYLLABUS FOR ORDINARY SECONDARY EDUCATION, TET, DAR ES SALAAM","This lesson guides students to produce contextualised oral and written descriptions based on personal experience, using correct grammatical structures and appropriate vocabulary.","Students study the target grammatical structure through examples, identify how it is formed, and practise it by constructing their own sentences orally and in writing. Feedback from peers and the teacher helps students correct errors in tense, agreement, word order and vocabulary choice.","For example, when practising past and present tense forms, a student changes 'She writes a letter every day' (present) to 'She wrote a letter yesterday' (past), noting the change in the verb form.","Accurate grammar allows learners to be clearly understood when narrating events, debating issues or writing formal and informal texts.",Change the sentence 'He writes a story' into the past tense.::He wrote a story.||Identify the subject and verb in the sentence 'The students are discussing the topic.'::Subject: The students; Verb: are discussing.||Correct the error in this sentence: 'She go to school every day.'::She goes to school every day.,
2023-JSS014-Kidato II,Demonstrate mastery of English language skills,Use appropriate grammar and vocabulary in oral and in written language tasks,"Compose passages on specific contexts (structure: tenses –past progressive, present perfect, past perfect, present progressive, adjectives, adverbs, coordinators, prepositions, determiners, conjunctions)",Grammar and vocabulary: Compose passages on specific contexts,8,Discussion,Kuwaongoza Wanafunzi,Students are able to compose passages on specific contexts accurately and confidently.,Sample sentences|Realia|Worksheet,"TET(2023), ENGLISH LANGUAGE SYLLABUS FOR ORDINARY SECONDARY EDUCATION, TET, DAR ES SALAAM","This lesson guides students to compose passages on specific contexts, using correct grammatical structures and appropriate vocabulary.","Students study the target grammatical structure through examples, identify how it is formed, and practise it by constructing their own sentences orally and in writing. Feedback from peers and the teacher helps students correct errors in tense, agreement, word order and vocabulary choice.","For example, when practising past and present tense forms, a student changes 'She writes a letter every day' (present) to 'She wrote a letter yesterday' (past), noting the change in the verb form.","Accurate grammar allows learners to be clearly understood when narrating events, debating issues or writing formal and informal texts.",Change the sentence 'He writes a story' into the past tense.::He wrote a story.||Identify the subject and verb in the sentence 'The students are discussing the topic.'::Subject: The students; Verb: are discussing.||Correct the error in this sentence: 'She go to school every day.'::She goes to school every day.,
2023-JSS014-Kidato II,Demonstrate mastery of English language skills,Use appropriate grammar and vocabulary in oral and in written language tasks,Present messages in formal discussions on various issues using correct grammar and vocabulary,Grammar and vocabulary: Present messages in formal discussions on various issues using cor,7,Debate,Kuwaongoza Wanafunzi,Students are able to present messages in formal discussions on various issues using correct grammar and vocabulary accurately and confidently.,Realia|Worksheet|Grammar charts,"TET(2023), ENGLISH LANGUAGE SYLLABUS FOR ORDINARY SECONDARY EDUCATION, TET, DAR ES SALAAM","This lesson guides students to present messages in formal discussions on various issues using correct grammar and vocabulary, using correct grammatical structures and appropriate vocabulary.","Students study the target grammatical structure through examples, identify how it is formed, and practise it by constructing their own sentences orally and in writing. Feedback from peers and the teacher helps students correct errors in tense, agreement, word order and vocabulary choice.","For example, when practising past and present tense forms, a student changes 'She writes a letter every day' (present) to 'She wrote a letter yesterday' (past), noting the change in the verb form.","Accurate grammar allows learners to be clearly understood when narrating events, debating issues or writing formal and informal texts.",Change the sentence 'He writes a story' into the past tense.::He wrote a story.||Identify the subject and verb in the sentence 'The students are discussing the topic.'::Subject: The students; Verb: are discussing.||Correct the error in this sentence: 'She go to school every day.'::She goes to school every day.,
2023-JSS014-Kidato II,Comprehend oral and written information,Read texts for comprehension,Express the main ideas from a text,Reading comprehension: Express the main ideas from a text,4,Guided reading,Kuwaongoza Wanafunzi,Students are able to express the main ideas from a text accurately and confidently.,Worksheet|Reader/class text|Newspaper articles,"TET(2023), ENGLISH LANGUAGE SYLLABUS FOR ORDINARY SECONDARY EDUCATION, TET, DAR ES SALAAM",This lesson develops students' ability to express the main ideas from a text by engaging closely with written texts.,"Students read a passage silently or aloud, identify key information such as main ideas, sequence of events, facts versus opinions, or the writer's intended meaning, and then respond to comprehension questions orally or in writing. Strategies such as skimming for the main idea, scanning for details, and using context clues to infer meaning are practised.","For example, after reading a short story, students list the events in the order they happened using sequence words such as 'first', 'then', 'after that' and 'finally', before writing a short summary.","These reading skills help learners understand newspapers, notices, textbooks and other texts they meet outside the classroom.","Name two sequence words used to show the order of events in a story.::Any two of: first, then, after that, finally, next.||What is the difference between a fact and an opinion?::A fact can be proven true, while an opinion is a personal belief or judgement.||Explain one strategy for finding the meaning of an unfamiliar word in a text.::Using context clues, such as the surrounding words, to guess the meaning.",
2023-JSS014-Kidato II,Comprehend oral and written information,Read texts for comprehension,Infer meanings of unfamiliar words and idiomatic expressions from a given text,Reading comprehension: Infer meanings of unfamiliar words and idiomatic expressions from a,4,Question and answer,Kuwaongoza Wanafunzi,Students are able to infer meanings of unfamiliar words and idiomatic expressions from a given text accurately and confidently.,Reader/class text|Newspaper articles|Story cards,"TET(2023), ENGLISH LANGUAGE SYLLABUS FOR ORDINARY SECONDARY EDUCATION, TET, DAR ES SALAAM",This lesson develops students' ability to infer meanings of unfamiliar words and idiomatic expressions from a given text by engaging closely with written texts.,"Students read a passage silently or aloud, identify key information such as main ideas, sequence of events, facts versus opinions, or the writer's intended meaning, and then respond to comprehension questions orally or in writing. Strategies such as skimming for the main idea, scanning for details, and using context clues to infer meaning are practised.","For example, after reading a short story, students list the events in the order they happened using sequence words such as 'first', 'then', 'after that' and 'finally', before writing a short summary.","These reading skills help learners understand newspapers, notices, textbooks and other texts they meet outside the classroom.","Name two sequence words used to show the order of events in a story.::Any two of: first, then, after that, finally, next.||What is the difference between a fact and an opinion?::A fact can be proven true, while an opinion is a personal belief or judgement.||Explain one strategy for finding the meaning of an unfamiliar word in a text.::Using context clues, such as the surrounding words, to guess the meaning.",
2023-JSS014-Kidato II,Comprehend oral and written information,Read texts for comprehension,Relate the core messages from a text to real life experiences,Reading comprehension: Relate the core messages from a text to real life experiences,3,Close reading,Kuwaongoza Wanafunzi,Students are able to relate the core messages from a text to real life experiences accurately and confidently.,Newspaper articles|Story cards|Worksheet,"TET(2023), ENGLISH LANGUAGE SYLLABUS FOR ORDINARY SECONDARY EDUCATION, TET, DAR ES SALAAM",This lesson develops students' ability to relate the core messages from a text to real life experiences by engaging closely with written texts.,"Students read a passage silently or aloud, identify key information such as main ideas, sequence of events, facts versus opinions, or the writer's intended meaning, and then respond to comprehension questions orally or in writing. Strategies such as skimming for the main idea, scanning for details, and using context clues to infer meaning are practised.","For example, after reading a short story, students list the events in the order they happened using sequence words such as 'first', 'then', 'after that' and 'finally', before writing a short summary.","These reading skills help learners understand newspapers, notices, textbooks and other texts they meet outside the classroom.","Name two sequence words used to show the order of events in a story.::Any two of: first, then, after that, finally, next.||What is the difference between a fact and an opinion?::A fact can be proven true, while an opinion is a personal belief or judgement.||Explain one strategy for finding the meaning of an unfamiliar word in a text.::Using context clues, such as the surrounding words, to guess the meaning.",
2023-JSS014-Kidato II,Comprehend oral and written information,Comprehend oral messages with increasing difficulty,Synthesise ideas from a variety of oral sources,Listening task: Synthesise ideas from a variety of oral sources,6,Storytelling,Kuwaongoza Wanafunzi,Students are able to synthesise ideas from a variety of oral sources accurately and confidently.,Audio recordings|Radio/TV clips|Flashcards,"TET(2023), ENGLISH LANGUAGE SYLLABUS FOR ORDINARY SECONDARY EDUCATION, TET, DAR ES SALAAM","This lesson helps students to synthesise ideas from a variety of oral sources after listening to spoken texts such as presentations, stories or recordings. Strong listening comprehension is the foundation for accurate spoken and written responses.","Students listen attentively to an oral text (a presentation, recording, or teacher narration), note down key words and ideas, and then use these notes to respond, summarise or paraphrase what they heard. Emphasis is placed on listening for gist first, then for specific details, before producing an accurate spoken or written response.","For example, after listening to a short recorded story about a market day, students identify who the characters are, what happened first, next and last, and then retell the story in their own words to a partner.","This skill helps learners follow announcements, instructions and conversations correctly in everyday situations such as at school, at home or on the radio.",What should a listener do before trying to answer questions about a spoken text?::Listen attentively for the overall meaning (gist) before focusing on specific details.||Why is note-taking useful while listening?::It helps the listener remember key ideas to use when responding or summarising.||State one way to check that you understood a spoken message correctly.::Restate or paraphrase the message back to the speaker to confirm understanding.,
2023-JSS014-Kidato II,Comprehend oral and written information,Comprehend oral messages with increasing difficulty,Summarise information from a variety of oral sources,Listening task: Summarise information from a variety of oral sources,5,Question and answer,Kuwaongoza Wanafunzi,Students are able to summarise information from a variety of oral sources accurately and confidently.,Radio/TV clips|Flashcards|Worksheet,"TET(2023), ENGLISH LANGUAGE SYLLABUS FOR ORDINARY SECONDARY EDUCATION, TET, DAR ES SALAAM","This lesson helps students to summarise information from a variety of oral sources after listening to spoken texts such as presentations, stories or recordings. Strong listening comprehension is the foundation for accurate spoken and written responses.","Students listen attentively to an oral text (a presentation, recording, or teacher narration), note down key words and ideas, and then use these notes to respond, summarise or paraphrase what they heard. Emphasis is placed on listening for gist first, then for specific details, before producing an accurate spoken or written response.","For example, after listening to a short recorded story about a market day, students identify who the characters are, what happened first, next and last, and then retell the story in their own words to a partner.","This skill helps learners follow announcements, instructions and conversations correctly in everyday situations such as at school, at home or on the radio.",What should a listener do before trying to answer questions about a spoken text?::Listen attentively for the overall meaning (gist) before focusing on specific details.||Why is note-taking useful while listening?::It helps the listener remember key ideas to use when responding or summarising.||State one way to check that you understood a spoken message correctly.::Restate or paraphrase the message back to the speaker to confirm understanding.,
2023-JSS014-Kidato II,Comprehend oral and written information,Comprehend oral messages with increasing difficulty,Participate in contextualised oral conversations,Listening task: Participate in contextualised oral conversations,5,Discussion,Kuwaongoza Wanafunzi,Students are able to participate in contextualised oral conversations accurately and confidently.,Flashcards|Worksheet|Audio recordings,"TET(2023), ENGLISH LANGUAGE SYLLABUS FOR ORDINARY SECONDARY EDUCATION, TET, DAR ES SALAAM","This lesson helps students to participate in contextualised oral conversations after listening to spoken texts such as presentations, stories or recordings. Strong listening comprehension is the foundation for accurate spoken and written responses.","Students listen attentively to an oral text (a presentation, recording, or teacher narration), note down key words and ideas, and then use these notes to respond, summarise or paraphrase what they heard. Emphasis is placed on listening for gist first, then for specific details, before producing an accurate spoken or written response.","For example, after listening to a short recorded story about a market day, students identify who the characters are, what happened first, next and last, and then retell the story in their own words to a partner.","This skill helps learners follow announcements, instructions and conversations correctly in everyday situations such as at school, at home or on the radio.",What should a listener do before trying to answer questions about a spoken text?::Listen attentively for the overall meaning (gist) before focusing on specific details.||Why is note-taking useful while listening?::It helps the listener remember key ideas to use when responding or summarising.||State one way to check that you understood a spoken message correctly.::Restate or paraphrase the message back to the speaker to confirm understanding.,
2023-JSS014-Kidato II,Comprehend oral and written information,Respond appropriately in a variety of oral and written communication contexts,"Express ideas and opinions in different group communicative settings (differing, counter-arguing, supporting ideas)",Communication skills: Express ideas and opinions in different group communicative settings,5,Scenario-based practice,Kuwaongoza Wanafunzi,Students are able to express ideas and opinions in different group communicative settings accurately and confidently.,"Role-play cards|Realia (phone, market items)|Dialogue scripts","TET(2023), ENGLISH LANGUAGE SYLLABUS FOR ORDINARY SECONDARY EDUCATION, TET, DAR ES SALAAM","This lesson helps students to express ideas and opinions in different group communicative settings, developing skills for effective interpersonal and group communication.","Students study appropriate language, tone and non-verbal cues (such as eye contact, gestures and facial expression) used in different communicative settings. Through role play, dialogue and discussion, they practise expressing and responding to ideas politely and appropriately depending on the audience and context.","For example, in a role play, one student greets an elder formally using 'Good morning, how are you today?' while greeting a peer informally using 'Hey, what's up?', showing how register changes with audience.","These skills help learners communicate respectfully and effectively with different people in daily life, such as teachers, family members, and the wider community.","Give one example of a non-verbal cue used in communication.::Any correct example, e.g. eye contact, a nod, or a gesture.||Why should language change depending on who you are speaking to?::Because different audiences (e.g. elders versus peers) expect different levels of formality and respect.||Give one polite expression used to express an opinion.::Any correct example, e.g. 'In my opinion...' or 'I think that...'.",
2023-JSS014-Kidato II,Comprehend oral and written information,Respond appropriately in a variety of oral and written communication contexts,Use appropriate non-verbal cues in group communication,Communication skills: Use appropriate non-verbal cues in group communication,4,Role play,Kuwaongoza Wanafunzi,Students are able to use appropriate non-verbal cues in group communication accurately and confidently.,"Realia (phone, market items)|Dialogue scripts|Worksheet","TET(2023), ENGLISH LANGUAGE SYLLABUS FOR ORDINARY SECONDARY EDUCATION, TET, DAR ES SALAAM","This lesson helps students to use appropriate non-verbal cues in group communication, developing skills for effective interpersonal and group communication.","Students study appropriate language, tone and non-verbal cues (such as eye contact, gestures and facial expression) used in different communicative settings. Through role play, dialogue and discussion, they practise expressing and responding to ideas politely and appropriately depending on the audience and context.","For example, in a role play, one student greets an elder formally using 'Good morning, how are you today?' while greeting a peer informally using 'Hey, what's up?', showing how register changes with audience.","These skills help learners communicate respectfully and effectively with different people in daily life, such as teachers, family members, and the wider community.","Give one example of a non-verbal cue used in communication.::Any correct example, e.g. eye contact, a nod, or a gesture.||Why should language change depending on who you are speaking to?::Because different audiences (e.g. elders versus peers) expect different levels of formality and respect.||Give one polite expression used to express an opinion.::Any correct example, e.g. 'In my opinion...' or 'I think that...'.",
2023-JSS014-Kidato II,Comprehend oral and written information,Respond appropriately in a variety of oral and written communication contexts,"Use appropriate language to respond to messages in online group communicative contexts (e.g., WhatsApp, Telegram)",Communication skills: Use appropriate language to respond to messages in online group comm,4,Dialogue,Kuwaongoza Wanafunzi,Students are able to use appropriate language to respond to messages in online group communicative contexts accurately and confidently.,Dialogue scripts|Worksheet|Role-play cards,"TET(2023), ENGLISH LANGUAGE SYLLABUS FOR ORDINARY SECONDARY EDUCATION, TET, DAR ES SALAAM","This lesson helps students to use appropriate language to respond to messages in online group communicative contexts, developing skills for effective interpersonal and group communication.","Students study appropriate language, tone and non-verbal cues (such as eye contact, gestures and facial expression) used in different communicative settings. Through role play, dialogue and discussion, they practise expressing and responding to ideas politely and appropriately depending on the audience and context.","For example, in a role play, one student greets an elder formally using 'Good morning, how are you today?' while greeting a peer informally using 'Hey, what's up?', showing how register changes with audience.","These skills help learners communicate respectfully and effectively with different people in daily life, such as teachers, family members, and the wider community.","Give one example of a non-verbal cue used in communication.::Any correct example, e.g. eye contact, a nod, or a gesture.||Why should language change depending on who you are speaking to?::Because different audiences (e.g. elders versus peers) expect different levels of formality and respect.||Give one polite expression used to express an opinion.::Any correct example, e.g. 'In my opinion...' or 'I think that...'.",
2023-JSS014-Kidato II,Communicate effectively in different contexts,Use appropriate grammar and vocabulary for oral communication in a variety of contexts,"Describe various locations (structure: prepositions, adjectives, adverbs)",Using grammar: Describe various locations,4,Role play,Kuwaongoza Wanafunzi,Students are able to describe various locations accurately and confidently.,Maps|Worksheet|Pictures/charts,"TET(2023), ENGLISH LANGUAGE SYLLABUS FOR ORDINARY SECONDARY EDUCATION, TET, DAR ES SALAAM","This lesson enables students to describe various locations, applying grammatical structures accurately in a specific context.","Students study the target structure through examples relevant to the context, then practise producing their own oral and written sentences describing real situations. The teacher guides students to notice how the structure changes meaning (for example between ongoing and habitual actions) and corrects common errors.","For example, to express daily routines a student says 'I wake up at six o'clock and go to school', while to express an ongoing action the same student says 'I am going to school now', showing the contrast between simple and progressive forms.","Learners use these structures every day to describe their routines, locations, feelings and needs when talking with family, friends and in the community.","Complete the sentence using the correct tense: 'Every morning, she ___ (walk) to school.'::walks||Rewrite the sentence to show an action happening now: 'He plays football.'::He is playing football.||Give one example sentence describing your own daily routine.::Any grammatically correct sentence describing a routine, e.g. 'I brush my teeth every morning.'",
2023-JSS014-Kidato II,Communicate effectively in different contexts,Use appropriate grammar and vocabulary for oral communication in a variety of contexts,"Express quality and quantity of objects and living organisms (structure: adjectives, quantifiers, adverbs)",Using grammar: Express quality and quantity of objects and living organisms,4,Guided practice,Kuwaongoza Wanafunzi,Students are able to express quality and quantity of objects and living organisms accurately and confidently.,Worksheet|Pictures/charts|Realia,"TET(2023), ENGLISH LANGUAGE SYLLABUS FOR ORDINARY SECONDARY EDUCATION, TET, DAR ES SALAAM","This lesson enables students to express quality and quantity of objects and living organisms, applying grammatical structures accurately in a specific context.","Students study the target structure through examples relevant to the context, then practise producing their own oral and written sentences describing real situations. The teacher guides students to notice how the structure changes meaning (for example between ongoing and habitual actions) and corrects common errors.","For example, to express daily routines a student says 'I wake up at six o'clock and go to school', while to express an ongoing action the same student says 'I am going to school now', showing the contrast between simple and progressive forms.","Learners use these structures every day to describe their routines, locations, feelings and needs when talking with family, friends and in the community.","Complete the sentence using the correct tense: 'Every morning, she ___ (walk) to school.'::walks||Rewrite the sentence to show an action happening now: 'He plays football.'::He is playing football.||Give one example sentence describing your own daily routine.::Any grammatically correct sentence describing a routine, e.g. 'I brush my teeth every morning.'",
2023-JSS014-Kidato II,Communicate effectively in different contexts,Use appropriate grammar and vocabulary for oral communication in a variety of contexts,"Negotiate prices using appropriate expressions (e.g., convincing a customer to buy a product, convincing a seller to lower the price) (Structure: May I…, I would like…, could you …, I offer you…)",Using grammar: Negotiate prices using appropriate expressions,4,Real-life expression,Kuwaongoza Wanafunzi,Students are able to negotiate prices using appropriate expressions accurately and confidently.,Pictures/charts|Realia|Maps,"TET(2023), ENGLISH LANGUAGE SYLLABUS FOR ORDINARY SECONDARY EDUCATION, TET, DAR ES SALAAM","This lesson enables students to negotiate prices using appropriate expressions, applying grammatical structures accurately in a specific context.","Students study the target structure through examples relevant to the context, then practise producing their own oral and written sentences describing real situations. The teacher guides students to notice how the structure changes meaning (for example between ongoing and habitual actions) and corrects common errors.","For example, to express daily routines a student says 'I wake up at six o'clock and go to school', while to express an ongoing action the same student says 'I am going to school now', showing the contrast between simple and progressive forms.","Learners use these structures every day to describe their routines, locations, feelings and needs when talking with family, friends and in the community.","Complete the sentence using the correct tense: 'Every morning, she ___ (walk) to school.'::walks||Rewrite the sentence to show an action happening now: 'He plays football.'::He is playing football.||Give one example sentence describing your own daily routine.::Any grammatically correct sentence describing a routine, e.g. 'I brush my teeth every morning.'",
2023-JSS014-Kidato II,Communicate effectively in different contexts,Use appropriate grammar and vocabulary for oral communication in a variety of contexts,Request for services in different contexts,Using grammar: Request for services in different contexts,4,Pair work,Kuwaongoza Wanafunzi,Students are able to request for services in different contexts accurately and confidently.,Realia|Maps|Worksheet,"TET(2023), ENGLISH LANGUAGE SYLLABUS FOR ORDINARY SECONDARY EDUCATION, TET, DAR ES SALAAM","This lesson enables students to request for services in different contexts, applying grammatical structures accurately in a specific context.","Students study the target structure through examples relevant to the context, then practise producing their own oral and written sentences describing real situations. The teacher guides students to notice how the structure changes meaning (for example between ongoing and habitual actions) and corrects common errors.","For example, to express daily routines a student says 'I wake up at six o'clock and go to school', while to express an ongoing action the same student says 'I am going to school now', showing the contrast between simple and progressive forms.","Learners use these structures every day to describe their routines, locations, feelings and needs when talking with family, friends and in the community.","Complete the sentence using the correct tense: 'Every morning, she ___ (walk) to school.'::walks||Rewrite the sentence to show an action happening now: 'He plays football.'::He is playing football.||Give one example sentence describing your own daily routine.::Any grammatically correct sentence describing a routine, e.g. 'I brush my teeth every morning.'",
2023-JSS014-Kidato II,Communicate effectively in different contexts,Use appropriate grammar and vocabulary for oral communication in a variety of contexts,"Participate in various conversations in different contexts (e.g., discussions, dialogues) by initiating, intervening, changing a topic, turn-taking and closing",Communication skills: Participate in various conversations in different contexts by initia,4,Discussion,Kuwaongoza Wanafunzi,"Students are able to participate in various conversations in different contexts by initiating, intervening, changing a topic, turn-taking and closing accurately and confidently.","Worksheet|Role-play cards|Realia (phone, market items)","TET(2023), ENGLISH LANGUAGE SYLLABUS FOR ORDINARY SECONDARY EDUCATION, TET, DAR ES SALAAM","This lesson helps students to participate in various conversations in different contexts by initiating, intervening, changing a topic, turn-taking and closing, developing skills for effective interpersonal and group communication.","Students study appropriate language, tone and non-verbal cues (such as eye contact, gestures and facial expression) used in different communicative settings. Through role play, dialogue and discussion, they practise expressing and responding to ideas politely and appropriately depending on the audience and context.","For example, in a role play, one student greets an elder formally using 'Good morning, how are you today?' while greeting a peer informally using 'Hey, what's up?', showing how register changes with audience.","These skills help learners communicate respectfully and effectively with different people in daily life, such as teachers, family members, and the wider community.","Give one example of a non-verbal cue used in communication.::Any correct example, e.g. eye contact, a nod, or a gesture.||Why should language change depending on who you are speaking to?::Because different audiences (e.g. elders versus peers) expect different levels of formality and respect.||Give one polite expression used to express an opinion.::Any correct example, e.g. 'In my opinion...' or 'I think that...'.",
2023-JSS014-Kidato II,Communicate effectively in different contexts,Create a variety of texts for different communicative purposes using the appropriate tone and register,"Write claim and request letters in different contexts (e.g., learning facilities, sports gear, result report – Structure: I would like to bring your kind attention… I am writing to request…)",Writing task: Write claim and request letters in different contexts,7,Observation and discussion,Kuwaongoza Wanafunzi,Students are able to write claim and request letters in different contexts accurately and confidently.,Worksheet|Sample letters/emails|Writing frames,"TET(2023), ENGLISH LANGUAGE SYLLABUS FOR ORDINARY SECONDARY EDUCATION, TET, DAR ES SALAAM","This lesson guides students to write claim and request letters in different contexts, developing their ability to write for a specific purpose and audience.","Students study a model text to identify its structure, tone and typical vocabulary, then plan and write their own text following the same conventions. Emphasis is placed on the appropriate greeting or opening, logical organisation of ideas, and a suitable closing, matched to the purpose of the text.","For example, when writing a friendly letter, a student begins with 'Dear Aunt Mary,', writes the body in a warm, personal tone, and closes with 'Your loving nephew,' followed by their name.","These writing skills are used whenever learners need to communicate in writing outside the classroom, such as writing to relatives, applying for opportunities, or sharing news.","Name one part that every letter should include.::Any correct part, e.g. a greeting/salutation, the body, or a closing.||Give an appropriate opening greeting for a letter to a family member.::Any correct example, e.g. 'Dear Mother,' or 'Dear Uncle,'.||Why is it important to plan a piece of writing before starting?::Planning helps organise ideas logically so the final text is clear and well structured.",
2023-JSS014-Kidato II,Communicate effectively in different contexts,Create a variety of texts for different communicative purposes using the appropriate tone and register,Compose E-mails on various issues using appropriate language,Writing task: Compose E-mails on various issues using appropriate language,7,Guided writing,Kuwaongoza Wanafunzi,Students are able to compose E-mails on various issues using appropriate language accurately and confidently.,Sample letters/emails|Writing frames|Envelopes,"TET(2023), ENGLISH LANGUAGE SYLLABUS FOR ORDINARY SECONDARY EDUCATION, TET, DAR ES SALAAM","This lesson guides students to compose E-mails on various issues using appropriate language, developing their ability to write for a specific purpose and audience.","Students study a model text to identify its structure, tone and typical vocabulary, then plan and write their own text following the same conventions. Emphasis is placed on the appropriate greeting or opening, logical organisation of ideas, and a suitable closing, matched to the purpose of the text.","For example, when writing a friendly letter, a student begins with 'Dear Aunt Mary,', writes the body in a warm, personal tone, and closes with 'Your loving nephew,' followed by their name.","These writing skills are used whenever learners need to communicate in writing outside the classroom, such as writing to relatives, applying for opportunities, or sharing news.","Name one part that every letter should include.::Any correct part, e.g. a greeting/salutation, the body, or a closing.||Give an appropriate opening greeting for a letter to a family member.::Any correct example, e.g. 'Dear Mother,' or 'Dear Uncle,'.||Why is it important to plan a piece of writing before starting?::Planning helps organise ideas logically so the final text is clear and well structured.",
2023-JSS014-Kidato II,Communicate effectively in different contexts,Create a variety of texts for different communicative purposes using the appropriate tone and register,"Create short stories on various topics (structure: once upon a time…, I wonder…, what if…, back in time…)",Writing task: Create short stories on various topics,7,Modelling,Kuwaongoza Wanafunzi,Students are able to create short stories on various topics accurately and confidently.,Writing frames|Envelopes|Worksheet,"TET(2023), ENGLISH LANGUAGE SYLLABUS FOR ORDINARY SECONDARY EDUCATION, TET, DAR ES SALAAM","This lesson guides students to create short stories on various topics, developing their ability to write for a specific purpose and audience.","Students study a model text to identify its structure, tone and typical vocabulary, then plan and write their own text following the same conventions. Emphasis is placed on the appropriate greeting or opening, logical organisation of ideas, and a suitable closing, matched to the purpose of the text.","For example, when writing a friendly letter, a student begins with 'Dear Aunt Mary,', writes the body in a warm, personal tone, and closes with 'Your loving nephew,' followed by their name.","These writing skills are used whenever learners need to communicate in writing outside the classroom, such as writing to relatives, applying for opportunities, or sharing news.","Name one part that every letter should include.::Any correct part, e.g. a greeting/salutation, the body, or a closing.||Give an appropriate opening greeting for a letter to a family member.::Any correct example, e.g. 'Dear Mother,' or 'Dear Uncle,'.||Why is it important to plan a piece of writing before starting?::Planning helps organise ideas logically so the final text is clear and well structured.",
2023-JSS014-Kidato III,Manage information search from different sources for lifelong learning,Organise information obtained from different sources,Identify different ways/strategies for organising information from various sources,Organising information: Identify different ways/strategies for organising information from,3,Task-based learning,Kuwaongoza Wanafunzi,Students are able to identify different ways/strategies for organising information from various sources accurately and confidently.,Journals|Newspapers|Encyclopaedia,"TET(2023), ENGLISH LANGUAGE SYLLABUS FOR ORDINARY SECONDARY EDUCATION, TET, DAR ES SALAAM","This lesson helps students to identify different ways/strategies for organising information from various sources, an essential skill for managing information gathered from research.","Students learn strategies for organising information collected from multiple sources, such as grouping related ideas into themes, using tables or graphic organisers, and compiling findings into a clear, logically ordered report.","For example, after researching 'effects of pollution', students sort their notes into themes such as 'air pollution', 'water pollution' and 'solutions', before compiling them into one organised report.","These organisation skills help learners manage information for school projects, presentations and personal research tasks.","Name one strategy for organising information from different sources.::Any correct strategy, e.g. grouping information into themes, or using a graphic organiser.||Why should information be sorted into related themes?::It makes the information easier to understand, compare and present logically.||What is the final step after sorting and categorising information?::Compiling the organised information into a clear report or presentation.",
2023-JSS014-Kidato III,Manage information search from different sources for lifelong learning,Organise information obtained from different sources,Sort and categorise information obtained from various sources into related themes,Organising information: Sort and categorise information obtained from various sources into,3,Guided practice,Kuwaongoza Wanafunzi,Students are able to sort and categorise information obtained from various sources into related themes accurately and confidently.,Newspapers|Encyclopaedia|Notebook,"TET(2023), ENGLISH LANGUAGE SYLLABUS FOR ORDINARY SECONDARY EDUCATION, TET, DAR ES SALAAM","This lesson helps students to sort and categorise information obtained from various sources into related themes, an essential skill for managing information gathered from research.","Students learn strategies for organising information collected from multiple sources, such as grouping related ideas into themes, using tables or graphic organisers, and compiling findings into a clear, logically ordered report.","For example, after researching 'effects of pollution', students sort their notes into themes such as 'air pollution', 'water pollution' and 'solutions', before compiling them into one organised report.","These organisation skills help learners manage information for school projects, presentations and personal research tasks.","Name one strategy for organising information from different sources.::Any correct strategy, e.g. grouping information into themes, or using a graphic organiser.||Why should information be sorted into related themes?::It makes the information easier to understand, compare and present logically.||What is the final step after sorting and categorising information?::Compiling the organised information into a clear report or presentation.",
2023-JSS014-Kidato III,Manage information search from different sources for lifelong learning,Organise information obtained from different sources,Compile information searched from various sources,Organising information: Compile information searched from various sources,2,Group work,Kuwaongoza Wanafunzi,Students are able to compile information searched from various sources accurately and confidently.,Encyclopaedia|Notebook|Journals,"TET(2023), ENGLISH LANGUAGE SYLLABUS FOR ORDINARY SECONDARY EDUCATION, TET, DAR ES SALAAM","This lesson helps students to compile information searched from various sources, an essential skill for managing information gathered from research.","Students learn strategies for organising information collected from multiple sources, such as grouping related ideas into themes, using tables or graphic organisers, and compiling findings into a clear, logically ordered report.","For example, after researching 'effects of pollution', students sort their notes into themes such as 'air pollution', 'water pollution' and 'solutions', before compiling them into one organised report.","These organisation skills help learners manage information for school projects, presentations and personal research tasks.","Name one strategy for organising information from different sources.::Any correct strategy, e.g. grouping information into themes, or using a graphic organiser.||Why should information be sorted into related themes?::It makes the information easier to understand, compare and present logically.||What is the final step after sorting and categorising information?::Compiling the organised information into a clear report or presentation.",
2023-JSS014-Kidato III,Demonstrate mastery of English language skills,Use appropriate grammar and vocabulary in oral and in written language tasks,"Hold conversations about various contexts using appropriate grammar and vocabulary (structure: tenses, adverbs, adjectives, active and passive voice, conjunctions, coordinators, prepositions)",Grammar and vocabulary: Hold conversations about various contexts using appropriate gramma,7,Guided writing,Kuwaongoza Wanafunzi,Students are able to hold conversations about various contexts using appropriate grammar and vocabulary accurately and confidently.,Worksheet|Grammar charts|Sample sentences,"TET(2023), ENGLISH LANGUAGE SYLLABUS FOR ORDINARY SECONDARY EDUCATION, TET, DAR ES SALAAM","This lesson guides students to hold conversations about various contexts using appropriate grammar and vocabulary, using correct grammatical structures and appropriate vocabulary.","Students study the target grammatical structure through examples, identify how it is formed, and practise it by constructing their own sentences orally and in writing. Feedback from peers and the teacher helps students correct errors in tense, agreement, word order and vocabulary choice.","For example, when practising past and present tense forms, a student changes 'She writes a letter every day' (present) to 'She wrote a letter yesterday' (past), noting the change in the verb form.","Accurate grammar allows learners to be clearly understood when narrating events, debating issues or writing formal and informal texts.",Change the sentence 'He writes a story' into the past tense.::He wrote a story.||Identify the subject and verb in the sentence 'The students are discussing the topic.'::Subject: The students; Verb: are discussing.||Correct the error in this sentence: 'She go to school every day.'::She goes to school every day.,
2023-JSS014-Kidato III,Demonstrate mastery of English language skills,Use appropriate grammar and vocabulary in oral and in written language tasks,"Compose stories using proper grammar and vocabulary (structure: tenses, adverbs, adjectives, active and passive voice, conjunctions, coordinators, prepositions)",Grammar and vocabulary: Compose stories using proper grammar and vocabulary,7,Sentence construction practice,Kuwaongoza Wanafunzi,Students are able to compose stories using proper grammar and vocabulary accurately and confidently.,Grammar charts|Sample sentences|Realia,"TET(2023), ENGLISH LANGUAGE SYLLABUS FOR ORDINARY SECONDARY EDUCATION, TET, DAR ES SALAAM","This lesson guides students to compose stories using proper grammar and vocabulary, using correct grammatical structures and appropriate vocabulary.","Students study the target grammatical structure through examples, identify how it is formed, and practise it by constructing their own sentences orally and in writing. Feedback from peers and the teacher helps students correct errors in tense, agreement, word order and vocabulary choice.","For example, when practising past and present tense forms, a student changes 'She writes a letter every day' (present) to 'She wrote a letter yesterday' (past), noting the change in the verb form.","Accurate grammar allows learners to be clearly understood when narrating events, debating issues or writing formal and informal texts.",Change the sentence 'He writes a story' into the past tense.::He wrote a story.||Identify the subject and verb in the sentence 'The students are discussing the topic.'::Subject: The students; Verb: are discussing.||Correct the error in this sentence: 'She go to school every day.'::She goes to school every day.,
2023-JSS014-Kidato III,Demonstrate mastery of English language skills,Use appropriate grammar and vocabulary in oral and in written language tasks,"Describe events (e.g., general elections, state funerals, world cup) using correct grammar and vocabulary",Grammar and vocabulary: Describe events using correct grammar and vocabulary,6,Group work,Kuwaongoza Wanafunzi,Students are able to describe events using correct grammar and vocabulary accurately and confidently.,Sample sentences|Realia|Worksheet,"TET(2023), ENGLISH LANGUAGE SYLLABUS FOR ORDINARY SECONDARY EDUCATION, TET, DAR ES SALAAM","This lesson guides students to describe events using correct grammar and vocabulary, using correct grammatical structures and appropriate vocabulary.","Students study the target grammatical structure through examples, identify how it is formed, and practise it by constructing their own sentences orally and in writing. Feedback from peers and the teacher helps students correct errors in tense, agreement, word order and vocabulary choice.","For example, when practising past and present tense forms, a student changes 'She writes a letter every day' (present) to 'She wrote a letter yesterday' (past), noting the change in the verb form.","Accurate grammar allows learners to be clearly understood when narrating events, debating issues or writing formal and informal texts.",Change the sentence 'He writes a story' into the past tense.::He wrote a story.||Identify the subject and verb in the sentence 'The students are discussing the topic.'::Subject: The students; Verb: are discussing.||Correct the error in this sentence: 'She go to school every day.'::She goes to school every day.,
2023-JSS014-Kidato III,Comprehend oral and written information,Read texts for comprehension,Distinguish facts from opinions within a given text,Reading comprehension: Distinguish facts from opinions within a given text,3,Discussion,Kuwaongoza Wanafunzi,Students are able to distinguish facts from opinions within a given text accurately and confidently.,Story cards|Worksheet|Reader/class text,"TET(2023), ENGLISH LANGUAGE SYLLABUS FOR ORDINARY SECONDARY EDUCATION, TET, DAR ES SALAAM",This lesson develops students' ability to distinguish facts from opinions within a given text by engaging closely with written texts.,"Students read a passage silently or aloud, identify key information such as main ideas, sequence of events, facts versus opinions, or the writer's intended meaning, and then respond to comprehension questions orally or in writing. Strategies such as skimming for the main idea, scanning for details, and using context clues to infer meaning are practised.","For example, after reading a short story, students list the events in the order they happened using sequence words such as 'first', 'then', 'after that' and 'finally', before writing a short summary.","These reading skills help learners understand newspapers, notices, textbooks and other texts they meet outside the classroom.","Name two sequence words used to show the order of events in a story.::Any two of: first, then, after that, finally, next.||What is the difference between a fact and an opinion?::A fact can be proven true, while an opinion is a personal belief or judgement.||Explain one strategy for finding the meaning of an unfamiliar word in a text.::Using context clues, such as the surrounding words, to guess the meaning.",
2023-JSS014-Kidato III,Comprehend oral and written information,Read texts for comprehension,Express connotative meanings of words in relation to a text,Reading comprehension: Express connotative meanings of words in relation to a text,3,Pair work,Kuwaongoza Wanafunzi,Students are able to express connotative meanings of words in relation to a text accurately and confidently.,Worksheet|Reader/class text|Newspaper articles,"TET(2023), ENGLISH LANGUAGE SYLLABUS FOR ORDINARY SECONDARY EDUCATION, TET, DAR ES SALAAM",This lesson develops students' ability to express connotative meanings of words in relation to a text by engaging closely with written texts.,"Students read a passage silently or aloud, identify key information such as main ideas, sequence of events, facts versus opinions, or the writer's intended meaning, and then respond to comprehension questions orally or in writing. Strategies such as skimming for the main idea, scanning for details, and using context clues to infer meaning are practised.","For example, after reading a short story, students list the events in the order they happened using sequence words such as 'first', 'then', 'after that' and 'finally', before writing a short summary.","These reading skills help learners understand newspapers, notices, textbooks and other texts they meet outside the classroom.","Name two sequence words used to show the order of events in a story.::Any two of: first, then, after that, finally, next.||What is the difference between a fact and an opinion?::A fact can be proven true, while an opinion is a personal belief or judgement.||Explain one strategy for finding the meaning of an unfamiliar word in a text.::Using context clues, such as the surrounding words, to guess the meaning.",
2023-JSS014-Kidato III,Comprehend oral and written information,Read texts for comprehension,Paraphrase a given text,Reading comprehension: Paraphrase a given text,3,Guided reading,Kuwaongoza Wanafunzi,Students are able to paraphrase a given text accurately and confidently.,Reader/class text|Newspaper articles|Story cards,"TET(2023), ENGLISH LANGUAGE SYLLABUS FOR ORDINARY SECONDARY EDUCATION, TET, DAR ES SALAAM",This lesson develops students' ability to paraphrase a given text by engaging closely with written texts.,"Students read a passage silently or aloud, identify key information such as main ideas, sequence of events, facts versus opinions, or the writer's intended meaning, and then respond to comprehension questions orally or in writing. Strategies such as skimming for the main idea, scanning for details, and using context clues to infer meaning are practised.","For example, after reading a short story, students list the events in the order they happened using sequence words such as 'first', 'then', 'after that' and 'finally', before writing a short summary.","These reading skills help learners understand newspapers, notices, textbooks and other texts they meet outside the classroom.","Name two sequence words used to show the order of events in a story.::Any two of: first, then, after that, finally, next.||What is the difference between a fact and an opinion?::A fact can be proven true, while an opinion is a personal belief or judgement.||Explain one strategy for finding the meaning of an unfamiliar word in a text.::Using context clues, such as the surrounding words, to guess the meaning.",
2023-JSS014-Kidato III,Comprehend oral and written information,Comprehend oral messages with increasing difficulty,Discuss information from various oral sources,Listening task: Discuss information from various oral sources,3,Presentation,Kuwaongoza Wanafunzi,Students are able to discuss information from various oral sources accurately and confidently.,Worksheet|Audio recordings|Radio/TV clips,"TET(2023), ENGLISH LANGUAGE SYLLABUS FOR ORDINARY SECONDARY EDUCATION, TET, DAR ES SALAAM","This lesson helps students to discuss information from various oral sources after listening to spoken texts such as presentations, stories or recordings. Strong listening comprehension is the foundation for accurate spoken and written responses.","Students listen attentively to an oral text (a presentation, recording, or teacher narration), note down key words and ideas, and then use these notes to respond, summarise or paraphrase what they heard. Emphasis is placed on listening for gist first, then for specific details, before producing an accurate spoken or written response.","For example, after listening to a short recorded story about a market day, students identify who the characters are, what happened first, next and last, and then retell the story in their own words to a partner.","This skill helps learners follow announcements, instructions and conversations correctly in everyday situations such as at school, at home or on the radio.",What should a listener do before trying to answer questions about a spoken text?::Listen attentively for the overall meaning (gist) before focusing on specific details.||Why is note-taking useful while listening?::It helps the listener remember key ideas to use when responding or summarising.||State one way to check that you understood a spoken message correctly.::Restate or paraphrase the message back to the speaker to confirm understanding.,
2023-JSS014-Kidato III,Comprehend oral and written information,Comprehend oral messages with increasing difficulty,Respond to various oral messages,Listening task: Respond to various oral messages,2,Pair work,Kuwaongoza Wanafunzi,Students are able to respond to various oral messages accurately and confidently.,Audio recordings|Radio/TV clips|Flashcards,"TET(2023), ENGLISH LANGUAGE SYLLABUS FOR ORDINARY SECONDARY EDUCATION, TET, DAR ES SALAAM","This lesson helps students to respond to various oral messages after listening to spoken texts such as presentations, stories or recordings. Strong listening comprehension is the foundation for accurate spoken and written responses.","Students listen attentively to an oral text (a presentation, recording, or teacher narration), note down key words and ideas, and then use these notes to respond, summarise or paraphrase what they heard. Emphasis is placed on listening for gist first, then for specific details, before producing an accurate spoken or written response.","For example, after listening to a short recorded story about a market day, students identify who the characters are, what happened first, next and last, and then retell the story in their own words to a partner.","This skill helps learners follow announcements, instructions and conversations correctly in everyday situations such as at school, at home or on the radio.",What should a listener do before trying to answer questions about a spoken text?::Listen attentively for the overall meaning (gist) before focusing on specific details.||Why is note-taking useful while listening?::It helps the listener remember key ideas to use when responding or summarising.||State one way to check that you understood a spoken message correctly.::Restate or paraphrase the message back to the speaker to confirm understanding.,
2023-JSS014-Kidato III,Comprehend oral and written information,Comprehend oral messages with increasing difficulty,Make comments on oral messages,Listening task: Make comments on oral messages,2,Storytelling,Kuwaongoza Wanafunzi,Students are able to make comments on oral messages accurately and confidently.,Radio/TV clips|Flashcards|Worksheet,"TET(2023), ENGLISH LANGUAGE SYLLABUS FOR ORDINARY SECONDARY EDUCATION, TET, DAR ES SALAAM","This lesson helps students to make comments on oral messages after listening to spoken texts such as presentations, stories or recordings. Strong listening comprehension is the foundation for accurate spoken and written responses.","Students listen attentively to an oral text (a presentation, recording, or teacher narration), note down key words and ideas, and then use these notes to respond, summarise or paraphrase what they heard. Emphasis is placed on listening for gist first, then for specific details, before producing an accurate spoken or written response.","For example, after listening to a short recorded story about a market day, students identify who the characters are, what happened first, next and last, and then retell the story in their own words to a partner.","This skill helps learners follow announcements, instructions and conversations correctly in everyday situations such as at school, at home or on the radio.",What should a listener do before trying to answer questions about a spoken text?::Listen attentively for the overall meaning (gist) before focusing on specific details.||Why is note-taking useful while listening?::It helps the listener remember key ideas to use when responding or summarising.||State one way to check that you understood a spoken message correctly.::Restate or paraphrase the message back to the speaker to confirm understanding.,
2023-JSS014-Kidato III,Comprehend oral and written information,Respond appropriately in a variety of oral and written communication contexts,"Express ideas, opinions and facts in mass communication contexts","Communication skills: Express ideas, opinions and facts in mass communication contexts",3,Group work,Kuwaongoza Wanafunzi,"Students are able to express ideas, opinions and facts in mass communication contexts accurately and confidently.","Role-play cards|Realia (phone, market items)|Dialogue scripts","TET(2023), ENGLISH LANGUAGE SYLLABUS FOR ORDINARY SECONDARY EDUCATION, TET, DAR ES SALAAM","This lesson helps students to express ideas, opinions and facts in mass communication contexts, developing skills for effective interpersonal and group communication.","Students study appropriate language, tone and non-verbal cues (such as eye contact, gestures and facial expression) used in different communicative settings. Through role play, dialogue and discussion, they practise expressing and responding to ideas politely and appropriately depending on the audience and context.","For example, in a role play, one student greets an elder formally using 'Good morning, how are you today?' while greeting a peer informally using 'Hey, what's up?', showing how register changes with audience.","These skills help learners communicate respectfully and effectively with different people in daily life, such as teachers, family members, and the wider community.","Give one example of a non-verbal cue used in communication.::Any correct example, e.g. eye contact, a nod, or a gesture.||Why should language change depending on who you are speaking to?::Because different audiences (e.g. elders versus peers) expect different levels of formality and respect.||Give one polite expression used to express an opinion.::Any correct example, e.g. 'In my opinion...' or 'I think that...'.",
2023-JSS014-Kidato III,Comprehend oral and written information,Respond appropriately in a variety of oral and written communication contexts,Use and interpret appropriate non-verbal cues in mass communication,Communication skills: Use and interpret appropriate non-verbal cues in mass communication,2,Scenario-based practice,Kuwaongoza Wanafunzi,Students are able to use and interpret appropriate non-verbal cues in mass communication accurately and confidently.,"Realia (phone, market items)|Dialogue scripts|Worksheet","TET(2023), ENGLISH LANGUAGE SYLLABUS FOR ORDINARY SECONDARY EDUCATION, TET, DAR ES SALAAM","This lesson helps students to use and interpret appropriate non-verbal cues in mass communication, developing skills for effective interpersonal and group communication.","Students study appropriate language, tone and non-verbal cues (such as eye contact, gestures and facial expression) used in different communicative settings. Through role play, dialogue and discussion, they practise expressing and responding to ideas politely and appropriately depending on the audience and context.","For example, in a role play, one student greets an elder formally using 'Good morning, how are you today?' while greeting a peer informally using 'Hey, what's up?', showing how register changes with audience.","These skills help learners communicate respectfully and effectively with different people in daily life, such as teachers, family members, and the wider community.","Give one example of a non-verbal cue used in communication.::Any correct example, e.g. eye contact, a nod, or a gesture.||Why should language change depending on who you are speaking to?::Because different audiences (e.g. elders versus peers) expect different levels of formality and respect.||Give one polite expression used to express an opinion.::Any correct example, e.g. 'In my opinion...' or 'I think that...'.",
2023-JSS014-Kidato III,Comprehend oral and written information,Respond appropriately in a variety of oral and written communication contexts,"Use appropriate language to respond to contextualised public messages (e.g., responding to criticism, accomplishment)",Communication skills: Use appropriate language to respond to contextualised public message,2,Role play,Kuwaongoza Wanafunzi,Students are able to use appropriate language to respond to contextualised public messages accurately and confidently.,Dialogue scripts|Worksheet|Role-play cards,"TET(2023), ENGLISH LANGUAGE SYLLABUS FOR ORDINARY SECONDARY EDUCATION, TET, DAR ES SALAAM","This lesson helps students to use appropriate language to respond to contextualised public messages, developing skills for effective interpersonal and group communication.","Students study appropriate language, tone and non-verbal cues (such as eye contact, gestures and facial expression) used in different communicative settings. Through role play, dialogue and discussion, they practise expressing and responding to ideas politely and appropriately depending on the audience and context.","For example, in a role play, one student greets an elder formally using 'Good morning, how are you today?' while greeting a peer informally using 'Hey, what's up?', showing how register changes with audience.","These skills help learners communicate respectfully and effectively with different people in daily life, such as teachers, family members, and the wider community.","Give one example of a non-verbal cue used in communication.::Any correct example, e.g. eye contact, a nod, or a gesture.||Why should language change depending on who you are speaking to?::Because different audiences (e.g. elders versus peers) expect different levels of formality and respect.||Give one polite expression used to express an opinion.::Any correct example, e.g. 'In my opinion...' or 'I think that...'.",
2023-JSS014-Kidato III,Comprehend oral and written information,Respond appropriately in a variety of oral and written communication contexts,"Use appropriate language in public communication settings, (e.g., interviews, presentations)","Communication skills: Use appropriate language in public communication settings,",2,Dialogue,Kuwaongoza Wanafunzi,"Students are able to use appropriate language in public communication settings, accurately and confidently.","Worksheet|Role-play cards|Realia (phone, market items)","TET(2023), ENGLISH LANGUAGE SYLLABUS FOR ORDINARY SECONDARY EDUCATION, TET, DAR ES SALAAM","This lesson helps students to use appropriate language in public communication settings,, developing skills for effective interpersonal and group communication.","Students study appropriate language, tone and non-verbal cues (such as eye contact, gestures and facial expression) used in different communicative settings. Through role play, dialogue and discussion, they practise expressing and responding to ideas politely and appropriately depending on the audience and context.","For example, in a role play, one student greets an elder formally using 'Good morning, how are you today?' while greeting a peer informally using 'Hey, what's up?', showing how register changes with audience.","These skills help learners communicate respectfully and effectively with different people in daily life, such as teachers, family members, and the wider community.","Give one example of a non-verbal cue used in communication.::Any correct example, e.g. eye contact, a nod, or a gesture.||Why should language change depending on who you are speaking to?::Because different audiences (e.g. elders versus peers) expect different levels of formality and respect.||Give one polite expression used to express an opinion.::Any correct example, e.g. 'In my opinion...' or 'I think that...'.",
2023-JSS014-Kidato III,Comprehend oral and written information,Respond appropriately in a variety of oral and written communication contexts,Express appreciation of other people's ideas in public communication,Communication skills: Express appreciation of other people's ideas in public communication,2,Discussion,Kuwaongoza Wanafunzi,Students are able to express appreciation of other people's ideas in public communication accurately and confidently.,"Role-play cards|Realia (phone, market items)|Dialogue scripts","TET(2023), ENGLISH LANGUAGE SYLLABUS FOR ORDINARY SECONDARY EDUCATION, TET, DAR ES SALAAM","This lesson helps students to express appreciation of other people's ideas in public communication, developing skills for effective interpersonal and group communication.","Students study appropriate language, tone and non-verbal cues (such as eye contact, gestures and facial expression) used in different communicative settings. Through role play, dialogue and discussion, they practise expressing and responding to ideas politely and appropriately depending on the audience and context.","For example, in a role play, one student greets an elder formally using 'Good morning, how are you today?' while greeting a peer informally using 'Hey, what's up?', showing how register changes with audience.","These skills help learners communicate respectfully and effectively with different people in daily life, such as teachers, family members, and the wider community.","Give one example of a non-verbal cue used in communication.::Any correct example, e.g. eye contact, a nod, or a gesture.||Why should language change depending on who you are speaking to?::Because different audiences (e.g. elders versus peers) expect different levels of formality and respect.||Give one polite expression used to express an opinion.::Any correct example, e.g. 'In my opinion...' or 'I think that...'.",
2023-JSS014-Kidato III,Comprehend oral and written information,Respond appropriately in a variety of oral and written communication contexts,Evaluate information received through mass communication,Communication skills: Evaluate information received through mass communication,2,Group work,Kuwaongoza Wanafunzi,Students are able to evaluate information received through mass communication accurately and confidently.,"Realia (phone, market items)|Dialogue scripts|Worksheet","TET(2023), ENGLISH LANGUAGE SYLLABUS FOR ORDINARY SECONDARY EDUCATION, TET, DAR ES SALAAM","This lesson helps students to evaluate information received through mass communication, developing skills for effective interpersonal and group communication.","Students study appropriate language, tone and non-verbal cues (such as eye contact, gestures and facial expression) used in different communicative settings. Through role play, dialogue and discussion, they practise expressing and responding to ideas politely and appropriately depending on the audience and context.","For example, in a role play, one student greets an elder formally using 'Good morning, how are you today?' while greeting a peer informally using 'Hey, what's up?', showing how register changes with audience.","These skills help learners communicate respectfully and effectively with different people in daily life, such as teachers, family members, and the wider community.","Give one example of a non-verbal cue used in communication.::Any correct example, e.g. eye contact, a nod, or a gesture.||Why should language change depending on who you are speaking to?::Because different audiences (e.g. elders versus peers) expect different levels of formality and respect.||Give one polite expression used to express an opinion.::Any correct example, e.g. 'In my opinion...' or 'I think that...'.",
2023-JSS014-Kidato III,Comprehend oral and written information,Construct meaning from a variety of texts,Compare ideas from various texts,Reading comprehension: Compare ideas from various texts,4,Question and answer,Kuwaongoza Wanafunzi,Students are able to compare ideas from various texts accurately and confidently.,Newspaper articles|Story cards|Worksheet,"TET(2023), ENGLISH LANGUAGE SYLLABUS FOR ORDINARY SECONDARY EDUCATION, TET, DAR ES SALAAM",This lesson develops students' ability to compare ideas from various texts by engaging closely with written texts.,"Students read a passage silently or aloud, identify key information such as main ideas, sequence of events, facts versus opinions, or the writer's intended meaning, and then respond to comprehension questions orally or in writing. Strategies such as skimming for the main idea, scanning for details, and using context clues to infer meaning are practised.","For example, after reading a short story, students list the events in the order they happened using sequence words such as 'first', 'then', 'after that' and 'finally', before writing a short summary.","These reading skills help learners understand newspapers, notices, textbooks and other texts they meet outside the classroom.","Name two sequence words used to show the order of events in a story.::Any two of: first, then, after that, finally, next.||What is the difference between a fact and an opinion?::A fact can be proven true, while an opinion is a personal belief or judgement.||Explain one strategy for finding the meaning of an unfamiliar word in a text.::Using context clues, such as the surrounding words, to guess the meaning.",
2023-JSS014-Kidato III,Comprehend oral and written information,Construct meaning from a variety of texts,Read and generate meanings from a variety of texts,Reading comprehension: Read and generate meanings from a variety of texts,3,Close reading,Kuwaongoza Wanafunzi,Students are able to read and generate meanings from a variety of texts accurately and confidently.,Story cards|Worksheet|Reader/class text,"TET(2023), ENGLISH LANGUAGE SYLLABUS FOR ORDINARY SECONDARY EDUCATION, TET, DAR ES SALAAM",This lesson develops students' ability to read and generate meanings from a variety of texts by engaging closely with written texts.,"Students read a passage silently or aloud, identify key information such as main ideas, sequence of events, facts versus opinions, or the writer's intended meaning, and then respond to comprehension questions orally or in writing. Strategies such as skimming for the main idea, scanning for details, and using context clues to infer meaning are practised.","For example, after reading a short story, students list the events in the order they happened using sequence words such as 'first', 'then', 'after that' and 'finally', before writing a short summary.","These reading skills help learners understand newspapers, notices, textbooks and other texts they meet outside the classroom.","Name two sequence words used to show the order of events in a story.::Any two of: first, then, after that, finally, next.||What is the difference between a fact and an opinion?::A fact can be proven true, while an opinion is a personal belief or judgement.||Explain one strategy for finding the meaning of an unfamiliar word in a text.::Using context clues, such as the surrounding words, to guess the meaning.",
2023-JSS014-Kidato III,Comprehend oral and written information,Construct meaning from a variety of texts,Infer meanings of unfamiliar words from a variety of texts,Reading comprehension: Infer meanings of unfamiliar words from a variety of texts,3,Discussion,Kuwaongoza Wanafunzi,Students are able to infer meanings of unfamiliar words from a variety of texts accurately and confidently.,Worksheet|Reader/class text|Newspaper articles,"TET(2023), ENGLISH LANGUAGE SYLLABUS FOR ORDINARY SECONDARY EDUCATION, TET, DAR ES SALAAM",This lesson develops students' ability to infer meanings of unfamiliar words from a variety of texts by engaging closely with written texts.,"Students read a passage silently or aloud, identify key information such as main ideas, sequence of events, facts versus opinions, or the writer's intended meaning, and then respond to comprehension questions orally or in writing. Strategies such as skimming for the main idea, scanning for details, and using context clues to infer meaning are practised.","For example, after reading a short story, students list the events in the order they happened using sequence words such as 'first', 'then', 'after that' and 'finally', before writing a short summary.","These reading skills help learners understand newspapers, notices, textbooks and other texts they meet outside the classroom.","Name two sequence words used to show the order of events in a story.::Any two of: first, then, after that, finally, next.||What is the difference between a fact and an opinion?::A fact can be proven true, while an opinion is a personal belief or judgement.||Explain one strategy for finding the meaning of an unfamiliar word in a text.::Using context clues, such as the surrounding words, to guess the meaning.",
2023-JSS014-Kidato III,Comprehend oral and written information,Construct meaning from a variety of texts,Paraphrase textual information from multiple sources,Reading comprehension: Paraphrase textual information from multiple sources,3,Pair work,Kuwaongoza Wanafunzi,Students are able to paraphrase textual information from multiple sources accurately and confidently.,Reader/class text|Newspaper articles|Story cards,"TET(2023), ENGLISH LANGUAGE SYLLABUS FOR ORDINARY SECONDARY EDUCATION, TET, DAR ES SALAAM",This lesson develops students' ability to paraphrase textual information from multiple sources by engaging closely with written texts.,"Students read a passage silently or aloud, identify key information such as main ideas, sequence of events, facts versus opinions, or the writer's intended meaning, and then respond to comprehension questions orally or in writing. Strategies such as skimming for the main idea, scanning for details, and using context clues to infer meaning are practised.","For example, after reading a short story, students list the events in the order they happened using sequence words such as 'first', 'then', 'after that' and 'finally', before writing a short summary.","These reading skills help learners understand newspapers, notices, textbooks and other texts they meet outside the classroom.","Name two sequence words used to show the order of events in a story.::Any two of: first, then, after that, finally, next.||What is the difference between a fact and an opinion?::A fact can be proven true, while an opinion is a personal belief or judgement.||Explain one strategy for finding the meaning of an unfamiliar word in a text.::Using context clues, such as the surrounding words, to guess the meaning.",
2023-JSS014-Kidato III,Communicate effectively in different contexts,Use appropriate grammar and vocabulary for oral communication in a variety of contexts,"Express opinions through debates, dialogues and impromptu speeches using formulaic language (e.g., In my opinion…, personally…, I think …, I would say…, In my view…, from my perspective…, My point is…, It seems to me that…, I believe…)","Using grammar: Express opinions through debates, dialogues and impromptu speeches using fo",4,Description,Kuwaongoza Wanafunzi,"Students are able to express opinions through debates, dialogues and impromptu speeches using formulaic language accurately and confidently.",Maps|Worksheet|Pictures/charts,"TET(2023), ENGLISH LANGUAGE SYLLABUS FOR ORDINARY SECONDARY EDUCATION, TET, DAR ES SALAAM","This lesson enables students to express opinions through debates, dialogues and impromptu speeches using formulaic language, applying grammatical structures accurately in a specific context.","Students study the target structure through examples relevant to the context, then practise producing their own oral and written sentences describing real situations. The teacher guides students to notice how the structure changes meaning (for example between ongoing and habitual actions) and corrects common errors.","For example, to express daily routines a student says 'I wake up at six o'clock and go to school', while to express an ongoing action the same student says 'I am going to school now', showing the contrast between simple and progressive forms.","Learners use these structures every day to describe their routines, locations, feelings and needs when talking with family, friends and in the community.","Complete the sentence using the correct tense: 'Every morning, she ___ (walk) to school.'::walks||Rewrite the sentence to show an action happening now: 'He plays football.'::He is playing football.||Give one example sentence describing your own daily routine.::Any grammatically correct sentence describing a routine, e.g. 'I brush my teeth every morning.'",
2023-JSS014-Kidato III,Communicate effectively in different contexts,Use appropriate grammar and vocabulary for oral communication in a variety of contexts,"Present facts logically using appropriate formulaic language (e.g., due to the fact that…, it is true that…, the bottom line is…, the reality is…, in fact…actually…according to…)",Using grammar: Present facts logically using appropriate formulaic language,3,Role play,Kuwaongoza Wanafunzi,Students are able to present facts logically using appropriate formulaic language accurately and confidently.,Worksheet|Pictures/charts|Realia,"TET(2023), ENGLISH LANGUAGE SYLLABUS FOR ORDINARY SECONDARY EDUCATION, TET, DAR ES SALAAM","This lesson enables students to present facts logically using appropriate formulaic language, applying grammatical structures accurately in a specific context.","Students study the target structure through examples relevant to the context, then practise producing their own oral and written sentences describing real situations. The teacher guides students to notice how the structure changes meaning (for example between ongoing and habitual actions) and corrects common errors.","For example, to express daily routines a student says 'I wake up at six o'clock and go to school', while to express an ongoing action the same student says 'I am going to school now', showing the contrast between simple and progressive forms.","Learners use these structures every day to describe their routines, locations, feelings and needs when talking with family, friends and in the community.","Complete the sentence using the correct tense: 'Every morning, she ___ (walk) to school.'::walks||Rewrite the sentence to show an action happening now: 'He plays football.'::He is playing football.||Give one example sentence describing your own daily routine.::Any grammatically correct sentence describing a routine, e.g. 'I brush my teeth every morning.'",
2023-JSS014-Kidato III,Communicate effectively in different contexts,Use appropriate grammar and vocabulary for oral communication in a variety of contexts,Describe conditions about various situations and circumstances (structure: conditional sentences),Using grammar: Describe conditions about various situations and circumstances,3,Guided practice,Kuwaongoza Wanafunzi,Students are able to describe conditions about various situations and circumstances accurately and confidently.,Pictures/charts|Realia|Maps,"TET(2023), ENGLISH LANGUAGE SYLLABUS FOR ORDINARY SECONDARY EDUCATION, TET, DAR ES SALAAM","This lesson enables students to describe conditions about various situations and circumstances, applying grammatical structures accurately in a specific context.","Students study the target structure through examples relevant to the context, then practise producing their own oral and written sentences describing real situations. The teacher guides students to notice how the structure changes meaning (for example between ongoing and habitual actions) and corrects common errors.","For example, to express daily routines a student says 'I wake up at six o'clock and go to school', while to express an ongoing action the same student says 'I am going to school now', showing the contrast between simple and progressive forms.","Learners use these structures every day to describe their routines, locations, feelings and needs when talking with family, friends and in the community.","Complete the sentence using the correct tense: 'Every morning, she ___ (walk) to school.'::walks||Rewrite the sentence to show an action happening now: 'He plays football.'::He is playing football.||Give one example sentence describing your own daily routine.::Any grammatically correct sentence describing a routine, e.g. 'I brush my teeth every morning.'",
2023-JSS014-Kidato III,Communicate effectively in different contexts,Use appropriate grammar and vocabulary for oral communication in a variety of contexts,"Ask and respond to questions in interview sessions (e.g., job interview, panel interview, TV/radio interview)",Communication skills: Ask and respond to questions in interview sessions,3,Scenario-based practice,Kuwaongoza Wanafunzi,Students are able to ask and respond to questions in interview sessions accurately and confidently.,Dialogue scripts|Worksheet|Role-play cards,"TET(2023), ENGLISH LANGUAGE SYLLABUS FOR ORDINARY SECONDARY EDUCATION, TET, DAR ES SALAAM","This lesson helps students to ask and respond to questions in interview sessions, developing skills for effective interpersonal and group communication.","Students study appropriate language, tone and non-verbal cues (such as eye contact, gestures and facial expression) used in different communicative settings. Through role play, dialogue and discussion, they practise expressing and responding to ideas politely and appropriately depending on the audience and context.","For example, in a role play, one student greets an elder formally using 'Good morning, how are you today?' while greeting a peer informally using 'Hey, what's up?', showing how register changes with audience.","These skills help learners communicate respectfully and effectively with different people in daily life, such as teachers, family members, and the wider community.","Give one example of a non-verbal cue used in communication.::Any correct example, e.g. eye contact, a nod, or a gesture.||Why should language change depending on who you are speaking to?::Because different audiences (e.g. elders versus peers) expect different levels of formality and respect.||Give one polite expression used to express an opinion.::Any correct example, e.g. 'In my opinion...' or 'I think that...'.",
2023-JSS014-Kidato III,Communicate effectively in different contexts,Use appropriate grammar and vocabulary for oral communication in a variety of contexts,"Describe activities and events of a social or cultural nature (e.g., celebrations, parades, accidents, elections, funerals, sport and games) using different tenses",Using grammar: Describe activities and events of a social or cultural nature using differe,3,Real-life expression,Kuwaongoza Wanafunzi,Students are able to describe activities and events of a social or cultural nature using different tenses accurately and confidently.,Realia|Maps|Worksheet,"TET(2023), ENGLISH LANGUAGE SYLLABUS FOR ORDINARY SECONDARY EDUCATION, TET, DAR ES SALAAM","This lesson enables students to describe activities and events of a social or cultural nature using different tenses, applying grammatical structures accurately in a specific context.","Students study the target structure through examples relevant to the context, then practise producing their own oral and written sentences describing real situations. The teacher guides students to notice how the structure changes meaning (for example between ongoing and habitual actions) and corrects common errors.","For example, to express daily routines a student says 'I wake up at six o'clock and go to school', while to express an ongoing action the same student says 'I am going to school now', showing the contrast between simple and progressive forms.","Learners use these structures every day to describe their routines, locations, feelings and needs when talking with family, friends and in the community.","Complete the sentence using the correct tense: 'Every morning, she ___ (walk) to school.'::walks||Rewrite the sentence to show an action happening now: 'He plays football.'::He is playing football.||Give one example sentence describing your own daily routine.::Any grammatically correct sentence describing a routine, e.g. 'I brush my teeth every morning.'",
2023-JSS014-Kidato III,Communicate effectively in different contexts,Create a variety of texts for different communicative purposes using the appropriate tone and register,"Write a letter to the editor, an order letter and a complaint letter (structure: Dear editor.., I would like to order…. We are glad to place our first order…, I am writing to complain about…, I am writing to bring your attention…, a complaint against…)","Writing task: Write a letter to the editor, an order letter and a complaint letter",3,Collaborative writing,Kuwaongoza Wanafunzi,"Students are able to write a letter to the editor, an order letter and a complaint letter accurately and confidently.",Envelopes|Worksheet|Sample letters/emails,"TET(2023), ENGLISH LANGUAGE SYLLABUS FOR ORDINARY SECONDARY EDUCATION, TET, DAR ES SALAAM","This lesson guides students to write a letter to the editor, an order letter and a complaint letter, developing their ability to write for a specific purpose and audience.","Students study a model text to identify its structure, tone and typical vocabulary, then plan and write their own text following the same conventions. Emphasis is placed on the appropriate greeting or opening, logical organisation of ideas, and a suitable closing, matched to the purpose of the text.","For example, when writing a friendly letter, a student begins with 'Dear Aunt Mary,', writes the body in a warm, personal tone, and closes with 'Your loving nephew,' followed by their name.","These writing skills are used whenever learners need to communicate in writing outside the classroom, such as writing to relatives, applying for opportunities, or sharing news.","Name one part that every letter should include.::Any correct part, e.g. a greeting/salutation, the body, or a closing.||Give an appropriate opening greeting for a letter to a family member.::Any correct example, e.g. 'Dear Mother,' or 'Dear Uncle,'.||Why is it important to plan a piece of writing before starting?::Planning helps organise ideas logically so the final text is clear and well structured.",
2023-JSS014-Kidato III,Communicate effectively in different contexts,Create a variety of texts for different communicative purposes using the appropriate tone and register,"Write reports on various events (e.g., sports, graduation, study tours)",Writing task: Write reports on various events,3,Observation and discussion,Kuwaongoza Wanafunzi,Students are able to write reports on various events accurately and confidently.,Worksheet|Sample letters/emails|Writing frames,"TET(2023), ENGLISH LANGUAGE SYLLABUS FOR ORDINARY SECONDARY EDUCATION, TET, DAR ES SALAAM","This lesson guides students to write reports on various events, developing their ability to write for a specific purpose and audience.","Students study a model text to identify its structure, tone and typical vocabulary, then plan and write their own text following the same conventions. Emphasis is placed on the appropriate greeting or opening, logical organisation of ideas, and a suitable closing, matched to the purpose of the text.","For example, when writing a friendly letter, a student begins with 'Dear Aunt Mary,', writes the body in a warm, personal tone, and closes with 'Your loving nephew,' followed by their name.","These writing skills are used whenever learners need to communicate in writing outside the classroom, such as writing to relatives, applying for opportunities, or sharing news.","Name one part that every letter should include.::Any correct part, e.g. a greeting/salutation, the body, or a closing.||Give an appropriate opening greeting for a letter to a family member.::Any correct example, e.g. 'Dear Mother,' or 'Dear Uncle,'.||Why is it important to plan a piece of writing before starting?::Planning helps organise ideas logically so the final text is clear and well structured.",
2023-JSS014-Kidato III,Communicate effectively in different contexts,Create a variety of texts for different communicative purposes using the appropriate tone and register,"Write biographies (structure: past and present tense, third person)",Writing task: Write biographies,3,Guided writing,Kuwaongoza Wanafunzi,Students are able to write biographies accurately and confidently.,Sample letters/emails|Writing frames|Envelopes,"TET(2023), ENGLISH LANGUAGE SYLLABUS FOR ORDINARY SECONDARY EDUCATION, TET, DAR ES SALAAM","This lesson guides students to write biographies, developing their ability to write for a specific purpose and audience.","Students study a model text to identify its structure, tone and typical vocabulary, then plan and write their own text following the same conventions. Emphasis is placed on the appropriate greeting or opening, logical organisation of ideas, and a suitable closing, matched to the purpose of the text.","For example, when writing a friendly letter, a student begins with 'Dear Aunt Mary,', writes the body in a warm, personal tone, and closes with 'Your loving nephew,' followed by their name.","These writing skills are used whenever learners need to communicate in writing outside the classroom, such as writing to relatives, applying for opportunities, or sharing news.","Name one part that every letter should include.::Any correct part, e.g. a greeting/salutation, the body, or a closing.||Give an appropriate opening greeting for a letter to a family member.::Any correct example, e.g. 'Dear Mother,' or 'Dear Uncle,'.||Why is it important to plan a piece of writing before starting?::Planning helps organise ideas logically so the final text is clear and well structured.",
2023-JSS014-Kidato III,Provide basic English language services to the community,Apply principles of editing and proofreading in a variety of texts,"Recognise the basic principles of editing and proofreading texts (e.g., sentence construction, language clarity, grammar, semantic rules, logical flow)",Editing and proofreading: Recognise the basic principles of editing and proofreading texts,2,Modelling,Kuwaongoza Wanafunzi,Students are able to recognise the basic principles of editing and proofreading texts accurately and confidently.,Sample texts with errors|Editing checklist|Dictionary,"TET(2023), ENGLISH LANGUAGE SYLLABUS FOR ORDINARY SECONDARY EDUCATION, TET, DAR ES SALAAM","This lesson helps students to recognise the basic principles of editing and proofreading texts, an essential step in producing accurate written texts.","Students learn to check a text for errors in spelling, grammar, punctuation and logical flow, and to improve clarity and word choice. They practise using proofreading marks and a checklist to systematically review a text before it is considered final.","For example, students proofread the sentence 'the boy go to school yesterday and forget his book' and correct it to 'The boy went to school yesterday and forgot his book,' fixing capitalisation, tense and spelling.","Editing and proofreading skills help learners produce error-free letters, reports and school assignments that communicate clearly to the reader.","Name two things a proofreader checks for in a text.::Any two of: spelling, grammar, punctuation, logical flow.||Correct the error in this sentence: 'She dont like tea.'::She doesn't like tea.||Why is proofreading important before submitting a piece of writing?::It removes errors and improves clarity, making the text easier for the reader to understand.",
2023-JSS014-Kidato III,Provide basic English language services to the community,Apply principles of editing and proofreading in a variety of texts,Describe the main steps of editing and proofreading,Editing and proofreading: Describe the main steps of editing and proofreading,2,Shared practice,Kuwaongoza Wanafunzi,Students are able to describe the main steps of editing and proofreading accurately and confidently.,Editing checklist|Dictionary|Worksheet,"TET(2023), ENGLISH LANGUAGE SYLLABUS FOR ORDINARY SECONDARY EDUCATION, TET, DAR ES SALAAM","This lesson helps students to describe the main steps of editing and proofreading, an essential step in producing accurate written texts.","Students learn to check a text for errors in spelling, grammar, punctuation and logical flow, and to improve clarity and word choice. They practise using proofreading marks and a checklist to systematically review a text before it is considered final.","For example, students proofread the sentence 'the boy go to school yesterday and forget his book' and correct it to 'The boy went to school yesterday and forgot his book,' fixing capitalisation, tense and spelling.","Editing and proofreading skills help learners produce error-free letters, reports and school assignments that communicate clearly to the reader.","Name two things a proofreader checks for in a text.::Any two of: spelling, grammar, punctuation, logical flow.||Correct the error in this sentence: 'She dont like tea.'::She doesn't like tea.||Why is proofreading important before submitting a piece of writing?::It removes errors and improves clarity, making the text easier for the reader to understand.",
2023-JSS014-Kidato III,Provide basic English language services to the community,Apply principles of editing and proofreading in a variety of texts,Describe the basic principles and methods of editing and proofreading,Editing and proofreading: Describe the basic principles and methods of editing and proofre,2,Collaborative practice,Kuwaongoza Wanafunzi,Students are able to describe the basic principles and methods of editing and proofreading accurately and confidently.,Dictionary|Worksheet|Sample texts with errors,"TET(2023), ENGLISH LANGUAGE SYLLABUS FOR ORDINARY SECONDARY EDUCATION, TET, DAR ES SALAAM","This lesson helps students to describe the basic principles and methods of editing and proofreading, an essential step in producing accurate written texts.","Students learn to check a text for errors in spelling, grammar, punctuation and logical flow, and to improve clarity and word choice. They practise using proofreading marks and a checklist to systematically review a text before it is considered final.","For example, students proofread the sentence 'the boy go to school yesterday and forget his book' and correct it to 'The boy went to school yesterday and forgot his book,' fixing capitalisation, tense and spelling.","Editing and proofreading skills help learners produce error-free letters, reports and school assignments that communicate clearly to the reader.","Name two things a proofreader checks for in a text.::Any two of: spelling, grammar, punctuation, logical flow.||Correct the error in this sentence: 'She dont like tea.'::She doesn't like tea.||Why is proofreading important before submitting a piece of writing?::It removes errors and improves clarity, making the text easier for the reader to understand.",
2023-JSS014-Kidato III,Provide basic English language services to the community,Apply principles of editing and proofreading in a variety of texts,"Use the principles of editing and proofreading to edit and proofread simple and short texts in a school context (e.g., laboratory rules, announcements)",Editing and proofreading: Use the principles of editing and proofreading to edit and proof,2,Discussion,Kuwaongoza Wanafunzi,Students are able to use the principles of editing and proofreading to edit and proofread simple and short texts in a school context accurately and confidently.,Worksheet|Sample texts with errors|Editing checklist,"TET(2023), ENGLISH LANGUAGE SYLLABUS FOR ORDINARY SECONDARY EDUCATION, TET, DAR ES SALAAM",This lesson introduces students to editing and proofreading skills needed to use the principles of editing and proofreading to edit and proofread simple and short texts in a school context.,"Students learn to check a text for errors in spelling, grammar, punctuation and logical flow, and to improve clarity and word choice. They practise using proofreading marks and a checklist to systematically review a text before it is considered final.","For example, students proofread the sentence 'the boy go to school yesterday and forget his book' and correct it to 'The boy went to school yesterday and forgot his book,' fixing capitalisation, tense and spelling.","Editing and proofreading skills help learners produce error-free letters, reports and school assignments that communicate clearly to the reader.","Name two things a proofreader checks for in a text.::Any two of: spelling, grammar, punctuation, logical flow.||Correct the error in this sentence: 'She dont like tea.'::She doesn't like tea.||Why is proofreading important before submitting a piece of writing?::It removes errors and improves clarity, making the text easier for the reader to understand.",
2023-JSS014-Kidato III,Provide basic English language services to the community,Apply principles of interpretation to provide simple authentic interpretations,Explain the concept of interpretation,Interpretation practice: Explain the concept of interpretation,3,Brainstorming,Kuwaongoza Wanafunzi,Students are able to explain the concept of interpretation accurately and confidently.,Dictionary|Recorded speech|Bilingual word list,"TET(2023), ENGLISH LANGUAGE SYLLABUS FOR ORDINARY SECONDARY EDUCATION, TET, DAR ES SALAAM","This lesson helps students to explain the concept of interpretation, applying the basic principles of oral interpretation between English and Kiswahili.","Students learn that interpretation means conveying a spoken message from a source language into a target language accurately and immediately, while keeping the original meaning, tone and intent. They practise both consecutive interpretation (interpreting after the speaker pauses) and simple simultaneous interpretation in short, familiar contexts.","For example, when a speaker says in English 'Welcome to our school, please take your seats,' the student interprets it into Kiswahili as 'Karibuni shuleni kwetu, tafadhali kaeni,' keeping the same meaning and tone.","Interpretation skills help learners assist communication between English and Kiswahili speakers at school, in church or mosque gatherings, and in community meetings.","What is the main goal of interpretation?::To convey a spoken message accurately from one language into another while keeping its meaning.||Name the two types of interpretation practised in this lesson.::Consecutive interpretation and simultaneous interpretation.||Interpret this greeting into Kiswahili: 'Good morning, how are you?'::Habari za asubuhi, hujambo? (or an equivalent correct Kiswahili greeting).",
2023-JSS014-Kidato III,Provide basic English language services to the community,Apply principles of interpretation to provide simple authentic interpretations,Elaborate the principles of interpretation,Interpretation practice: Elaborate the principles of interpretation,3,Modelling,Kuwaongoza Wanafunzi,Students are able to elaborate the principles of interpretation accurately and confidently.,Recorded speech|Bilingual word list|Worksheet,"TET(2023), ENGLISH LANGUAGE SYLLABUS FOR ORDINARY SECONDARY EDUCATION, TET, DAR ES SALAAM","This lesson helps students to elaborate the principles of interpretation, applying the basic principles of oral interpretation between English and Kiswahili.","Students learn that interpretation means conveying a spoken message from a source language into a target language accurately and immediately, while keeping the original meaning, tone and intent. They practise both consecutive interpretation (interpreting after the speaker pauses) and simple simultaneous interpretation in short, familiar contexts.","For example, when a speaker says in English 'Welcome to our school, please take your seats,' the student interprets it into Kiswahili as 'Karibuni shuleni kwetu, tafadhali kaeni,' keeping the same meaning and tone.","Interpretation skills help learners assist communication between English and Kiswahili speakers at school, in church or mosque gatherings, and in community meetings.","What is the main goal of interpretation?::To convey a spoken message accurately from one language into another while keeping its meaning.||Name the two types of interpretation practised in this lesson.::Consecutive interpretation and simultaneous interpretation.||Interpret this greeting into Kiswahili: 'Good morning, how are you?'::Habari za asubuhi, hujambo? (or an equivalent correct Kiswahili greeting).",
2023-JSS014-Kidato III,Provide basic English language services to the community,Apply principles of interpretation to provide simple authentic interpretations,"Interpret a short simple text in a school context (e.g., greetings, self introductions) (English to Kiswahili and vice versa)",Interpretation practice: Interpret a short simple text in a school context,3,Simultaneous and consecutive interpretation practice,Kuwaongoza Wanafunzi,Students are able to interpret a short simple text in a school context accurately and confidently.,Bilingual word list|Worksheet|Dictionary,"TET(2023), ENGLISH LANGUAGE SYLLABUS FOR ORDINARY SECONDARY EDUCATION, TET, DAR ES SALAAM","This lesson helps students to interpret a short simple text in a school context, applying the basic principles of oral interpretation between English and Kiswahili.","Students learn that interpretation means conveying a spoken message from a source language into a target language accurately and immediately, while keeping the original meaning, tone and intent. They practise both consecutive interpretation (interpreting after the speaker pauses) and simple simultaneous interpretation in short, familiar contexts.","For example, when a speaker says in English 'Welcome to our school, please take your seats,' the student interprets it into Kiswahili as 'Karibuni shuleni kwetu, tafadhali kaeni,' keeping the same meaning and tone.","Interpretation skills help learners assist communication between English and Kiswahili speakers at school, in church or mosque gatherings, and in community meetings.","What is the main goal of interpretation?::To convey a spoken message accurately from one language into another while keeping its meaning.||Name the two types of interpretation practised in this lesson.::Consecutive interpretation and simultaneous interpretation.||Interpret this greeting into Kiswahili: 'Good morning, how are you?'::Habari za asubuhi, hujambo? (or an equivalent correct Kiswahili greeting).",
2023-JSS014-Kidato III,Provide basic English language services to the community,Apply principles of translation to produce simple authentic translation,Explain the concept of translation,Translation practice: Explain the concept of translation,3,Modelling,Kuwaongoza Wanafunzi,Students are able to explain the concept of translation accurately and confidently.,Bilingual dictionary|Sample texts|Computer-assisted translation tool,"TET(2023), ENGLISH LANGUAGE SYLLABUS FOR ORDINARY SECONDARY EDUCATION, TET, DAR ES SALAAM","This lesson helps students to explain the concept of translation, applying the basic principles of written translation between English and Kiswahili.","Students learn that translation involves changing a written text from a source language into a target language while preserving its meaning, register and purpose. They study communicative translation techniques, which prioritise natural, meaningful expression over word-for-word conversion, and practise translating short texts.","For example, the English notice 'No entry without permission' is translated communicatively into Kiswahili as 'Hairuhusiwi kuingia bila kibali,' rather than a stiff word-for-word version.","Translation skills allow learners to make information such as notices, timetables and short documents accessible to both English and Kiswahili speakers in their community.","What is the difference between translation and interpretation?::Translation deals with written text, while interpretation deals with spoken language.||Translate the phrase 'Welcome to our school' into Kiswahili.::Karibu shuleni kwetu (or an equivalent correct translation).||Why should a translator avoid strict word-for-word translation?::Because it can produce unnatural or unclear meaning; communicative translation preserves the intended meaning better.",
2023-JSS014-Kidato III,Provide basic English language services to the community,Apply principles of translation to produce simple authentic translation,Elaborate the principles of translation,Translation practice: Elaborate the principles of translation,3,Shared practice,Kuwaongoza Wanafunzi,Students are able to elaborate the principles of translation accurately and confidently.,Sample texts|Computer-assisted translation tool|Worksheet,"TET(2023), ENGLISH LANGUAGE SYLLABUS FOR ORDINARY SECONDARY EDUCATION, TET, DAR ES SALAAM","This lesson helps students to elaborate the principles of translation, applying the basic principles of written translation between English and Kiswahili.","Students learn that translation involves changing a written text from a source language into a target language while preserving its meaning, register and purpose. They study communicative translation techniques, which prioritise natural, meaningful expression over word-for-word conversion, and practise translating short texts.","For example, the English notice 'No entry without permission' is translated communicatively into Kiswahili as 'Hairuhusiwi kuingia bila kibali,' rather than a stiff word-for-word version.","Translation skills allow learners to make information such as notices, timetables and short documents accessible to both English and Kiswahili speakers in their community.","What is the difference between translation and interpretation?::Translation deals with written text, while interpretation deals with spoken language.||Translate the phrase 'Welcome to our school' into Kiswahili.::Karibu shuleni kwetu (or an equivalent correct translation).||Why should a translator avoid strict word-for-word translation?::Because it can produce unnatural or unclear meaning; communicative translation preserves the intended meaning better.",
2023-JSS014-Kidato III,Provide basic English language services to the community,Apply principles of translation to produce simple authentic translation,"Translate a simple short text in a school context (e.g., laboratory rules, timetables, joining instructions) (English to Kiswahili and vice versa)",Translation practice: Translate a simple short text in a school context,3,Collaborative practice,Kuwaongoza Wanafunzi,Students are able to translate a simple short text in a school context accurately and confidently.,Computer-assisted translation tool|Worksheet|Bilingual dictionary,"TET(2023), ENGLISH LANGUAGE SYLLABUS FOR ORDINARY SECONDARY EDUCATION, TET, DAR ES SALAAM","This lesson helps students to translate a simple short text in a school context, applying the basic principles of written translation between English and Kiswahili.","Students learn that translation involves changing a written text from a source language into a target language while preserving its meaning, register and purpose. They study communicative translation techniques, which prioritise natural, meaningful expression over word-for-word conversion, and practise translating short texts.","For example, the English notice 'No entry without permission' is translated communicatively into Kiswahili as 'Hairuhusiwi kuingia bila kibali,' rather than a stiff word-for-word version.","Translation skills allow learners to make information such as notices, timetables and short documents accessible to both English and Kiswahili speakers in their community.","What is the difference between translation and interpretation?::Translation deals with written text, while interpretation deals with spoken language.||Translate the phrase 'Welcome to our school' into Kiswahili.::Karibu shuleni kwetu (or an equivalent correct translation).||Why should a translator avoid strict word-for-word translation?::Because it can produce unnatural or unclear meaning; communicative translation preserves the intended meaning better.",
2023-JSS014-Kidato III,Appreciate and create literary works,Appreciate the aesthetics and value of literature,Assess the language used in selected poems and plays,Appreciating literature: Assess the language used in selected poems and plays,8,Close reading,Kuwaongoza Wanafunzi,Students are able to assess the language used in selected poems and plays accurately and confidently.,Selected poem/play/novella text|Dictionary|Notebook,"TET(2023), ENGLISH LANGUAGE SYLLABUS FOR ORDINARY SECONDARY EDUCATION, TET, DAR ES SALAAM","This lesson guides students to assess the language used in selected poems and plays, developing an appreciation of literary language and its aesthetic value.","Students read a selected literary text closely, identifying stylistic features such as imagery, figurative language, rhythm and word choice, and discuss how these features create meaning and emotional effect. They also reflect on their own values and compare them with those expressed in the text.","For example, in a poem describing rain as 'tears of the sky', students discuss how this metaphor creates a sad, reflective mood and compare it with their own feelings about rain.",Appreciating literature helps learners understand different perspectives on life and express their own feelings and values more creatively.,"What is a metaphor?::A figure of speech that describes something by referring to it as if it were something else, without using 'like' or 'as'.||Give one example of figurative language.::Any correct example, e.g. metaphor, simile, or personification.||Why is it useful to compare your own values with those expressed in a literary text?::It helps deepen understanding of the text and reflect critically on one's own perspective.",
2023-JSS014-Kidato III,Appreciate and create literary works,Appreciate the aesthetics and value of literature,Compare own values and perspectives with those implied in selected poems and plays,Appreciating literature: Compare own values and perspectives with those implied in selecte,7,Discussion,Kuwaongoza Wanafunzi,Students are able to compare own values and perspectives with those implied in selected poems and plays accurately and confidently.,Dictionary|Notebook|Selected poem/play/novella text,"TET(2023), ENGLISH LANGUAGE SYLLABUS FOR ORDINARY SECONDARY EDUCATION, TET, DAR ES SALAAM","This lesson guides students to compare own values and perspectives with those implied in selected poems and plays, developing an appreciation of literary language and its aesthetic value.","Students read a selected literary text closely, identifying stylistic features such as imagery, figurative language, rhythm and word choice, and discuss how these features create meaning and emotional effect. They also reflect on their own values and compare them with those expressed in the text.","For example, in a poem describing rain as 'tears of the sky', students discuss how this metaphor creates a sad, reflective mood and compare it with their own feelings about rain.",Appreciating literature helps learners understand different perspectives on life and express their own feelings and values more creatively.,"What is a metaphor?::A figure of speech that describes something by referring to it as if it were something else, without using 'like' or 'as'.||Give one example of figurative language.::Any correct example, e.g. metaphor, simile, or personification.||Why is it useful to compare your own values with those expressed in a literary text?::It helps deepen understanding of the text and reflect critically on one's own perspective.",
2023-JSS014-Kidato III,Appreciate and create literary works,"Evaluate the context in which literary texts are written, read and understood",Assess the socio-political and cultural contexts in which the selected poems and plays were written,Literary context: Assess the socio-political and cultural contexts in which the selected p,3,Brainstorming,Kuwaongoza Wanafunzi,Students are able to assess the socio-political and cultural contexts in which the selected poems and plays were written accurately and confidently.,Selected poem/play/novella text|Reference notes|Notebook,"TET(2023), ENGLISH LANGUAGE SYLLABUS FOR ORDINARY SECONDARY EDUCATION, TET, DAR ES SALAAM","This lesson helps students to assess the socio-political and cultural contexts in which the selected poems and plays were written, understanding the background against which a literary text was produced.","Students investigate the socio-political, economic and cultural setting in which a literary text was written, and consider how that setting shapes its themes and message. They then relate the issues raised in the text to real experiences in their own community.","For example, a play depicting a drought and its effect on a village helps students discuss real issues of food security and how communities respond to environmental challenges.","Understanding literary context helps learners connect what they read to real social issues affecting their own society, such as poverty, tradition or change.","Why is it important to know the context in which a literary text was written?::It helps readers understand the themes, issues and message the writer intended to convey.||Give one example of a socio-political issue that literature can portray.::Any correct example, e.g. corruption, poverty, or inequality.||How can a literary text be related to real-life experiences?::By identifying similar issues or events in the reader's own community and comparing them to the text.",
2023-JSS014-Kidato III,Appreciate and create literary works,"Evaluate the context in which literary texts are written, read and understood","Examine the socio-political, economic and cultural issues portrayed in selected poems and plays","Literary context: Examine the socio-political, economic and cultural issues portrayed in s",3,Group work,Kuwaongoza Wanafunzi,"Students are able to examine the socio-political, economic and cultural issues portrayed in selected poems and plays accurately and confidently.",Reference notes|Notebook|Selected poem/play/novella text,"TET(2023), ENGLISH LANGUAGE SYLLABUS FOR ORDINARY SECONDARY EDUCATION, TET, DAR ES SALAAM","This lesson helps students to examine the socio-political, economic and cultural issues portrayed in selected poems and plays, understanding the background against which a literary text was produced.","Students investigate the socio-political, economic and cultural setting in which a literary text was written, and consider how that setting shapes its themes and message. They then relate the issues raised in the text to real experiences in their own community.","For example, a play depicting a drought and its effect on a village helps students discuss real issues of food security and how communities respond to environmental challenges.","Understanding literary context helps learners connect what they read to real social issues affecting their own society, such as poverty, tradition or change.","Why is it important to know the context in which a literary text was written?::It helps readers understand the themes, issues and message the writer intended to convey.||Give one example of a socio-political issue that literature can portray.::Any correct example, e.g. corruption, poverty, or inequality.||How can a literary text be related to real-life experiences?::By identifying similar issues or events in the reader's own community and comparing them to the text.",
2023-JSS014-Kidato III,Appreciate and create literary works,"Evaluate the context in which literary texts are written, read and understood",Relate the context of the story in selected poems and plays with real life experiences,Literary context: Relate the context of the story in selected poems and plays with real li,3,Discussion,Kuwaongoza Wanafunzi,Students are able to relate the context of the story in selected poems and plays with real life experiences accurately and confidently.,Notebook|Selected poem/play/novella text|Reference notes,"TET(2023), ENGLISH LANGUAGE SYLLABUS FOR ORDINARY SECONDARY EDUCATION, TET, DAR ES SALAAM","This lesson helps students to relate the context of the story in selected poems and plays with real life experiences, understanding the background against which a literary text was produced.","Students investigate the socio-political, economic and cultural setting in which a literary text was written, and consider how that setting shapes its themes and message. They then relate the issues raised in the text to real experiences in their own community.","For example, a play depicting a drought and its effect on a village helps students discuss real issues of food security and how communities respond to environmental challenges.","Understanding literary context helps learners connect what they read to real social issues affecting their own society, such as poverty, tradition or change.","Why is it important to know the context in which a literary text was written?::It helps readers understand the themes, issues and message the writer intended to convey.||Give one example of a socio-political issue that literature can portray.::Any correct example, e.g. corruption, poverty, or inequality.||How can a literary text be related to real-life experiences?::By identifying similar issues or events in the reader's own community and comparing them to the text.",
2023-JSS014-Kidato III,Appreciate and create literary works,Analyse genres of literature and appreciate their conventions,Describe different genres of written literature and their conventions,Literary genres: Describe different genres of written literature and their conventions,6,Discussion,Kuwaongoza Wanafunzi,Students are able to describe different genres of written literature and their conventions accurately and confidently.,Sample literary texts|Dictionary|Notebook,"TET(2023), ENGLISH LANGUAGE SYLLABUS FOR ORDINARY SECONDARY EDUCATION, TET, DAR ES SALAAM","This lesson helps students to describe different genres of written literature and their conventions, building analytical skills for studying different types of literature.","Students identify features that distinguish literary genres such as poetry, prose and drama, and learn the criteria used to critique a literary work, including its form (structure, language) and content (theme, message). They apply these criteria to analyse and critique selected texts.","For example, students compare a poem and a play on the same theme of friendship, noting that the poem uses condensed, rhythmic language while the play uses dialogue and stage directions to develop the same theme.","Genre analysis skills help learners choose and enjoy appropriate reading materials and express informed opinions about books, films and plays they encounter.","Name the three main genres of literature.::Poetry, prose, and drama.||What does 'form' refer to when critiquing a literary work?::The structure and language techniques used in the work, such as rhyme, rhythm or dialogue.||Give one difference between poetry and drama.::Poetry is typically written in condensed, rhythmic lines, while drama is written mainly as dialogue meant to be performed.",
2023-JSS014-Kidato III,Appreciate and create literary works,Analyse genres of literature and appreciate their conventions,Analyse techniques of critiquing poems and plays based on their conventions,Literary genres: Analyse techniques of critiquing poems and plays based on their conventio,6,Pair work,Kuwaongoza Wanafunzi,Students are able to analyse techniques of critiquing poems and plays based on their conventions accurately and confidently.,Dictionary|Notebook|Sample literary texts,"TET(2023), ENGLISH LANGUAGE SYLLABUS FOR ORDINARY SECONDARY EDUCATION, TET, DAR ES SALAAM","This lesson helps students to analyse techniques of critiquing poems and plays based on their conventions, building analytical skills for studying different types of literature.","Students identify features that distinguish literary genres such as poetry, prose and drama, and learn the criteria used to critique a literary work, including its form (structure, language) and content (theme, message). They apply these criteria to analyse and critique selected texts.","For example, students compare a poem and a play on the same theme of friendship, noting that the poem uses condensed, rhythmic language while the play uses dialogue and stage directions to develop the same theme.","Genre analysis skills help learners choose and enjoy appropriate reading materials and express informed opinions about books, films and plays they encounter.","Name the three main genres of literature.::Poetry, prose, and drama.||What does 'form' refer to when critiquing a literary work?::The structure and language techniques used in the work, such as rhyme, rhythm or dialogue.||Give one difference between poetry and drama.::Poetry is typically written in condensed, rhythmic lines, while drama is written mainly as dialogue meant to be performed.",
2023-JSS014-Kidato III,Appreciate and create literary works,Analyse genres of literature and appreciate their conventions,Critique selected poems and plays based on form and content,Literary genres: Critique selected poems and plays based on form and content,5,Group work,Kuwaongoza Wanafunzi,Students are able to critique selected poems and plays based on form and content accurately and confidently.,Notebook|Sample literary texts|Dictionary,"TET(2023), ENGLISH LANGUAGE SYLLABUS FOR ORDINARY SECONDARY EDUCATION, TET, DAR ES SALAAM","This lesson helps students to critique selected poems and plays based on form and content, building analytical skills for studying different types of literature.","Students identify features that distinguish literary genres such as poetry, prose and drama, and learn the criteria used to critique a literary work, including its form (structure, language) and content (theme, message). They apply these criteria to analyse and critique selected texts.","For example, students compare a poem and a play on the same theme of friendship, noting that the poem uses condensed, rhythmic language while the play uses dialogue and stage directions to develop the same theme.","Genre analysis skills help learners choose and enjoy appropriate reading materials and express informed opinions about books, films and plays they encounter.","Name the three main genres of literature.::Poetry, prose, and drama.||What does 'form' refer to when critiquing a literary work?::The structure and language techniques used in the work, such as rhyme, rhythm or dialogue.||Give one difference between poetry and drama.::Poetry is typically written in condensed, rhythmic lines, while drama is written mainly as dialogue meant to be performed.",
2023-JSS014-Kidato III,Appreciate and create literary works,Create simple literary works,Compose free verse poems on various topics using literary language,Creative writing: Compose free verse poems on various topics using literary language,7,Guided writing,Kuwaongoza Wanafunzi,Students are able to compose free verse poems on various topics using literary language accurately and confidently.,Notebook|Sample poems/stories|Note board/online platform,"TET(2023), ENGLISH LANGUAGE SYLLABUS FOR ORDINARY SECONDARY EDUCATION, TET, DAR ES SALAAM","This lesson guides students to compose free verse poems on various topics using literary language, developing their own skills as creative writers of literature.","Students learn the steps of composing an original literary work, from choosing a topic and generating ideas, to drafting, revising and finalising the piece using appropriate literary language and devices. Where relevant, they also learn appropriate platforms for sharing or publishing their finished work.","For example, a student drafts a free verse poem about friendship, revises it to include a simile such as 'friendship is like a warm fire on a cold night', and then shares the final version with classmates.","Creative writing allows learners to express their own experiences and feelings, and to share their work with a wider audience through school note boards or online platforms.","Name the first step in composing a literary work.::Choosing a topic and generating ideas.||Give one example of a literary device that can be used in a poem.::Any correct example, e.g. simile, metaphor, or repetition.||Give one platform where a student can publish a finished piece of creative writing.::Any correct example, e.g. a school note board or an online platform.",
2023-JSS014-Kidato III,Appreciate and create literary works,Create simple literary works,"Publish the poems on various platforms (e.g., note boards and online platforms)",Creative writing: Publish the poems on various platforms,6,Collaborative and independent practice,Kuwaongoza Wanafunzi,Students are able to publish the poems on various platforms accurately and confidently.,Sample poems/stories|Note board/online platform|Notebook,"TET(2023), ENGLISH LANGUAGE SYLLABUS FOR ORDINARY SECONDARY EDUCATION, TET, DAR ES SALAAM","This lesson guides students to publish the poems on various platforms, developing their own skills as creative writers of literature.","Students learn the steps of composing an original literary work, from choosing a topic and generating ideas, to drafting, revising and finalising the piece using appropriate literary language and devices. Where relevant, they also learn appropriate platforms for sharing or publishing their finished work.","For example, a student drafts a free verse poem about friendship, revises it to include a simile such as 'friendship is like a warm fire on a cold night', and then shares the final version with classmates.","Creative writing allows learners to express their own experiences and feelings, and to share their work with a wider audience through school note boards or online platforms.","Name the first step in composing a literary work.::Choosing a topic and generating ideas.||Give one example of a literary device that can be used in a poem.::Any correct example, e.g. simile, metaphor, or repetition.||Give one platform where a student can publish a finished piece of creative writing.::Any correct example, e.g. a school note board or an online platform.",
2023-JSS014-Kidato IV,Demonstrate mastery of English language skills,Use appropriate grammar and vocabulary in oral and in written language tasks,"Prepare and deliver short speeches about common topics (e.g., entrepreneurship, corruption, child rights and security, gender education, cyber security education, disaster management, health and reproductive education, drug abuse, life skills, financial management education, taxation)",Essay and speech writing: Prepare and deliver short speeches about common topics,7,Modelling,Kuwaongoza Wanafunzi,Students are able to prepare and deliver short speeches about common topics accurately and confidently.,Sample speeches/essays|Cue cards|Recorder,"TET(2023), ENGLISH LANGUAGE SYLLABUS FOR ORDINARY SECONDARY EDUCATION, TET, DAR ES SALAAM","This lesson guides students to prepare and deliver short speeches about common topics, developing skills to produce well-structured extended texts for a public audience.","Students study the structure and purpose of the target text type (essay or speech), identify its key features such as introduction, body and conclusion, and practise composing their own examples using correct grammar, logical organisation and appropriate vocabulary for the topic.","For example, when preparing a persuasive speech about drug abuse prevention, a student opens with a strong statement, presents supporting arguments in the body, and closes with a call to action.","These skills help learners express informed opinions on real social issues such as health, corruption and gender education, both in school and in the wider community.","Name the three main parts of a well-organised essay or speech.::Introduction, body, and conclusion.||Why should a speech end with a strong conclusion or call to action?::It reinforces the main message and leaves a lasting impression on the audience.||Give one cross-cutting topic suitable for a persuasive speech.::Any correct example, e.g. corruption, gender education, or drug abuse.",
2023-JSS014-Kidato IV,Demonstrate mastery of English language skills,Use appropriate grammar and vocabulary in oral and in written language tasks,"Compose different types of essays (narrative, descriptive, argumentative and expository) using correct grammar and vocabulary",Essay and speech writing: Compose different types of essays using correct grammar and voca,7,Guided writing,Kuwaongoza Wanafunzi,Students are able to compose different types of essays using correct grammar and vocabulary accurately and confidently.,Cue cards|Recorder|Sample speeches/essays,"TET(2023), ENGLISH LANGUAGE SYLLABUS FOR ORDINARY SECONDARY EDUCATION, TET, DAR ES SALAAM","This lesson guides students to compose different types of essays using correct grammar and vocabulary, developing skills to produce well-structured extended texts for a public audience.","Students study the structure and purpose of the target text type (essay or speech), identify its key features such as introduction, body and conclusion, and practise composing their own examples using correct grammar, logical organisation and appropriate vocabulary for the topic.","For example, when preparing a persuasive speech about drug abuse prevention, a student opens with a strong statement, presents supporting arguments in the body, and closes with a call to action.","These skills help learners express informed opinions on real social issues such as health, corruption and gender education, both in school and in the wider community.","Name the three main parts of a well-organised essay or speech.::Introduction, body, and conclusion.||Why should a speech end with a strong conclusion or call to action?::It reinforces the main message and leaves a lasting impression on the audience.||Give one cross-cutting topic suitable for a persuasive speech.::Any correct example, e.g. corruption, gender education, or drug abuse.",
2023-JSS014-Kidato IV,Comprehend oral and written information,Read texts for comprehension,Discuss the author's motives in a given text,Reading comprehension: Discuss the author's motives in a given text,3,Guided reading,Kuwaongoza Wanafunzi,Students are able to discuss the author's motives in a given text accurately and confidently.,Newspaper articles|Story cards|Worksheet,"TET(2023), ENGLISH LANGUAGE SYLLABUS FOR ORDINARY SECONDARY EDUCATION, TET, DAR ES SALAAM",This lesson develops students' ability to discuss the author's motives in a given text by engaging closely with written texts.,"Students read a passage silently or aloud, identify key information such as main ideas, sequence of events, facts versus opinions, or the writer's intended meaning, and then respond to comprehension questions orally or in writing. Strategies such as skimming for the main idea, scanning for details, and using context clues to infer meaning are practised.","For example, after reading a short story, students list the events in the order they happened using sequence words such as 'first', 'then', 'after that' and 'finally', before writing a short summary.","These reading skills help learners understand newspapers, notices, textbooks and other texts they meet outside the classroom.","Name two sequence words used to show the order of events in a story.::Any two of: first, then, after that, finally, next.||What is the difference between a fact and an opinion?::A fact can be proven true, while an opinion is a personal belief or judgement.||Explain one strategy for finding the meaning of an unfamiliar word in a text.::Using context clues, such as the surrounding words, to guess the meaning.",
2023-JSS014-Kidato IV,Comprehend oral and written information,Read texts for comprehension,Deliver an oral presentation about the content of a text,Reading comprehension: Deliver an oral presentation about the content of a text,3,Question and answer,Kuwaongoza Wanafunzi,Students are able to deliver an oral presentation about the content of a text accurately and confidently.,Story cards|Worksheet|Reader/class text,"TET(2023), ENGLISH LANGUAGE SYLLABUS FOR ORDINARY SECONDARY EDUCATION, TET, DAR ES SALAAM",This lesson develops students' ability to deliver an oral presentation about the content of a text by engaging closely with written texts.,"Students read a passage silently or aloud, identify key information such as main ideas, sequence of events, facts versus opinions, or the writer's intended meaning, and then respond to comprehension questions orally or in writing. Strategies such as skimming for the main idea, scanning for details, and using context clues to infer meaning are practised.","For example, after reading a short story, students list the events in the order they happened using sequence words such as 'first', 'then', 'after that' and 'finally', before writing a short summary.","These reading skills help learners understand newspapers, notices, textbooks and other texts they meet outside the classroom.","Name two sequence words used to show the order of events in a story.::Any two of: first, then, after that, finally, next.||What is the difference between a fact and an opinion?::A fact can be proven true, while an opinion is a personal belief or judgement.||Explain one strategy for finding the meaning of an unfamiliar word in a text.::Using context clues, such as the surrounding words, to guess the meaning.",
2023-JSS014-Kidato IV,Comprehend oral and written information,Read texts for comprehension,Draw inferences (conclusions) from a text,Reading comprehension: Draw inferences from a text,2,Close reading,Kuwaongoza Wanafunzi,Students are able to draw inferences from a text accurately and confidently.,Worksheet|Reader/class text|Newspaper articles,"TET(2023), ENGLISH LANGUAGE SYLLABUS FOR ORDINARY SECONDARY EDUCATION, TET, DAR ES SALAAM",This lesson develops students' ability to draw inferences from a text by engaging closely with written texts.,"Students read a passage silently or aloud, identify key information such as main ideas, sequence of events, facts versus opinions, or the writer's intended meaning, and then respond to comprehension questions orally or in writing. Strategies such as skimming for the main idea, scanning for details, and using context clues to infer meaning are practised.","For example, after reading a short story, students list the events in the order they happened using sequence words such as 'first', 'then', 'after that' and 'finally', before writing a short summary.","These reading skills help learners understand newspapers, notices, textbooks and other texts they meet outside the classroom.","Name two sequence words used to show the order of events in a story.::Any two of: first, then, after that, finally, next.||What is the difference between a fact and an opinion?::A fact can be proven true, while an opinion is a personal belief or judgement.||Explain one strategy for finding the meaning of an unfamiliar word in a text.::Using context clues, such as the surrounding words, to guess the meaning.",
2023-JSS014-Kidato IV,Comprehend oral and written information,Comprehend oral messages with increasing difficulty,Deduce the main ideas from an oral presentation or language task,Listening task: Deduce the main ideas from an oral presentation or language task,3,Question and answer,Kuwaongoza Wanafunzi,Students are able to deduce the main ideas from an oral presentation or language task accurately and confidently.,Flashcards|Worksheet|Audio recordings,"TET(2023), ENGLISH LANGUAGE SYLLABUS FOR ORDINARY SECONDARY EDUCATION, TET, DAR ES SALAAM","This lesson helps students to deduce the main ideas from an oral presentation or language task after listening to spoken texts such as presentations, stories or recordings. Strong listening comprehension is the foundation for accurate spoken and written responses.","Students listen attentively to an oral text (a presentation, recording, or teacher narration), note down key words and ideas, and then use these notes to respond, summarise or paraphrase what they heard. Emphasis is placed on listening for gist first, then for specific details, before producing an accurate spoken or written response.","For example, after listening to a short recorded story about a market day, students identify who the characters are, what happened first, next and last, and then retell the story in their own words to a partner.","This skill helps learners follow announcements, instructions and conversations correctly in everyday situations such as at school, at home or on the radio.",What should a listener do before trying to answer questions about a spoken text?::Listen attentively for the overall meaning (gist) before focusing on specific details.||Why is note-taking useful while listening?::It helps the listener remember key ideas to use when responding or summarising.||State one way to check that you understood a spoken message correctly.::Restate or paraphrase the message back to the speaker to confirm understanding.,
2023-JSS014-Kidato IV,Comprehend oral and written information,Comprehend oral messages with increasing difficulty,Examine information from oral sources,Listening task: Examine information from oral sources,3,Discussion,Kuwaongoza Wanafunzi,Students are able to examine information from oral sources accurately and confidently.,Worksheet|Audio recordings|Radio/TV clips,"TET(2023), ENGLISH LANGUAGE SYLLABUS FOR ORDINARY SECONDARY EDUCATION, TET, DAR ES SALAAM","This lesson helps students to examine information from oral sources after listening to spoken texts such as presentations, stories or recordings. Strong listening comprehension is the foundation for accurate spoken and written responses.","Students listen attentively to an oral text (a presentation, recording, or teacher narration), note down key words and ideas, and then use these notes to respond, summarise or paraphrase what they heard. Emphasis is placed on listening for gist first, then for specific details, before producing an accurate spoken or written response.","For example, after listening to a short recorded story about a market day, students identify who the characters are, what happened first, next and last, and then retell the story in their own words to a partner.","This skill helps learners follow announcements, instructions and conversations correctly in everyday situations such as at school, at home or on the radio.",What should a listener do before trying to answer questions about a spoken text?::Listen attentively for the overall meaning (gist) before focusing on specific details.||Why is note-taking useful while listening?::It helps the listener remember key ideas to use when responding or summarising.||State one way to check that you understood a spoken message correctly.::Restate or paraphrase the message back to the speaker to confirm understanding.,
2023-JSS014-Kidato IV,Comprehend oral and written information,Comprehend oral messages with increasing difficulty,Relate the core messages of an oral presentation to real life experiences,Listening task: Relate the core messages of an oral presentation to real life experiences,2,Presentation,Kuwaongoza Wanafunzi,Students are able to relate the core messages of an oral presentation to real life experiences accurately and confidently.,Audio recordings|Radio/TV clips|Flashcards,"TET(2023), ENGLISH LANGUAGE SYLLABUS FOR ORDINARY SECONDARY EDUCATION, TET, DAR ES SALAAM","This lesson helps students to relate the core messages of an oral presentation to real life experiences after listening to spoken texts such as presentations, stories or recordings. Strong listening comprehension is the foundation for accurate spoken and written responses.","Students listen attentively to an oral text (a presentation, recording, or teacher narration), note down key words and ideas, and then use these notes to respond, summarise or paraphrase what they heard. Emphasis is placed on listening for gist first, then for specific details, before producing an accurate spoken or written response.","For example, after listening to a short recorded story about a market day, students identify who the characters are, what happened first, next and last, and then retell the story in their own words to a partner.","This skill helps learners follow announcements, instructions and conversations correctly in everyday situations such as at school, at home or on the radio.",What should a listener do before trying to answer questions about a spoken text?::Listen attentively for the overall meaning (gist) before focusing on specific details.||Why is note-taking useful while listening?::It helps the listener remember key ideas to use when responding or summarising.||State one way to check that you understood a spoken message correctly.::Restate or paraphrase the message back to the speaker to confirm understanding.,
2023-JSS014-Kidato IV,Comprehend oral and written information,Construct meaning from a variety of texts,"Explore strategies for deriving meanings of words from given texts (e.g., contextual guessing)",Reading comprehension: Explore strategies for deriving meanings of words from given texts,2,Discussion,Kuwaongoza Wanafunzi,Students are able to explore strategies for deriving meanings of words from given texts accurately and confidently.,Reader/class text|Newspaper articles|Story cards,"TET(2023), ENGLISH LANGUAGE SYLLABUS FOR ORDINARY SECONDARY EDUCATION, TET, DAR ES SALAAM",This lesson develops students' ability to explore strategies for deriving meanings of words from given texts by engaging closely with written texts.,"Students read a passage silently or aloud, identify key information such as main ideas, sequence of events, facts versus opinions, or the writer's intended meaning, and then respond to comprehension questions orally or in writing. Strategies such as skimming for the main idea, scanning for details, and using context clues to infer meaning are practised.","For example, after reading a short story, students list the events in the order they happened using sequence words such as 'first', 'then', 'after that' and 'finally', before writing a short summary.","These reading skills help learners understand newspapers, notices, textbooks and other texts they meet outside the classroom.","Name two sequence words used to show the order of events in a story.::Any two of: first, then, after that, finally, next.||What is the difference between a fact and an opinion?::A fact can be proven true, while an opinion is a personal belief or judgement.||Explain one strategy for finding the meaning of an unfamiliar word in a text.::Using context clues, such as the surrounding words, to guess the meaning.",
2023-JSS014-Kidato IV,Comprehend oral and written information,Construct meaning from a variety of texts,Synthesise ideas and draw conclusions from multiple and diverse texts,Reading comprehension: Synthesise ideas and draw conclusions from multiple and diverse tex,2,Pair work,Kuwaongoza Wanafunzi,Students are able to synthesise ideas and draw conclusions from multiple and diverse texts accurately and confidently.,Newspaper articles|Story cards|Worksheet,"TET(2023), ENGLISH LANGUAGE SYLLABUS FOR ORDINARY SECONDARY EDUCATION, TET, DAR ES SALAAM",This lesson develops students' ability to synthesise ideas and draw conclusions from multiple and diverse texts by engaging closely with written texts.,"Students read a passage silently or aloud, identify key information such as main ideas, sequence of events, facts versus opinions, or the writer's intended meaning, and then respond to comprehension questions orally or in writing. Strategies such as skimming for the main idea, scanning for details, and using context clues to infer meaning are practised.","For example, after reading a short story, students list the events in the order they happened using sequence words such as 'first', 'then', 'after that' and 'finally', before writing a short summary.","These reading skills help learners understand newspapers, notices, textbooks and other texts they meet outside the classroom.","Name two sequence words used to show the order of events in a story.::Any two of: first, then, after that, finally, next.||What is the difference between a fact and an opinion?::A fact can be proven true, while an opinion is a personal belief or judgement.||Explain one strategy for finding the meaning of an unfamiliar word in a text.::Using context clues, such as the surrounding words, to guess the meaning.",
2023-JSS014-Kidato IV,Comprehend oral and written information,Construct meaning from a variety of texts,Write a single text from information and opinions derived from a variety of texts,Reading comprehension: Write a single text from information and opinions derived from a va,2,Guided reading,Kuwaongoza Wanafunzi,Students are able to write a single text from information and opinions derived from a variety of texts accurately and confidently.,Story cards|Worksheet|Reader/class text,"TET(2023), ENGLISH LANGUAGE SYLLABUS FOR ORDINARY SECONDARY EDUCATION, TET, DAR ES SALAAM",This lesson develops students' ability to write a single text from information and opinions derived from a variety of texts by engaging closely with written texts.,"Students read a passage silently or aloud, identify key information such as main ideas, sequence of events, facts versus opinions, or the writer's intended meaning, and then respond to comprehension questions orally or in writing. Strategies such as skimming for the main idea, scanning for details, and using context clues to infer meaning are practised.","For example, after reading a short story, students list the events in the order they happened using sequence words such as 'first', 'then', 'after that' and 'finally', before writing a short summary.","These reading skills help learners understand newspapers, notices, textbooks and other texts they meet outside the classroom.","Name two sequence words used to show the order of events in a story.::Any two of: first, then, after that, finally, next.||What is the difference between a fact and an opinion?::A fact can be proven true, while an opinion is a personal belief or judgement.||Explain one strategy for finding the meaning of an unfamiliar word in a text.::Using context clues, such as the surrounding words, to guess the meaning.",
2023-JSS014-Kidato IV,Comprehend oral and written information,Construct meaning from a variety of texts,Make inferences about a variety of texts,Reading comprehension: Make inferences about a variety of texts,2,Question and answer,Kuwaongoza Wanafunzi,Students are able to make inferences about a variety of texts accurately and confidently.,Worksheet|Reader/class text|Newspaper articles,"TET(2023), ENGLISH LANGUAGE SYLLABUS FOR ORDINARY SECONDARY EDUCATION, TET, DAR ES SALAAM",This lesson develops students' ability to make inferences about a variety of texts by engaging closely with written texts.,"Students read a passage silently or aloud, identify key information such as main ideas, sequence of events, facts versus opinions, or the writer's intended meaning, and then respond to comprehension questions orally or in writing. Strategies such as skimming for the main idea, scanning for details, and using context clues to infer meaning are practised.","For example, after reading a short story, students list the events in the order they happened using sequence words such as 'first', 'then', 'after that' and 'finally', before writing a short summary.","These reading skills help learners understand newspapers, notices, textbooks and other texts they meet outside the classroom.","Name two sequence words used to show the order of events in a story.::Any two of: first, then, after that, finally, next.||What is the difference between a fact and an opinion?::A fact can be proven true, while an opinion is a personal belief or judgement.||Explain one strategy for finding the meaning of an unfamiliar word in a text.::Using context clues, such as the surrounding words, to guess the meaning.",
2023-JSS014-Kidato IV,Comprehend oral and written information,Construct meaning from a variety of texts,Relate the core messages from multiple and diverse texts to real life experiences,Reading comprehension: Relate the core messages from multiple and diverse texts to real li,1,Close reading,Kuwaongoza Wanafunzi,Students are able to relate the core messages from multiple and diverse texts to real life experiences accurately and confidently.,Reader/class text|Newspaper articles|Story cards,"TET(2023), ENGLISH LANGUAGE SYLLABUS FOR ORDINARY SECONDARY EDUCATION, TET, DAR ES SALAAM",This lesson develops students' ability to relate the core messages from multiple and diverse texts to real life experiences by engaging closely with written texts.,"Students read a passage silently or aloud, identify key information such as main ideas, sequence of events, facts versus opinions, or the writer's intended meaning, and then respond to comprehension questions orally or in writing. Strategies such as skimming for the main idea, scanning for details, and using context clues to infer meaning are practised.","For example, after reading a short story, students list the events in the order they happened using sequence words such as 'first', 'then', 'after that' and 'finally', before writing a short summary.","These reading skills help learners understand newspapers, notices, textbooks and other texts they meet outside the classroom.","Name two sequence words used to show the order of events in a story.::Any two of: first, then, after that, finally, next.||What is the difference between a fact and an opinion?::A fact can be proven true, while an opinion is a personal belief or judgement.||Explain one strategy for finding the meaning of an unfamiliar word in a text.::Using context clues, such as the surrounding words, to guess the meaning.",
2023-JSS014-Kidato IV,Communicate effectively in different contexts,Use appropriate grammar and vocabulary for oral communication in a variety of contexts,"Express feelings and emotions depicted/portrayed in various social contexts using appropriate phrases (e.g., I am saddened…, I am upset…, my condolences… I feel happy… hurray…)",Using grammar: Express feelings and emotions depicted/portrayed in various social contexts,4,Pair work,Kuwaongoza Wanafunzi,Students are able to express feelings and emotions depicted/portrayed in various social contexts using appropriate phrases accurately and confidently.,Maps|Worksheet|Pictures/charts,"TET(2023), ENGLISH LANGUAGE SYLLABUS FOR ORDINARY SECONDARY EDUCATION, TET, DAR ES SALAAM","This lesson enables students to express feelings and emotions depicted/portrayed in various social contexts using appropriate phrases, applying grammatical structures accurately in a specific context.","Students study the target structure through examples relevant to the context, then practise producing their own oral and written sentences describing real situations. The teacher guides students to notice how the structure changes meaning (for example between ongoing and habitual actions) and corrects common errors.","For example, to express daily routines a student says 'I wake up at six o'clock and go to school', while to express an ongoing action the same student says 'I am going to school now', showing the contrast between simple and progressive forms.","Learners use these structures every day to describe their routines, locations, feelings and needs when talking with family, friends and in the community.","Complete the sentence using the correct tense: 'Every morning, she ___ (walk) to school.'::walks||Rewrite the sentence to show an action happening now: 'He plays football.'::He is playing football.||Give one example sentence describing your own daily routine.::Any grammatically correct sentence describing a routine, e.g. 'I brush my teeth every morning.'",
2023-JSS014-Kidato IV,Communicate effectively in different contexts,Use appropriate grammar and vocabulary for oral communication in a variety of contexts,"Deliver different kinds of planned and unplanned speeches (e.g., informative, persuasive speech) on different topics",Essay and speech writing: Deliver different kinds of planned and unplanned speeches on dif,4,Presentation,Kuwaongoza Wanafunzi,Students are able to deliver different kinds of planned and unplanned speeches on different topics accurately and confidently.,Recorder|Sample speeches/essays|Cue cards,"TET(2023), ENGLISH LANGUAGE SYLLABUS FOR ORDINARY SECONDARY EDUCATION, TET, DAR ES SALAAM","This lesson guides students to deliver different kinds of planned and unplanned speeches on different topics, developing skills to produce well-structured extended texts for a public audience.","Students study the structure and purpose of the target text type (essay or speech), identify its key features such as introduction, body and conclusion, and practise composing their own examples using correct grammar, logical organisation and appropriate vocabulary for the topic.","For example, when preparing a persuasive speech about drug abuse prevention, a student opens with a strong statement, presents supporting arguments in the body, and closes with a call to action.","These skills help learners express informed opinions on real social issues such as health, corruption and gender education, both in school and in the wider community.","Name the three main parts of a well-organised essay or speech.::Introduction, body, and conclusion.||Why should a speech end with a strong conclusion or call to action?::It reinforces the main message and leaves a lasting impression on the audience.||Give one cross-cutting topic suitable for a persuasive speech.::Any correct example, e.g. corruption, gender education, or drug abuse.",
2023-JSS014-Kidato IV,Communicate effectively in different contexts,Use appropriate grammar and vocabulary for oral communication in a variety of contexts,"Negotiate solutions to various problems using appropriate formalaic language (e.g., Would you mind…, don't you think…, is it possible…, if I were you…)",Using grammar: Negotiate solutions to various problems using appropriate formalaic languag,3,Description,Kuwaongoza Wanafunzi,Students are able to negotiate solutions to various problems using appropriate formalaic language accurately and confidently.,Worksheet|Pictures/charts|Realia,"TET(2023), ENGLISH LANGUAGE SYLLABUS FOR ORDINARY SECONDARY EDUCATION, TET, DAR ES SALAAM","This lesson enables students to negotiate solutions to various problems using appropriate formalaic language, applying grammatical structures accurately in a specific context.","Students study the target structure through examples relevant to the context, then practise producing their own oral and written sentences describing real situations. The teacher guides students to notice how the structure changes meaning (for example between ongoing and habitual actions) and corrects common errors.","For example, to express daily routines a student says 'I wake up at six o'clock and go to school', while to express an ongoing action the same student says 'I am going to school now', showing the contrast between simple and progressive forms.","Learners use these structures every day to describe their routines, locations, feelings and needs when talking with family, friends and in the community.","Complete the sentence using the correct tense: 'Every morning, she ___ (walk) to school.'::walks||Rewrite the sentence to show an action happening now: 'He plays football.'::He is playing football.||Give one example sentence describing your own daily routine.::Any grammatically correct sentence describing a routine, e.g. 'I brush my teeth every morning.'",
2023-JSS014-Kidato IV,Communicate effectively in different contexts,Create a variety of texts for different communicative purposes using the appropriate tone and register,"Write application letters for various purposes (e.g., job application, school admission)",Writing task: Write application letters for various purposes,5,Modelling,Kuwaongoza Wanafunzi,Students are able to write application letters for various purposes accurately and confidently.,Writing frames|Envelopes|Worksheet,"TET(2023), ENGLISH LANGUAGE SYLLABUS FOR ORDINARY SECONDARY EDUCATION, TET, DAR ES SALAAM","This lesson guides students to write application letters for various purposes, developing their ability to write for a specific purpose and audience.","Students study a model text to identify its structure, tone and typical vocabulary, then plan and write their own text following the same conventions. Emphasis is placed on the appropriate greeting or opening, logical organisation of ideas, and a suitable closing, matched to the purpose of the text.","For example, when writing a friendly letter, a student begins with 'Dear Aunt Mary,', writes the body in a warm, personal tone, and closes with 'Your loving nephew,' followed by their name.","These writing skills are used whenever learners need to communicate in writing outside the classroom, such as writing to relatives, applying for opportunities, or sharing news.","Name one part that every letter should include.::Any correct part, e.g. a greeting/salutation, the body, or a closing.||Give an appropriate opening greeting for a letter to a family member.::Any correct example, e.g. 'Dear Mother,' or 'Dear Uncle,'.||Why is it important to plan a piece of writing before starting?::Planning helps organise ideas logically so the final text is clear and well structured.",
2023-JSS014-Kidato IV,Communicate effectively in different contexts,Create a variety of texts for different communicative purposes using the appropriate tone and register,"Write speeches on a variety of topics, including cross-cutting issues","Essay and speech writing: Write speeches on a variety of topics, including cross-cutting i",5,Peer feedback,Kuwaongoza Wanafunzi,"Students are able to write speeches on a variety of topics, including cross-cutting issues accurately and confidently.",Sample speeches/essays|Cue cards|Recorder,"TET(2023), ENGLISH LANGUAGE SYLLABUS FOR ORDINARY SECONDARY EDUCATION, TET, DAR ES SALAAM","This lesson guides students to write speeches on a variety of topics, including cross-cutting issues, developing skills to produce well-structured extended texts for a public audience.","Students study the structure and purpose of the target text type (essay or speech), identify its key features such as introduction, body and conclusion, and practise composing their own examples using correct grammar, logical organisation and appropriate vocabulary for the topic.","For example, when preparing a persuasive speech about drug abuse prevention, a student opens with a strong statement, presents supporting arguments in the body, and closes with a call to action.","These skills help learners express informed opinions on real social issues such as health, corruption and gender education, both in school and in the wider community.","Name the three main parts of a well-organised essay or speech.::Introduction, body, and conclusion.||Why should a speech end with a strong conclusion or call to action?::It reinforces the main message and leaves a lasting impression on the audience.||Give one cross-cutting topic suitable for a persuasive speech.::Any correct example, e.g. corruption, gender education, or drug abuse.",
2023-JSS014-Kidato IV,Communicate effectively in different contexts,Create a variety of texts for different communicative purposes using the appropriate tone and register,Write Curriculum Vitae (CV) for different purposes,Writing task: Write Curriculum Vitae for different purposes,4,Collaborative writing,Kuwaongoza Wanafunzi,Students are able to write Curriculum Vitae for different purposes accurately and confidently.,Envelopes|Worksheet|Sample letters/emails,"TET(2023), ENGLISH LANGUAGE SYLLABUS FOR ORDINARY SECONDARY EDUCATION, TET, DAR ES SALAAM","This lesson guides students to write Curriculum Vitae for different purposes, developing their ability to write for a specific purpose and audience.","Students study a model text to identify its structure, tone and typical vocabulary, then plan and write their own text following the same conventions. Emphasis is placed on the appropriate greeting or opening, logical organisation of ideas, and a suitable closing, matched to the purpose of the text.","For example, when writing a friendly letter, a student begins with 'Dear Aunt Mary,', writes the body in a warm, personal tone, and closes with 'Your loving nephew,' followed by their name.","These writing skills are used whenever learners need to communicate in writing outside the classroom, such as writing to relatives, applying for opportunities, or sharing news.","Name one part that every letter should include.::Any correct part, e.g. a greeting/salutation, the body, or a closing.||Give an appropriate opening greeting for a letter to a family member.::Any correct example, e.g. 'Dear Mother,' or 'Dear Uncle,'.||Why is it important to plan a piece of writing before starting?::Planning helps organise ideas logically so the final text is clear and well structured.",
2023-JSS014-Kidato IV,Communicate effectively in different contexts,Conduct a socio-cultural analysis of functional texts,"Analyse different functional texts in terms of purpose, content, organisation, format and design","Functional texts: Analyse different functional texts in terms of purpose, content, organis",4,Jigsaw,Kuwaongoza Wanafunzi,"Students are able to analyse different functional texts in terms of purpose, content, organisation, format and design accurately and confidently.","Sample functional texts (recipes, manuals, forms)|Worksheet|Realia","TET(2023), ENGLISH LANGUAGE SYLLABUS FOR ORDINARY SECONDARY EDUCATION, TET, DAR ES SALAAM","This lesson helps students to analyse different functional texts in terms of purpose, content, organisation, format and design, developing awareness of how everyday functional texts are structured and used.","Students examine functional texts such as recipes, product manuals, transport schedules, forms, brochures and menus, identifying their purpose, organisation, format and typical language. They then evaluate how useful and effective each text is for its intended audience, and practise composing similar texts.","For example, students examine a bus transport schedule, noting how times and destinations are organised in a table for quick reference, then design their own simple schedule for a school event.","Understanding functional texts helps learners use real documents confidently, such as reading a medicine label, following a recipe, or filling in a form.","Name two examples of functional texts.::Any two of: recipes, product manuals, transport schedules, forms, brochures, menus.||Why is format important in a functional text such as a schedule?::A clear format, such as a table, allows readers to find information quickly and accurately.||What should be considered when composing a functional text?::Its purpose, its intended audience, and using a format that presents information clearly.",
2023-JSS014-Kidato IV,Communicate effectively in different contexts,Conduct a socio-cultural analysis of functional texts,"Read a variety of functional texts (e.g., recipes, product manuals, transport schedules, forms, brochures, and menus)",Functional texts: Read a variety of functional texts,4,Pair work,Kuwaongoza Wanafunzi,Students are able to read a variety of functional texts accurately and confidently.,"Worksheet|Realia|Sample functional texts (recipes, manuals, forms)","TET(2023), ENGLISH LANGUAGE SYLLABUS FOR ORDINARY SECONDARY EDUCATION, TET, DAR ES SALAAM","This lesson helps students to read a variety of functional texts, developing awareness of how everyday functional texts are structured and used.","Students examine functional texts such as recipes, product manuals, transport schedules, forms, brochures and menus, identifying their purpose, organisation, format and typical language. They then evaluate how useful and effective each text is for its intended audience, and practise composing similar texts.","For example, students examine a bus transport schedule, noting how times and destinations are organised in a table for quick reference, then design their own simple schedule for a school event.","Understanding functional texts helps learners use real documents confidently, such as reading a medicine label, following a recipe, or filling in a form.","Name two examples of functional texts.::Any two of: recipes, product manuals, transport schedules, forms, brochures, menus.||Why is format important in a functional text such as a schedule?::A clear format, such as a table, allows readers to find information quickly and accurately.||What should be considered when composing a functional text?::Its purpose, its intended audience, and using a format that presents information clearly.",
2023-JSS014-Kidato IV,Communicate effectively in different contexts,Conduct a socio-cultural analysis of functional texts,Comment on the usefulness of different functional texts,Functional texts: Comment on the usefulness of different functional texts,3,Group work,Kuwaongoza Wanafunzi,Students are able to comment on the usefulness of different functional texts accurately and confidently.,"Realia|Sample functional texts (recipes, manuals, forms)|Worksheet","TET(2023), ENGLISH LANGUAGE SYLLABUS FOR ORDINARY SECONDARY EDUCATION, TET, DAR ES SALAAM","This lesson helps students to comment on the usefulness of different functional texts, developing awareness of how everyday functional texts are structured and used.","Students examine functional texts such as recipes, product manuals, transport schedules, forms, brochures and menus, identifying their purpose, organisation, format and typical language. They then evaluate how useful and effective each text is for its intended audience, and practise composing similar texts.","For example, students examine a bus transport schedule, noting how times and destinations are organised in a table for quick reference, then design their own simple schedule for a school event.","Understanding functional texts helps learners use real documents confidently, such as reading a medicine label, following a recipe, or filling in a form.","Name two examples of functional texts.::Any two of: recipes, product manuals, transport schedules, forms, brochures, menus.||Why is format important in a functional text such as a schedule?::A clear format, such as a table, allows readers to find information quickly and accurately.||What should be considered when composing a functional text?::Its purpose, its intended audience, and using a format that presents information clearly.",
2023-JSS014-Kidato IV,Communicate effectively in different contexts,Conduct a socio-cultural analysis of functional texts,Compose functional texts to serve various purposes,Functional texts: Compose functional texts to serve various purposes,3,Discussion,Kuwaongoza Wanafunzi,Students are able to compose functional texts to serve various purposes accurately and confidently.,"Sample functional texts (recipes, manuals, forms)|Worksheet|Realia","TET(2023), ENGLISH LANGUAGE SYLLABUS FOR ORDINARY SECONDARY EDUCATION, TET, DAR ES SALAAM","This lesson helps students to compose functional texts to serve various purposes, developing awareness of how everyday functional texts are structured and used.","Students examine functional texts such as recipes, product manuals, transport schedules, forms, brochures and menus, identifying their purpose, organisation, format and typical language. They then evaluate how useful and effective each text is for its intended audience, and practise composing similar texts.","For example, students examine a bus transport schedule, noting how times and destinations are organised in a table for quick reference, then design their own simple schedule for a school event.","Understanding functional texts helps learners use real documents confidently, such as reading a medicine label, following a recipe, or filling in a form.","Name two examples of functional texts.::Any two of: recipes, product manuals, transport schedules, forms, brochures, menus.||Why is format important in a functional text such as a schedule?::A clear format, such as a table, allows readers to find information quickly and accurately.||What should be considered when composing a functional text?::Its purpose, its intended audience, and using a format that presents information clearly.",
2023-JSS014-Kidato IV,Provide basic English language services to the community,Apply principles of editing and proofreading in a variety of texts,"Edit and proofread texts in a school context (e.g., school rules and regulations, essays/compositions)",Editing and proofreading: Edit and proofread texts in a school context,6,Modelling,Kuwaongoza Wanafunzi,Students are able to edit and proofread texts in a school context accurately and confidently.,Sample texts with errors|Editing checklist|Dictionary,"TET(2023), ENGLISH LANGUAGE SYLLABUS FOR ORDINARY SECONDARY EDUCATION, TET, DAR ES SALAAM",This lesson introduces students to editing and proofreading skills needed to edit and proofread texts in a school context.,"Students learn to check a text for errors in spelling, grammar, punctuation and logical flow, and to improve clarity and word choice. They practise using proofreading marks and a checklist to systematically review a text before it is considered final.","For example, students proofread the sentence 'the boy go to school yesterday and forget his book' and correct it to 'The boy went to school yesterday and forgot his book,' fixing capitalisation, tense and spelling.","Editing and proofreading skills help learners produce error-free letters, reports and school assignments that communicate clearly to the reader.","Name two things a proofreader checks for in a text.::Any two of: spelling, grammar, punctuation, logical flow.||Correct the error in this sentence: 'She dont like tea.'::She doesn't like tea.||Why is proofreading important before submitting a piece of writing?::It removes errors and improves clarity, making the text easier for the reader to understand.",
2023-JSS014-Kidato IV,Provide basic English language services to the community,Apply principles of editing and proofreading in a variety of texts,"Edit and proofread short texts in contexts outside the school (e.g. posters, flyers, user manuals)",Editing and proofreading: Edit and proofread short texts in contexts outside the school,6,Shared practice,Kuwaongoza Wanafunzi,Students are able to edit and proofread short texts in contexts outside the school accurately and confidently.,Editing checklist|Dictionary|Worksheet,"TET(2023), ENGLISH LANGUAGE SYLLABUS FOR ORDINARY SECONDARY EDUCATION, TET, DAR ES SALAAM",This lesson introduces students to editing and proofreading skills needed to edit and proofread short texts in contexts outside the school.,"Students learn to check a text for errors in spelling, grammar, punctuation and logical flow, and to improve clarity and word choice. They practise using proofreading marks and a checklist to systematically review a text before it is considered final.","For example, students proofread the sentence 'the boy go to school yesterday and forget his book' and correct it to 'The boy went to school yesterday and forgot his book,' fixing capitalisation, tense and spelling.","Editing and proofreading skills help learners produce error-free letters, reports and school assignments that communicate clearly to the reader.","Name two things a proofreader checks for in a text.::Any two of: spelling, grammar, punctuation, logical flow.||Correct the error in this sentence: 'She dont like tea.'::She doesn't like tea.||Why is proofreading important before submitting a piece of writing?::It removes errors and improves clarity, making the text easier for the reader to understand.",
2023-JSS014-Kidato IV,Provide basic English language services to the community,Apply principles of interpretation to provide simple authentic interpretations,"Interpret messages in informal contexts (e.g., family conversations and peer conversations) (from English to Kiswahili and vice versa)",Interpretation practice: Interpret messages in informal contexts,5,Discussion,Kuwaongoza Wanafunzi,Students are able to interpret messages in informal contexts accurately and confidently.,Worksheet|Dictionary|Recorded speech,"TET(2023), ENGLISH LANGUAGE SYLLABUS FOR ORDINARY SECONDARY EDUCATION, TET, DAR ES SALAAM","This lesson helps students to interpret messages in informal contexts, applying the basic principles of oral interpretation between English and Kiswahili.","Students learn that interpretation means conveying a spoken message from a source language into a target language accurately and immediately, while keeping the original meaning, tone and intent. They practise both consecutive interpretation (interpreting after the speaker pauses) and simple simultaneous interpretation in short, familiar contexts.","For example, when a speaker says in English 'Welcome to our school, please take your seats,' the student interprets it into Kiswahili as 'Karibuni shuleni kwetu, tafadhali kaeni,' keeping the same meaning and tone.","Interpretation skills help learners assist communication between English and Kiswahili speakers at school, in church or mosque gatherings, and in community meetings.","What is the main goal of interpretation?::To convey a spoken message accurately from one language into another while keeping its meaning.||Name the two types of interpretation practised in this lesson.::Consecutive interpretation and simultaneous interpretation.||Interpret this greeting into Kiswahili: 'Good morning, how are you?'::Habari za asubuhi, hujambo? (or an equivalent correct Kiswahili greeting).",
2023-JSS014-Kidato IV,Provide basic English language services to the community,Apply principles of interpretation to provide simple authentic interpretations,"Interpret messages in small formal settings (e.g., classroom and subject group discussions) (from English to Kiswahili and vice versa)",Interpretation practice: Interpret messages in small formal settings,5,Brainstorming,Kuwaongoza Wanafunzi,Students are able to interpret messages in small formal settings accurately and confidently.,Dictionary|Recorded speech|Bilingual word list,"TET(2023), ENGLISH LANGUAGE SYLLABUS FOR ORDINARY SECONDARY EDUCATION, TET, DAR ES SALAAM","This lesson helps students to interpret messages in small formal settings, applying the basic principles of oral interpretation between English and Kiswahili.","Students learn that interpretation means conveying a spoken message from a source language into a target language accurately and immediately, while keeping the original meaning, tone and intent. They practise both consecutive interpretation (interpreting after the speaker pauses) and simple simultaneous interpretation in short, familiar contexts.","For example, when a speaker says in English 'Welcome to our school, please take your seats,' the student interprets it into Kiswahili as 'Karibuni shuleni kwetu, tafadhali kaeni,' keeping the same meaning and tone.","Interpretation skills help learners assist communication between English and Kiswahili speakers at school, in church or mosque gatherings, and in community meetings.","What is the main goal of interpretation?::To convey a spoken message accurately from one language into another while keeping its meaning.||Name the two types of interpretation practised in this lesson.::Consecutive interpretation and simultaneous interpretation.||Interpret this greeting into Kiswahili: 'Good morning, how are you?'::Habari za asubuhi, hujambo? (or an equivalent correct Kiswahili greeting).",
2023-JSS014-Kidato IV,Provide basic English language services to the community,Apply principles of interpretation to provide simple authentic interpretations,"Interpret messages in large formal settings (e.g., church, mosque and meetings) (from English to Kiswahili and vice versa)",Interpretation practice: Interpret messages in large formal settings,4,Modelling,Kuwaongoza Wanafunzi,Students are able to interpret messages in large formal settings accurately and confidently.,Recorded speech|Bilingual word list|Worksheet,"TET(2023), ENGLISH LANGUAGE SYLLABUS FOR ORDINARY SECONDARY EDUCATION, TET, DAR ES SALAAM","This lesson helps students to interpret messages in large formal settings, applying the basic principles of oral interpretation between English and Kiswahili.","Students learn that interpretation means conveying a spoken message from a source language into a target language accurately and immediately, while keeping the original meaning, tone and intent. They practise both consecutive interpretation (interpreting after the speaker pauses) and simple simultaneous interpretation in short, familiar contexts.","For example, when a speaker says in English 'Welcome to our school, please take your seats,' the student interprets it into Kiswahili as 'Karibuni shuleni kwetu, tafadhali kaeni,' keeping the same meaning and tone.","Interpretation skills help learners assist communication between English and Kiswahili speakers at school, in church or mosque gatherings, and in community meetings.","What is the main goal of interpretation?::To convey a spoken message accurately from one language into another while keeping its meaning.||Name the two types of interpretation practised in this lesson.::Consecutive interpretation and simultaneous interpretation.||Interpret this greeting into Kiswahili: 'Good morning, how are you?'::Habari za asubuhi, hujambo? (or an equivalent correct Kiswahili greeting).",
2023-JSS014-Kidato IV,Provide basic English language services to the community,Apply principles of translation to produce simple authentic translation,Translate texts in contexts outside the school (from English to Kiswahili and vice versa),Translation practice: Translate texts in contexts outside the school,5,Discussion,Kuwaongoza Wanafunzi,Students are able to translate texts in contexts outside the school accurately and confidently.,Worksheet|Bilingual dictionary|Sample texts,"TET(2023), ENGLISH LANGUAGE SYLLABUS FOR ORDINARY SECONDARY EDUCATION, TET, DAR ES SALAAM","This lesson helps students to translate texts in contexts outside the school, applying the basic principles of written translation between English and Kiswahili.","Students learn that translation involves changing a written text from a source language into a target language while preserving its meaning, register and purpose. They study communicative translation techniques, which prioritise natural, meaningful expression over word-for-word conversion, and practise translating short texts.","For example, the English notice 'No entry without permission' is translated communicatively into Kiswahili as 'Hairuhusiwi kuingia bila kibali,' rather than a stiff word-for-word version.","Translation skills allow learners to make information such as notices, timetables and short documents accessible to both English and Kiswahili speakers in their community.","What is the difference between translation and interpretation?::Translation deals with written text, while interpretation deals with spoken language.||Translate the phrase 'Welcome to our school' into Kiswahili.::Karibu shuleni kwetu (or an equivalent correct translation).||Why should a translator avoid strict word-for-word translation?::Because it can produce unnatural or unclear meaning; communicative translation preserves the intended meaning better.",
2023-JSS014-Kidato IV,Provide basic English language services to the community,Apply principles of translation to produce simple authentic translation,"Translate a variety of short texts (e.g., advertisements and functional texts) (from English to Kiswahili and vice versa)",Translation practice: Translate a variety of short texts,5,Modelling,Kuwaongoza Wanafunzi,Students are able to translate a variety of short texts accurately and confidently.,Bilingual dictionary|Sample texts|Computer-assisted translation tool,"TET(2023), ENGLISH LANGUAGE SYLLABUS FOR ORDINARY SECONDARY EDUCATION, TET, DAR ES SALAAM","This lesson helps students to translate a variety of short texts, applying the basic principles of written translation between English and Kiswahili.","Students learn that translation involves changing a written text from a source language into a target language while preserving its meaning, register and purpose. They study communicative translation techniques, which prioritise natural, meaningful expression over word-for-word conversion, and practise translating short texts.","For example, the English notice 'No entry without permission' is translated communicatively into Kiswahili as 'Hairuhusiwi kuingia bila kibali,' rather than a stiff word-for-word version.","Translation skills allow learners to make information such as notices, timetables and short documents accessible to both English and Kiswahili speakers in their community.","What is the difference between translation and interpretation?::Translation deals with written text, while interpretation deals with spoken language.||Translate the phrase 'Welcome to our school' into Kiswahili.::Karibu shuleni kwetu (or an equivalent correct translation).||Why should a translator avoid strict word-for-word translation?::Because it can produce unnatural or unclear meaning; communicative translation preserves the intended meaning better.",
2023-JSS014-Kidato IV,Provide basic English language services to the community,Apply principles of translation to produce simple authentic translation,Translate a variety of long texts (from English to Kiswahili and vice versa),Translation practice: Translate a variety of long texts,4,Shared practice,Kuwaongoza Wanafunzi,Students are able to translate a variety of long texts accurately and confidently.,Sample texts|Computer-assisted translation tool|Worksheet,"TET(2023), ENGLISH LANGUAGE SYLLABUS FOR ORDINARY SECONDARY EDUCATION, TET, DAR ES SALAAM","This lesson helps students to translate a variety of long texts, applying the basic principles of written translation between English and Kiswahili.","Students learn that translation involves changing a written text from a source language into a target language while preserving its meaning, register and purpose. They study communicative translation techniques, which prioritise natural, meaningful expression over word-for-word conversion, and practise translating short texts.","For example, the English notice 'No entry without permission' is translated communicatively into Kiswahili as 'Hairuhusiwi kuingia bila kibali,' rather than a stiff word-for-word version.","Translation skills allow learners to make information such as notices, timetables and short documents accessible to both English and Kiswahili speakers in their community.","What is the difference between translation and interpretation?::Translation deals with written text, while interpretation deals with spoken language.||Translate the phrase 'Welcome to our school' into Kiswahili.::Karibu shuleni kwetu (or an equivalent correct translation).||Why should a translator avoid strict word-for-word translation?::Because it can produce unnatural or unclear meaning; communicative translation preserves the intended meaning better.",
2023-JSS014-Kidato IV,Provide basic English language services to the community,Manage short translation and editing projects using Computer-Assisted Tools,Describe the use of Computer-Assisted Tools in translating and editing,Translation practice: Describe the use of Computer-Assisted Tools in translating and editi,5,Collaborative practice,Kuwaongoza Wanafunzi,Students are able to describe the use of Computer-Assisted Tools in translating and editing accurately and confidently.,Computer-assisted translation tool|Worksheet|Bilingual dictionary,"TET(2023), ENGLISH LANGUAGE SYLLABUS FOR ORDINARY SECONDARY EDUCATION, TET, DAR ES SALAAM","This lesson helps students to describe the use of Computer-Assisted Tools in translating and editing, applying the basic principles of written translation between English and Kiswahili.","Students learn that translation involves changing a written text from a source language into a target language while preserving its meaning, register and purpose. They study communicative translation techniques, which prioritise natural, meaningful expression over word-for-word conversion, and practise translating short texts.","For example, the English notice 'No entry without permission' is translated communicatively into Kiswahili as 'Hairuhusiwi kuingia bila kibali,' rather than a stiff word-for-word version.","Translation skills allow learners to make information such as notices, timetables and short documents accessible to both English and Kiswahili speakers in their community.","What is the difference between translation and interpretation?::Translation deals with written text, while interpretation deals with spoken language.||Translate the phrase 'Welcome to our school' into Kiswahili.::Karibu shuleni kwetu (or an equivalent correct translation).||Why should a translator avoid strict word-for-word translation?::Because it can produce unnatural or unclear meaning; communicative translation preserves the intended meaning better.",
2023-JSS014-Kidato IV,Provide basic English language services to the community,Manage short translation and editing projects using Computer-Assisted Tools,Use Computer-Assisted Translation Tools to translate and edit short simple texts,Translation practice: Use Computer-Assisted Translation Tools to translate and edit short,4,Discussion,Kuwaongoza Wanafunzi,Students are able to use Computer-Assisted Translation Tools to translate and edit short simple texts accurately and confidently.,Worksheet|Bilingual dictionary|Sample texts,"TET(2023), ENGLISH LANGUAGE SYLLABUS FOR ORDINARY SECONDARY EDUCATION, TET, DAR ES SALAAM","This lesson helps students to use Computer-Assisted Translation Tools to translate and edit short simple texts, applying the basic principles of written translation between English and Kiswahili.","Students learn that translation involves changing a written text from a source language into a target language while preserving its meaning, register and purpose. They study communicative translation techniques, which prioritise natural, meaningful expression over word-for-word conversion, and practise translating short texts.","For example, the English notice 'No entry without permission' is translated communicatively into Kiswahili as 'Hairuhusiwi kuingia bila kibali,' rather than a stiff word-for-word version.","Translation skills allow learners to make information such as notices, timetables and short documents accessible to both English and Kiswahili speakers in their community.","What is the difference between translation and interpretation?::Translation deals with written text, while interpretation deals with spoken language.||Translate the phrase 'Welcome to our school' into Kiswahili.::Karibu shuleni kwetu (or an equivalent correct translation).||Why should a translator avoid strict word-for-word translation?::Because it can produce unnatural or unclear meaning; communicative translation preserves the intended meaning better.",
2023-JSS014-Kidato IV,Appreciate and create literary works,Appreciate the aesthetics and value of literature,Assess the language used in a selected novella,Appreciating literature: Assess the language used in a selected novella,4,Pair work,Kuwaongoza Wanafunzi,Students are able to assess the language used in a selected novella accurately and confidently.,Notebook|Selected poem/play/novella text|Dictionary,"TET(2023), ENGLISH LANGUAGE SYLLABUS FOR ORDINARY SECONDARY EDUCATION, TET, DAR ES SALAAM","This lesson guides students to assess the language used in a selected novella, developing an appreciation of literary language and its aesthetic value.","Students read a selected literary text closely, identifying stylistic features such as imagery, figurative language, rhythm and word choice, and discuss how these features create meaning and emotional effect. They also reflect on their own values and compare them with those expressed in the text.","For example, in a poem describing rain as 'tears of the sky', students discuss how this metaphor creates a sad, reflective mood and compare it with their own feelings about rain.",Appreciating literature helps learners understand different perspectives on life and express their own feelings and values more creatively.,"What is a metaphor?::A figure of speech that describes something by referring to it as if it were something else, without using 'like' or 'as'.||Give one example of figurative language.::Any correct example, e.g. metaphor, simile, or personification.||Why is it useful to compare your own values with those expressed in a literary text?::It helps deepen understanding of the text and reflect critically on one's own perspective.",
2023-JSS014-Kidato IV,Appreciate and create literary works,Appreciate the aesthetics and value of literature,Compare own values and perspectives with those implied in a selected novella,Appreciating literature: Compare own values and perspectives with those implied in a selec,3,TIPS analysis,Kuwaongoza Wanafunzi,Students are able to compare own values and perspectives with those implied in a selected novella accurately and confidently.,Selected poem/play/novella text|Dictionary|Notebook,"TET(2023), ENGLISH LANGUAGE SYLLABUS FOR ORDINARY SECONDARY EDUCATION, TET, DAR ES SALAAM","This lesson guides students to compare own values and perspectives with those implied in a selected novella, developing an appreciation of literary language and its aesthetic value.","Students read a selected literary text closely, identifying stylistic features such as imagery, figurative language, rhythm and word choice, and discuss how these features create meaning and emotional effect. They also reflect on their own values and compare them with those expressed in the text.","For example, in a poem describing rain as 'tears of the sky', students discuss how this metaphor creates a sad, reflective mood and compare it with their own feelings about rain.",Appreciating literature helps learners understand different perspectives on life and express their own feelings and values more creatively.,"What is a metaphor?::A figure of speech that describes something by referring to it as if it were something else, without using 'like' or 'as'.||Give one example of figurative language.::Any correct example, e.g. metaphor, simile, or personification.||Why is it useful to compare your own values with those expressed in a literary text?::It helps deepen understanding of the text and reflect critically on one's own perspective.",
2023-JSS014-Kidato IV,Appreciate and create literary works,Appreciate the aesthetics and value of literature,Dramatise episodes from a selected novella,Appreciating literature: Dramatise episodes from a selected novella,3,Close reading,Kuwaongoza Wanafunzi,Students are able to dramatise episodes from a selected novella accurately and confidently.,Dictionary|Notebook|Selected poem/play/novella text,"TET(2023), ENGLISH LANGUAGE SYLLABUS FOR ORDINARY SECONDARY EDUCATION, TET, DAR ES SALAAM","This lesson guides students to dramatise episodes from a selected novella, developing an appreciation of literary language and its aesthetic value.","Students read a selected literary text closely, identifying stylistic features such as imagery, figurative language, rhythm and word choice, and discuss how these features create meaning and emotional effect. They also reflect on their own values and compare them with those expressed in the text.","For example, in a poem describing rain as 'tears of the sky', students discuss how this metaphor creates a sad, reflective mood and compare it with their own feelings about rain.",Appreciating literature helps learners understand different perspectives on life and express their own feelings and values more creatively.,"What is a metaphor?::A figure of speech that describes something by referring to it as if it were something else, without using 'like' or 'as'.||Give one example of figurative language.::Any correct example, e.g. metaphor, simile, or personification.||Why is it useful to compare your own values with those expressed in a literary text?::It helps deepen understanding of the text and reflect critically on one's own perspective.",
2023-JSS014-Kidato IV,Appreciate and create literary works,"Evaluate the context in which literary texts are written, read and understood",Examine the socio-political and cultural issues portrayed in a selected novella,Literary context: Examine the socio-political and cultural issues portrayed in a selected,6,Pair work,Kuwaongoza Wanafunzi,Students are able to examine the socio-political and cultural issues portrayed in a selected novella accurately and confidently.,Selected poem/play/novella text|Reference notes|Notebook,"TET(2023), ENGLISH LANGUAGE SYLLABUS FOR ORDINARY SECONDARY EDUCATION, TET, DAR ES SALAAM","This lesson helps students to examine the socio-political and cultural issues portrayed in a selected novella, understanding the background against which a literary text was produced.","Students investigate the socio-political, economic and cultural setting in which a literary text was written, and consider how that setting shapes its themes and message. They then relate the issues raised in the text to real experiences in their own community.","For example, a play depicting a drought and its effect on a village helps students discuss real issues of food security and how communities respond to environmental challenges.","Understanding literary context helps learners connect what they read to real social issues affecting their own society, such as poverty, tradition or change.","Why is it important to know the context in which a literary text was written?::It helps readers understand the themes, issues and message the writer intended to convey.||Give one example of a socio-political issue that literature can portray.::Any correct example, e.g. corruption, poverty, or inequality.||How can a literary text be related to real-life experiences?::By identifying similar issues or events in the reader's own community and comparing them to the text.",
2023-JSS014-Kidato IV,Appreciate and create literary works,"Evaluate the context in which literary texts are written, read and understood",Relate the context of the story in a selected novella to real life experiences,Literary context: Relate the context of the story in a selected novella to real life exper,6,Brainstorming,Kuwaongoza Wanafunzi,Students are able to relate the context of the story in a selected novella to real life experiences accurately and confidently.,Reference notes|Notebook|Selected poem/play/novella text,"TET(2023), ENGLISH LANGUAGE SYLLABUS FOR ORDINARY SECONDARY EDUCATION, TET, DAR ES SALAAM","This lesson helps students to relate the context of the story in a selected novella to real life experiences, understanding the background against which a literary text was produced.","Students investigate the socio-political, economic and cultural setting in which a literary text was written, and consider how that setting shapes its themes and message. They then relate the issues raised in the text to real experiences in their own community.","For example, a play depicting a drought and its effect on a village helps students discuss real issues of food security and how communities respond to environmental challenges.","Understanding literary context helps learners connect what they read to real social issues affecting their own society, such as poverty, tradition or change.","Why is it important to know the context in which a literary text was written?::It helps readers understand the themes, issues and message the writer intended to convey.||Give one example of a socio-political issue that literature can portray.::Any correct example, e.g. corruption, poverty, or inequality.||How can a literary text be related to real-life experiences?::By identifying similar issues or events in the reader's own community and comparing them to the text.",
2023-JSS014-Kidato IV,Appreciate and create literary works,Analyse genres of literature and appreciate their conventions,Analyse techniques of critiquing literary texts based on their conventions,Literary genres: Analyse techniques of critiquing literary texts based on their convention,4,Gallery walk,Kuwaongoza Wanafunzi,Students are able to analyse techniques of critiquing literary texts based on their conventions accurately and confidently.,Sample literary texts|Dictionary|Notebook,"TET(2023), ENGLISH LANGUAGE SYLLABUS FOR ORDINARY SECONDARY EDUCATION, TET, DAR ES SALAAM","This lesson helps students to analyse techniques of critiquing literary texts based on their conventions, building analytical skills for studying different types of literature.","Students identify features that distinguish literary genres such as poetry, prose and drama, and learn the criteria used to critique a literary work, including its form (structure, language) and content (theme, message). They apply these criteria to analyse and critique selected texts.","For example, students compare a poem and a play on the same theme of friendship, noting that the poem uses condensed, rhythmic language while the play uses dialogue and stage directions to develop the same theme.","Genre analysis skills help learners choose and enjoy appropriate reading materials and express informed opinions about books, films and plays they encounter.","Name the three main genres of literature.::Poetry, prose, and drama.||What does 'form' refer to when critiquing a literary work?::The structure and language techniques used in the work, such as rhyme, rhythm or dialogue.||Give one difference between poetry and drama.::Poetry is typically written in condensed, rhythmic lines, while drama is written mainly as dialogue meant to be performed.",
2023-JSS014-Kidato IV,Appreciate and create literary works,Analyse genres of literature and appreciate their conventions,Critique a selected novella based on form and content,Literary genres: Critique a selected novella based on form and content,4,Discussion,Kuwaongoza Wanafunzi,Students are able to critique a selected novella based on form and content accurately and confidently.,Dictionary|Notebook|Sample literary texts,"TET(2023), ENGLISH LANGUAGE SYLLABUS FOR ORDINARY SECONDARY EDUCATION, TET, DAR ES SALAAM","This lesson helps students to critique a selected novella based on form and content, building analytical skills for studying different types of literature.","Students identify features that distinguish literary genres such as poetry, prose and drama, and learn the criteria used to critique a literary work, including its form (structure, language) and content (theme, message). They apply these criteria to analyse and critique selected texts.","For example, students compare a poem and a play on the same theme of friendship, noting that the poem uses condensed, rhythmic language while the play uses dialogue and stage directions to develop the same theme.","Genre analysis skills help learners choose and enjoy appropriate reading materials and express informed opinions about books, films and plays they encounter.","Name the three main genres of literature.::Poetry, prose, and drama.||What does 'form' refer to when critiquing a literary work?::The structure and language techniques used in the work, such as rhyme, rhythm or dialogue.||Give one difference between poetry and drama.::Poetry is typically written in condensed, rhythmic lines, while drama is written mainly as dialogue meant to be performed.",
2023-JSS014-Kidato IV,Appreciate and create literary works,Create simple literary works,Apply literary skills to compose short stories on various topics,Creative writing: Apply literary skills to compose short stories on various topics,9,Modelling,Kuwaongoza Wanafunzi,Students are able to apply literary skills to compose short stories on various topics accurately and confidently.,Note board/online platform|Notebook|Sample poems/stories,"TET(2023), ENGLISH LANGUAGE SYLLABUS FOR ORDINARY SECONDARY EDUCATION, TET, DAR ES SALAAM","This lesson guides students to apply literary skills to compose short stories on various topics, developing their own skills as creative writers of literature.","Students learn the steps of composing an original literary work, from choosing a topic and generating ideas, to drafting, revising and finalising the piece using appropriate literary language and devices. Where relevant, they also learn appropriate platforms for sharing or publishing their finished work.","For example, a student drafts a free verse poem about friendship, revises it to include a simile such as 'friendship is like a warm fire on a cold night', and then shares the final version with classmates.","Creative writing allows learners to express their own experiences and feelings, and to share their work with a wider audience through school note boards or online platforms.","Name the first step in composing a literary work.::Choosing a topic and generating ideas.||Give one example of a literary device that can be used in a poem.::Any correct example, e.g. simile, metaphor, or repetition.||Give one platform where a student can publish a finished piece of creative writing.::Any correct example, e.g. a school note board or an online platform.",
2023-JSS014-Kidato IV,Appreciate and create literary works,Create simple literary works,"Publish the short stories on various platforms (e.g., note boards and online platforms)",Creative writing: Publish the short stories on various platforms,9,Peer feedback,Kuwaongoza Wanafunzi,Students are able to publish the short stories on various platforms accurately and confidently.,Notebook|Sample poems/stories|Note board/online platform,"TET(2023), ENGLISH LANGUAGE SYLLABUS FOR ORDINARY SECONDARY EDUCATION, TET, DAR ES SALAAM","This lesson guides students to publish the short stories on various platforms, developing their own skills as creative writers of literature.","Students learn the steps of composing an original literary work, from choosing a topic and generating ideas, to drafting, revising and finalising the piece using appropriate literary language and devices. Where relevant, they also learn appropriate platforms for sharing or publishing their finished work.","For example, a student drafts a free verse poem about friendship, revises it to include a simile such as 'friendship is like a warm fire on a cold night', and then shares the final version with classmates.","Creative writing allows learners to express their own experiences and feelings, and to share their work with a wider audience through school note boards or online platforms.","Name the first step in composing a literary work.::Choosing a topic and generating ideas.||Give one example of a literary device that can be used in a poem.::Any correct example, e.g. simile, metaphor, or repetition.||Give one platform where a student can publish a finished piece of creative writing.::Any correct example, e.g. a school note board or an online platform.",
