subject_version_code,main_competence_name,specific_competence_name,learning_activity_name,sla_name,sla_periods,sla_method,sla_leading,sla_assessment_criteria,sla_teaching_aids,sla_references,sla_notes_intro,sla_notes_details,sla_notes_illustrations,sla_notes_daily_life,sla_exercise,sla_diagram_type
2023-JSS014-DRS III,Demonstrate mastery of basic English Language skills,Develop listening and speaking skills,Write dictated words,Dictation of names of animals,3,Dictation,Kuwaongoza Wanafunzi,"A pupil correctly spells and writes at least four dictated animal names such as lion, elephant, giraffe and zebra without teacher assistance.",Word cards with animal names|Chalkboard|Exercise books|Pictures of animals,"TET(2023), ENGLISH, PUPIL'S BOOK, STANDARD THREE, TET, DAR ES SALAAM","Dictation involves listening carefully to words read aloud by the teacher and writing them down correctly, spelling each word as it is heard. Names of animals are used as the first set of dictation words.","The teacher reads each word clearly, repeats it if necessary, and pupils write it in their exercise books, paying attention to correct spelling and letter formation before the teacher marks the work.","Example dictation list: lion, elephant, giraffe, buffalo, zebra, antelope, monkey — the very animals reported by pupils after their visit to the Serengeti National Park.","Learning to write animal names correctly helps a pupil write about animals they see at home, on television, or during a visit to a zoo or national park.",Listen and write: lion::lion||Listen and write: elephant::elephant||Listen and write: giraffe::giraffe||Listen and write: zebra::zebra,
2023-JSS014-DRS III,Demonstrate mastery of basic English Language skills,Develop listening and speaking skills,Write dictated words,Dictation of names of birds and insects,3,Dictation,Kuwaongoza Wanafunzi,"A pupil correctly spells and writes at least four dictated names of birds or insects such as eagle, flamingo, bee and butterfly.",Word cards with bird and insect names|Chalkboard|Exercise books|Pictures of birds and insects,"TET(2023), ENGLISH, PUPIL'S BOOK, STANDARD THREE, TET, DAR ES SALAAM","Dictation of bird and insect names builds vocabulary and spelling skill using words pupils have already met, such as those seen during the class visit to the Serengeti National Park.","The teacher reads each word at normal speed and again slowly, and pupils listen and write the word, then check their spelling against the word card shown by the teacher.","Example dictation list: eagle, ostrich, flamingo, crow, woodpecker, bee, wasp, grasshopper, ant, tsetse fly, butterfly.",Pupils can use these words to write short notes about birds and insects they observe in their school compound or home garden.,Listen and write: eagle::eagle||Listen and write: flamingo::flamingo||Listen and write: butterfly::butterfly||Listen and write: grasshopper::grasshopper,
2023-JSS014-DRS III,Demonstrate mastery of basic English Language skills,Develop listening and speaking skills,Write dictated words,Dictation of names of common objects,2,Dictation,Kuwaongoza Wanafunzi,"A pupil correctly spells and writes at least four dictated names of common objects such as umbrella, telephone, hammer and spoon.","Real objects (knife, key, spoon, umbrella)|Word cards|Chalkboard|Exercise books","TET(2023), ENGLISH, PUPIL'S BOOK, STANDARD THREE, TET, DAR ES SALAAM","Dictated words may also be names of common objects used at home and school, such as knife, table, telephone, hammer, key, torch, spoon, umbrella and pot, the same objects used when describing uses of things.",,"Example dictation list: knife, table, telephone, hammer, key, torch, spoon, umbrella, pot.",Writing the correct names of household objects helps a pupil make a simple shopping list or write about tools used at home.,Listen and write: umbrella::umbrella||Listen and write: telephone::telephone||Listen and write: hammer::hammer||Listen and write: spoon::spoon,
2023-JSS014-DRS III,Demonstrate mastery of basic English Language skills,Develop listening and speaking skills,Write dictated words,Writing dictated simple sentences,2,Dictation,Kuwaongoza Wanafunzi,"A pupil correctly writes at least two dictated simple sentences with correct spelling, capital letters and full stops.",Chalkboard|Exercise books|Sentence cards,"TET(2023), ENGLISH, PUPIL'S BOOK, STANDARD THREE, TET, DAR ES SALAAM","After mastering single words, pupils listen to short sentences read aloud by the teacher and write them correctly, including capital letters at the start and a full stop at the end.","The teacher reads a sentence once at normal speed, then slowly, and pupils write it; afterwards the teacher writes the sentence on the chalkboard so pupils can check and correct their own work.",Example dictated sentences: 'The pen is used for writing.' and 'The ball is under the chair.',Writing dictated sentences accurately prepares a pupil to note down instructions or messages given by parents or teachers.,Listen and write: The pen is used for writing.::The pen is used for writing.||Listen and write: The ball is under the chair.::The ball is under the chair.||Listen and write: The knife is used for cutting.::The knife is used for cutting.,
2023-JSS014-DRS III,Demonstrate mastery of basic English Language skills,Develop listening and speaking skills,"Listen and respond to questions based on simple stories from familiar contexts (home, school)","Naming animals, insects and objects orally",3,Oral naming practice,Kuwaongoza Wanafunzi,"A pupil correctly names at least five pictures of animals, insects or objects shown by the teacher, using complete English words.",Pictures of animals|Pictures of insects|Pictures of objects|Flashcards,"TET(2023), ENGLISH, PUPIL'S BOOK, STANDARD THREE, TET, DAR ES SALAAM","Naming things orally means looking at a picture and saying its correct English name aloud, which builds vocabulary for animals, insects and everyday objects.","The teacher shows pictures of animals, then insects, then objects one group at a time, and pupils take turns naming each picture correctly before moving to the next group.","Pupils look at pictures of animals, insects and objects and name each one, for example lion, elephant, ant, butterfly, knife and umbrella.","Naming things orally helps a pupil communicate clearly when pointing out animals, insects or objects to family members or friends.",What is this animal called?::It is a lion.||What is this insect called?::It is a butterfly.||What is this object called?::It is an umbrella.,
2023-JSS014-DRS III,Demonstrate mastery of basic English Language skills,Develop listening and speaking skills,"Listen and respond to questions based on simple stories from familiar contexts (home, school)",Describing actions and uses of common objects orally,4,Question and answer,Kuwaongoza Wanafunzi,A pupil orally describes an action shown in a picture and correctly states the use of a given common object using the structure 'It is used for...'.,"Pictures of people performing actions|Pictures of objects: pen, knife, hammer, telephone|Real objects","TET(2023), ENGLISH, PUPIL'S BOOK, STANDARD THREE, TET, DAR ES SALAAM","Describing actions means saying what a person in a picture is doing. Describing uses means explaining what an object is used for, following the structure: 'What is the [object] used for? The [object] is used for [action].'","The teacher first shows pictures of people doing different actions for pupils to describe, then shows objects such as a knife, table, telephone, hammer, key, torch, spoon, umbrella and pot for pupils to describe their uses using the example: 'What is the pen used for? The pen is used for writing.'","Example: What is the pen used for? The pen is used for writing. Other objects practised: knife, table, telephone, hammer, key, torch, spoon, umbrella, pot.",Describing what objects are used for helps a pupil explain to a younger sibling how to use tools safely at home.,What is the pen used for?::The pen is used for writing.||What is the knife used for?::The knife is used for cutting.||What is the umbrella used for?::The umbrella is used for protecting from rain or sun.||What is the telephone used for?::The telephone is used for communicating.,
2023-JSS014-DRS III,Demonstrate mastery of basic English Language skills,Develop listening and speaking skills,"Listen and respond to questions based on simple stories from familiar contexts (home, school)","Describing locations of objects using on, in and under",3,Question and answer,Kuwaongoza Wanafunzi,"A pupil correctly describes the location of an object shown in a picture using the prepositions on, in or under.",Pictures showing objects in different locations|Real classroom objects|Chalkboard,"TET(2023), ENGLISH, PUPIL'S BOOK, STANDARD THREE, TET, DAR ES SALAAM","Describing locations means telling where an object is placed, using the prepositions on, in or under, following the structure: 'Where is the [object]? The [object] is [preposition] the [place].'","The teacher shows pictures of objects placed on, in or under other things and pupils practise asking and answering location questions in pairs, following the book's example.",Example: Where is the ball? The ball is under the chair.,Describing where things are located helps a pupil give clear directions when someone asks where an item is kept at home or in class.,Where is the ball?::The ball is under the chair.||Where is the book?::The book is on the table.||Where is the pencil?::The pencil is in the bag.,
2023-JSS014-DRS III,Demonstrate mastery of basic English Language skills,Develop listening and speaking skills,"Listen and respond to questions based on simple stories from familiar contexts (home, school)",Listening to short stories and answering questions: Bahati's room and The proud rose,5,Storytelling and listening comprehension,Kuwaongoza Wanafunzi,"A pupil listens attentively to a short story and correctly answers at least four oral comprehension questions about its characters, places and events.",Story text: Bahati's room|Story text: The proud rose|Pictures related to the stories,"TET(2023), ENGLISH, PUPIL'S BOOK, STANDARD THREE, TET, DAR ES SALAAM","Listening to oral texts means paying close attention to a story read by the teacher and understanding it well enough to answer questions about the characters, places and events.","In 'Bahati's room', pupils listen and then help Bahati find her belongings by answering where each item is located. In 'The proud rose', pupils listen and answer questions about why the rose was proud and what the other plants told it.",Bahati's room questions: Where is the school bag? Where are the shoes? Where is the yellow blouse? Where is the pencil? Where are the T-shirts? The proud rose questions: Why was the rose so proud of itself? Where did the rose and cactus grow? Why did the rose complain? What did other plants tell the rose?,"Listening carefully to a story and answering questions about it helps a pupil follow instructions and stories told by parents, elders or on the radio at home.","Where is the school bag in Bahati's room?::The school bag is behind the door, where Bahati had left it.||Where are the shoes in Bahati's room?::The shoes are under the bed.||Why was the rose so proud of itself?::The rose was proud because it thought it was the most beautiful plant in the garden.||What did other plants tell the rose?::The other plants told the rose to stop being proud and to respect other plants like the cactus.",
2023-JSS014-DRS III,Demonstrate mastery of basic English Language skills,Develop listening and speaking skills,"Listen and respond to questions based on simple stories from familiar contexts (home, school)",Reading aloud and oral practice: A trip to the Serengeti National Park,5,Reading aloud and question and answer,Kuwaongoza Wanafunzi,"A pupil reads aloud a short passage fluently and correctly answers at least five oral comprehension questions about the Serengeti National Park story, then takes part in paired oral practice about national parks.",Text: A trip to the Serengeti National Park|Pictures of national parks and wild animals|Pictures of birds,"TET(2023), ENGLISH, PUPIL'S BOOK, STANDARD THREE, TET, DAR ES SALAAM","Reading aloud means pronouncing written text clearly so that others can hear and understand. After reading, pupils answer oral questions to check understanding, and later practise asking and answering questions in pairs about national parks.","The story describes how Mrs Mashaka, the Geography and the Environment teacher, took her class to the Serengeti National Park, divided them into three groups to record the animals, birds and insects seen, and the class reported their findings back at school.","From the story: the animals seen were lions, elephants, giraffes, buffaloes, zebras, antelopes and monkeys; the birds were eagles, ostriches, flamingos, crows and woodpeckers; the insects included bees, wasps, grasshoppers, ants, tsetse flies and butterflies.",Reading aloud clearly and answering questions about a class trip helps a pupil report on their own school trips or activities to their family.,"What subject does Mrs Mashaka teach?::She teaches Geography and the Environment.||What was the first group asked to do?::The first group was asked to write the names of animals.||What was the second group asked to do?::The second group was asked to write the names of birds.||What animals did the class see at the Serengeti?::They saw lions, elephants, giraffes, buffaloes, zebras, antelopes and monkeys.||What insects did the class see at the Serengeti?::They saw bees, wasps, grasshoppers, ants, tsetse flies and butterflies.",
2023-JSS014-DRS III,Demonstrate mastery of basic English Language skills,Develop phonemic awareness and pronunciation of English letters,Read aloud simple short stories,Juma Goes to School,3,Read-aloud modelling,Kuwaongoza Wanafunzi,A pupil reads the story aloud with correct pronunciation of simple words and can say what Juma did in the morning.,story card|picture card|word flash cards,"TET(2023), ENGLISH LANGUAGE SYLLABUS FOR PRIMARY EDUCATION STANDARD III-VI, TANZANIA INSTITUTE OF EDUCATION, DAR ES SALAAM",A simple story about a boy's morning routine before going to school.,"Focus on action words (wake up, wash, eat, walk) and everyday school vocabulary.",Juma wakes up early in the morning. He washes his face and eats porridge with his sister. He puts his books in his bag. Juma walks to school with his friend Peter. They arrive at school before the bell rings.,Pupils practice saying what they do every morning before coming to school.,What does Juma eat in the morning?::Juma eats porridge.||Who does Juma walk to school with?::He walks to school with his friend Peter.||What does Juma do before he leaves the house?::He washes his face and puts his books in his bag.,
2023-JSS014-DRS III,Demonstrate mastery of basic English Language skills,Develop phonemic awareness and pronunciation of English letters,Read aloud simple short stories,The Lost Goat,3,Read-aloud modelling,Kuwaongoza Wanafunzi,A pupil reads the story aloud with clear voice and answers who found the lost goat.,story card|animal picture cards|wall chart,"TET(2023), ENGLISH LANGUAGE SYLLABUS FOR PRIMARY EDUCATION STANDARD III-VI, TANZANIA INSTITUTE OF EDUCATION, DAR ES SALAAM",A short story about a family goat that wanders away and is found again.,"Focus on farm animal vocabulary and past tense verbs (ran, looked, found).",Baraka had a small white goat. One evening the goat ran away into the bush. Baraka and his father looked everywhere for the goat. At last they heard it crying near the river. Baraka was very happy to bring his goat home.,Pupils talk about animals they keep or take care of at home.,What colour was Baraka's goat?::The goat was white.||Where did the goat run away to?::The goat ran away into the bush.||Where did they find the goat?::They found the goat near the river.,
2023-JSS014-DRS III,Demonstrate mastery of basic English Language skills,Develop phonemic awareness and pronunciation of English letters,Read aloud simple short stories,Amina and the Mango Tree,3,Shared reading,Kuwaongoza Wanafunzi,A pupil reads along with the teacher and points to the mango tree in the picture when named.,story card|picture card of a mango tree|realia (mango fruit),"TET(2023), ENGLISH LANGUAGE SYLLABUS FOR PRIMARY EDUCATION STANDARD III-VI, TANZANIA INSTITUTE OF EDUCATION, DAR ES SALAAM",A story about a girl who enjoys the shade and fruit of a mango tree near her home.,"Focus on nature vocabulary (tree, shade, fruit) and simple present tense.","There is a big mango tree near Amina's house. In the hot afternoon, Amina sits under the tree with her friends. When the mangoes are ripe, they fall to the ground. Amina and her friends collect them and share the sweet fruit.",Pupils describe a tree or plant that grows near their own home.,What kind of tree is near Amina's house?::It is a mango tree.||What do Amina and her friends do under the tree?::They sit in the shade.||What happens when the mangoes are ripe?::They fall to the ground and the children share them.,
2023-JSS014-DRS III,Demonstrate mastery of basic English Language skills,Develop phonemic awareness and pronunciation of English letters,Read aloud simple short stories,A Rainy Day in the Village,3,Read-aloud modelling,Kuwaongoza Wanafunzi,A pupil reads the story aloud and names two things people did when the rain started.,story card|weather picture cards|wall chart,"TET(2023), ENGLISH LANGUAGE SYLLABUS FOR PRIMARY EDUCATION STANDARD III-VI, TANZANIA INSTITUTE OF EDUCATION, DAR ES SALAAM",A story describing a sudden rainstorm in a village and how people react.,"Focus on weather vocabulary (rain, cloud, wet) and sequencing words (first, then).","Dark clouds covered the sky over the village. Suddenly, heavy rain began to fall. The children ran quickly to their houses. Farmers covered their maize with sacks. After the rain stopped, a bright rainbow appeared in the sky.",Pupils describe what they do when it starts raining on their way to school.,What did the children do when the rain started?::They ran quickly to their houses.||What did the farmers cover with sacks?::They covered their maize.||What appeared after the rain stopped?::A bright rainbow appeared in the sky.,
2023-JSS014-DRS III,Demonstrate mastery of basic English Language skills,Develop phonemic awareness and pronunciation of English letters,Read aloud simple short stories,The Kind Neighbor,3,Shared reading,Kuwaongoza Wanafunzi,A pupil reads the story with a partner and explains why the neighbor was kind.,story card|picture card|role play props,"TET(2023), ENGLISH LANGUAGE SYLLABUS FOR PRIMARY EDUCATION STANDARD III-VI, TANZANIA INSTITUTE OF EDUCATION, DAR ES SALAAM",A story about a neighbor who helps a family in a small way.,Focus on the value of kindness and simple dialogue between characters.,Mama Zawadi lives next to Fatuma's family. One day Fatuma's mother was sick and could not cook. Mama Zawadi brought a pot of hot food to their house. Fatuma's mother thanked her and smiled. Fatuma learned that good neighbors help each other.,Pupils share ways they can help a neighbor or classmate who needs help.,Who was sick in the story?::Fatuma's mother was sick.||What did Mama Zawadi bring to the house?::She brought a pot of hot food.||What did Fatuma learn from the story?::She learned that good neighbors help each other.,
2023-JSS014-DRS III,Demonstrate mastery of basic English Language skills,Develop phonemic awareness and pronunciation of English letters,Read aloud simple short stories,Baba's Bicycle,3,Read-aloud modelling,Kuwaongoza Wanafunzi,A pupil reads the story aloud and describes what Baba uses his bicycle for.,story card|picture card of a bicycle|word flash cards,"TET(2023), ENGLISH LANGUAGE SYLLABUS FOR PRIMARY EDUCATION STANDARD III-VI, TANZANIA INSTITUTE OF EDUCATION, DAR ES SALAAM",A story about a father who uses his bicycle for daily work in the village.,"Focus on transport vocabulary and prepositions (to, from, on).","Baba has an old blue bicycle. Every morning he rides it to the market to sell vegetables. In the afternoon, he rides home carrying a bag of sugar and salt. Sometimes Baba lets his son sit on the back seat. The bicycle helps the family very much.",Pupils name means of transport used by their own family members.,What colour is Baba's bicycle?::It is blue.||Where does Baba ride his bicycle every morning?::He rides to the market.||What does Baba carry home in the afternoon?::He carries a bag of sugar and salt.,
2023-JSS014-DRS III,Demonstrate mastery of basic English Language skills,Develop phonemic awareness and pronunciation of English letters,Read aloud simple short stories,The Market Day,3,Shared reading,Kuwaongoza Wanafunzi,A pupil reads along and lists three items sold at the market in the story.,story card|picture cards of market items|wall chart,"TET(2023), ENGLISH LANGUAGE SYLLABUS FOR PRIMARY EDUCATION STANDARD III-VI, TANZANIA INSTITUTE OF EDUCATION, DAR ES SALAAM",A story about a lively market day in a small town.,Focus on nouns for food items and counting simple quantities.,"Every Thursday is market day in Mama Neema's town. Sellers bring tomatoes, bananas, and fish to sell. People walk between the stalls, buying and talking. Mama Neema buys three tomatoes and two bananas for her family.",Pupils talk about a market or shop they have visited with their family.,What day is market day in the story?::Thursday is market day.||Name two things sold at the market.::Tomatoes and bananas are sold at the market.||How many tomatoes does Mama Neema buy?::She buys three tomatoes.,
2023-JSS014-DRS III,Demonstrate mastery of basic English Language skills,Develop phonemic awareness and pronunciation of English letters,Read aloud simple short stories,Grandmother's Stories by the Fire,3,Read-aloud modelling,Kuwaongoza Wanafunzi,A pupil reads the story aloud and says when the children listen to grandmother's stories.,story card|picture card of a fireplace|wall chart,"TET(2023), ENGLISH LANGUAGE SYLLABUS FOR PRIMARY EDUCATION STANDARD III-VI, TANZANIA INSTITUTE OF EDUCATION, DAR ES SALAAM",A story about children gathering to listen to their grandmother in the evening.,"Focus on time vocabulary (evening, night) and family relationship words.","Every evening, the children sit around the fire outside their grandmother's house. She tells them old stories about clever animals and brave children. The children listen quietly and ask many questions. When the stories end, they go to sleep happily.",Pupils describe a story someone in their family has told them.,When do the children sit around the fire?::They sit around the fire every evening.||Who tells the children stories?::Their grandmother tells them stories.||What kind of stories does grandmother tell?::She tells stories about clever animals and brave children.,
2023-JSS014-DRS III,Demonstrate mastery of basic English Language skills,Develop phonemic awareness and pronunciation of English letters,Read aloud simple short stories,The Football Match,4,Guided comprehension,Kuwaongoza Wanafunzi,A pupil reads the story aloud with expression and retells who won the football match.,story card|picture card of children playing football|ball (realia),"TET(2023), ENGLISH LANGUAGE SYLLABUS FOR PRIMARY EDUCATION STANDARD III-VI, TANZANIA INSTITUTE OF EDUCATION, DAR ES SALAAM",A story about two teams of children playing a friendly football match.,"Focus on action verbs (kick, run, score) and numbers for counting goals.","On Saturday afternoon, the children of Mtaa wa Amani played football against children from the next street. Kelvin kicked the ball hard and scored the first goal. Both teams ran and shouted with excitement. In the end, Mtaa wa Amani won the match by two goals to one. Everyone clapped and shook hands.",Pupils talk about games they play with friends after school or on weekends.,When did the children play the football match?::They played on Saturday afternoon.||Who scored the first goal?::Kelvin scored the first goal.||What was the final score of the match?::Mtaa wa Amani won by two goals to one.,
2023-JSS014-DRS III,Demonstrate mastery of basic English Language skills,Develop phonemic awareness and pronunciation of English letters,Read aloud simple short stories,Helping Mama Fetch Water,4,Guided comprehension,Kuwaongoza Wanafunzi,A pupil reads the story aloud fluently and explains how the child helped their mother.,story card|picture card of a water bucket|wall chart,"TET(2023), ENGLISH LANGUAGE SYLLABUS FOR PRIMARY EDUCATION STANDARD III-VI, TANZANIA INSTITUTE OF EDUCATION, DAR ES SALAAM",A story about a child who helps carry water from the village well.,Focus on household chore vocabulary and sequencing of daily tasks.,"Every morning, Neema's mother walks to the village well to fetch water. Neema decided to help her carry a small bucket. Together they walked slowly so the water would not spill. When they reached home, Mama thanked Neema for her help. Neema felt proud that she could support her family.",Pupils describe chores they help their parents with at home each day.,Where does Neema's mother fetch water from?::She fetches water from the village well.||What did Neema carry?::Neema carried a small bucket.||How did Neema feel after helping her mother?::She felt proud that she could support her family.,
2023-JSS014-DRS III,Demonstrate mastery of basic English Language skills,Develop phonemic awareness and pronunciation of English letters,"Read short, simple texts for comprehension",Our School,3,Guided comprehension,Kuwaongoza Wanafunzi,A pupil reads the text silently then answers comprehension questions about the school.,text card|picture card of a school building|wall chart,"TET(2023), ENGLISH LANGUAGE SYLLABUS FOR PRIMARY EDUCATION STANDARD III-VI, TANZANIA INSTITUTE OF EDUCATION, DAR ES SALAAM",A short informational text describing a primary school and its buildings.,"Focus on naming school places (classroom, office, playground) and simple descriptive sentences.",Our school has six classrooms and one office. Behind the classrooms there is a big playground where pupils play during break time. There is also a small garden with vegetables near the kitchen. Every pupil helps to keep the school compound clean.,Pupils describe their own school compound and its different areas.,How many classrooms does the school have?::The school has six classrooms.||Where do pupils play during break time?::They play on the big playground.||What is grown in the small garden?::Vegetables are grown in the small garden.,
2023-JSS014-DRS III,Demonstrate mastery of basic English Language skills,Develop phonemic awareness and pronunciation of English letters,"Read short, simple texts for comprehension",The Cow and the Farmer,3,Guided comprehension,Kuwaongoza Wanafunzi,A pupil reads the text and answers who takes care of the cow and why it is important.,text card|picture card of a cow|wall chart,"TET(2023), ENGLISH LANGUAGE SYLLABUS FOR PRIMARY EDUCATION STANDARD III-VI, TANZANIA INSTITUTE OF EDUCATION, DAR ES SALAAM",A short narrative text about a farmer's daily care for his cow.,"Focus on farm vocabulary (milk, grass, barn) and cause-and-effect sentences.","Mzee Kondo owns a brown cow named Malaika. Every morning he takes Malaika to the field to eat grass. In the evening, he milks her and gives the milk to his children to drink. Malaika also gives manure that Mzee Kondo uses in his garden.",Pupils name animals kept at home and how those animals are cared for.,What is the name of Mzee Kondo's cow?::Her name is Malaika.||Where does Malaika go every morning?::She goes to the field to eat grass.||What does Mzee Kondo do with the milk?::He gives the milk to his children to drink.,
2023-JSS014-DRS III,Demonstrate mastery of basic English Language skills,Develop phonemic awareness and pronunciation of English letters,"Read short, simple texts for comprehension",How Rice Is Grown,3,Guided comprehension,Kuwaongoza Wanafunzi,A pupil reads the text and lists the correct order of steps in growing rice.,text card|picture cards showing rice farming steps|wall chart,"TET(2023), ENGLISH LANGUAGE SYLLABUS FOR PRIMARY EDUCATION STANDARD III-VI, TANZANIA INSTITUTE OF EDUCATION, DAR ES SALAAM",A short informational text explaining the simple steps of growing rice.,"Focus on sequencing words (first, next, then, finally) and farming vocabulary.","Farmers first prepare the field by digging and adding water. Next, they plant small rice seedlings in straight rows. The seedlings grow taller every week as the farmers care for them. Finally, when the rice turns golden, the farmers harvest it.",Pupils talk about crops grown by their families and how they are planted.,What do farmers do first to grow rice?::They prepare the field by digging and adding water.||What do farmers plant in straight rows?::They plant small rice seedlings.||When do farmers harvest the rice?::They harvest it when the rice turns golden.,
2023-JSS014-DRS III,Demonstrate mastery of basic English Language skills,Develop phonemic awareness and pronunciation of English letters,"Read short, simple texts for comprehension",The Honest Fisherman,3,Guided comprehension,Kuwaongoza Wanafunzi,A pupil reads the text and explains why the fisherman was praised by the village.,text card|picture card of a fisherman|wall chart,"TET(2023), ENGLISH LANGUAGE SYLLABUS FOR PRIMARY EDUCATION STANDARD III-VI, TANZANIA INSTITUTE OF EDUCATION, DAR ES SALAAM",A short narrative text about a fisherman who returns money he found.,Focus on the value of honesty and simple past tense narration.,"Old Musa was a fisherman who worked on Lake Victoria. One day he found a bag of money floating near his boat. He asked around the village until he found the owner, a trader named Ally. Musa returned all the money without keeping any for himself. The village praised Musa for being honest.",Pupils discuss what they would do if they found money that was not theirs.,Where did Musa work as a fisherman?::He worked on Lake Victoria.||What did Musa find near his boat?::He found a bag of money.||Why did the village praise Musa?::They praised him for being honest and returning the money.,
2023-JSS014-DRS III,Demonstrate mastery of basic English Language skills,Develop phonemic awareness and pronunciation of English letters,"Read short, simple texts for comprehension",Wild Animals of Tanzania,3,Guided comprehension,Kuwaongoza Wanafunzi,A pupil reads the text and names two wild animals mentioned and where they live.,text card|animal picture cards|wall map of national parks,"TET(2023), ENGLISH LANGUAGE SYLLABUS FOR PRIMARY EDUCATION STANDARD III-VI, TANZANIA INSTITUTE OF EDUCATION, DAR ES SALAAM",A short informational text about wild animals found in Tanzania's national parks.,Focus on animal vocabulary and simple descriptive facts.,"Tanzania has many national parks full of wild animals. In the Serengeti, visitors can see lions, zebras, and elephants. Elephants are the largest land animals and they eat leaves and grass. Many tourists travel from other countries to see these animals.","Pupils talk about animals they have seen in pictures, films, or nearby areas.",Name one national park mentioned in the text.::The Serengeti is mentioned.||What do elephants eat?::Elephants eat leaves and grass.||Why do tourists travel to Tanzania's parks?::They travel to see the wild animals.,
2023-JSS014-DRS III,Demonstrate mastery of basic English Language skills,Develop phonemic awareness and pronunciation of English letters,"Read short, simple texts for comprehension",The Boy Who Shared His Lunch,3,Guided comprehension,Kuwaongoza Wanafunzi,A pupil reads the text and explains why sharing made both boys happy.,text card|picture card of two boys eating|wall chart,"TET(2023), ENGLISH LANGUAGE SYLLABUS FOR PRIMARY EDUCATION STANDARD III-VI, TANZANIA INSTITUTE OF EDUCATION, DAR ES SALAAM",A short narrative text about a boy who shares his lunch with a classmate who has none.,Focus on the value of sharing and simple dialogue between two characters.,"At break time, Hassan noticed that his classmate Godfrey had no lunch. Hassan had bread and a banana in his bag. He walked over and gave Godfrey half of his bread and the banana. Godfrey smiled and thanked him. From that day, the two boys became close friends.",Pupils discuss ways they can share food or items with classmates in need.,What did Hassan notice about Godfrey?::He noticed that Godfrey had no lunch.||What did Hassan give to Godfrey?::He gave him half of his bread and a banana.||What happened between the two boys after that day?::They became close friends.,
2023-JSS014-DRS III,Demonstrate mastery of basic English Language skills,Develop phonemic awareness and pronunciation of English letters,"Read short, simple texts for comprehension",Keeping Clean and Healthy,3,Guided comprehension,Kuwaongoza Wanafunzi,A pupil reads the text and lists two habits that keep a person healthy.,text card|picture cards of hygiene habits|wall chart,"TET(2023), ENGLISH LANGUAGE SYLLABUS FOR PRIMARY EDUCATION STANDARD III-VI, TANZANIA INSTITUTE OF EDUCATION, DAR ES SALAAM",A short informational text about simple hygiene habits for staying healthy.,"Focus on health vocabulary (wash, brush, clean) and imperative sentences.","Staying healthy is easy when we follow simple habits. Wash your hands with soap before eating and after using the toilet. Brush your teeth every morning and night. Drink clean, boiled water and eat fruits and vegetables. These habits help our bodies stay strong.",Pupils describe their own daily hygiene routine at home and at school.,"When should you wash your hands with soap?::Before eating and after using the toilet.||How often should you brush your teeth?::Every morning and night.||What kind of water should we drink?::We should drink clean, boiled water.",
2023-JSS014-DRS III,Demonstrate mastery of basic English Language skills,Develop phonemic awareness and pronunciation of English letters,"Read short, simple texts for comprehension",The Clever Tortoise,3,Guided comprehension,Kuwaongoza Wanafunzi,A pupil reads the fable and explains how the tortoise solved its problem.,text card|picture card of a tortoise and a hare|wall chart,"TET(2023), ENGLISH LANGUAGE SYLLABUS FOR PRIMARY EDUCATION STANDARD III-VI, TANZANIA INSTITUTE OF EDUCATION, DAR ES SALAAM",A short fable about a slow tortoise that uses cleverness to win a race.,"Focus on comparing characters (slow, fast, clever) and simple story sequence.","A hare laughed at a tortoise for being slow and challenged it to a race. The tortoise agreed calmly. During the race, the hare ran far ahead and stopped to rest under a tree. The tortoise walked steadily without stopping and reached the finish line first. The hare learned that being slow and steady can still win.",Pupils talk about the value of trying hard and not giving up on a task.,Who challenged the tortoise to a race?::The hare challenged the tortoise.||What did the hare do during the race?::The hare ran ahead and stopped to rest.||Who won the race?::The tortoise won the race.,
2023-JSS014-DRS III,Demonstrate mastery of basic English Language skills,Develop phonemic awareness and pronunciation of English letters,"Read short, simple texts for comprehension",Seasons in Tanzania,4,Guided comprehension,Kuwaongoza Wanafunzi,A pupil reads the text and names the two main seasons described and one activity in each.,text card|weather picture cards|wall chart,"TET(2023), ENGLISH LANGUAGE SYLLABUS FOR PRIMARY EDUCATION STANDARD III-VI, TANZANIA INSTITUTE OF EDUCATION, DAR ES SALAAM",A short informational text about the rainy season and the dry season in Tanzania.,Focus on comparing two seasons and vocabulary of weather and farming activities.,"Tanzania has two main seasons: the rainy season and the dry season. During the rainy season, farmers plant maize and beans in their fields. During the dry season, rivers become smaller and people fetch water from wells. Children enjoy both seasons, playing in the rain and under the sunny sky.",Pupils compare what they do during the rainy season and the dry season.,Name the two main seasons in Tanzania.::The rainy season and the dry season.||What do farmers do during the rainy season?::They plant maize and beans.||Where do people fetch water during the dry season?::They fetch water from wells.,
2023-JSS014-DRS III,Demonstrate mastery of basic English Language skills,Develop phonemic awareness and pronunciation of English letters,"Read short, simple texts for comprehension",The New Student,4,Guided comprehension,Kuwaongoza Wanafunzi,A pupil reads the text and explains how the class welcomed the new student.,text card|picture card of a classroom|wall chart,"TET(2023), ENGLISH LANGUAGE SYLLABUS FOR PRIMARY EDUCATION STANDARD III-VI, TANZANIA INSTITUTE OF EDUCATION, DAR ES SALAAM",A short narrative text about a new pupil joining a Standard 3 class and being welcomed.,"Focus on emotions vocabulary (shy, happy, welcome) and classroom routines.","Rehema joined a new school on Monday morning. She felt shy because she did not know anyone in the class. The teacher asked the pupils to welcome her with a song. During break time, Grace invited Rehema to play together. By the end of the day, Rehema felt happy and had made a new friend.",Pupils discuss how they can welcome a new pupil who joins their class.,Why did Rehema feel shy on her first day?::She felt shy because she did not know anyone in the class.||How did the pupils welcome Rehema?::They welcomed her with a song.||Who invited Rehema to play during break time?::Grace invited her to play.,
2023-JSS014-DRS III,Demonstrate mastery of basic English Language skills,Use appropriate grammar and vocabulary both orally and in writing,Use personal pronouns,Recognising singular and plural personal pronouns,2,Songs and reading aloud,Kuwaongoza Wanafunzi,"A pupil is able to read aloud and correctly sort the personal pronouns I, you, he, she, it, we and they into their singular and plural groups.",Pronoun poster|Pronoun song audio/video|Singular and plural pronoun table chart,"TET(2023), ENGLISH, PUPIL'S BOOK, STANDARD THREE, TET, DAR ES SALAAM","A pronoun is a word that replaces a noun. The unit introduces the English personal pronouns that pupils will use when speaking and writing, such as I, you, he, she, it, we and they.","Singular pronouns are I, you, she, he and it, while plural pronouns are we, you and they, as shown in the book's singular/plural table.","Pronoun song: 'A pronoun is a word that replaces a noun x 2 / you or I or it or she / them or us or her or me / theirs or ours or we / mine or hers or him or he'. Table: Singular - I, you, she, he, it; Plural - we, you, they, they, they.",A pupil uses 'he' or 'she' instead of repeating a friend's name over and over when telling the family about a classmate.,"What word replaces a noun?::A pronoun.||Is 'she' a singular or plural pronoun?::Singular.||Is 'they' a singular or plural pronoun?::Plural.||Give two singular pronouns from the song.::I and she (also he, it, you).",
2023-JSS014-DRS III,Demonstrate mastery of basic English Language skills,Use appropriate grammar and vocabulary both orally and in writing,Use personal pronouns,Using pronouns orally in the interview with a farmer dialogue,2,Dialogue role play and gap filling,Kuwaongoza Wanafunzi,A pupil correctly fills in the missing pronouns in the dialogue and role-plays it with a partner using the right pronouns for the speaker and listener.,Dialogue chart: An interview with a farmer|Audio recording of the dialogue|Role play cards,"TET(2023), ENGLISH, PUPIL'S BOOK, STANDARD THREE, TET, DAR ES SALAAM","Pronouns are used in conversation to refer to the speaker (I), the listener (you) or things already mentioned (they), so that people do not keep repeating names, as shown in 'An interview with a farmer' between Luta and Maswi.","In the dialogue, Luta uses 'I' to talk about himself buying cows, Maswi uses 'you' to answer Luta, and both use 'they' to refer to the cows already mentioned.","Completed dialogue: Luta: I'm Luta. I want to buy cows. Do you have any? Maswi: Yes, I do. Luta: I would like to buy two bulls. Can I get them? Maswi: Yes, you can. Maswi: You will pay four hundred thousand shillings for a small one. Luta: Where are they? Can I see them? Maswi: Sure, you will see them on the farm. Maswi: Here they are. If you like them, pay me and have them.","A pupil at a real market or farm uses 'I' to say what they want and 'you' to ask the seller a question, just like Luta and Maswi.","Who says 'I want to buy cows' in the dialogue?::Luta, referring to himself.||Which pronoun does Maswi use to tell Luta he is allowed to get the bulls?::You (Yes, you can).||Which pronoun replaces 'the cows' in 'Can I see them?'::Them.||Fill in: 'Here _____ are' (about the cows).::they",
2023-JSS014-DRS III,Demonstrate mastery of basic English Language skills,Use appropriate grammar and vocabulary both orally and in writing,Use personal pronouns,Using pronouns in reading practice: Our school sports day,3,Reading comprehension and gap filling,Kuwaongoza Wanafunzi,A pupil reads the story silently and correctly fills each blank with the pronoun that matches the noun mentioned earlier in the story.,"Story chart: Our school sports day|Word cards: I, We, You, She, It, They, He","TET(2023), ENGLISH, PUPIL'S BOOK, STANDARD THREE, TET, DAR ES SALAAM","A pronoun replaces a noun that has already been mentioned so that a story does not sound repetitive, as practised in the story about Mtakuya Primary School's sports day.","'It' replaces 'sports day', 'they' replaces 'pupils', 'he' replaces 'James', 'she' replaces 'Natalia', and 'we' replaces 'our team', showing how the correct pronoun depends on the noun just mentioned.","Completed story: '...It is always held on the last Friday of the term... They were waiting for the inter-class competitions... He was the team captain. I was in the netball team... She is our best scorer. She scored many goals for our team, and the netball match was tough, and we lost to Standard Two... It ended up 2 to 1.'","A pupil retelling what happened at school uses 'he' or 'she' for a classmate and 'it' for the event, instead of repeating the same name many times.",Which pronoun replaces 'sports day' in 'It is always held on the last Friday'?::It.||Which pronoun replaces 'James' in 'He was the team captain'?::He.||Which pronoun replaces 'Natalia' in 'She is our best scorer'?::She.||Which pronoun is used for 'our team' in 'we lost to Standard Two'?::We.,
2023-JSS014-DRS III,Demonstrate mastery of basic English Language skills,Use appropriate grammar and vocabulary both orally and in writing,Use personal pronouns,Using pronouns in writing practice about people and things,2,Independent writing exercise,Kuwaongoza Wanafunzi,"A pupil independently writes the correct pronoun to replace the underlined person, animal or thing in each sentence of the writing practice.","Sentence cards from the writing practice|Word box: I, We, You, She, It, They, He","TET(2023), ENGLISH, PUPIL'S BOOK, STANDARD THREE, TET, DAR ES SALAAM","When writing about a person, animal or group already named in a sentence, the next sentence uses a pronoun such as she, he, it, we or they instead of repeating the noun.","Jamila is replaced by 'she', Peter by 'he', a cow by 'it', 'Japheti, Naomi and I' by 'we', and 'Naomi and Sonia' by 'they' in the writing practice sentences.","Answers: (i) Jamila - She loves cooking. (ii) Peter - He is going with Baraka. (iii) Bahati - She is an intelligent girl too. (iv) The cow - It is big and fat. (v) Japheti, Naomi and I - We saw lions, giraffes and zebras. (vi) Sonia - I am in Standard Three. (vii) My uncle - He works for Benjamin Mkapa Hospital. (viii) My aunt - She works for Kigoma Regional Hospital. (ix) Naomi and Sonia - They went to play netball. (x) Musa - I saw you at the market yesterday.",A pupil writing a letter about their aunt who is a doctor writes 'She works for the hospital' instead of repeating 'my aunt' in every sentence.,Jamila is my best friend. _____ loves cooking. Which pronoun fits?::She.||Peter is going to the birthday party. _____ is going with Baraka. Which pronoun fits?::He.||Look at the cow under the tree. _____ is big and fat. Which pronoun fits?::It.||Naomi and Sonia went to the playground. _____ went to play netball. Which pronoun fits?::They.,
2023-JSS014-DRS III,Demonstrate mastery of basic English Language skills,Use appropriate grammar and vocabulary both orally and in writing,Express possession using the verbs have and has,Introducing have and has to show possession,2,Songs and oral sentence construction,Kuwaongoza Wanafunzi,"A pupil orally constructs correct sentences choosing have with I, you, we, they and has with he, she, based on the possession song and sentence table.",Possession song audio (John has a star)|Have/Has sentence table chart,"TET(2023), ENGLISH, PUPIL'S BOOK, STANDARD THREE, TET, DAR ES SALAAM","Possession is a state of having something. Have is used with I, you, we and they, while has is used with he, she and it, as introduced at the start of the unit on expressing possession.","The song shows 'has' going with a single owner (John has a star, Ely has a star) and 'have' going with I, you and we, while the table practises I have a book, You have a ruler, We have a pen, They have sweets, He has a watch, She has a pencil.","Song: 'John has a star. Ely has a star. I have a hat. You have a hat, We have hats, and they have stars.' Table sentences: I have a book. You have a ruler. We have a pen. They have sweets. He has a watch.","A pupil describing their family says 'My father has a bicycle' but 'My brothers and I have bicycles', choosing has or have correctly for each person.",Which word goes with 'John' - has or have?::Has.||Which word goes with 'I' - has or have?::Have.||Complete: 'We _____ hats' (has/have).::have||Complete: 'He _____ a watch' (has/have).::has,
2023-JSS014-DRS III,Demonstrate mastery of basic English Language skills,Use appropriate grammar and vocabulary both orally and in writing,Express possession using the verbs have and has,Using has to describe the giraffe's possessions,2,Reading comprehension and gap filling,Kuwaongoza Wanafunzi,A pupil answers comprehension questions about the giraffe passage using has or doesn't have correctly to describe what the giraffe possesses.,Giraffe passage chart|Picture of a giraffe,"TET(2023), ENGLISH, PUPIL'S BOOK, STANDARD THREE, TET, DAR ES SALAAM","Has is used to say what a single animal or person possesses, as shown in the passage where the giraffe has a long neck, a small head, short ears, long legs and a calf.","The giraffe has a long neck, two long front legs, two strong hind legs, and a beautiful skin with brown spots; the giraffe has a calf, and the calf has a short tail and brown spots too.","Passage: 'The giraffe is a beautiful animal. It has a long neck. The giraffe has a small head with short ears... The giraffe has a calf. The calf has a very short tail and brown spots.' Answers: Yes, the giraffe has a long neck. No, the giraffe doesn't have a short neck. Yes, the giraffe has a calf. Yes, the calf has a short tail.","A pupil describing their pet dog at home says 'My dog has short legs and a long tail', using has the same way the book describes the giraffe.","Does the giraffe have a long neck?::Yes, the giraffe has a long neck.||Does the giraffe have short legs?::No, the giraffe doesn't have short legs.||Does the giraffe have a calf?::Yes, the giraffe has a calf.||Does the giraffe's calf have a short tail?::Yes, the giraffe's calf has a short tail.",
2023-JSS014-DRS III,Demonstrate mastery of basic English Language skills,Use appropriate grammar and vocabulary both orally and in writing,Express possession using the verbs have and has,Using have and has in the fruit point dialogue,2,Dialogue role play,Kuwaongoza Wanafunzi,"A pupil role-plays the fruit point dialogue with a partner, correctly using have and has when asking and answering about what Juma and his neighbour possess.","Dialogue chart: At the fruit point|Pictures or realia of fruits: mangoes, pineapples, bananas, oranges","TET(2023), ENGLISH, PUPIL'S BOOK, STANDARD THREE, TET, DAR ES SALAAM","Have is used with 'I' and 'you' when asking and answering about what someone possesses, as in the dialogue where Mrs Mrisho asks Juma 'Do you have fresh mangoes?' and Juma answers 'Yes, I have very good ones'.","Juma has mangoes, bananas and oranges from his own stall, but he does not have pineapples himself; his neighbour has pineapples instead, showing has for a single seller and have for 'I' and 'they'.","Dialogue: 'Do you have fresh mangoes?' 'Yes, I have very good ones from Tanga.' 'Do you have pineapples?' 'Oh, no! I don't have any. But I can get them for you from my neighbour.' 'Yes! I have very good bananas from Morogoro and very sweet oranges from Muheza.'","A pupil helping at a family stall or shop says 'We have tomatoes today' or 'I don't have onions, but my neighbour has some', just like Juma at the fruit point.","Does Juma have fresh mangoes?::Yes, Juma has fresh mangoes.||What fruit does Juma's neighbour have that Juma does not?::Juma's neighbour has pineapples.||Do Juma and his neighbour have vegetables?::No, Juma and his neighbour do not have vegetables.||Complete: 'I _____ very good bananas from Morogoro' (has/have).::have",
2023-JSS014-DRS III,Demonstrate mastery of basic English Language skills,Use appropriate grammar and vocabulary both orally and in writing,Express possession using the verbs have and has,Choosing has or have correctly: the poultry farm and animal pictures,2,Gap filling and writing practice,Kuwaongoza Wanafunzi,"A pupil correctly writes has or have to complete sentences about the poultry farm story and about pictures of animals such as the monkey, donkey and duck.","Poultry farm passage chart|Animal picture cards: monkey, donkey, duck, hare, giraffe|Word cards: has, have","TET(2023), ENGLISH, PUPIL'S BOOK, STANDARD THREE, TET, DAR ES SALAAM","Have is used with plural or first/second person subjects such as parents, I, we and you, while has is used with a single animal, person or 'it', as practised through the poultry farm story and the animal picture sentences.","In the poultry farm story, 'my parents have a poultry farm' and 'they have many hens', but 'my white hen has ten chicks'; in the picture practice, 'the monkey has a long tail' and 'this boy has a bag', using has for one owner.",Poultry farm: 'My parents have a poultry farm. They have many hens on the farm. I have four hens of my own. My white hen has ten chicks.' Picture sentences: 'This is a monkey. It has a long tail.' 'This is a donkey. It has long ears.' 'These animals have long tails.',"A pupil helping to keep chickens or goats at home says 'My mother has ten chickens' but 'We have a big chicken coop', choosing has or have for the right subject.",Bora's parents _____ many hens (have/has). Which word fits?::have||Bora's white hen _____ ten chicks (have/has). Which word fits?::has||This is a monkey. It _____ a long tail (have/has). Which word fits?::has||These animals _____ long tails (have/has). Which word fits?::have,
2023-JSS014-DRS III,Demonstrate mastery of basic English Language skills,Use appropriate grammar and vocabulary both orally and in writing,"Express routines and ongoing activities in school and home contexts (target: simple present tense, present continuous tense)",Describing daily routines using simple present tense,2,Listening and oral practice,Kuwaongoza Wanafunzi,"A pupil correctly uses simple present tense verb forms to state routines that are done regularly, such as 'I clean the toilet every morning.'",Pictures of daily routines|Chart with subject-verb-time table|Song chart 'This is the way I comb my hair',"TET(2023), ENGLISH, PUPIL'S BOOK, STANDARD THREE, TET, DAR ES SALAAM",Routines are the things or actions we do regularly. Pupils learn to talk about things that are done regularly using appropriate verb forms in the simple present tense.,"The simple present tense is used with time expressions such as 'every morning', 'every day', 'every week' and 'every evening' to show actions that happen regularly, for example 'I wash my face every morning' and 'I comb my hair every morning'.","From the song: 'This is the way I comb my hair, comb my hair, comb my hair. This is the way I comb my hair, every day in the morning.' Also: 'This is the way I wash my face... every day so early in the morning' and 'This is the way I ride my bicycle... every day in the evening.'","A pupil can tell a friend what he or she does every morning before coming to school, such as washing the face and combing the hair.",What do you do every morning?::I wash my face and comb my hair every morning.||How often does she comb her hair that way?::She combs her hair that way every day in the morning.||When does she wash her face that way?::She washes her face that way every day so early in the morning.||How often does she ride her bicycle that way?::She rides her bicycle that way every day in the evening.,
2023-JSS014-DRS III,Demonstrate mastery of basic English Language skills,Use appropriate grammar and vocabulary both orally and in writing,"Express routines and ongoing activities in school and home contexts (target: simple present tense, present continuous tense)",Reading comprehension of Nasha's daily routine in 'My day',2,Reading practice,Kuwaongoza Wanafunzi,A pupil reads the passage 'My day' and correctly answers questions about Nasha's routine using simple present tense.,Copy of the passage 'My day'|Clock chart showing the times mentioned in the passage,"TET(2023), ENGLISH, PUPIL'S BOOK, STANDARD THREE, TET, DAR ES SALAAM","Reading practice builds on the routines learnt in Activity 1 by presenting a full passage, 'My day', in which Nasha describes her typical daily routine in the simple present tense.","The passage uses sequencing words such as 'First', 'Next', 'At', and 'Between... and...' together with simple present tense verbs to order the events of the day, for example 'I wake up at 6:00 am and brush my teeth' and 'I attend lessons from 8:00 am to 4:00 pm.'","From 'My day': 'Hello! My name is Nasha. I am nine years old... First, I wake up at 6:00 am and brush my teeth. Next, I have a bath at 6:15 am and drink tea at 6:30 am. At 7:00 am, I take my school bag and go to school... At 5:00 pm, I do domestic chores. I eat dinner at 8:00 pm... At 8:30 pm, I go to sleep.'","A pupil can compare his or her own morning routine, such as the time of waking up and going to school, with Nasha's routine in the passage.",What does Nasha do first after waking up?::She brushes her teeth.||What does Nasha do after drinking tea?::She takes her school bag and goes to school.||What time does Nasha go to sleep?::She goes to sleep at 8:30 pm.||What time do the lessons end?::The lessons end at 4:00 pm.,
2023-JSS014-DRS III,Demonstrate mastery of basic English Language skills,Use appropriate grammar and vocabulary both orally and in writing,"Express routines and ongoing activities in school and home contexts (target: simple present tense, present continuous tense)",Writing a personal daily routine using simple present tense,2,Guided writing practice,Kuwaongoza Wanafunzi,A pupil fills in the blanks of 'My daily routine' correctly with simple present tense verbs and personal details about his or her own day.,Worksheet 'My daily routine' with blanks|Sample completed passage 'My day',"TET(2023), ENGLISH, PUPIL'S BOOK, STANDARD THREE, TET, DAR ES SALAAM","Writing practice moves pupils from reading about someone else's routine to writing their own daily routine, filling in blanks with the correct simple present tense verb forms and personal details such as name, age and school.","Pupils complete a guided paragraph describing waking up, washing, having breakfast, going to school, attending lessons, resting, doing chores, eating dinner, doing homework and going to sleep, all in the simple present tense.","From 'My daily routine': 'My name is ______. I am ______ years old. I am in Standard ______ at ______ Primary School... Every day, I ______ early in the morning at 6:00 am. After waking up, I ______ my teeth and ______ my face or have a bath.'",A pupil can write a short note describing his or her own morning routine to share with a pen pal or classmate.,"Complete: 'My name is ______. I am ______ years old.'::My name is Juma. I am nine years old.||Complete: 'Every day, I ______ early in the morning at 6:00 am.'::Every day, I wake up early in the morning at 6:00 am.||Complete: 'After waking up, I ______ my teeth.'::After waking up, I brush my teeth.||Complete: 'I eat dinner at ______.'::I eat dinner at 8:00 pm.",
2023-JSS014-DRS III,Demonstrate mastery of basic English Language skills,Use appropriate grammar and vocabulary both orally and in writing,"Express routines and ongoing activities in school and home contexts (target: simple present tense, present continuous tense)",Describing ongoing activities using present continuous tense,3,Listening and oral practice,Kuwaongoza Wanafunzi,"A pupil correctly describes actions happening at the moment of speech using the present continuous tense, such as 'He is dancing' and 'She is cooking.'","Pictures of people performing actions|Word box: teaching, cleaning, singing, sweeping, beating, opening, reading, running|Subject-verb-object practice table","TET(2023), ENGLISH, PUPIL'S BOOK, STANDARD THREE, TET, DAR ES SALAAM","Ongoing activities are actions or events happening at the moment of speech. Pupils learn the appropriate verb form, 'is/am/are + verb-ing', to describe activities happening right now.","The present continuous tense is formed with the verb 'to be' (am, is, are) followed by the main verb ending in '-ing'. For example: 'I am learning English', 'We are sweeping the floor', 'She is swimming', 'He is eating breakfast.'",From the pictures: 'He is dancing. He is riding a bicycle. She is cooking. He is watering the flowers. She is washing clothes. She is mopping the floor. He is reading a book. He is watching cartoons.',"A pupil can describe what a family member is doing right now at home, for example 'My mother is cooking' or 'My father is watering the flowers.'",What is he doing? (bicycle picture)::He is riding a bicycle.||What is she doing? (kitchen picture)::She is cooking.||What is she doing? (floor picture)::She is mopping the floor.||Construct a sentence using 'is reading'.::He is reading a book.,
2023-JSS014-DRS III,Demonstrate mastery of basic English Language skills,Use appropriate grammar and vocabulary both orally and in writing,"Express routines and ongoing activities in school and home contexts (target: simple present tense, present continuous tense)",Forming questions about ongoing activities in present continuous tense,2,Writing practice,Kuwaongoza Wanafunzi,A pupil correctly fills in present continuous tense verb forms and changes statements about ongoing activities into questions using 'what' and 'where'.,Pictures of Hamisi eating a mango and getting sick|Sentence strips for arranging the story in order|Question-formation worksheet,"TET(2023), ENGLISH, PUPIL'S BOOK, STANDARD THREE, TET, DAR ES SALAAM","Building on ongoing activities, pupils practise supplying the correct present continuous verb form in gaps and transforming present continuous statements into questions.","To form a question in the present continuous tense, the verb 'to be' moves before the subject, and a question word such as 'what' or 'where' may be added, for example the statement 'His parents are taking him to hospital' becomes 'Where are his parents taking him?'",From the story of Hamisi: 'Hamisi is picking a mango under the tree. He is eating the mango without washing it. He is crying because of a stomach ache. His parents are taking him to hospital.' Question example: 'He is crying.' becomes 'What is he crying about?',"A pupil can ask a classmate a question about what he or she is doing right now, such as 'What are you reading?'",Fill in: My younger sister is ______ (eat) a cake.::My younger sister is eating a cake.||Fill in: My mother is ______ (cook) in the kitchen.::My mother is cooking in the kitchen.||Change to a question: 'He is eating a mango.'::What is he eating?||Change to a question: 'Hamisi is picking a mango.'::What is Hamisi picking?,
2023-JSS014-DRS III,Demonstrate mastery of basic English Language skills,Use appropriate grammar and vocabulary both orally and in writing,"Use conjunctions in oral and written contexts (target: and, but)",Joining sentences with the conjunction 'and' orally,2,Listening and oral practice,Kuwaongoza Wanafunzi,"A pupil orally joins two simple sentences of the same status into one sentence using 'and', such as combining 'I like English' and 'I like Kiswahili' into 'I like English and Kiswahili.'",Sentence pair cards|Example chart showing 'I like English and Kiswahili'|Pictures for oral practice,"TET(2023), ENGLISH, PUPIL'S BOOK, STANDARD THREE, TET, DAR ES SALAAM","Conjunctions are words used to join words or sentences together. This lesson introduces the conjunction 'and', used to connect simple sentences of the same status.","When two sentences share the same subject and a similar type of idea, they can be joined with 'and', often by combining the repeated part, for example 'I like English. I like Kiswahili.' becomes 'I like English and Kiswahili.'",From the book: '(i) I like English. I like Kiswahili. -> I like English and Kiswahili.' '(iv) John is wearing a white shirt. Sarah is wearing a white shirt. -> John and Sarah are wearing a white shirt.' '(vi) Asha likes rope skipping. Asha likes netball. -> Asha likes rope skipping and netball.',"A pupil can use 'and' to tell a friend two things he or she likes, such as 'I like ugali and beans.'",Join with 'and': 'John likes English. John likes Kiswahili.'::John likes English and Kiswahili.||Join with 'and': 'Sarah has a school bag. John has a school bag.'::Sarah and John have a school bag.||Join with 'and': 'I am healthy. I am happy.'::I am healthy and happy.||Join with 'and': 'I have one sister. I have one brother.'::I have one sister and one brother.,
2023-JSS014-DRS III,Demonstrate mastery of basic English Language skills,Use appropriate grammar and vocabulary both orally and in writing,"Use conjunctions in oral and written contexts (target: and, but)",Joining sentences with the conjunction 'and' in writing,3,Writing practice,Kuwaongoza Wanafunzi,"A pupil correctly writes joined sentences using 'and' to combine two related written sentences into one, such as 'Juma hunts birds and bats.'",Worksheet with sentence pairs to join|Model sentence 'Juma hunts birds and bats'|Exercise book,"TET(2023), ENGLISH, PUPIL'S BOOK, STANDARD THREE, TET, DAR ES SALAAM","This lesson extends oral use of 'and' into writing, where pupils practise combining two written sentences of the same status into a single correctly punctuated sentence.","In writing, the second occurrence of the repeated subject or verb is usually dropped when the sentences are joined, for example 'Our class has fifteen girls. Our class has twenty boys.' becomes 'Our class has fifteen girls and twenty boys.'",From the book: 'Juma hunts birds. Juma hunts bats. -> Juma hunts birds and bats.' 'The ducks are eating rice. The hens are eating rice. -> The ducks and the hens are eating rice.' 'The carpenter is fixing the door. The carpenter is fixing the window. -> The carpenter is fixing the door and the window.',"A pupil can write a sentence about chores at home joined with 'and', such as 'We have a bath and eat breakfast in the morning.'",Join with 'and': 'Maria visits her grandmother on Sundays. Maria visits her uncle on Sundays.'::Maria visits her grandmother and her uncle on Sundays.||Join with 'and': 'Our mother likes ugali. Our father likes ugali.'::Our mother and our father like ugali.||Join with 'and': 'We have a bath in the morning. We eat breakfast in the morning.'::We have a bath and eat breakfast in the morning.||Join with 'and': 'The doctor is examining the child. The doctor is examining the mother.'::The doctor is examining the child and the mother.,
2023-JSS014-DRS III,Demonstrate mastery of basic English Language skills,Use appropriate grammar and vocabulary both orally and in writing,"Use conjunctions in oral and written contexts (target: and, but)",Joining contrasting sentences with the conjunction 'but' orally,2,Listening and oral practice,Kuwaongoza Wanafunzi,"A pupil orally joins two contrasting sentences into one using 'but', such as combining 'I like football' and 'I don't like netball' into 'I like football, but I don't like netball.'","Sentence pair cards showing contrasting ideas|Example chart 'I like football, but I don't like netball'|Pictures for oral practice","TET(2023), ENGLISH, PUPIL'S BOOK, STANDARD THREE, TET, DAR ES SALAAM","This lesson introduces the conjunction 'but', used to connect two ideas that contrast with each other, unlike 'and' which connects similar ideas.","When the second sentence contrasts with or contradicts the first, the sentences are joined with 'but' and a comma is placed before it, for example 'I like football. I don't like netball.' becomes 'I like football, but I don't like netball.'","From the book: '(i) I like football. I don't like netball. -> I like football, but I don't like netball.' '(iv) Sarah likes netball. Sarah does not like football. -> Sarah likes netball, but she does not like football.' '(vii) Neema likes netball. Jane likes football. -> Neema likes netball, but Jane likes football.'","A pupil can use 'but' to tell a friend about two contrasting preferences, such as 'I like rice, but I don't like beans.'","Join with 'but': 'I like netball. I don't like football.'::I like netball, but I don't like football.||Join with 'but': 'John likes football. John does not like netball.'::John likes football, but he does not like netball.||Join with 'but': 'I like rope skipping. I don't like football.'::I like rope skipping, but I don't like football.||Join with 'but': 'My parents are rich. I am not happy.'::My parents are rich, but I am not happy.",
2023-JSS014-DRS III,Demonstrate mastery of basic English Language skills,Use appropriate grammar and vocabulary both orally and in writing,"Use conjunctions in oral and written contexts (target: and, but)",Joining contrasting sentences with the conjunction 'but' in writing,3,Writing practice,Kuwaongoza Wanafunzi,"A pupil correctly writes joined sentences using 'but' to combine two contrasting written sentences into one, such as 'Juma hunts birds, but he does not hunt bats.'","Worksheet with contrasting sentence pairs to join|Model sentence 'Juma hunts birds, but he does not hunt bats'|Exercise book","TET(2023), ENGLISH, PUPIL'S BOOK, STANDARD THREE, TET, DAR ES SALAAM","This lesson extends oral use of 'but' into writing, where pupils practise combining two contrasting written sentences into a single correctly punctuated sentence using 'but'.","In writing, when the two sentences share the same subject, the subject in the second part is usually replaced with a pronoun after 'but', for example 'The carpenter is fixing the door. The carpenter is not fixing the window.' becomes 'The carpenter is fixing the door, but he is not fixing the window.'","From the book: 'Juma hunts birds. Juma does not hunt bats. -> Juma hunts birds, but he does not hunt bats.' 'The ducks are eating rice. The hens are not eating rice. -> The ducks are eating rice, but the hens are not.' 'Our class has fifteen girls. Our class does not have twenty boys. -> Our class has fifteen girls, but it does not have twenty boys.'","A pupil can write about home life using 'but' to show contrast, such as 'We have a bath in the morning, but we do not eat breakfast in the morning.'","Join with 'but': 'Maria visits her grandmother on Sunday. Maria does not visit her uncle on Sunday.'::Maria visits her grandmother on Sunday, but she does not visit her uncle.||Join with 'but': 'Our mother likes ugali. Our father does not like ugali.'::Our mother likes ugali, but our father does not like it.||Join with 'but': 'We have a bath in the morning. We do not eat breakfast in the morning.'::We have a bath in the morning, but we do not eat breakfast.||Join with 'but': 'The doctor is examining the child. The doctor is not examining the mother.'::The doctor is examining the child, but he is not examining the mother.",
2023-JSS014-DRS III,Comprehend oral and written information,Read a variety of simple texts appropriately,Read two-syllable and grade-appropriate words,Identifying and reading two-syllable picture words,4,Picture-Word Matching,Kuwaongoza Wanafunzi,"A pupil correctly reads aloud at least five of the six two-syllable words shown under the pictures (mango, carrot, onion, toothbrush, orange, cabbage) with the syllable break in the right place.",Flashcards with pictures and words|Picture cards of fruits and vegetables|Chalkboard,"TET(2023), ENGLISH, PUPIL'S BOOK, STANDARD THREE, TET, DAR ES SALAAM","A syllable is a single unit of sound in a word. Many everyday words we see in pictures, such as the names of fruits and vegetables, are made up of two syllables. Reading the word below a picture and clapping out its syllables helps pupils hear the two beats in the word.","Two-syllable picture words from the book: man-go, car-rot, on-ion, tooth-brush, or-ange, cab-bage. Pupils look at each picture, say the word, then clap once for each syllable to confirm it has two beats.","Example: the picture of a mango is labelled 'mango', read and clapped as man-go (2 claps). The picture of a toothbrush is labelled 'toothbrush', read and clapped as tooth-brush (2 claps).","Pupils use these same two-syllable words like carrot, onion and cabbage when they help their parents name vegetables while shopping or cooking at home.","How many syllables does the word 'mango' have?::It has two syllables, man-go.||Read aloud the word under the toothbrush picture.::toothbrush, read as tooth-brush.||Name one two-syllable vegetable word from the pictures.::carrot (or onion, or cabbage).",
2023-JSS014-DRS III,Comprehend oral and written information,Read a variety of simple texts appropriately,Read two-syllable and grade-appropriate words,"Reading two-syllable words: notice, careful, pencil, today, learning, spider, outside, prevent, window",4,Syllable Match-Ups,Kuwaongoza Wanafunzi,"A pupil reads aloud, with correct syllable breaks, at least six of the nine listed two-syllable words without hesitation.",Word list chart (rows 1-3)|Flashcards|Chalkboard,"TET(2023), ENGLISH, PUPIL'S BOOK, STANDARD THREE, TET, DAR ES SALAAM","Two-syllable words are broken into two clear sound parts. In the book's practice list, words such as no-tice, care-ful and pen-cil show how the first syllable is stressed while the second follows smoothly.","Word list from the book, rows 1-3: no-tice, care-ful, pen-cil, to-day, learn-ing, spi-der, out-side, pre-vent, win-dow. Pupils practise reading each word aloud, pausing briefly at the hyphen to hear both syllables.",Example: 'notice' is read as no-tice; 'today' is read as to-day; 'spider' is read as spi-der; 'window' is read as win-dow.,"Pupils use words like 'today', 'outside' and 'window' every day when talking about the weather, playtime, or their classroom.","Read aloud the word 'notice' and say its syllables.::notice, read as no-tice.||How many syllables does 'window' have?::Two syllables, win-dow.||Read the word 'outside' syllable by syllable.::out-side.",
2023-JSS014-DRS III,Comprehend oral and written information,Read a variety of simple texts appropriately,Read two-syllable and grade-appropriate words,"Reading two-syllable words: softly, purpose, rabbit, receive, laptop, monday",3,Modelling,Kuwaongoza Wanafunzi,A pupil accurately repeats and reads aloud at least four of the six listed words after the teacher models each one.,Word list chart (rows 4-5)|Flashcards|Chalkboard,"TET(2023), ENGLISH, PUPIL'S BOOK, STANDARD THREE, TET, DAR ES SALAAM","This SLA continues the book's practice list, guiding pupils to read more two-syllable words correctly after hearing the teacher model the pronunciation first.","Word list from the book, rows 4-5: soft-ly, pur-pose, rab-bit, re-ceive, lap-top, mon-day. The teacher reads each word first, then pupils repeat it, breaking it into its two syllables.",Example: 'softly' is read as soft-ly; 'rabbit' is read as rab-bit; 'laptop' is read as lap-top; 'Monday' is read as mon-day.,Pupils use words such as 'Monday' and 'laptop' when talking about school days and everyday objects at home.,"Read aloud the word 'rabbit' and say its two syllables.::rabbit, read as rab-bit.||What day of the week appears in the word list?::Monday, read as mon-day.||Read the word 'laptop' syllable by syllable.::lap-top.",
2023-JSS014-DRS III,Comprehend oral and written information,Read a variety of simple texts appropriately,Read two-syllable and grade-appropriate words,"Reading two-syllable words: behind, always, woman, between, chapter, baby",4,Question and Answer,Kuwaongoza Wanafunzi,A pupil reads aloud correctly at least four of the six listed words and can state the number of syllables in each.,Word list chart (rows 6-7)|Flashcards|Chalkboard,"TET(2023), ENGLISH, PUPIL'S BOOK, STANDARD THREE, TET, DAR ES SALAAM","This SLA completes the book's list of two-syllable words, helping pupils build confidence reading a wider range of two-syllable vocabulary drawn directly from the pupils' book.","Word list from the book, rows 6-7: be-hind, al-ways, wo-man, be-tween, chap-ter, ba-by. Pupils take turns reading each word aloud and identifying the two syllables.",Example: 'behind' is read as be-hind; 'always' is read as al-ways; 'chapter' is read as chap-ter; 'baby' is read as ba-by.,Pupils use words like 'always' and 'baby' at home when describing their daily routines and family members.,"Read aloud the word 'behind' and say its syllables.::behind, read as be-hind.||How many syllables does 'chapter' have?::Two syllables, chap-ter.||Read the word 'baby' syllable by syllable.::ba-by.",
2023-JSS014-DRS III,Comprehend oral and written information,Read a variety of simple texts appropriately,Read multi-syllable and grade-appropriate words,Reading three-syllable words about health and animals,4,Syllable Match-Ups,Kuwaongoza Wanafunzi,"A pupil reads aloud, breaking correctly into three syllables, at least four of the six listed words (important, mosquito, hospital, bicycle, crocodile, butterfly).",Word list chart|Flashcards|Chalkboard,"TET(2023), ENGLISH, PUPIL'S BOOK, STANDARD THREE, TET, DAR ES SALAAM",A multi-syllable word has three or more syllables. The book's practice list includes words about health and animals that each split into three clear parts.,"Three-syllable words from the book: im-por-tant, mos-qui-to, hos-pi-tal, bi-cy-cle, croc-o-dile, but-ter-fly. Pupils read each word slowly, tapping once per syllable.",Example: 'mosquito' is read as mos-qui-to (3 taps); 'hospital' is read as hos-pi-tal (3 taps); 'crocodile' is read as croc-o-dile (3 taps).,Pupils use words like 'hospital' and 'bicycle' when talking about visiting a clinic or riding to school.,"Read aloud the word 'mosquito' and count its syllables.::mosquito, read as mos-qui-to, 3 syllables.||How many syllables does 'hospital' have?::Three syllables, hos-pi-tal.||Read the word 'crocodile' syllable by syllable.::croc-o-dile.",
2023-JSS014-DRS III,Comprehend oral and written information,Read a variety of simple texts appropriately,Read multi-syllable and grade-appropriate words,Reading three-syllable words about school and family life,4,Modelling,Kuwaongoza Wanafunzi,"A pupil reads aloud correctly at least four of the six listed words (exercise, family, telephone, library, corruption, unfriendly) with clear three-syllable breaks.",Word list chart|Flashcards|Chalkboard,"TET(2023), ENGLISH, PUPIL'S BOOK, STANDARD THREE, TET, DAR ES SALAAM","This SLA continues practising three-syllable words, this time drawn from school and family life vocabulary in the book's word list, including the word 'corruption' which links to the story in Activity 3.","Three-syllable words from the book: ex-er-cise, fam-i-ly, tel-e-phone, lib-ra-ry, cor-rup-tion, un-friend-ly. The teacher models each word before pupils read it aloud themselves.",Example: 'family' is read as fam-i-ly; 'library' is read as lib-ra-ry; 'corruption' is read as cor-rup-tion.,"Pupils use words like 'family', 'telephone' and 'library' in everyday conversation at home and at school.","Read aloud the word 'family' and say its syllables.::family, read as fam-i-ly.||How many syllables does 'library' have?::Three syllables, lib-ra-ry.||Read the word 'corruption' syllable by syllable.::cor-rup-tion.",
2023-JSS014-DRS III,Comprehend oral and written information,Read a variety of simple texts appropriately,Read multi-syllable and grade-appropriate words,"Reading four-syllable words: understanding, environment, television, impossible",4,Syllable Match-Ups,Kuwaongoza Wanafunzi,"A pupil reads aloud, with correct four-syllable breaks, at least three of the four listed words.",Word list chart|Flashcards|Chalkboard,"TET(2023), ENGLISH, PUPIL'S BOOK, STANDARD THREE, TET, DAR ES SALAAM","Some words in the book's list are longer, made up of four syllables. Breaking them down piece by piece makes them easier to read correctly.","Four-syllable words from the book: un-der-stand-ing, en-vi-ron-ment, tel-e-vi-sion, im-pos-si-ble. Pupils read each word part by part, then blend all four syllables together.",Example: 'environment' is read as en-vi-ron-ment (4 parts); 'television' is read as tel-e-vi-sion (4 parts); 'impossible' is read as im-pos-si-ble (4 parts).,"Pupils use the word 'environment' when talking about keeping their school and home surroundings clean, and 'television' when talking about programmes they watch.","Read aloud the word 'environment' and count its syllables.::environment, read as en-vi-ron-ment, 4 syllables.||How many syllables does 'television' have?::Four syllables, tel-e-vi-sion.||Read the word 'impossible' syllable by syllable.::im-pos-si-ble.",
2023-JSS014-DRS III,Comprehend oral and written information,Read a variety of simple texts appropriately,Read multi-syllable and grade-appropriate words,Reading five-syllable words: vocabulary and hippopotamus,3,Modelling,Kuwaongoza Wanafunzi,"A pupil reads aloud both five-syllable words correctly, breaking each into its five parts with teacher support.",Word list chart|Flashcards|Chalkboard,"TET(2023), ENGLISH, PUPIL'S BOOK, STANDARD THREE, TET, DAR ES SALAAM","The longest words in the book's list have five syllables. These need careful, slow reading, one syllable at a time, before blending them into the full word.","Five-syllable words from the book: vo-cab-u-la-ry, hip-po-po-ta-mus. The teacher reads each syllable aloud first, then pupils repeat the whole word.",Example: 'vocabulary' is read as vo-cab-u-la-ry (5 parts); 'hippopotamus' is read as hip-po-po-ta-mus (5 parts).,"Pupils use the word 'vocabulary' when their teacher talks about learning new words, and 'hippopotamus' when describing animals they have seen or heard about.","Read aloud the word 'vocabulary' and count its syllables.::vocabulary, read as vo-cab-u-la-ry, 5 syllables.||How many syllables does 'hippopotamus' have?::Five syllables, hip-po-po-ta-mus.||Read the word 'hippopotamus' syllable by syllable.::hip-po-po-ta-mus.",
2023-JSS014-DRS III,Comprehend oral and written information,Read a variety of simple texts appropriately,Read aloud a variety of grade-level texts,Reading aloud the story 'A bad man paid the price',6,Read Aloud,Kuwaongoza Wanafunzi,"A pupil reads aloud a paragraph of the story 'A bad man paid the price' fluently, with correct pronunciation, stress and pacing.","Pupils' book story text|Chalkboard|Flashcards of key words (hospital, bench, doctor, policeman, corruption)","TET(2023), ENGLISH, PUPIL'S BOOK, STANDARD THREE, TET, DAR ES SALAAM","Reading aloud grade-level texts means pupils practise fluent, expressive reading of a full story, not just single words. The story 'A bad man paid the price' tells of Tupendane, who was taken to hospital and waited with other patients while a man named Toyo bribed the doctor to be seen first.","The story: Tupendane was sick and taken to hospital, where she and other patients waited on a bench for the doctor. A man named Toyo arrived, shook hands with the doctor to bribe him, and was called in ahead of the queue. The patients shouted in protest, Tupendane's mother called the police, and a policeman arrested both Toyo and the doctor. Tupendane's mother told the patients, 'Corruption is the enemy of justice!'","Illustration from the book text: '...the doctor shouted, ""Toyo, come in."" It was clear that he had bribed the doctor... Tupendane's mother called the police... He arrested Toyo and the doctor.' Pupils practise reading this passage aloud with expression, especially the quoted speech.","Pupils learn that waiting one's turn fairly, such as in a queue at a clinic or shop, is important and that bribing to skip the queue is wrong.",Where was Tupendane taken because she was sick?::She was taken to hospital.||What did Toyo do to be seen before the other patients?::He bribed the doctor by pretending to shake his hand.||Who arrested Toyo and the doctor?::A policeman arrested them.,
2023-JSS014-DRS III,Comprehend oral and written information,Read a variety of simple texts appropriately,Read aloud a variety of grade-level texts,Answering comprehension questions on 'A bad man paid the price',6,Question and Answer,Kuwaongoza Wanafunzi,A pupil answers at least four of the six comprehension questions from the story correctly in complete oral sentences.,Pupils' book story text|Chalkboard with question list,"TET(2023), ENGLISH, PUPIL'S BOOK, STANDARD THREE, TET, DAR ES SALAAM","After reading a story aloud, pupils must show they understood it by answering questions orally. The book provides six questions on 'A bad man paid the price' to check comprehension and vocabulary, including the meanings of 'enemy' and 'justice'.",The six book questions: (i) Why was Tupendane taken to hospital? (ii) Who pretended to shake hands with the doctor? (iii) Why were Toyo and the doctor arrested? (iv) What is your opinion about corruption? (v) What is the meaning of the word enemy? (vi) What is the meaning of the word justice?,"Example answers: Tupendane was taken to hospital because she was sick. Toyo pretended to shake hands with the doctor to bribe him. Toyo and the doctor were arrested because of corruption. Tupendane's mother said, 'Corruption is the enemy of justice!'","Pupils apply this by explaining to family members why bribery and unfair queue-jumping, such as at a hospital or bus stop, are wrong.","Why was Tupendane taken to hospital?::Because she was sick.||Why were Toyo and the doctor arrested?::Because Toyo had bribed the doctor to be seen ahead of the other patients, which is corruption.||What is the meaning of the word 'justice' as used in the story?::Fairness, or people being treated rightly and equally.",
2023-JSS014-DRS III,Comprehend oral and written information,Read a variety of simple texts appropriately,Read aloud a variety of grade-level texts,Reading aloud the story 'Two friends went fishing',5,Read Aloud,Kuwaongoza Wanafunzi,"A pupil reads aloud a section of 'Two friends went fishing' clearly and fluently, correctly pronouncing the dialogue between Monde and Tutu.",Pupils' book story text|Chalkboard|Fishing rod picture card,"TET(2023), ENGLISH, PUPIL'S BOOK, STANDARD THREE, TET, DAR ES SALAAM","This is a second grade-level story for reading aloud practice, about two friends, Monde and Tutu, who went fishing at the river and caught a very big fish together.","The story: Monde and his friend Tutu went fishing at the river, each with a fishing rod. Monde caught a very big fish and screamed for Tutu to come and help. Tutu ran over, grabbed the rod, and helped pull the fish out of the water. Monde took the fish home and told his mother how they caught it together, and said he would cook it.","Illustration from the book text: 'Monde caught a very big fish. He screamed, ""Tutuuu! Tutuuu! Come! I have caught a big fish."" Tutu ran towards Monde. He grabbed the fishing rod and started pulling the fish out of water.' Pupils practise reading this excitedly, as Monde would have shouted it.","Pupils relate this to times they have helped a friend or family member with a task, such as carrying something heavy together.",Where did Monde and Tutu go fishing?::At the river.||What did Monde do when he caught the big fish?::He screamed for Tutu to come and help him.||What did Monde plan to do with the fish?::He planned to cook it.,
2023-JSS014-DRS III,Comprehend oral and written information,Read a variety of simple texts appropriately,Read aloud a variety of grade-level texts,Answering comprehension questions on 'Two friends went fishing',5,Question and Answer,Kuwaongoza Wanafunzi,A pupil answers all three comprehension questions from the story correctly in complete oral sentences.,Pupils' book story text|Chalkboard with question list,"TET(2023), ENGLISH, PUPIL'S BOOK, STANDARD THREE, TET, DAR ES SALAAM","As with the first story, pupils answer questions orally to demonstrate understanding of 'Two friends went fishing'. The book asks three questions focused on the sequence of events.",The three book questions: (i) What did Monde catch? (ii) Why did Monde scream? (iii) What did Tutu do?,"Example answers: Monde caught a very big fish. Monde screamed because he was excited and wanted Tutu to come and see the big fish. Tutu ran to Monde, grabbed the fishing rod, and helped pull the fish out of the water.","Pupils apply this skill by retelling, in their own words, a time they or a friend caught, found, or achieved something exciting.",What did Monde catch?::A very big fish.||Why did Monde scream?::Because he was excited and wanted Tutu to come and see the big fish he had caught.||What did Tutu do to help Monde?::He grabbed the fishing rod and helped pull the fish out of the water.,
2023-JSS014-DRS III,Comprehend oral and written information,Read a variety of simple texts appropriately,Read aloud a variety of grade-level texts,"Reading aloud with correct stress and intonation, and acting out dialogue",4,Role Play,Kuwaongoza Wanafunzi,"A pupil reads aloud or acts out a line of dialogue from the fishing story with appropriate stress, intonation, and expression, such as Monde's excited call to Tutu.",Pupils' book dialogue script|Chalkboard,"TET(2023), ENGLISH, PUPIL'S BOOK, STANDARD THREE, TET, DAR ES SALAAM","The unit's introduction explains that reading aloud develops the ability to hear, pronounce and place word stress and intonation appropriately. Acting out dialogue, such as Monde calling excitedly to Tutu, helps pupils practise this expressive reading in a natural, spoken way.","Dialogue from the book: Monde: 'Tutuuu! Tutuuu! Come! A big fish, come!' Tutu: 'Here I am. Wow! It's real big. Let me help you.' Monde: 'Wow! What a big fish! I'm taking it home, Tutu. Thanks.' In groups of two or three, pupils take turns acting out these lines aloud.","Example: pupils practise stressing 'Tutuuu!' loudly and excitedly, just as Monde would call out when he needed urgent help, and use a rising tone for 'Wow! What a big fish!' to show surprise.","Pupils use expressive stress and intonation when calling out to friends or family in real, exciting situations, such as sharing good news.","Who says 'Tutuuu! Tutuuu! Come! A big fish, come!' in the dialogue?::Monde says it.||How should Monde's call to Tutu be read aloud?::Loudly and excitedly, since he is calling for urgent help.||What does Tutu say when he sees the fish?::'Here I am. Wow! It's real big. Let me help you.'",
2023-JSS014-DRS III,Communicate effectively in different contexts,Demonstrate knowledge of the basic features of spoken language,"Identify words with short and long vowels (e.g., ship/sheep, full/fool, to/too)","Identifying short vowel sounds /I/, /ae/, /e/ and /o/ in words",4,Sort the words / Instructional routines (touch and say),Kuwaongoza Wanafunzi,"A pupil correctly reads aloud a list of words with the short vowel sounds /I/, /ae/, /e/ and /o/ without mispronouncing the vowel.","Wallchart of short vowel words|Word cards (ship, mat, bed, pot)|Pupil's book Unit Eight","TET(2023), ENGLISH, PUPIL'S BOOK, STANDARD THREE, TET, DAR ES SALAAM","Spoken English has certain basic features that differentiate it from other forms of delivery, including differences in pronunciation between words. Short vowel sounds such as /I/, /ae/, /e/ and /o/ are heard in many common English words and pupils must learn to recognise and pronounce them correctly.","The short vowel /I/ is heard in words such as ship, lip and pin; /ae/ is heard in mat, cat and hat; /e/ is heard in bed, let and bet; /o/ is heard in pot, lock and mop. Pupils read the words after the teacher, repeating each sound clearly.","Words from Activity 1(a): ship, lip, pin, dip (short /I/); mat, cat, hat, bag (short /ae/); bed, let, bet (short /e/); pot, lock, mop, check, top, order (short /o/).",A pupil uses correct short vowel pronunciation when telling a friend that 'the cat sat on the mat' so the message is clearly understood.,"Read aloud: ship, lip, pin.::These words all have the short vowel sound /I/.||Read aloud: mat, cat, hat.::These words all have the short vowel sound /ae/.||Which word has the same vowel sound as 'bed': 'let' or 'boot'?::'let' has the same short vowel sound /e/ as 'bed'.||Read aloud: pot, lock, mop.::These words all have the short vowel sound /o/.",
2023-JSS014-DRS III,Communicate effectively in different contexts,Demonstrate knowledge of the basic features of spoken language,"Identify words with short and long vowels (e.g., ship/sheep, full/fool, to/too)",Reading words with the short vowel sounds /u^/ and /u/,4,Sort the words / Repetition drill,Kuwaongoza Wanafunzi,"A pupil pronounces words containing /u^/ and /u/, such as cut and full, with the correct short vowel sound.","Word cards (cut, mud, full, put)|Wallchart of short vowel words|Pupil's book Unit Eight","TET(2023), ENGLISH, PUPIL'S BOOK, STANDARD THREE, TET, DAR ES SALAAM","Some short vowel sounds are easily confused by learners, especially /u^/ as in 'cut' and /u/ as in 'full'. Careful listening and repetition after the teacher helps pupils to hear the difference.","The short vowel /u^/ is heard in cut, mud, run and hug. The short vowel /u/ is heard in full, put, pull and bull. Pupils read the words after the teacher and then read them aloud independently.","Words from Activity 1(a): cut, mud, run, hug (short /u^/); full, put, pull, bull (short /u/).",Knowing the /u/ sound helps a pupil say 'put the bag on the table' correctly instead of confusing it with a similar-sounding word.,"Read aloud: cut, mud, run, hug.::These words have the short vowel sound /u^/.||Read aloud: full, put, pull, bull.::These words have the short vowel sound /u/.||Which word means the opposite of 'empty' and has the /u/ sound?::'full' has the sound /u/ and means the opposite of empty.||Say a sentence using the word 'cut'.::Example: He cut the mango into three pieces.",
2023-JSS014-DRS III,Communicate effectively in different contexts,Demonstrate knowledge of the basic features of spoken language,"Identify words with short and long vowels (e.g., ship/sheep, full/fool, to/too)",Identifying long vowel sounds /i:/ and /u:/ in words,4,Sort the words / Discussion,Kuwaongoza Wanafunzi,"A pupil distinguishes and reads aloud words containing the long vowel sounds /i:/ and /u:/, such as heap and fool.","Wallchart of long vowel words|Word cards (heap, leap, fool, boot)|Pupil's book Unit Eight","TET(2023), ENGLISH, PUPIL'S BOOK, STANDARD THREE, TET, DAR ES SALAAM","Long vowel sounds are held for longer than short vowel sounds. The sounds /i:/ and /u:/ are examples of long vowels found in many English words, and recognising them is part of the basic features of spoken English.","The long vowel /i:/ is heard in heap, leap and feel. The long vowel /u:/ is heard in fool, boot and pool. Pupils read the words after the teacher, holding the vowel sound longer than in short vowel words.","Words from Activity 2(a): heap, leap, feel (long /i:/); fool, boot, pool (long /u:/).",A pupil uses the long /u:/ sound correctly when reading a sign that says 'swimming pool' at school.,"Read aloud: heap, leap, feel.::These words have the long vowel sound /i:/.||Read aloud: fool, boot, pool.::These words have the long vowel sound /u:/.||Which word rhymes with 'cool' and has the /u:/ sound?::'fool', 'boot' and 'pool' rhyme with 'cool'.||Is the vowel sound in 'feel' short or long?::It is a long vowel sound, /i:/.",
2023-JSS014-DRS III,Communicate effectively in different contexts,Demonstrate knowledge of the basic features of spoken language,"Identify words with short and long vowels (e.g., ship/sheep, full/fool, to/too)",Reading words with the long vowel sounds /a:/ and /e:/,4,Repetition drill / Discussion,Kuwaongoza Wanafunzi,"A pupil reads aloud words containing /a:/ and /e:/, such as park and girl, with the correct long vowel sound.","Word cards (park, part, girl, bird)|Wallchart of long vowel words|Pupil's book Unit Eight","TET(2023), ENGLISH, PUPIL'S BOOK, STANDARD THREE, TET, DAR ES SALAAM","The long vowels /a:/ and /e:/ are also common features of spoken English. /a:/ is a long, open back sound while /e:/ is a long, central sound heard before letters such as 'ir' and 'ur'.","The long vowel /a:/ is heard in park, part and bark. The long vowel /e:/ is heard in girl, bird and church. Pupils read the words after the teacher, then read the additional words third, heard, mark, dark, farm, arm, word and sword.","Words from Activity 2(a) and (b): park, part, bark, mark, dark, farm, arm (long /a:/); girl, bird, church, third, heard, word (long /e:/).",A pupil pronounces 'bird' and 'church' correctly when describing a bird singing near the church on the way to school.,"Read aloud: park, part, bark.::These words have the long vowel sound /a:/.||Read aloud: girl, bird, church.::These words have the long vowel sound /e:/.||Which of these has the same vowel sound as 'bird': 'third' or 'top'?::'third' has the same long vowel sound /e:/ as 'bird'.||Read aloud: farm, arm, word.::'farm' and 'arm' have the long vowel /a:/, while 'word' has the long vowel /e:/.",
2023-JSS014-DRS III,Communicate effectively in different contexts,Demonstrate knowledge of the basic features of spoken language,"Identify words with short and long vowels (e.g., ship/sheep, full/fool, to/too)","Distinguishing minimal pairs of short and long vowels (ship/sheep, full/fool, dip/deep)",4,Sort the words / Pair and compare,Kuwaongoza Wanafunzi,A pupil correctly identifies whether a word has a short or long vowel sound when given word pairs such as ship/sheep and full/fool.,"Word pair cards (ship/sheep, full/fool, dip/deep)|Wallchart contrasting short and long vowels|Pupil's book Unit Eight","TET(2023), ENGLISH, PUPIL'S BOOK, STANDARD THREE, TET, DAR ES SALAAM","Some English words look and sound similar but differ only in the length of the vowel sound, such as 'ship' (short /I/) and 'sheep' (long /i:/). Recognising this difference is an important basic feature of spoken English.","Pupils compare words from Activity 1 and Activity 2 in pairs, for example ship/sheep, full/fool, and dip/deep, noticing that the long vowel word is held for longer.","From Activities 1, 2 and 4: 'ship' (short /I/) contrasted with the sentence 'I saw a sheep on the ship'; 'full' (short /u/) contrasted with 'fool' (long /u:/); 'dip' (short /I/) contrasted with 'deep' (long /i:/).",Knowing the difference between 'ship' and 'sheep' helps a pupil avoid confusion when listening to a story about animals travelling on a boat.,"Which word has a short vowel sound: 'ship' or 'sheep'?::'ship' has the short vowel sound /I/, while 'sheep' has the long vowel sound /i:/.||Which word has a short vowel sound: 'full' or 'fool'?::'full' has the short vowel /u/, while 'fool' has the long vowel /u:/.||Say the pair 'dip' and 'deep'. Which is longer?::'deep' has the long vowel /i:/, so it is held longer than 'dip'.||Use 'ship' and 'sheep' in one sentence.::Example: I saw a sheep on the ship.",
2023-JSS014-DRS III,Communicate effectively in different contexts,Demonstrate knowledge of the basic features of spoken language,Pronounce words with long vowel sounds with speed and fluency,Sorting words into short vowel and long vowel columns,4,Sort the words / Table completion,Kuwaongoza Wanafunzi,A pupil correctly sorts a list of mixed words into 'long vowel' and 'short vowel' columns as shown in the pupil's book.,Two-column wallchart (long vowels / short vowels)|Word cards from Activity 3|Pupil's book Unit Eight,"TET(2023), ENGLISH, PUPIL'S BOOK, STANDARD THREE, TET, DAR ES SALAAM","Activity 3 of the pupil's book presents two columns of words, one with long vowel sounds and one with short vowel sounds, so that pupils can compare and practise both types side by side.","Long vowel words include feel, bore, bird, fool, most, girl, pull, part, hear, pool, dark, heal, port, arm and speak. Short vowel words include ship, bed, span, lip, cat, cut, put, hat, swim, pot, bet, sell, mop, get and milk.",From Activity 3(a): 'feel' (long) versus 'ship' (short); 'fool' (long) versus 'cut' (short); 'part' (long) versus 'hat' (short).,"Sorting words by vowel length helps a pupil read a shopping list correctly, for example telling 'pot' (short) from 'port' (long) when reading aloud.","Is 'feel' a long or short vowel word?::'feel' is a long vowel word.||Is 'ship' a long or short vowel word?::'ship' is a short vowel word.||Sort these words into long and short: bird, cat, pool, get.::Long: bird, pool. Short: cat, get.||Name one long vowel word and one short vowel word from Activity 3.::Example: 'girl' (long) and 'milk' (short).",
2023-JSS014-DRS III,Communicate effectively in different contexts,Demonstrate knowledge of the basic features of spoken language,Pronounce words with long vowel sounds with speed and fluency,Pronouncing long vowel words with speed and fluency,4,Repetition drill / Timed reading,Kuwaongoza Wanafunzi,A pupil reads the list of long vowel words from Activity 3 aloud fluently and with increasing speed without mispronouncing them.,Word list wallchart (long vowel column)|Stopwatch or timer|Pupil's book Unit Eight,"TET(2023), ENGLISH, PUPIL'S BOOK, STANDARD THREE, TET, DAR ES SALAAM","Fluency in spoken English means being able to pronounce words correctly and quickly, without hesitating over each sound. Pupils practise reading long vowel words repeatedly to build speed.","Pupils read the long vowel words feel, bore, bird, fool, most, girl, pull, part, hear, pool, dark, heal, port, arm and speak, first slowly and then with increasing speed, keeping the vowel sound clear.","Long vowel word list from Activity 3(a): feel, bore, bird, fool, most, girl, pull, part, hear, pool, dark, heal, port, arm, speak.",Fluent pronunciation helps a pupil speak confidently and clearly when greeting visitors or answering questions in class.,"Read aloud: feel, bore, bird, fool, most.::These are long vowel words to be read fluently and clearly.||Read aloud: girl, pull, part, hear, pool.::These are long vowel words to be read fluently and clearly.||Which word means 'to make well again after an illness'?::'heal' means to make well again.||Read aloud: dark, heal, port, arm, speak.::These are long vowel words to be read fluently and clearly.",
2023-JSS014-DRS III,Communicate effectively in different contexts,Demonstrate knowledge of the basic features of spoken language,Pronounce words with long vowel sounds with speed and fluency,Pronouncing short vowel words with speed and fluency,4,Repetition drill / Timed reading,Kuwaongoza Wanafunzi,A pupil reads the list of short vowel words from Activity 3 aloud fluently and with increasing speed without mispronouncing them.,Word list wallchart (short vowel column)|Stopwatch or timer|Pupil's book Unit Eight,"TET(2023), ENGLISH, PUPIL'S BOOK, STANDARD THREE, TET, DAR ES SALAAM","Just as with long vowels, pupils build fluency with short vowel words by reading them repeatedly and increasing their speed while keeping the pronunciation correct.","Pupils read the short vowel words ship, bed, span, lip, cat, cut, put, hat, swim, pot, bet, sell, mop, get and milk, first slowly and then with increasing speed.","Short vowel word list from Activity 3(a): ship, bed, span, lip, cat, cut, put, hat, swim, pot, bet, sell, mop, get, milk.","A pupil who can quickly and correctly say 'cat', 'hat' and 'mop' can describe objects at home clearly and without hesitation.","Read aloud: ship, bed, span, lip, cat.::These are short vowel words to be read fluently and clearly.||Read aloud: cut, put, hat, swim, pot.::These are short vowel words to be read fluently and clearly.||Which word means an animal that says 'meow'?::'cat' means an animal that says meow.||Read aloud: bet, sell, mop, get, milk.::These are short vowel words to be read fluently and clearly.",
2023-JSS014-DRS III,Communicate effectively in different contexts,Demonstrate knowledge of the basic features of spoken language,Pronounce words with long vowel sounds with speed and fluency,Timed reading drills contrasting long and short vowel word pairs for fluency,3,Timed reading / Pair and compare,Kuwaongoza Wanafunzi,"A pupil reads contrasting pairs such as pot/port and hill/heal aloud fluently, correctly showing the difference in vowel length.","Word pair flashcards (pot/port, hill/heal)|Stopwatch or timer|Pupil's book Unit Eight","TET(2023), ENGLISH, PUPIL'S BOOK, STANDARD THREE, TET, DAR ES SALAAM","Building fluency also means being able to switch quickly and accurately between short and long vowel words without confusing them, as practised with contrasting pairs.","Pupils practise reading contrasting word pairs quickly, for example pot (short) and port (long), and hill (short) and heal (long), building speed while keeping each vowel sound distinct.","From Activity 3(b): the words pot, port, hill, heal, bird and bed are used both for sorting and for sentence construction.",Correctly distinguishing 'pot' from 'port' helps a pupil avoid confusion when following instructions such as 'put the pot on the stove'.,"Read the pair 'pot' and 'port' quickly. Which has the longer vowel sound?::'port' has the longer vowel sound.||Read the pair 'hill' and 'heal' quickly. Which has the longer vowel sound?::'heal' has the longer vowel sound.||Read 'bird' and 'bed' quickly. Which word has a short vowel?::'bed' has the short vowel sound.||Time yourself reading pot, port, hill, heal, bird, bed twice.::Pupil demonstrates improved speed and accuracy on the second reading.",
2023-JSS014-DRS III,Communicate effectively in different contexts,Demonstrate knowledge of the basic features of spoken language,Pronounce words with long vowel sounds with speed and fluency,Constructing sentences using words with long vowel sounds,3,Discussion / Guided sentence construction,Kuwaongoza Wanafunzi,"A pupil constructs a correct, meaningful sentence for each given long vowel word such as port, heal and bird.","Word cards (pot, port, hill, heal, bird, bed)|Exercise books|Pupil's book Unit Eight","TET(2023), ENGLISH, PUPIL'S BOOK, STANDARD THREE, TET, DAR ES SALAAM","Activity 3(b) of the pupil's book asks pupils to construct a sentence for each of the words pot, port, hill, heal, bird and bed, applying their knowledge of vowel sounds in real sentences.","Pupils build one sentence for each word, ensuring the vowel sound is pronounced correctly when the sentence is read aloud, for example distinguishing the short vowel in 'pot' from the long vowel in 'port'.","Words to use, from Activity 3(b): pot, port, hill, heal, bird, bed.","Constructing sentences with words like 'bird' and 'bed' helps a pupil describe everyday things they see at home, such as a bird resting near their bed.",Construct a sentence using the word 'port'.::Example: The ship arrived at the port.||Construct a sentence using the word 'heal'.::Example: The medicine will heal the wound.||Construct a sentence using the word 'bird'.::Example: I put the bird on the bed.||Construct a sentence using the word 'hill'.::Example: We climbed the hill to see the village.,
2023-JSS014-DRS III,Communicate effectively in different contexts,Demonstrate knowledge of the basic features of spoken language,Read short phrases and simple sentences with short and long vowels,Reading simple sentences with short and long vowel words,3,Reading aloud / Discussion,Kuwaongoza Wanafunzi,"A pupil reads simple sentences containing short and long vowel words, such as 'I saw a sheep on the ship,' clearly and correctly.",Sentence strips (I saw a ship. / I saw a sheep on the ship.)|Wallchart of sentences|Pupil's book Unit Eight,"TET(2023), ENGLISH, PUPIL'S BOOK, STANDARD THREE, TET, DAR ES SALAAM","Activity 4(a) of the pupil's book presents short sentences that combine words with short and long vowel sounds, giving pupils practice reading whole sentences, not just single words.","Pupils read sentences such as 'I saw a ship,' 'I saw a sheep on the ship,' 'Tutu likes to bet,' 'The pot is full,' and 'The thief is a fool,' paying attention to the vowel sound in each key word.",From Activity 4(a): (i) I saw a ship. (ii) I saw a sheep on the ship. (v) The pot is full. (vi) The thief is a fool. (ix) He cut the mango into three pieces.,"A pupil uses these sentence patterns to describe things they see, for example telling a friend 'I saw a sheep on the way to school.'","Read aloud: 'I saw a sheep on the ship.'::Pupil reads the sentence correctly, pronouncing 'sheep' with a long vowel and 'ship' with a short vowel.||Read aloud: 'The pot is full.'::Pupil reads the sentence correctly, pronouncing 'pot' and 'full' with short vowels.||Read aloud: 'The thief is a fool.'::Pupil reads the sentence correctly, pronouncing 'fool' with a long vowel.||Read aloud: 'He cut the mango into three pieces.'::Pupil reads the sentence correctly, pronouncing 'cut' with a short vowel.",
2023-JSS014-DRS III,Communicate effectively in different contexts,Demonstrate knowledge of the basic features of spoken language,Read short phrases and simple sentences with short and long vowels,Reciting the poem 'The sailor wants to sail' for intonation and fluency,3,Recitation / Choral reading,Kuwaongoza Wanafunzi,"A pupil recites the poem 'The sailor wants to sail' aloud with correct pronunciation, rhythm and intonation.",Poem chart (The sailor wants to sail)|Pupil's book Unit Eight,"TET(2023), ENGLISH, PUPIL'S BOOK, STANDARD THREE, TET, DAR ES SALAAM","Activity 4(b) presents a short poem about a sailor, giving pupils a chance to practise intonation and rhythm in spoken English while reading connected verse rather than single sentences.","The poem describes a sailor who sees a whale, a big wave and rain, and dense clouds that stop him from sailing. Pupils recite it line by line, then as a whole poem, focusing on rhythm and clear pronunciation.","From Activity 4(b): 'The sailor wants to sail. He sees a whale on the shore, With a big chain on its tail. Then a big wave and rain come. Dense clouds put them in the shade. The sailor is dismayed. There is no sailing!'",Reciting poems with correct rhythm helps a pupil perform confidently during school events such as poetry recitals or assemblies.,"Recite the first two lines of the poem.::'The sailor wants to sail. He sees a whale on the shore.'||What does the sailor see on the shore?::The sailor sees a whale on the shore.||Why can the sailor not sail at the end of the poem?::Because dense clouds, a big wave and rain come and put him in the shade, so there is no sailing.||Recite the poem's last line.::'There is no sailing!'",
2023-JSS014-DRS III,Communicate effectively in different contexts,Demonstrate knowledge of the basic features of spoken language,Read short phrases and simple sentences with short and long vowels,Reading the passage about the hen's features fluently,3,Reading aloud / Comprehension questions,Kuwaongoza Wanafunzi,A pupil reads the passage about the hen aloud fluently and answers simple comprehension questions about it.,Passage chart (Do you know what a hen is?)|Pupil's book Unit Eight,"TET(2023), ENGLISH, PUPIL'S BOOK, STANDARD THREE, TET, DAR ES SALAAM","Activity 4(c) presents a short informational passage about a hen and its beak, allowing pupils to practise fluent reading of connected sentences on a familiar topic.","The passage explains that a hen is a female chicken that lays eggs and describes how its sharp, strong beak helps it eat, drink, peck, crack seeds and nuts, and defend itself against predators such as foxes, hawks and snakes.","From Activity 4(c): 'A hen is a female chicken that lays eggs.' 'It uses the beak to eat, drink and peck.' 'It can crack seeds, nuts and even small shells.' 'Examples of predators are foxes, hawks and snakes.'",A pupil who has read about the hen's beak can explain to family members why hens peck at grain in the compound at home.,"What is a hen?::A hen is a female chicken that lays eggs.||What does a hen use its beak for?::A hen uses its beak to eat, drink and peck, and to defend itself against predators.||Name two predators of the hen mentioned in the passage.::Foxes and hawks (or snakes).||What can the hen's beak crack?::The hen's beak can crack seeds, nuts and even small shells.",
2023-JSS014-DRS III,Communicate effectively in different contexts,Demonstrate knowledge of the basic features of spoken language,Read short phrases and simple sentences with short and long vowels,"Reading the story 'Maswi, the lucky boy' fluently with correct pronunciation",4,Reading aloud / Storytelling,Kuwaongoza Wanafunzi,"A pupil reads the story 'Maswi, the lucky boy' aloud fluently, correctly pronouncing short and long vowel words within it.","Story chart (Maswi, the lucky boy)|Pupil's book Unit Eight","TET(2023), ENGLISH, PUPIL'S BOOK, STANDARD THREE, TET, DAR ES SALAAM","Activity 4(d) presents the story 'Maswi, the lucky boy,' a narrative that lets pupils practise reading longer connected text fluently while applying what they have learned about short and long vowel sounds.","The story tells how Maswi met five blind lions in a forbidden forest while walking, escaped by climbing a tree, waited until the lions left, and safely returned home to tell his parents, who said he was lucky.","From Activity 4(d): 'A long time ago, there was a boy called Maswi. He lived with his parents in a remote village... Suddenly, he met five blind lions... He managed to climb up the tree... They all said that he was lucky.'",A pupil can retell the story of Maswi to younger siblings at home as a lesson about staying calm and thinking clearly in danger.,Who is the main character in the story?::The main character is a boy called Maswi.||What did Maswi meet in the forbidden forest?::He met five blind lions.||How did Maswi escape from the lions?::He climbed up a tree and waited until the lions went into the wild.||What did Maswi's parents say when he told them what happened?::They said that he was lucky.,
2023-JSS014-DRS III,Communicate effectively in different contexts,Demonstrate knowledge of the basic features of spoken language,Read short phrases and simple sentences with short and long vowels,"Reading sentences with long vowel diphthong words (goat, boat, coat, bone, stove)",3,Reading aloud / Sort the words,Kuwaongoza Wanafunzi,"A pupil reads sentences containing diphthong-based long vowel words such as goat, boat, coat and stove clearly and correctly.","Sentence strips from Activity 4(e)|Word cards (goat, boat, coat, bone, stove)|Pupil's book Unit Eight","TET(2023), ENGLISH, PUPIL'S BOOK, STANDARD THREE, TET, DAR ES SALAAM","Activity 4(e) presents sentences containing words with diphthong vowel sounds, giving pupils further practice reading words and sentences with long vowel-type sounds in context.","Pupils read sentences describing a goat and a foal in a boat, an owl caught with a bow and arrow, a coat and soap, a bowl full of meat, a toe cut with a hoe, a bone given to a dog, smoke from a burning house, and food cooked on a stove.",From Activity 4(e): 'I saw a goat and a foal in a boat.' 'He bought a coat and a bar of soap.' 'He gave a bone to his dog.' 'We cook food on the stove.',"A pupil uses these words correctly when describing everyday activities at home, such as cooking food on a stove or giving a bone to a dog.","Read aloud: 'I saw a goat and a foal in a boat.'::Pupil reads the sentence correctly, pronouncing goat, foal and boat clearly.||Read aloud: 'He gave a bone to his dog.'::Pupil reads the sentence correctly, pronouncing 'bone' clearly.||Read aloud: 'We cook food on the stove.'::Pupil reads the sentence correctly, pronouncing 'stove' clearly.||What did he cut his toe with?::He cut his toe with a hoe.",
2023-JSS014-DRS III,Communicate effectively in different contexts,Demonstrate knowledge of the basic features of spoken language,Read short phrases and simple sentences with short and long vowels,"Comprehension and retelling of 'Maswi, the lucky boy' using short and long vowel words",2,Discussion / Retelling,Kuwaongoza Wanafunzi,"A pupil retells the story 'Maswi, the lucky boy' in their own words, correctly using words with short and long vowel sounds.","Story chart (Maswi, the lucky boy)|Sequence picture cards|Pupil's book Unit Eight","TET(2023), ENGLISH, PUPIL'S BOOK, STANDARD THREE, TET, DAR ES SALAAM","Beyond reading the story aloud, pupils build spoken fluency by retelling 'Maswi, the lucky boy' in their own words, applying correct pronunciation of short and long vowel words used in the story.","Pupils retell the sequence of events: Maswi walking in the forbidden forest, meeting five blind lions, climbing a tree to escape, waiting for the lions to leave, and returning home to his parents.",From Activity 4(d): 'He shivered and bit his teeth in fear... He tried to climb the tree but failed. He tried again. He managed to climb up the tree.',"Retelling stories aloud builds a pupil's confidence to narrate real events, such as describing what happened during a school trip.",Where did Maswi live?::He lived with his parents in a remote village.||What was Maswi doing when he met the lions?::He was walking through the forbidden forest.||How did Maswi feel when the lions charged at him?::He shivered and bit his teeth in fear.||What lesson can we learn from the story?::Example: Stay calm and think clearly when facing danger.,
