subject_version_code,main_competence_name,specific_competence_name,learning_activity_name,sla_name,sla_periods,sla_method,sla_leading,sla_assessment_criteria,sla_teaching_aids,sla_references,sla_notes_intro,sla_notes_details,sla_notes_illustrations,sla_notes_daily_life,sla_exercise,sla_diagram_type
2023-JSS048-Kidato I,"Kulinda historia ya Tanzania, urithi na maadili ya Taifa",Kuelezea chimbuko la jamii za Kitanzania na maadili yake,"Kueleza asili ya jamii za Kitanzania (Wabantu, Wanilo, Wakushito, Wakichembe)",Asili ya jamii za Kitanzania,9,Bunguabongo na Kualika mtaalamu,Kuwaongoza Wanafunzi,Asili ya jamii za Kitanzania zimeelezwa kwa usahihi.,Matini zenye kuonesha asili ya jamii za Kitanzania Ramani kuonesha mtawanyiko wa jamii za asili Vitu halisi vilivyotumiwa na watu wa jamii za asili,"TET(2023), Muhtasari wa Historia ya Tanzania na Maadili Elimu ya Sekondari Kidato cha I-IV & Kidato cha V-VI, TET, DAR ES SALAAM",Jamii za Kitanzania zina asili tofauti zilizoingia na kukaa nchini kwa nyakati mbalimbali. Kuzijua asili hizi kunatusaidia kuelewa kwa nini Tanzania ina makabila mengi lakini taifa moja.,"Makundi makuu manne ya asili ni Wabantu, Wanilo, Wakushito na Wakichembe (Wakhoisan). Wabantu ndio wengi kuliko wote na walihamia kutoka eneo la Afrika ya Magharibi-Kati (Kamerun na Nigeria ya kusini) kupitia Bonde la Mto Kongo wakifuata njia za magharibi na mashariki. Wanilo walitoka eneo la Bonde la Mto Nile (Sudan) na kusini mwa Ethiopia, kwa mfano Wamasai na Wajaluo. Wakushito walitoka kaskazini-mashariki mwa Afrika (Ethiopia na Somalia), mfano Wairaqw na Wagorowa. Wakichembe ni wakazi wa zamani zaidi kama Wahadzabe na Wasandawe, wanaojulikana kwa lugha zenye sauti za kubofya.","Mwalimu anaweza kuchora ramani ya Tanzania na kuonesha kwa mishale njia walizopitia Wabantu, Wanilo na Wakushito hadi walipokaa, kisha wanafunzi wajaze jedwali la kundi, eneo walipotoka na mfano wa kabila.","Katika maisha ya kila siku tunakutana na majina ya makabila, lugha na vyakula vinavyotokana na asili hizi; kuelewa asili hizi hutufanya tuwaheshimu wenzetu wa makabila mengine.","Taja makundi makuu manne ya asili ya jamii za Kitanzania.::Wabantu, Wanilo, Wakushito na Wakichembe (Wakhoisan).||Ni kundi lipi ni kubwa zaidi kwa idadi nchini Tanzania na lilitoka wapi?::Wabantu; walitoka Afrika ya Magharibi-Kati (eneo la Kamerun na Nigeria ya kusini).||Toa mfano mmoja wa kabila la Wanilo na mmoja wa Wakushito.::Wanilo: Wamasai; Wakushito: Wairaqw.",
2023-JSS048-Kidato I,"Kulinda historia ya Tanzania, urithi na maadili ya Taifa",Kuelezea chimbuko la jamii za Kitanzania na maadili yake,Kubaini shughuli mbalimbali za makundi ya asili ya jamii za Kitanzania,Shughuli za makundi ya asili,9,Fikiri-andika-jozisha-shirikisha na Majadiliano,Kuwaongoza Wanafunzi,Shughuli za makundi ya asili ya jamii za Kitanzania zimebainishwa.,Matini zenye kuonesha asili ya jamii za Kitanzania Ramani kuonesha mtawanyiko wa jamii za asili Vitu halisi vilivyotumiwa na watu wa jamii za asili,"TET(2023), Muhtasari wa Historia ya Tanzania na Maadili Elimu ya Sekondari Kidato cha I-IV & Kidato cha V-VI, TET, DAR ES SALAAM",Kila kundi la asili lilichagua shughuli za kujipatia riziki kulingana na mazingira na ujuzi wake. Shughuli hizo ndizo zilizotofautisha maisha ya makundi hayo.,"Wabantu walijishughulisha na kilimo cha mazao kama mtama, uwele, ndizi na mihogo, ufugaji, uvuvi, uhunzi na ufinyanzi. Wanilo walijikita zaidi katika ufugaji wa ng'ombe, mbuzi na kondoo wakihamahama kutafuta malisho. Wakushito walifanya ufugaji na kilimo, na baadhi yao walijenga mifereji ya umwagiliaji. Wakichembe waliishi kwa kuwinda wanyama na kukusanya matunda, asali na mizizi, huku Wasandawe wakiongeza kilimo kidogo. Makundi haya yalibadilishana bidhaa kama nafaka, nyama, maziwa na zana za chuma.","Mfano: familia ya Kibantu ya Wahaya hulima migomba na kahawa, familia ya Kimasai hufuga ng'ombe, na familia ya Kihadzabe huwinda kwa pinde na mishale; wanafunzi hujaza jedwali linalolinganisha shughuli hizi.","Hata leo shughuli hizi zinaendelea: wakulima wa Kilimanjaro, wafugaji wa Ngorongoro na wawindaji-wakusanyaji wa Eyasi, na zote huchangia chakula na kipato cha taifa.","Kwa nini Wanilo walihamahama?::Kwa sababu ya ufugaji; walitafuta malisho na maji kwa mifugo yao.||Taja shughuli mbili walizofanya Wabantu.::Kilimo na uhunzi (pia ufugaji, uvuvi au ufinyanzi).||Wakichembe walipata chakula kwa njia gani?::Kwa kuwinda wanyama na kukusanya matunda, asali na mizizi.",
2023-JSS048-Kidato I,"Kulinda historia ya Tanzania, urithi na maadili ya Taifa",Kuelezea chimbuko la jamii za Kitanzania na maadili yake,Kueleza maadili ya jamii za asili ya Kitanzania,Maadili ya jamii za asili,9,Bunguabongo,Kuwaongoza Wanafunzi,Maadili ya jamii za asili ya Kitanzania yameelezwa kwa ufasaha.,Matini zenye kuonesha asili ya jamii za Kitanzania Ramani kuonesha mtawanyiko wa jamii za asili Vitu halisi vilivyotumiwa na watu wa jamii za asili,"TET(2023), Muhtasari wa Historia ya Tanzania na Maadili Elimu ya Sekondari Kidato cha I-IV & Kidato cha V-VI, TET, DAR ES SALAAM",Maadili ni kanuni na tabia njema zinazokubalika katika jamii. Jamii za asili za Kitanzania zilikuwa na maadili yaliyowaongoza wanajamii kuishi kwa amani.,"Maadili muhimu yalikuwa heshima kwa wakubwa na wazee, ukarimu, uaminifu, ushirikiano, ukweli, kufanya kazi kwa bidii, uwajibikaji na utu. Maadili hayo yalifundishwa kupitia hadithi, methali, nyimbo, vitendawili, michezo na mafunzo ya rika kama jando na unyago. Mtu aliyekiuka maadili aliadhibiwa kwa aibu ya jamii, faini au kutengwa kwa muda, ili afundishwe na wengine waogope.",Mfano: methali 'Mgeni njoo mwenyeji apone' inaonesha ukarimu; wanafunzi wanaweza kuigiza kisa cha mzee anayewafundisha vijana kuhusu heshima na ukweli.,"Leo tunayaishi maadili haya shuleni na nyumbani, kwa mfano kuwasalimia wazee, kushiriki kazi za pamoja na kusema ukweli.","Maadili ni nini?::Ni kanuni na tabia njema zinazokubalika na kuongoza mienendo ya wanajamii.||Taja maadili matatu ya jamii za asili.::Heshima, ukarimu na uaminifu (pia ushirikiano, ukweli, kufanya kazi).||Maadili yalifundishwaje kwa vijana?::Kwa hadithi, methali, nyimbo, vitendawili na mafunzo ya jando na unyago.",
2023-JSS048-Kidato I,"Kulinda historia ya Tanzania, urithi na maadili ya Taifa",Kumudu maarifa na ujuzi wa maadili na urithi wa jamii za Kitanzania,Kuchambua maadili na urithi wa jamii za Kitanzania,Maadili na urithi wa jamii,10,Changanyakete,Kuwaongoza Wanafunzi,Maadili na urithi wa jamii za Kitanzania yamechambuliwa kwa ufasaha.,Ramani kuonesha maeneo yenye urithi wa Tanzania Vitu halisi vilivyotumiwa na watu wa jamii za asili,"TET(2023), Muhtasari wa Historia ya Tanzania na Maadili Elimu ya Sekondari Kidato cha I-IV & Kidato cha V-VI, TET, DAR ES SALAAM",Urithi ni vitu vya kiutamaduni au vya asili tunavyorithi kutoka kwa wazazi na babu zetu. Maadili na urithi vinahusiana kwa karibu kwa sababu urithi hubeba maadili ya jamii.,"Urithi hugawanywa katika urithi wa kiutamaduni unaoshikika (majengo ya kale, zana, sanamu, mavazi), unaoshikika usiokuwa (lugha, ngoma, hadithi, mila na desturi) na urithi wa asili (mbuga, milima, mito, misitu). Kila aina hubeba maadili; kwa mfano ngoma za jadi huimarisha umoja, na sehemu takatifu hufundisha kuheshimu mazingira. Mfano wa urithi nchini ni Olduvai Gorge, Kilwa Kisiwani, Bagamoyo, Mji Mkongwe wa Zanzibar, michoro ya Kondoa na Mlima Kilimanjaro.","Wanafunzi huchagua urithi mmoja wa eneo lao (mfano ngoma ya kabila lao), kisha huandika maadili yanayofundishwa na urithi huo.","Tunapotunza mavazi ya jadi, lugha au sehemu za kihistoria tunalinda utambulisho wetu na kuwarithisha vizazi vijavyo.",Eleza maana ya urithi.::Ni vitu vya kiutamaduni au vya asili vinavyorithiwa kutoka kizazi kimoja hadi kingine.||Taja aina mbili za urithi.::Urithi wa kiutamaduni na urithi wa asili.||Toa mfano wa urithi wa kiutamaduni na wa asili nchini Tanzania.::Kiutamaduni: Kilwa Kisiwani au Mji Mkongwe; asili: Mlima Kilimanjaro au Serengeti.,
2023-JSS048-Kidato I,"Kulinda historia ya Tanzania, urithi na maadili ya Taifa",Kumudu maarifa na ujuzi wa maadili na urithi wa jamii za Kitanzania,Kueleza matendo ya msingi yanayokuza na kulinda maadili na urithi wa jamii za Kitanzania,Matendo yanayolinda maadili na urithi,10,Majadiliano,Kuwaongoza Wanafunzi,Matendo ya msingi yanayokuza na kulinda maadili na urithi wa jamii za Kitanzania yameelezwa kwa ufasaha.,Ramani kuonesha maeneo yenye urithi wa Tanzania Vitu halisi vilivyotumiwa na watu wa jamii za asili,"TET(2023), Muhtasari wa Historia ya Tanzania na Maadili Elimu ya Sekondari Kidato cha I-IV & Kidato cha V-VI, TET, DAR ES SALAAM",Maadili na urithi havidumu vyenyewe; vinahitaji matendo ya makusudi ya kuvilinda na kuvikuza.,"Matendo ya msingi ni kutumia lugha ya Kiswahili na lugha za mama kwa ufasaha, kushiriki sherehe na ngoma za jadi, kusimulia hadithi kwa vijana, kuvaa mavazi yenye staha, kutembelea makumbusho na maeneo ya kihistoria, kutochora au kuharibu vitu vya kale, na kuripoti wanaoharibu urithi. Pia ni muhimu kuwaheshimu wazee, kufanya kazi kwa uadilifu na kuepuka tabia zinazopingana na mila njema. Serikali husaidia kwa sheria kama ile ya Mambo ya Kale na kwa kuanzisha makumbusho.","Mfano: klabu ya shule ya utamaduni huandaa siku ya urithi ambapo wanafunzi huonesha ngoma, vyakula na mavazi ya makabila mbalimbali.",Mwanafunzi anayewahadithia wadogo zake hadithi za jadi au anayetembelea makumbusho anachangia kulinda urithi wa taifa.,"Taja matendo matatu yanayolinda urithi.::Kutembelea makumbusho, kutumia Kiswahili kwa ufasaha na kutoharibu vitu vya kale.||Kwa nini kuwahadithia vijana hadithi za jadi ni muhimu?::Kwa sababu hufundisha maadili na kuendeleza utamaduni kwa vizazi vipya.||Ni kitendo kipi ni kinyume cha kulinda urithi?::Kuchora au kuharibu vitu vya kale na maeneo ya kihistoria.",
2023-JSS048-Kidato I,"Kulinda historia ya Tanzania, urithi na maadili ya Taifa",Kutumia maarifa na ujuzi wa historia na urithi kubuni fursa mbalimbali zilizopo katika jamii za Kitanzania,Kubaini fursa mbalimbali zilizopo kwenye urithi wa jamii za Kitanzania,Fursa zilizopo kwenye urithi,10,Utafiti mdogo na Matembezi ya galari,Kuwaongoza Wanafunzi,Fursa mbalimbali zilizopo kwenye urithi wa jamii za Kitanzania zimebainishwa.,Matini kuhusu fursa kwenye urithi wa jamii za Kitanzania Ramani kuonesha maeneo yenye urithi wa Tanzania Vitu halisi vilivyotumiwa na watu wa jamii za asili,"TET(2023), Muhtasari wa Historia ya Tanzania na Maadili Elimu ya Sekondari Kidato cha I-IV & Kidato cha V-VI, TET, DAR ES SALAAM",Urithi wa jamii si tu kumbukumbu za zamani; ni chanzo cha fursa za kiuchumi na kijamii.,"Fursa hizo ni utalii wa kiutamaduni (kutembelea makumbusho, magofu na vijiji vya kiutamaduni), uuzaji wa vinyago, vikapu na mavazi ya jadi, uandaaji wa matamasha ya ngoma, kuendesha nyumba za wageni na kazi za uongozaji watalii. Pia kuna fursa za utafiti na elimu kwa wanafunzi na wataalamu. Mfano ni kijiji cha Wamasai kinachokaribisha watalii, masoko ya vinyago vya Wamakonde na sanaa ya Tingatinga.",Wanafunzi hutembelea eneo lao la karibu na kuorodhesha bidhaa au huduma zinazoweza kuuzwa kutokana na urithi wa eneo hilo.,"Vijana wengi hujipatia ajira kama waongoza watalii, wachongaji na wasanii kwa kutumia urithi wa jamii zao.","Taja fursa mbili zinazotokana na urithi.::Utalii wa kiutamaduni na uuzaji wa bidhaa za sanaa kama vinyago.||Sanaa ya Tingatinga ni mfano wa nini?::Ni mfano wa urithi wa kisanaa unaoleta kipato kwa wasanii.||Kwa nini urithi ni fursa ya ajira?::Kwa sababu huvutia wageni na kuhitaji waongoza watalii, wasanii na wahudumu.",
2023-JSS048-Kidato I,"Kulinda historia ya Tanzania, urithi na maadili ya Taifa",Kutumia maarifa na ujuzi wa historia na urithi kubuni fursa mbalimbali zilizopo katika jamii za Kitanzania,Kueleza namna fursa zilizopo kwenye urithi wa jamii za Kitanzania zinavyoweza kutumika kukuza uchumi binafsi na jamii,Kutumia fursa za urithi kukuza uchumi,10,Kisamafunzo na Mtaalamu mualikwa,Kuwaongoza Wanafunzi,Fursa zilizopo kwenye urithi wa jamii za Kitanzania zinavyoweza kutumika kukuza uchumi binafsi na jamii zimeelezwa kwa ufasaha.,Matini kuhusu fursa kwenye urithi wa jamii za Kitanzania Ramani kuonesha maeneo yenye urithi wa Tanzania Vitu halisi vilivyotumiwa na watu wa jamii za asili,"TET(2023), Muhtasari wa Historia ya Tanzania na Maadili Elimu ya Sekondari Kidato cha I-IV & Kidato cha V-VI, TET, DAR ES SALAAM",Fursa zilizopo hazitoshi mpaka zitumike vizuri; jamii na mtu mmoja mmoja wanaweza kuzitumia kuinua kipato.,"Hatua za kutumia fursa ni kubaini bidhaa au huduma zenye soko, kupata mafunzo, kuunda vikundi vya ujasiriamali, kuboresha ubora na vifungashio, kutangaza kupitia maonesho, mitandao na mashirika ya utalii, na kutunza fedha kwa kuweka akiba. Mapato hutumika kuboresha shule, zahanati na miundombinu ya jamii. Ni muhimu pia kuepuka kuuza urithi wa thamani kubwa (vitu vya kale) kinyume na sheria.","Mfano: kikundi cha akina mama wa kijiji hutengeneza vikapu vya asili, hukiuza kwa watalii na hutumia sehemu ya faida kununua vitabu vya shule ya kijiji.",Mwanafunzi anaweza kuanza kwa kufanya kazi ndogo za ubunifu wa bidhaa za kiutamaduni wakati wa likizo.,"Taja hatua mbili za kutumia fursa za urithi kukuza uchumi.::Kubaini bidhaa zenye soko na kuunda vikundi vya ujasiriamali.||Mapato ya urithi yanaweza kutumikaje kwa jamii?::Kujenga au kuboresha shule, zahanati na miundombinu.||Kwa nini haifai kuuza vitu vya kale kiholela?::Kwa sababu ni kinyume cha sheria na huondoa urithi wa taifa.",
2023-JSS048-Kidato I,"Kulinda historia ya Tanzania, urithi na maadili ya Taifa",Kutumia maarifa na ujuzi wa historia na urithi kubuni fursa mbalimbali zilizopo katika jamii za Kitanzania,Kueleza njia mbalimbali za kutunza urithi wa jamii za Kitanzania,Njia za kutunza urithi wa jamii,10,Fikiri-andika-jozisha-shirikisha na Majadiliano,Kuwaongoza Wanafunzi,Njia mbalimbali za kutunza urithi wa jamii za Kitanzania zimeelezwa kwa ufasaha.,Matini kuhusu fursa kwenye urithi wa jamii za Kitanzania Ramani kuonesha maeneo yenye urithi wa Tanzania Vitu halisi vilivyotumiwa na watu wa jamii za asili,"TET(2023), Muhtasari wa Historia ya Tanzania na Maadili Elimu ya Sekondari Kidato cha I-IV & Kidato cha V-VI, TET, DAR ES SALAAM",Kutunza urithi kunahakikisha kuwa vizazi vijavyo vitaufurahia na kujifunza kutoka kwao.,"Njia kuu ni kuandika na kuhifadhi historia simulizi, kuanzisha na kutunza makumbusho, kurekebisha majengo ya kale, kutunga sheria za ulinzi wa maeneo ya urithi, kufundisha vijana kupitia shule na matamasha, kuweka maeneo kama tovuti za Urithi wa Dunia (UNESCO), kutumia teknolojia kama picha na video na kuzuia uharibifu unaosababishwa na moto, uvamizi na uharibifu wa mazingira. Wananchi wanahimizwa kushirikiana na Idara ya Mambo ya Kale.",Mfano: Kilwa Kisiwani na Songo Mnara vilifanyiwa ukarabati na kulindwa kama urithi wa dunia.,Katika kijiji chako unaweza kuanzisha kumbukumbu ya hadithi na picha za wazee ili zisipotee.,"Taja njia tatu za kutunza urithi.::Kuanzisha makumbusho, kutunga sheria za ulinzi na kufundisha vijana.||UNESCO inasaidiaje kulinda urithi?::Huyatambua maeneo kuwa Urithi wa Dunia na kusaidia kuyalinda.||Ni sehemu ipi ya Tanzania ni Urithi wa Dunia ya kiutamaduni?::Kilwa Kisiwani na Songo Mnara (pia Mji Mkongwe wa Zanzibar).",
2023-JSS048-Kidato I,"Kulinda historia ya Tanzania, urithi na maadili ya Taifa",Kubaini fursa mbalimbali za kujenga ushirikiano na kukuza uchumi wa kitaifa,Kuainisha shughuli mbalimbali za kujenga ushirikiano na kukuza uchumi wa Taifa,Shughuli za ushirikiano na uchumi wa Taifa,8,Utafiti mdogo,Kuwaongoza Wanafunzi,Shughuli mbalimbali za kujenga ushirikiano na kukuza uchumi wa Taifa zimeanishwa.,Matini kuhusu fursa mbalimbali za kujenga ushirikiano na kukuza uchumi wa kitaifa Picha kuonesha shughuli mbalimbali,"TET(2023), Muhtasari wa Historia ya Tanzania na Maadili Elimu ya Sekondari Kidato cha I-IV & Kidato cha V-VI, TET, DAR ES SALAAM",Watu hushirikiana katika shughuli mbalimbali ili kuzalisha zaidi na kuishi kwa amani. Shughuli hizi huchangia pia uchumi wa taifa.,"Shughuli hizo ni kilimo cha pamoja, ufugaji, uvuvi, biashara ya ndani na ya nje, uchimbaji wa madini, viwanda vidogo, utalii, usafirishaji, ujenzi wa miundombinu na huduma za kijamii. Katika jamii za asili kulikuwa na mila za kusaidiana kama kazi za pamoja za kuvuna, kujenga nyumba na kusaidiana katika shida. Ushirikiano huo umeendelea katika vikundi vya kuweka na kukopa (VICOBA), vyama vya ushirika na mashirika ya kijamii.",Mfano: wakulima wa kahawa wa Kilimanjaro wanaouza kahawa kupitia chama cha ushirika (KNCU) kupata bei nzuri.,"Nyumbani, wanafamilia hushirikiana kupika, kulima na kusafisha; mtaani, majirani hushiriki matukio ya harusi na misiba.","Taja shughuli tatu zinazokuza uchumi wa taifa.::Kilimo, uvuvi na biashara (pia madini, utalii, viwanda).||VICOBA ni nini?::Ni vikundi vya kijamii vya kuweka akiba na kukopeshana katika jamii.||Kwa nini ushirikiano ni muhimu katika kilimo?::Hupunguza gharama, huongeza nguvukazi na kuboresha bei za mazao.",
2023-JSS048-Kidato I,"Kulinda historia ya Tanzania, urithi na maadili ya Taifa",Kubaini fursa mbalimbali za kujenga ushirikiano na kukuza uchumi wa kitaifa,Kufafanua namna shughuli mbalimbali zinavyochangia kujenga ushirikiano na kukuza uchumi wa Taifa,Mchango wa shughuli katika ushirikiano na uchumi,8,Mtaalamu mualikwa na Majadiliano,Kuwaongoza Wanafunzi,Shughuli mbalimbali zinavyochangia kujenga ushirikiano na kukuza uchumi wa Taifa zimefafanuliwa kwa ufasaha.,Matini kuhusu fursa mbalimbali za kujenga ushirikiano na kukuza uchumi wa kitaifa Picha kuonesha shughuli mbalimbali,"TET(2023), Muhtasari wa Historia ya Tanzania na Maadili Elimu ya Sekondari Kidato cha I-IV & Kidato cha V-VI, TET, DAR ES SALAAM",Kila shughuli ya kiuchumi ina mchango wa moja kwa moja katika ushirikiano wa watu na ukuaji wa uchumi wa taifa.,"Kilimo hutoa chakula, malighafi na fedha za kigeni; biashara huunganisha watu wa maeneo mbalimbali; utalii huleta fedha za kigeni na ajira; viwanda huongeza thamani ya mazao; usafirishaji huunganisha masoko. Shughuli hizi pia hujenga umoja kwa kuwakutanisha watu wa makabila na dini tofauti katika masoko, viwanda na vyama vya ushirika. Mapato ya taifa hutokana na kodi zitokanazo na shughuli hizo, ambazo hutumika kugharimia elimu, afya na barabara.","Mfano: Bandari ya Dar es Salaam huunganisha biashara ya Tanzania na nchi jirani kama Zambia, Malawi na Rwanda, na kuleta ajira na mapato.","Unaponunua bidhaa sokoni au kutumia usafiri wa umma, unashiriki katika mzunguko wa uchumi na kuchangia kodi.","Kilimo huchangiaje uchumi wa taifa?::Hutoa chakula, malighafi kwa viwanda, ajira na fedha za kigeni.||Bandari ya Dar es Salaam inaunganisha Tanzania na nchi zipi?::Zambia, Malawi, Rwanda, Burundi, DRC na nyinginezo.||Kodi hutumikaje kwa maendeleo?::Kugharimia elimu, afya, barabara na huduma nyingine za jamii.",
2023-JSS048-Kidato I,Kumudu historia ya Tanzania na maadili kabla ya ukoloni,"Kuchambua mifumo ya kijamii (elimu, afya, utamaduni) iliyokuza na kuendeleza maadili ya jamii za Kitanzania kabla ya ukoloni",Kubaini mifumo ya kijamii ya Tanzania kabla ya ukoloni,Mifumo ya kijamii kabla ya ukoloni,10,Utafiti mdogo na Majadiliano,Kuwaongoza Wanafunzi,Mifumo ya kijamii za Tanzania kabla ya ukoloni imebainishwa.,Picha kuonesha miundombinu ya elimu|Afya na utamaduni kabla ya ukoloni Ramani kuonesha mtawanyiko wa miundombinu elimu|Afya na utamaduni kabla ya ukoloni Vitu halisi vilivyotumika kabla ya ukoloni,"TET(2023), Muhtasari wa Historia ya Tanzania na Maadili Elimu ya Sekondari Kidato cha I-IV & Kidato cha V-VI, TET, DAR ES SALAAM","Kabla ya ukoloni, jamii za Kitanzania zilikuwa na mifumo yao ya kijamii iliyowawezesha kupata elimu, afya na kuendeleza utamaduni.","Mfumo wa elimu ulikuwa usio rasmi: watoto walifundishwa na wazazi, wazee na jamii kupitia hadithi, methali, michezo, kazi za vitendo na mafunzo ya rika kama jando na unyago. Mfumo wa afya ulitegemea waganga wa jadi, mitishamba, wakunga wa jadi na mila za usafi. Mfumo wa utamaduni ulijumuisha lugha, ngoma, sanaa, dini za jadi, sherehe, ndoa na ukoo. Familia na ukoo vilikuwa msingi wa kijamii na vilihakikisha ulinzi wa watoto, wazee na wenye shida.","Wanafunzi hujaza jedwali: mfumo wa jamii, taasisi zilizohusika na mfano mmoja; mfano Elimu - jando/unyago - kufundisha maadili ya utu uzima.",Mila kama kuwatunza wazee na kutumia mitishamba bado zipo kwa kiasi kikubwa leo.,"Taja mifumo mitatu ya kijamii iliyokuwepo kabla ya ukoloni.::Elimu, afya na utamaduni.||Elimu ya jadi ilitolewa kwa njia zipi?::Hadithi, methali, michezo, kazi za vitendo na jando/unyago.||Nani walitibu wagonjwa katika jamii za kale?::Waganga wa jadi na wakunga kwa kutumia mitishamba.",
2023-JSS048-Kidato I,Kumudu historia ya Tanzania na maadili kabla ya ukoloni,"Kuchambua mifumo ya kijamii (elimu, afya, utamaduni) iliyokuza na kuendeleza maadili ya jamii za Kitanzania kabla ya ukoloni",Kueleza mifumo ya kijamii ya Tanzania ilivyokuza maadili kabla ya ukoloni,Mifumo ya kijamii ilivyokuza maadili,10,Mtaalamu mualikwa,Kuwaongoza Wanafunzi,Mifumo ya kijamii ya Tanzania ilivyokuza maadili kabla ya ukoloni imeelezwa kwa ufasaha.,Picha kuonesha miundombinu ya elimu|Afya na utamaduni kabla ya ukoloni Ramani kuonesha mtawanyiko wa miundombinu elimu|Afya na utamaduni kabla ya ukoloni Vitu halisi vilivyotumika kabla ya ukoloni,"TET(2023), Muhtasari wa Historia ya Tanzania na Maadili Elimu ya Sekondari Kidato cha I-IV & Kidato cha V-VI, TET, DAR ES SALAAM",Mifumo ya kijamii haikutoa huduma tu; ilikuwa pia chombo cha kujenga na kuendeleza maadili ya jamii.,"Elimu ya jadi ilikuza uadilifu, heshima, uvumilivu na kazi; mafunzo ya jando na unyago yalitayarisha vijana kwa majukumu ya utu uzima na kufundisha kuheshimu wazee na kutunza siri za jamii. Mfumo wa afya ulifundisha usafi, kuheshimu mazingira na kusaidia wagonjwa kwa huruma. Utamaduni kupitia ngoma, sherehe na hadithi uliimarisha umoja na mshikamano. Wazee walisimamia maadili kwa kutoa ushauri na adhabu pale ilipohitajika.","Mfano: hadithi ya sungura na fisi hufundisha akili, uaminifu na madhara ya uchoyo.",Watoto wa leo wanaweza kujifunza maadili haya kwa kusikiliza hadithi za bibi na babu na kushiriki kazi za pamoja.,"Jando na unyago vilifundisha nini?::Majukumu ya utu uzima, heshima kwa wazee na kutunza siri za jamii.||Hadithi za jadi zilikuwa na kazi gani ya kimaadili?::Kufundisha maadili kama uaminifu, akili na madhara ya uchoyo.||Nani walisimamia maadili katika jamii?::Wazee wa ukoo na viongozi wa jadi.",
2023-JSS048-Kidato I,Kumudu historia ya Tanzania na maadili kabla ya ukoloni,Kuchambua mifumo iliyokuza na kuendeleza uchumi na siasa katika jamii za Kitanzania kabla ya ukoloni,Kubaini mifumo ya kiuchumi na kisiasa katika jamii za Kitanzania kabla ya ukoloni,Mifumo ya kiuchumi na kisiasa kabla ya ukoloni,15,Utafiti mdogo na Majadiliano,Kuwaongoza Wanafunzi,Mifumo ya kiuchumi na kisiasa katika jamii za Kitanzania kabla ya ukoloni imebainishwa.,Matini kuhusu mifumo ya kiuchumi na kisiasa kabla ya ukoloni Ramani kuonesha maeneo mbalimbali ya jamii za asili za Kitanzania,"TET(2023), Muhtasari wa Historia ya Tanzania na Maadili Elimu ya Sekondari Kidato cha I-IV & Kidato cha V-VI, TET, DAR ES SALAAM",Jamii za Kitanzania zilijiendesha kiuchumi na kisiasa kwa mifumo yake kabla ya kuja kwa wakoloni.,"Kiuchumi walijishughulisha na kilimo, ufugaji, uvuvi, uwindaji, uhunzi, ufinyanzi, uchimbaji wa chumvi (mfano Uvinza) na biashara ya kubadilishana bidhaa na baadaye biashara ya masafa marefu. Kisiasa kulikuwa na jamii zenye tawala za kiongozi mmoja kama Wahehe, Wanyamwezi na falme za Wahaya, na jamii zisizo na dola kuu (zenye mfumo wa rika) kama Wagogo na Wamasai. Miji ya pwani kama Kilwa ilikuwa na tawala za sultani.",Mfano: chifu Mirambo wa Wanyamwezi alijenga dola yenye jeshi imara na alidhibiti njia za biashara kuelekea Tabora na Ujiji.,Leo tunaona mabaki ya mifumo hii katika machifu wa kimila na vyama vya wakulima na wafugaji.,"Taja shughuli mbili za kiuchumi za jamii za kale.::Kilimo na uhunzi (pia uvuvi, ufugaji na biashara).||Toa mfano wa jamii yenye chifu na mmoja usio na chifu.::Wahehe wenye chifu; Wagogo au Wamasai wasio na dola kuu.||Uvinza ilijulikana kwa nini?::Kwa uchimbaji na biashara ya chumvi.",
2023-JSS048-Kidato I,Kumudu historia ya Tanzania na maadili kabla ya ukoloni,Kuchambua mifumo iliyokuza na kuendeleza uchumi na siasa katika jamii za Kitanzania kabla ya ukoloni,Kueleza jinsi mifumo ya kisiasa na kiuchumi ilivyokuza na kuendeleza shughuli za kiuchumi na kisiasa kabla ya ukoloni,Mifumo ilivyokuza shughuli za uchumi na siasa,15,Utafiti mdogo na Majadiliano,Kuwaongoza Wanafunzi,Mifumo ya kisiasa na kiuchumi ilivyokuza na kuendeleza shughuli za kiuchumi na kisiasa kabla ya ukoloni imeelezwa kwa ufasaha.,Matini kuhusu mifumo ya kiuchumi na kisiasa kabla ya ukoloni Ramani kuonesha maeneo mbalimbali ya jamii za asili za Kitanzania,"TET(2023), Muhtasari wa Historia ya Tanzania na Maadili Elimu ya Sekondari Kidato cha I-IV & Kidato cha V-VI, TET, DAR ES SALAAM",Mifumo ya kiuchumi na kisiasa ilishirikiana katika kuendeleza jamii.,"Uongozi wa machifu uliweka amani na sheria zilizolinda biashara na ardhi; jeshi la chifu lililinda misafara na mipaka. Kodi za kimila na zawadi zilikusanywa ili kugharimia shughuli za kifalme. Ardhi ilimilikiwa kwa pamoja na kugawiwa na viongozi, hivyo ilihakikisha kila familia inalima. Biashara ilikuza uchumi wa miji na kuwezesha kubadilishana teknolojia. Wazee wa baraza walisuluhisha migogoro, hivyo kulinda utulivu unaohitajika kwa uzalishaji.","Mfano: Wanyamwezi na Wayao walisafirisha pembe za ndovu na chuma hadi pwani, wakilindwa na utawala wa chifu wao.",Ujuzi wa kusuluhisha migogoro kwa mazungumzo bado unatumika katika mabaraza ya kata na vijiji.,"Chifu alisaidiaje uchumi?::Alilinda amani, biashara na ardhi na kukusanya kodi za kimila.||Ardhi ilimilikiwaje kwa kawaida?::Kwa pamoja na kugawiwa na viongozi wa jadi kwa familia.||Baraza la wazee lilifanya kazi gani?::Kusuluhisha migogoro na kudumisha utulivu.",
2023-JSS048-Kidato I,Kumudu historia ya Tanzania na maadili kabla ya ukoloni,Kuchambua mifumo iliyokuza na kuendeleza uchumi na siasa katika jamii za Kitanzania kabla ya ukoloni,"Kufafanua uhusiano kati ya jamii za Kitanzania na za Mashariki ya Kati, Mashariki ya Mbali na Ulaya katika kuendeleza shughuli za kiuchumi na kisiasa kabla ya ukoloni","Uhusiano na jamii za Mashariki ya Kati, Mbali na Ulaya",15,Changanyakete,Kuwaongoza Wanafunzi,"Uhusiano kati ya jamii za Kitanzania na za Mashariki ya Kati, Mashariki ya Mbali na Ulaya katika kuendeleza shughuli za kiuchumi na kisiasa kabla ya ukoloni umefafanuliwa kwa ufasaha.",Matini kuhusu mifumo ya kiuchumi na kisiasa kabla ya ukoloni Ramani kuonesha maeneo mbalimbali ya jamii za asili za Kitanzania,"TET(2023), Muhtasari wa Historia ya Tanzania na Maadili Elimu ya Sekondari Kidato cha I-IV & Kidato cha V-VI, TET, DAR ES SALAAM",Jamii za Kitanzania zilikuwa na mahusiano ya kibiashara na kiutamaduni na watu wa mataifa ya nje muda mrefu kabla ya ukoloni.,"Uhusiano na Mashariki ya Kati (Waarabu na Waajemi) ulianza kabla ya karne ya kwanza; ulileta biashara ya pembe, dhahabu, ngozi na watumwa, Uislamu na Kiswahili. Uhusiano na Mashariki ya Mbali (India, Uchina, Indonesia) ulileta vitambaa, shanga, vyombo vya kaure na mazao kama nazi na ndizi. Uhusiano na Ulaya ulianza kwa Wareno (1498) na baadaye Waingereza na Wajerumani kwa biashara na kuchunguza. Faida zilijumuisha bidhaa mpya na ujuzi; hasara ni biashara ya watumwa.",Mfano: Kilwa Kisiwani ilikuwa kituo kikuu cha biashara ya dhahabu kutoka Sofala hadi Uarabuni na Uhindi.,"Mabaki ya mahusiano haya ni maneno ya Kiswahili ya Kiarabu, vyakula kama biriani na mavazi kama kanzu.",Taja bidhaa mbili zilizouzwa kwa Waarabu.::Pembe za ndovu na dhahabu (pia ngozi na watumwa).||Uhusiano na Waarabu uliacha matokeo gani ya kiutamaduni?::Kuenea kwa Uislamu na kukua kwa lugha ya Kiswahili.||Wareno walifika lini pwani ya Afrika Mashariki?::Mwaka 1498 (Vasco da Gama).,
2023-JSS048-Kidato I,Kumudu historia ya Tanzania na maadili kabla ya ukoloni,Kuchambua mifumo iliyokuza na kuendeleza uchumi na siasa katika jamii za Kitanzania kabla ya ukoloni,Kutathmini mchango wa mifumo ya kisiasa na kiuchumi katika kukuza maadili ya jamii za Kitanzania kabla ya ukoloni,Mchango wa mifumo ya siasa na uchumi katika maadili,15,Kisamafunzo na Majadiliano,Kuwaongoza Wanafunzi,Mchango wa mifumo ya kisiasa na kiuchumi katika kukuza maadili ya jamii za Kitanzania kabla ya ukoloni umetathminiwa.,Matini kuhusu mifumo ya kiuchumi na kisiasa kabla ya ukoloni Ramani kuonesha maeneo mbalimbali ya jamii za asili za Kitanzania,"TET(2023), Muhtasari wa Historia ya Tanzania na Maadili Elimu ya Sekondari Kidato cha I-IV & Kidato cha V-VI, TET, DAR ES SALAAM",Mifumo ya kisiasa na kiuchumi ilichangia kuunda maadili ya jamii kabla ya ukoloni.,"Uongozi wa jadi ulihitaji uadilifu, uwajibikaji na haki katika kutoa maamuzi. Uchumi wa kilimo na ufugaji ulifundisha kazi kwa bidii, ushirikiano na kugawana. Biashara ilikuza uaminifu, uvumilivu na kuheshimu mikataba. Matumizi ya mali ya jamii yalikuza kutosheka na kuepuka uchoyo. Wakati wa biashara ya watumwa baadhi ya maadili yalidhoofika, kwa kuwa watu waliuzwa; jambo lililoonesha changamoto za mifumo hiyo.","Wanafunzi hutathmini kwa kutumia jedwali la mfumo, maadili yaliyojengwa na changamoto zake.",Leo viongozi na wafanyabiashara wanapaswa kuiga uadilifu na uaminifu wa viongozi wa zamani.,"Taja maadili mawili yaliyojengwa na biashara ya jadi.::Uaminifu na kuheshimu mikataba.||Biashara ya watumwa iliathirije maadili?::Ilidhoofisha utu na kuvunja mshikamano wa jamii.||Kwa nini uongozi wa jadi ulihitaji uadilifu?::Ili kutoa haki, kulinda jamii na kupata heshima ya wananchi.",
2023-JSS048-Kidato I,Kumudu historia ya Tanzania na maadili kabla ya ukoloni,Kutathmini vichocheo vya mabadiliko ya sayansi na teknolojia katika jamii za Kitanzania kabla ya ukoloni,Kueleza hali ya sayansi na teknolojia katika jamii za Kitanzania kabla ya ukoloni,Hali ya sayansi na teknolojia kabla ya ukoloni,8,Utafiti mdogo na Majadiliano,Kuwaongoza Wanafunzi,Hali ya sayansi na teknolojia katika jamii za Kitanzania kabla ya ukoloni imeelezwa kwa ufasaha.,Matini kuhusu vichocheo vya mabadiliko ya sayansi na teknolojia katika jamii za Kitanzania kabla ya ukoloni Picha ya bidhaa zilizozalishwa na jamii za Kitanzania kabla ya ukoloni Ramani kuonesha maeneo yaliyokuwa ya uzalishaji wa bidhaa kabla ya ukoloni,"TET(2023), Muhtasari wa Historia ya Tanzania na Maadili Elimu ya Sekondari Kidato cha I-IV & Kidato cha V-VI, TET, DAR ES SALAAM",Jamii za Kitanzania zilikuwa na ujuzi wa sayansi na teknolojia uliokidhi mahitaji yao ingawa hakukuwa na viwanda vikubwa.,"Mifano ni uhunzi wa chuma (Wahaya walitengeneza chuma chenye kaboni miaka mingi iliyopita), ufinyanzi, ufumaji wa nguo za magome na pamba, ujenzi wa mitumbwi, ngalawa na madau, umwagiliaji (mfereji wa Wachagga na Engaruka), uhifadhi wa chakula kwa kukausha na ghala, dawa za mitishamba, utengenezaji wa chumvi na utabiri wa hali ya hewa kwa nyota na mazingira. Ujuzi huu ulipitishwa kwa urithi wa familia.",Mfano: tanuru la Wahaya lilikuwa na joto kali la kutosha kuyeyusha chuma na kutengeneza chuma cha kaboni.,"Leo tunatumia ujuzi kama vyungu vya udongo, mitumbwi ya wavuvi na dawa za mitishamba.","Taja teknolojia tatu za kale zilizotumika Tanzania.::Uhunzi, ufinyanzi na umwagiliaji.||Wahaya walijulikana kwa nini kiteknolojia?::Kwa kutengeneza chuma chenye kaboni kwa tanuru.||Ujuzi wa kiteknolojia ulirithishwaje?::Kwa mafunzo ya vitendo ndani ya familia na ukoo.",
2023-JSS048-Kidato I,Kumudu historia ya Tanzania na maadili kabla ya ukoloni,Kutathmini vichocheo vya mabadiliko ya sayansi na teknolojia katika jamii za Kitanzania kabla ya ukoloni,Kubaini vichocheo vya mabadiliko ya sayansi na teknolojia katika jamii za Kitanzania kabla ya ukoloni,Vichocheo vya mabadiliko ya sayansi na teknolojia,8,Kisamafunzo,Kuwaongoza Wanafunzi,Vichocheo vya mabadiliko ya sayansi na teknolojia katika jamii za Kitanzania kabla ya ukoloni vimebainishwa.,Matini kuhusu vichocheo vya mabadiliko ya sayansi na teknolojia katika jamii za Kitanzania kabla ya ukoloni Picha ya bidhaa zilizozalishwa na jamii za Kitanzania kabla ya ukoloni Ramani kuonesha maeneo yaliyokuwa ya uzalishaji wa bidhaa kabla ya ukoloni,"TET(2023), Muhtasari wa Historia ya Tanzania na Maadili Elimu ya Sekondari Kidato cha I-IV & Kidato cha V-VI, TET, DAR ES SALAAM",Ubunifu wa teknolojia haukutokea kwa bahati; ulisukumwa na mambo mbalimbali katika jamii.,"Vichocheo hivyo ni mahitaji ya kila siku (chakula, makazi, zana), mazingira yenye rasilimali kama chuma na udongo, kuongezeka kwa idadi ya watu, mawasiliano na biashara na jamii nyingine, ubunifu wa watu binafsi, vita vilivyohitaji silaha bora, ukame na majanga yaliyolazimisha ubunifu kama umwagiliaji na uhifadhi wa chakula, na kubadilishana ujuzi na wageni.",Mfano: ukame uliwafanya Wasonjo na Wachagga kuchimba mifereji ya umwagiliaji.,Leo ubunifu wa vijana huchochewa na changamoto kama uhaba wa umeme wanapobuni nishati ya jua.,Taja vichocheo viwili vya teknolojia.::Mahitaji ya kila siku na mawasiliano ya biashara.||Ukame ulichochea ubunifu gani?::Umwagiliaji na uhifadhi wa chakula.||Kwa nini biashara ilisaidia teknolojia?::Kwa sababu ilisambaza ujuzi na vifaa kati ya jamii.,
2023-JSS048-Kidato II,"Kumudu historia ya Tanzania na maadili wakati wa ukoloni, 1890-1960",Kutumia maarifa na ujuzi wa chimbuko na ukuaji wa mfumo wa ukoloni kuelewa uhusiano wa kihistoria kati ya Tanzania na mataifa yaliyoitawala,Kuchambua chimbuko la ukoloni,Chimbuko la ukoloni,18,Utafiti mdogo na Majadiliano,Kuwaongoza Wanafunzi,Chimbuko la ukoloni limechambuliwa kwa kina.,Matini kuhusu chimbuko la mfumo wa ukoloni Picha mbalimbali kuonesha wataala na shughuli za wakoloni,"TET(2023), Muhtasari wa Historia ya Tanzania na Maadili Elimu ya Sekondari Kidato cha I-IV & Kidato cha V-VI, TET, DAR ES SALAAM","Ukoloni ni hali ya nchi moja kutawala nchi nyingine kisiasa, kiuchumi na kiutamaduni. Kuelewa chimbuko lake kunatusaidia kujua kwa nini Afrika ilitawaliwa.","Chimbuko la ukoloni lilitokana na Mapinduzi ya Viwanda Ulaya (karne ya 18-19) yaliyohitaji malighafi, masoko ya bidhaa, maeneo ya kuwekeza mtaji na kuweka wakazi wa ziada. Sababu nyingine ni ushindani wa kisiasa kati ya mataifa ya Ulaya, kutafuta sifa na nguvu za kijeshi, shughuli za wamisionari, kukomesha biashara ya watumwa kama kisingizio, na kuwepo kwa udhaifu wa tawala za Kiafrika. Mkutano wa Berlin (1884-1885) ulipanga utaratibu wa kugawana Afrika na kuweka misingi ya utawala wa kikoloni.","Mfano: Ujerumani ilitaka pamba, mkonge na madini kutoka Tanganyika kwa viwanda vyake; ilianzisha utawala baada ya Karl Peters kusaini mikataba ya kilaghai na machifu mwaka 1884.",Historia hii inasaidia kuelewa madeni na utegemezi wa kiuchumi wa Afrika unaoendelea hata leo.,"Ukoloni ni nini?::Ni hali ya nchi moja kutawala nchi nyingine kisiasa, kiuchumi na kiutamaduni.||Taja sababu tatu za ukoloni wa Afrika.::Kutafuta malighafi, masoko na mtaji; ushindani wa kisiasa wa mataifa ya Ulaya; shughuli za wamisionari.||Mkutano wa Berlin ulifanyika lini na kwa lengo gani?::1884-1885; kugawana Afrika na kuweka kanuni za ukoloni.",
2023-JSS048-Kidato II,"Kumudu historia ya Tanzania na maadili wakati wa ukoloni, 1890-1960",Kutumia maarifa na ujuzi wa chimbuko na ukuaji wa mfumo wa ukoloni kuelewa uhusiano wa kihistoria kati ya Tanzania na mataifa yaliyoitawala,"Kubainisha mataifa yaliyoitawala Tanzania na mifumo yake ya kikoloni katika uchumi, utawala na utamaduni",Mataifa yaliyoitawala Tanzania na mifumo yake,18,Majadiliano,Kuwaongoza Wanafunzi,"Mataifa yaliyoitawala Tanzania na mifumo yake ya kikoloni katika uchumi, utawala na utamaduni yamebainishwa.",Matini kuhusu chimbuko la mfumo wa ukoloni Picha mbalimbali kuonesha wataala na shughuli za wakoloni,"TET(2023), Muhtasari wa Historia ya Tanzania na Maadili Elimu ya Sekondari Kidato cha I-IV & Kidato cha V-VI, TET, DAR ES SALAAM",Tanzania iliwahi kutawaliwa na mataifa mawili makuu ya Ulaya; kila moja liliacha mfumo wake wa utawala.,"Ujerumani ilitawala Tanganyika kuanzia 1885 hadi 1919 kwa utawala wa moja kwa moja (akida, jumbe na maofisa wa Kijerumani), ikalazimisha kilimo cha mkonge, pamba na kahawa, kodi na kazi za shuruba. Baada ya Vita ya Kwanza ya Dunia, Uingereza ilitawala Tanganyika (1919-1961) chini ya Shirikisho la Mataifa kisha Umoja wa Mataifa, ikitumia utawala usio wa moja kwa moja kupitia machifu na Mamlaka za Asili. Zanzibar ilikuwa chini ya ulinzi wa Uingereza tangu 1890. Kiuchumi ilikuwa uzalishaji wa mazao ya biashara, kiutawala mfumo wa wilaya na mikoa, kiutamaduni Ukristo na elimu ya kimisionari.",Mfano: Wajerumani walijenga reli ya kati (Dar es Salaam-Kigoma) kusafirisha mazao kutoka bara hadi bandarini.,Athari za mifumo hii zinaonekana katika miundombinu kama reli na mipaka ya mikoa ya sasa.,"Taja mataifa mawili yaliyotawala Tanganyika.::Ujerumani (1885-1919) na Uingereza (1919-1961).||Utawala usio wa moja kwa moja ni nini?::Utawala wa wakoloni kupitia viongozi wa jadi wa wenyeji.||Zanzibar ilitawaliwa na nani na lini ilianza?::Uingereza, kwa ulinzi tangu 1890.",
2023-JSS048-Kidato II,"Kumudu historia ya Tanzania na maadili wakati wa ukoloni, 1890-1960",Kutumia maarifa na ujuzi wa chimbuko na ukuaji wa mfumo wa ukoloni kuelewa uhusiano wa kihistoria kati ya Tanzania na mataifa yaliyoitawala,Kujadili mchango wa mifumo ya kikoloni katika uhusiano wa Tanzania na mataifa yaliyoitawala,Mchango wa mifumo ya kikoloni katika uhusiano,18,Fikiri-andika-jozisha-shirikisha,Kuwaongoza Wanafunzi,Mifumo ya kikoloni katika uhusiano wa Tanzania na mataifa yaliyoitawala imejadiliwa kwa kina.,Matini kuhusu chimbuko la mfumo wa ukoloni Picha mbalimbali kuonesha wataala na shughuli za wakoloni,"TET(2023), Muhtasari wa Historia ya Tanzania na Maadili Elimu ya Sekondari Kidato cha I-IV & Kidato cha V-VI, TET, DAR ES SALAAM","Mifumo ya kikoloni ilijenga uhusiano wa karibu, lakini usio sawa, kati ya Tanzania na mataifa yaliyoitawala.","Uhusiano huo ulijitokeza katika biashara (Tanzania ilipeleka malighafi na kuagiza bidhaa za viwandani), lugha (Kijerumani na Kiingereza), elimu, dini (Ukristo), sheria na mifumo ya utawala iliyoigwa na Uingereza baada ya uhuru. Tanganyika baadaye ilijiunga na Jumuiya ya Madola. Faida ni miundombinu, elimu ya kisasa na uhusiano wa kimataifa; hasara ni utegemezi wa kiuchumi, kuimarishwa kwa matabaka na kuharibiwa kwa tamaduni za wenyeji.","Mfano: Baada ya uhuru, Tanzania iliendelea kuuza mkonge, pamba na kahawa Uingereza na Ulaya.","Leo Kiingereza kinatumika kufundishia katika shule za sekondari na vyuo, ni urithi wa ukoloni.",Taja jambo moja la kiuhusiano lililotokana na ukoloni.::Biashara ya malighafi au lugha ya Kiingereza.||Jumuiya ya Madola ni nini?::Umoja wa nchi zilizowahi kutawaliwa na Uingereza.||Hasara moja ya uhusiano huo ni ipi?::Utegemezi wa kiuchumi.,
2023-JSS048-Kidato II,"Kumudu historia ya Tanzania na maadili wakati wa ukoloni, 1890-1960",Kutathmini athari za mfumo wa ukoloni kwenye maadili ya jamii za Kitanzania,Kueleza hali ya maadili ya jamii za Kitanzania kipindi ukoloni unaingia,Hali ya maadili ukoloni unapoingia,14,Changanyakete,Kuwaongoza Wanafunzi,Hali ya maadili ya jamii za Kitanzania kipindi ukoloni unaingia imeelezwa.,Matini kuhusu athari za mfumo wa ukoloni kwenye maadili ya jamii za Kitanzania,"TET(2023), Muhtasari wa Historia ya Tanzania na Maadili Elimu ya Sekondari Kidato cha I-IV & Kidato cha V-VI, TET, DAR ES SALAAM","Kabla ya wakoloni kuingia, jamii za Kitanzania zilikuwa na maadili yaliyodhibiti tabia na kuweka umoja.","Maadili hayo yalitokana na mila na dini za jadi; yalitawaliwa na ushirikiano wa ukoo, kuheshimu wazee, utu, uaminifu na kuwajibika kwa jamii. Ardhi na mifugo vilikuwa mali ya jamii, na haki ilitolewa na baraza la wazee. Pamoja na hayo, maadili haya yalikumbwa na changamoto za biashara ya watumwa na vita vya kikabila vya karne ya 19, jambo lililodhoofisha mshikamano katika baadhi ya maeneo, na kurahisisha wakoloni kuingia.",Wanafunzi huandika orodha ya maadili ya jamii ya kwao ya kabla ya ukoloni na kulinganisha na yale ya leo.,Baadhi ya maadili haya bado yanafundishwa kwa watoto wetu nyumbani.,Taja maadili mawili yaliyokuwepo kabla ya ukoloni.::Heshima kwa wazee na ushirikiano.||Nani alitoa haki katika jamii nyingi za kale?::Baraza la wazee.||Biashara ya watumwa iliathirije jamii?::Ilidhoofisha mshikamano na kuleta hofu na vita.,
2023-JSS048-Kidato II,"Kumudu historia ya Tanzania na maadili wakati wa ukoloni, 1890-1960",Kutathmini athari za mfumo wa ukoloni kwenye maadili ya jamii za Kitanzania,Kuchambua athari za mfumo wa ukoloni katika maadili ya jamii za Kitanzania,Athari za ukoloni katika maadili,14,Utafiti mdogo,Kuwaongoza Wanafunzi,Athari za mfumo wa ukoloni katika maadili ya jamii za Kitanzania zimechambuliwa kwa kina.,Matini kuhusu athari za mfumo wa ukoloni kwenye maadili ya jamii za Kitanzania,"TET(2023), Muhtasari wa Historia ya Tanzania na Maadili Elimu ya Sekondari Kidato cha I-IV & Kidato cha V-VI, TET, DAR ES SALAAM",Ukoloni ulibadilisha maadili ya jamii za Kitanzania kwa njia nzuri na mbaya.,"Athari mbaya ni kudharauliwa kwa mila na lugha za wenyeji, kupandikiza ubaguzi wa rangi na kabila, kuvunjika kwa familia kutokana na kazi za shuruba na uhamiaji wa wafanyakazi, kuenea kwa ulevi na uchoyo wa mali, na kuanza kwa tabia ya kutegemea kwa wengine. Athari nzuri ni kuimarishwa kwa elimu ya kisasa, kuenea kwa Ukristo na Uislamu wenye maadili ya upendo na haki, na kujengwa kwa umoja wa kitaifa kutokana na upinzani wa pamoja.","Mfano: shule za wamisionari zilifundisha kusoma na kuandika, lakini pia zilipuuza mila za wenyeji.",Bado tunashuhudia dharau kwa lugha za mama na kuiga tamaduni za nje kupita kiasi.,Taja athari mbaya moja ya ukoloni katika maadili.::Kudharauliwa kwa mila na lugha za wenyeji (au ubaguzi wa rangi).||Taja athari nzuri moja.::Kuenea kwa elimu ya kisasa.||Kazi za shuruba zilivunjaje familia?::Zilitenganisha wanaume na familia zao kwa kuwapeleka mashambani na migodini.,
2023-JSS048-Kidato II,"Kumudu historia ya Tanzania na maadili wakati wa ukoloni, 1890-1960",Kutathmini athari za mfumo wa ukoloni kwenye maadili ya jamii za Kitanzania,Kubaini maadili yaliyodumishwa na jamii za Kitanzania wakati wa ukoloni,Maadili yaliyodumishwa wakati wa ukoloni,14,Majadiliano na Kisamafunzo,Kuwaongoza Wanafunzi,Maadili yaliyodumishwa na jamii za Kitanzania wakati wa ukoloni yamebainishwa.,Matini kuhusu athari za mfumo wa ukoloni kwenye maadili ya jamii za Kitanzania,"TET(2023), Muhtasari wa Historia ya Tanzania na Maadili Elimu ya Sekondari Kidato cha I-IV & Kidato cha V-VI, TET, DAR ES SALAAM","Pamoja na shinikizo la ukoloni, jamii nyingi zilihifadhi maadili yao ya asili.","Jamii zilidumisha lugha za mama na Kiswahili, ngoma na sherehe, mila za ndoa na mazishi, ushirikiano wa ukoo, kusaidiana katika kilimo na kuheshimu wazee. Kiswahili kilikuwa lugha ya pamoja na kilitumika katika harakati za kudai uhuru. Watu walianzisha vyama vya kijamii kama Tanganyika African Association (1929) na vyama vya ushirika vilivyolinda mshikamano. Dini za jadi ziliendelea kwa siri au kwa kuunganishwa na dini mpya.",Mfano: Wachagga walianzisha Chama cha Ushirika cha KNCU mwaka 1933 kulinda maslahi ya wakulima wa kahawa.,Tunaendelea kuenzi maadili haya kwa kutumia Kiswahili na kuheshimu wazee.,Taja maadili mawili yaliyodumishwa.::Lugha ya Kiswahili na ushirikiano wa ukoo.||TAA ilianzishwa mwaka gani?::1929.||Kwa nini Kiswahili kilikuwa muhimu wakati wa ukoloni?::Kiliwaunganisha watu wa makabila mbalimbali katika kudai uhuru.,
2023-JSS048-Kidato II,"Kumudu historia ya Tanzania na maadili wakati wa ukoloni, 1890-1960",Kuchambua jitihada za jamii za Kitanzania kupinga ukoloni na maadili ya kikoloni,"Kubaini sababu za jamii za Kitanzania kupinga uvamizi wa kikoloni, ukoloni na maadili yake",Sababu za kupinga uvamizi na ukoloni,18,Utafiti mdogo na Maswali na majibu,Kuwaongoza Wanafunzi,"Sababu za jamii za Kitanzania kupinga uvamizi wa kikoloni, ukoloni na maadili yake zimebainishwa.",Picha kuonesha matendo ya kupinga ukoloni Matini kuhusu harakati za jamii za Kitanzania kupinga ukoloni na maadili ya kikoloni,"TET(2023), Muhtasari wa Historia ya Tanzania na Maadili Elimu ya Sekondari Kidato cha I-IV & Kidato cha V-VI, TET, DAR ES SALAAM",Jamii za Kitanzania hazikukubali ukoloni kwa hiari; zilipinga kwa sababu mbalimbali.,"Sababu hizo ni kupoteza uhuru na uongozi wa jadi, kunyang'anywa ardhi kwa ajili ya mashamba ya wakoloni, kodi za lazima (kodi ya kichwa na ya kibanda), kazi za shuruba, kulazimishwa kulima mazao ya biashara, unyanyasaji wa akida na askari, kudharauliwa kwa mila na dini, ubaguzi wa rangi, na kukosa haki za kisiasa. Katika kipindi cha baadaye, malalamiko ya kiuchumi na kutokuwepo kwa uwakilishi yalisababisha harakati za kudai uhuru.",Mfano: Vita vya Maji Maji (1905-1907) vilichochewa na kulazimishwa kulima pamba na kodi kubwa.,Mtu anayetetea haki yake dhidi ya ukandamizaji anaiga ari ya wazee wetu waliopinga ukoloni.,"Taja sababu tatu za kupinga ukoloni.::Kunyang'anywa ardhi, kodi za lazima na kazi za shuruba.||Vita vya Maji Maji vilichochewa na nini?::Kulazimishwa kulima pamba, kodi na ukandamizaji.||Kwa nini kodi ilichukiwa?::Ililazimisha watu kufanya kazi kwa wakoloni bila malipo mema.",
2023-JSS048-Kidato II,"Kumudu historia ya Tanzania na maadili wakati wa ukoloni, 1890-1960",Kuchambua jitihada za jamii za Kitanzania kupinga ukoloni na maadili ya kikoloni,"Kujadili njia mbalimbali zilizotumika na jamii za Kitanzania kupinga uvamizi wa kikoloni, ukoloni na maadili yake",Njia za kupinga uvamizi na ukoloni,18,Kisamafunzo,Kuwaongoza Wanafunzi,"Njia mbalimbali zilizotumika na jamii za Kitanzania kupinga uvamizi wa kikoloni, ukoloni na maadili yake zimejadiliwa.",Picha kuonesha matendo ya kupinga ukoloni Matini kuhusu harakati za jamii za Kitanzania kupinga ukoloni na maadili ya kikoloni,"TET(2023), Muhtasari wa Historia ya Tanzania na Maadili Elimu ya Sekondari Kidato cha I-IV & Kidato cha V-VI, TET, DAR ES SALAAM",Upinzani dhidi ya ukoloni ulichukua njia za vita na za amani kadiri hali ilivyoruhusu.,"Katika hatua ya kwanza (upinzani wa silaha) kulikuwa na vita vya Abushiri (1888-1889), Mkwawa dhidi ya Wajerumani (1891-1898), Mtemi Isike, Mangi Meli wa Wachagga na Maji Maji (1905-1907) wakiongozwa na Kinjikitile Ngwale. Njia nyingine zilikuwa kukataa kulipa kodi, kutoroka kazi, migomo, kususia mazao na kukataa elimu ya kimisionari. Baadaye, upinzani ulitumia vyama vya kisiasa, magazeti, mikutano, vyama vya ushirika na mazungumzo ya kikatiba.",Mfano: Mkwawa aliwashinda Wajerumani kwenye Vita vya Lugalo mwaka 1891.,Mashujaa hawa wanakumbukwa kwa makumbusho na majina ya shule na barabara.,Taja kiongozi mmoja wa Vita vya Maji Maji.::Kinjikitile Ngwale.||Mkwawa alipigana na taifa gani?::Ujerumani.||Taja njia mbili zisizo za kutumia silaha za kupinga ukoloni.::Kususia kodi na kuunda vyama vya siasa.,
2023-JSS048-Kidato II,"Kumudu historia ya Tanzania na maadili wakati wa ukoloni, 1890-1960",Kuchambua jitihada za jamii za Kitanzania kupinga ukoloni na maadili ya kikoloni,Kufafanua misingi na mbinu zilizotumika kupigania Uhuru wa Tanganyika na Zanzibar,Misingi na mbinu za kupigania uhuru,18,Mtaalamu mualikwa na Majadiliano,Kuwaongoza Wanafunzi,Misingi na mbinu zilizotumika kupigania uhuru wa Tanganyika na Zanzibar imefafanuliwa kwa kina.,Picha kuonesha matendo ya kupinga ukoloni Matini kuhusu harakati za jamii za Kitanzania kupinga ukoloni na maadili ya kikoloni,"TET(2023), Muhtasari wa Historia ya Tanzania na Maadili Elimu ya Sekondari Kidato cha I-IV & Kidato cha V-VI, TET, DAR ES SALAAM",Uhuru wa Tanganyika na Zanzibar haukupatikana kwa bahati; ulipiganiwa kwa misingi na mbinu maalumu.,"Misingi ilikuwa umoja wa Watanganyika bila kujali kabila au dini, Kiswahili kama lugha ya pamoja, haki na usawa wa binadamu, kujitawala na amani. Mbinu zilikuwa kuunda vyama (TAA 1929, TANU 7 Julai 1954, ASP 1957, ZNP), kutumia mikutano, magazeti na elimu ya uraia, kuwasilisha madai UNO kupitia ujumbe wa Umoja wa Mataifa (1954 na 1957), kushiriki uchaguzi wa 1958-1959 na 1960, na mazungumzo na Uingereza. Tanganyika ilipata uhuru 9 Disemba 1961 na Zanzibar 10 Disemba 1963.",Mfano: TANU chini ya Julius Nyerere ilipata wanachama wengi na ilishinda viti vyote vya uchaguzi wa 1958-1960 kwa kutumia Kiswahili na mikutano ya hadhara.,Tunaadhimisha Siku ya Uhuru 9 Disemba kuenzi jitihada hizi.,TANU ilianzishwa lini?::7 Julai 1954.||Tanganyika ilipata uhuru lini?::9 Disemba 1961.||Taja mbinu mbili za kudai uhuru.::Kuunda vyama vya siasa na kuwasilisha madai Umoja wa Mataifa.,
2023-JSS048-Kidato II,"Kumudu historia ya Tanzania na maadili wakati wa ukoloni, 1890-1960",Kuchambua jitihada za jamii za Kitanzania kupinga ukoloni na maadili ya kikoloni,Kutathmini mchango wa harakati za kupinga uvamizi na ukoloni katika kutunza maadili ya Kitanzania na kujenga uzalendo,Mchango wa harakati katika maadili na uzalendo,18,Tafakuri,Kuwaongoza Wanafunzi,Mchango wa harakati za kupinga uvamizi na ukoloni katika kutunza maadili ya Kitanzania na kujenga uzalendo umetathiminiwa.,Picha kuonesha matendo ya kupinga ukoloni Matini kuhusu harakati za jamii za Kitanzania kupinga ukoloni na maadili ya kikoloni,"TET(2023), Muhtasari wa Historia ya Tanzania na Maadili Elimu ya Sekondari Kidato cha I-IV & Kidato cha V-VI, TET, DAR ES SALAAM",Harakati za kupinga uvamizi na ukoloni zilitoa mchango mkubwa katika kutunza maadili na kujenga uzalendo.,"Zilionesha ujasiri, umoja, kujitolea, uaminifu kwa taifa na kuthamini uhuru. Mashujaa kama Mkwawa, Abushiri, Mirambo, Kinjikitile na Nyerere walikuwa kielelezo cha uzalendo. Harakati zilijenga utambulisho wa pamoja wa Kitanzania unaovuka ukabila. Pia zilitunza mila na lugha kama alama ya utamaduni wa taifa na zilifungua njia ya kujenga taifa lenye maadili ya utu, usawa na haki.",Mfano: mshikamano wa makabila zaidi ya 120 katika kupigania uhuru unaoonekana katika kauli mbiu 'Uhuru na Umoja'.,Tunapoimba wimbo wa taifa na kuheshimu bendera tunaonesha uzalendo uliolelewa na harakati hizi.,Uzalendo ni nini?::Ni kupenda na kuwa tayari kulitumikia na kulilinda taifa lako.||Taja mtu mmoja kielelezo cha uzalendo.::Mkwawa au Julius Nyerere.||Harakati za ukombozi zilijengaje umoja?::Kwa kuwaunganisha watu wa makabila na dini mbalimbali dhidi ya mkoloni.,
2023-JSS048-Kidato II,Kumudu historia ya ujenzi wa Taifa na maadili yake katika kipindi cha 1961-1966,"Kuchambua mifumo ya uchumi, siasa, utamaduni, jamii na maadili iliyojengwa, 1961-1966","Kueleza hali ya uchumi, siasa, utamaduni, jamii na maadili mara baada ya uhuru",Hali ya taifa mara baada ya uhuru,10,Utafiti mdogo na Majadiliano,Kuwaongoza Wanafunzi,"Hali ya uchumi, siasa, utamaduni, jamii na maadili mara baada ya uhuru imeelezwa.",Matini kuhusu mifumo ya uchumi|Siasa|Utamaduni|Jamii na maadili iliyojengwa 1961-1966,"TET(2023), Muhtasari wa Historia ya Tanzania na Maadili Elimu ya Sekondari Kidato cha I-IV & Kidato cha V-VI, TET, DAR ES SALAAM",Uhuru wa mwaka 1961 ulipatikana katika hali ya taifa changa lenye changamoto nyingi.,"Kiuchumi Tanganyika ilitegemea kilimo kidogo na mazao ya biashara; viwanda vilikuwa vichache. Kisiasa taifa lilikuwa na chama kimoja chenye nguvu (TANU) na serikali iliyoongozwa na Julius Nyerere; Tanganyika ikawa jamhuri 9 Disemba 1962. Kijamii kulikuwa na uhaba wa shule, hospitali na wataalamu; asilimia kubwa ya watu hawakujua kusoma. Kiutamaduni Kiswahili kilitumika kama lugha ya taifa. Kimaadili taifa liliweka misingi ya utu, umoja na usawa, huku likiwa na maadui watatu: ujinga, maradhi na umaskini.","Mfano: mwaka 1961 Tanganyika ilikuwa na wasomi wachache sana wa chuo kikuu, hivyo taifa liliagiza wataalamu wa nje.",Kila wanafunzi anayesoma leo anasaidia kutokomeza adui 'ujinga' aliyepiganiwa wakati wa uhuru.,"Tanganyika ilikuwa jamhuri lini?::9 Disemba 1962.||Taja maadui watatu wa taifa baada ya uhuru.::Ujinga, maradhi na umaskini.||Nani alikuwa kiongozi mkuu wa serikali wakati wa uhuru?::Julius Kambarage Nyerere.",
2023-JSS048-Kidato II,Kumudu historia ya ujenzi wa Taifa na maadili yake katika kipindi cha 1961-1966,"Kuchambua mifumo ya uchumi, siasa, utamaduni, jamii na maadili iliyojengwa, 1961-1966","Kutathmini mikakati na changamoto za ujenzi wa Taifa kiuchumi, kisiasa, kiutamaduni, kijamii na kimaadili kipindi cha 1961-1966",Mikakati na changamoto za ujenzi wa Taifa 1961-1966,10,Tafakuri,Kuwaongoza Wanafunzi,"Mikakati na changamoto za ujenzi wa Taifa kiuchumi, kisiasa, kiutamaduni, kijamii na kimaadili kipindi cha 1961-1966 imetathiminiwa kwa kina.",Matini kuhusu mifumo ya uchumi|Siasa|Utamaduni|Jamii na maadili iliyojengwa 1961-1966,"TET(2023), Muhtasari wa Historia ya Tanzania na Maadili Elimu ya Sekondari Kidato cha I-IV & Kidato cha V-VI, TET, DAR ES SALAAM",Miaka mitano ya mwanzo ya uhuru ilishuhudia jitihada nyingi za kujenga taifa jipya.,"Mikakati ilikuwa Mpango wa Miaka Mitatu (1961-1964) na Mpango wa Miaka Mitano (1964-1969), kupanua elimu na afya, kuanzisha Jeshi la Kujenga Taifa (1963), kuimarisha Kiswahili, kujenga miundombinu, kuunda Muungano (1964) na kuanzisha mfumo wa chama kimoja (1965). Changamoto zilikuwa upungufu wa wataalamu na mitaji, utegemezi wa misaada ya nje, uasi wa jeshi Januari 1964, mgogoro wa kisiasa Zanzibar, mabaki ya ubaguzi wa rangi na ukosefu wa miundombinu.","Mfano: Baada ya uasi wa jeshi mwaka 1964, serikali ilivunja jeshi la zamani na kuunda Jeshi la Wananchi wa Tanzania (JWTZ).",Ujenzi wa taifa unaendelea leo katika miradi mikubwa kama reli ya kisasa na umeme wa Julius Nyerere.,Taja mikakati miwili ya ujenzi wa taifa 1961-1966.::Mipango ya maendeleo ya miaka mitano na kuanzisha Jeshi la Kujenga Taifa.||Taja changamoto moja ya kipindi hicho.::Uasi wa jeshi 1964 (au uhaba wa wataalamu na mitaji).||JWTZ lilianzishwa kwa nini?::Baada ya uasi wa jeshi kulikuwa na haja ya jeshi jipya la kitaifa.,
2023-JSS048-Kidato II,Kumudu historia ya ujenzi wa Taifa na maadili yake katika kipindi cha 1961-1966,Kumudu historia ya Mapinduzi Matukufu ya Zanzibar,Kueleza chimbuko la Mapinduzi Matukufu ya Zanzibar,Chimbuko la Mapinduzi Matukufu ya Zanzibar,10,Utafiti mdogo na Majadiliano,Kuwaongoza Wanafunzi,Chimbuko la Mapinduzi Matukufu ya Zanzibar limeelezwa.,Matini kuhusu Mapinduzi matukufu ya Zanzibar Picha kuonesha watu walioshiriki katika Mapinduzi matukufu ya Zanzibar,"TET(2023), Muhtasari wa Historia ya Tanzania na Maadili Elimu ya Sekondari Kidato cha I-IV & Kidato cha V-VI, TET, DAR ES SALAAM",Mapinduzi ya Zanzibar yalifanyika tarehe 12 Januari 1964 na kuipindua serikali ya Sultani.,"Chimbuko lake ni ukoloni wa Waingereza na utawala wa Sultani wa Kiarabu uliokuwa na ubaguzi wa kirangi, kiuchumi na kisiasa; wakazi wengi Waafrika walikuwa maskini na wasio na ardhi. Uchaguzi wa 1961 na 1963 ulitoa serikali ya muungano wa ZNP na ZPPP iliyokataliwa na Waafrika wengi wa ASP. Kiongozi wa chama cha ASP alikuwa Abeid Amani Karume. Mapinduzi yalianzishwa na ASP, Umma Party na John Okello. Uhuru wa Zanzibar wa 10 Disemba 1963 ulimpa Sultani madaraka bila kuondoa ubaguzi.",Mfano: wanafunzi husoma ratiba ya matukio: 1890 ulinzi; 1957 kuanzishwa ASP; 1963 uchaguzi; 12 Januari 1964 Mapinduzi.,"Kila mwaka Zanzibar huadhimisha 12 Januari, siku ya kihistoria ya kutokomeza ubaguzi.",Mapinduzi ya Zanzibar yalifanyika lini?::12 Januari 1964.||Kiongozi wa ASP alikuwa nani?::Abeid Amani Karume.||Taja sababu moja ya Mapinduzi.::Ubaguzi wa kirangi na kiuchumi chini ya utawala wa Sultani.,
2023-JSS048-Kidato II,Kumudu historia ya ujenzi wa Taifa na maadili yake katika kipindi cha 1961-1966,Kumudu historia ya Mapinduzi Matukufu ya Zanzibar,"Kubaini mchango wa Mapinduzi Matukufu ya Zanzibar katika kujenga umoja, mshikamano na maadili miongoni mwa Wazanzibari",Mchango wa Mapinduzi katika umoja na maadili,10,Utafiti mdogo na Maswali na majibu,Kuwaongoza Wanafunzi,Mchango wa Mapinduzi Matukufu ya Zanzibar katika kujenga umoja na mshikamano miongoni mwa Wazanzibari umebainishwa.,Matini kuhusu Mapinduzi matukufu ya Zanzibar Picha kuonesha watu walioshiriki katika Mapinduzi matukufu ya Zanzibar,"TET(2023), Muhtasari wa Historia ya Tanzania na Maadili Elimu ya Sekondari Kidato cha I-IV & Kidato cha V-VI, TET, DAR ES SALAAM",Mapinduzi yalibadilisha maisha ya Wazanzibari na kujenga msingi wa umoja na maadili mapya.,"Serikali ya Mapinduzi ilifuta ubaguzi wa kirangi na kutoa haki sawa kwa wote. Ilitoa elimu na matibabu bila malipo, ilihamisha ardhi kwa wakulima wasio na ardhi, ikajenga nyumba za kisasa (Kikwajuni na Michenzani) na kuimarisha uchumi wa karafuu. Mapinduzi yalifungua njia ya Muungano na Tanganyika mwaka 1964. Maadili yaliyokuzwa ni usawa, utu, mshikamano na uzalendo wa Kizanzibari na Kitanzania.",Mfano: nyumba za Michenzani zilitengeneza makazi bora kwa familia maskini za Unguja.,"Wanafunzi wa Zanzibar leo wanapata elimu bila malipo, tunda la Mapinduzi.",Taja huduma mbili zilizotolewa bure baada ya Mapinduzi.::Elimu na matibabu.||Mapinduzi yalifungua njia ya tukio gani la 1964?::Muungano wa Tanganyika na Zanzibar.||Taja thamani moja iliyojengwa na Mapinduzi.::Usawa (au umoja na utu).,
2023-JSS048-Kidato III,Kumudu historia ya ujenzi wa Taifa na maadili yake katika kipindi cha 1961-1966,Kumudu historia ya Muungano wa Tanganyika na Zanzibar,Kufafanua chimbuko la Muungano wa Tanganyika na Zanzibar,Chimbuko la Muungano,16,Utafiti mdogo na Majadiliano,Kuwaongoza Wanafunzi,Chimbuko la Muungano wa Tanganyika na Zanzibar limefafanuliwa kwa ufasaha.,Matini kuhusu historia ya ujenzi wa Taifa na maadili 1961-1966 Kielelezo kuonesha muundo wa Muungano wa Tanganyika na Zanzibar,"TET(2023), Muhtasari wa Historia ya Tanzania na Maadili Elimu ya Sekondari Kidato cha I-IV & Kidato cha V-VI, TET, DAR ES SALAAM",Muungano wa Tanganyika na Zanzibar ni muungano wa nchi mbili huru ulioanzishwa mwaka 1964 na kuzaa Jamhuri ya Muungano wa Tanzania.,"Chimbuko lake ni historia ndefu ya mahusiano ya kibiashara, kiutamaduni na kisiasa ya pwani na visiwa, matumizi ya Kiswahili, harakati za pamoja za ukombozi (TANU na ASP), na ushirikiano wa Nyerere na Karume. Sababu za wakati huo zilihusisha usalama wa taifa baada ya Mapinduzi ya Zanzibar, mazingira ya Vita Baridi, kuimarisha Umoja wa Afrika na ndoto ya Umoja wa Afrika Mashariki. Hati za Muungano zilitiwa saini tarehe 22 Aprili 1964 na Muungano ukaanza rasmi tarehe 26 Aprili 1964; jina 'Tanzania' lilipitishwa tarehe 29 Oktoba 1964.","Mfano: Wanafunzi huandika mstari wa muda unaoonesha matukio: 12 Januari 1964 Mapinduzi, 22 Aprili hati za Muungano, 26 Aprili Muungano, 29 Oktoba jina la Tanzania.",Kila 26 Aprili Watanzania huadhimisha Siku ya Muungano.,Muungano ulianza lini rasmi?::26 Aprili 1964.||Viongozi wawili walioasisi Muungano ni nani?::Mwalimu Julius Nyerere na Sheikh Abeid Amani Karume.||Jina Tanzania lilipitishwa lini?::29 Oktoba 1964.,
2023-JSS048-Kidato III,Kumudu historia ya ujenzi wa Taifa na maadili yake katika kipindi cha 1961-1966,Kumudu historia ya Muungano wa Tanganyika na Zanzibar,Kueleza muundo na misingi ya Muungano wa Tanganyika na Zanzibar,Muundo na misingi ya Muungano,16,Utafiti mdogo,Kuwaongoza Wanafunzi,Muundo na misingi ya Muungano wa Tanganyika na Zanzibar imeelezwa.,Matini kuhusu historia ya ujenzi wa Taifa na maadili 1961-1966 Kielelezo kuonesha muundo wa Muungano wa Tanganyika na Zanzibar,"TET(2023), Muhtasari wa Historia ya Tanzania na Maadili Elimu ya Sekondari Kidato cha I-IV & Kidato cha V-VI, TET, DAR ES SALAAM",Muungano una muundo maalumu unaohusisha serikali tatu za kiutendaji katika masuala tofauti.,"Muundo ni Serikali ya Jamhuri ya Muungano inayoshughulikia mambo ya Muungano, Serikali ya Mapinduzi ya Zanzibar inayoshughulikia mambo yasiyo ya Muungano ya Zanzibar, na Tanzania Bara inayosimamiwa na Serikali ya Muungano kwa mambo yasiyo ya Muungano. Mambo ya Muungano yalianza kuwa 11 kama Katiba, Ulinzi na Usalama, Mambo ya Nje, Uraia na Uhamiaji, na baadaye yaliongezeka hadi 22. Misingi ni hiari ya pande mbili, usawa wa nchi washirika, Katiba ya Jamhuri, Kiswahili na Tunu za Taifa.","Mfano: Ulinzi na usalama ni jambo la Muungano, hivyo JWTZ hulinda pande zote mbili; elimu ya msingi ya Zanzibar ni jambo la Zanzibar.","Ukienda kuomba pasipoti, unahudumiwa kwa taratibu za Muungano popote nchini.",Taja mambo mawili ya Muungano.::Ulinzi na usalama na mambo ya nje.||Misingi miwili ya Muungano ni ipi?::Hiari ya pande zote mbili na usawa wa nchi washirika.||Serikali inayoshughulikia mambo yasiyo ya Muungano ya Zanzibar ni ipi?::Serikali ya Mapinduzi ya Zanzibar.,
2023-JSS048-Kidato III,Kumudu historia ya ujenzi wa Taifa na maadili yake katika kipindi cha 1961-1966,Kumudu historia ya Muungano wa Tanganyika na Zanzibar,Kutathimini Muungano wa Tanganyika na Zanzibar katika kujenga umoja na maadili ya Kitaifa,Muungano na umoja wa Kitaifa,16,Utafiti mdogo na Tafakuri,Kuwaongoza Wanafunzi,Wanafunzi wametathmini Muungano wa Tanganyika na Zanzibar katika kujenga umoja na maadili ya Kitaifa.,Matini kuhusu historia ya ujenzi wa Taifa na maadili 1961-1966 Kielelezo kuonesha muundo wa Muungano wa Tanganyika na Zanzibar,"TET(2023), Muhtasari wa Historia ya Tanzania na Maadili Elimu ya Sekondari Kidato cha I-IV & Kidato cha V-VI, TET, DAR ES SALAAM",Muungano ni tunu ya taifa inayochangia kujenga umoja na maadili ya taifa.,"Muungano umewaunganisha Watanzania kwa Kiswahili, mila na maadili ya pamoja kama utu, amani na mshikamano. Umeongeza ushirikiano wa kiuchumi, biashara na mahusiano ya kijamii (ndoa, elimu na kazi). Umeimarisha ulinzi wa taifa na sauti ya Tanzania kimataifa. Changamoto zinajumuisha kero za Muungano kama mgawanyo wa mapato, hoja za muundo wa serikali na tofauti za kiimani. Maadili yanayohitajika ni kuvumiliana, mazungumzo na kuheshimiana ili kuulinda.",Mfano: Kikao cha Kamati ya Pamoja ya Fedha hushughulikia kero za mapato kati ya pande mbili.,Vijana wa Zanzibar wanaosoma Dar es Salaam na wa Bara wanaofanya kazi Unguja wanaishi ushirikiano wa Muungano.,"Kero za Muungano ni nini?::Ni malalamiko kuhusu jinsi baadhi ya mambo ya Muungano yanavyoendeshwa, kama mapato.||Taja faida moja ya Muungano.::Kuimarisha ulinzi na usalama wa taifa (au umoja na ushirikiano).||Ni tunu ipi inahitajika kulinda Muungano?::Kuvumiliana na mazungumzo.",
2023-JSS048-Kidato III,"Kutathmini ujenzi wa Taifa na maadili wakati wa Azimio la Arusha, 1967-1985","Kuchambua chimbuko la Azimio la Arusha na matokeo yake kiuchumi, kisiasa, kiutamaduni na kimaadili",Kujadili chimbuko la Azimio la Arusha,Chimbuko la Azimio la Arusha,16,Utafiti mdogo na Majadiliano,Kuwaongoza Wanafunzi,Chimbuko la Azimio la Arusha limefafanuliwa kwa kina.,Ramani|Vitabu vya kiada|Picha/michoro,"TET(2023), Muhtasari wa Historia ya Tanzania na Maadili Elimu ya Sekondari Kidato cha I-IV & Kidato cha V-VI, TET, DAR ES SALAAM","Azimio la Arusha lilitangazwa 5 Februari 1967 na Chama cha TANU mjini Arusha, kama mwongozo wa siasa ya ujamaa na kujitegemea.","Chimbuko lake ni uchumi tegemezi ulioachwa na ukoloni, matabaka yaliyoanza kujitokeza, matumizi mabaya ya rasilimali, kutegemea misaada ya nje, na hofu ya ubepari kuvunja usawa. Nyerere na TANU walitaka kutekeleza falsafa ya ujamaa iliyotokana na maisha ya jamii za Kiafrika ya kushirikiana na kugawana. Mazingira ya Vita Baridi na kuungana kwa Zanzibar pia yalihimiza sera hii. Azimio lilihitaji viongozi kufuata Miiko ya Uongozi.",Mfano: Nyerere aliandika kitabu 'Ujamaa: Msingi wa Ujamaa wa Kiafrika' (1962) kilichoelezea mfumo wa jamii ya kushirikiana.,Mtu anayeshirikiana na wenzake kuanzisha kikundi cha kilimo au biashara ya pamoja anaishi falsafa ya ujamaa.,Azimio la Arusha lilitangazwa lini?::5 Februari 1967.||Taja sababu moja ya kutangazwa kwa Azimio.::Kupunguza utegemezi wa kiuchumi na kuzuia matabaka.||Miiko ya Uongozi ilikuwa na madhumuni gani?::Kuzuia viongozi kutumia vyeo vyao kujilimbikizia mali.,
2023-JSS048-Kidato III,"Kutathmini ujenzi wa Taifa na maadili wakati wa Azimio la Arusha, 1967-1985","Kuchambua chimbuko la Azimio la Arusha na matokeo yake kiuchumi, kisiasa, kiutamaduni na kimaadili","Kufafanua misingi na mchango wa Azimio la Arusha katika ujenzi wa Taifa kiuchumi, kisiasa, kijamii na kimaadili",Misingi na mchango wa Azimio la Arusha,16,Changanyakete,Kuwaongoza Wanafunzi,"Misingi na mchango wa Azimio la Arusha katika ujenzi wa Taifa kiuchumi, kisiasa, kijamii na kimaadili umefafanuliwa kwa ufasaha.",Ramani|Vitabu vya kiada|Picha/michoro,"TET(2023), Muhtasari wa Historia ya Tanzania na Maadili Elimu ya Sekondari Kidato cha I-IV & Kidato cha V-VI, TET, DAR ES SALAAM","Azimio liliweka misingi ya kujenga taifa lenye usawa, haki na kujitegemea.","Misingi yake ni usawa wa binadamu, kuheshimu utu, siasa ya ujamaa na kujitegemea, umiliki wa pamoja wa njia kuu za uchumi, kufanya kazi kwa bidii na uongozi bora wa Miiko. Mchango wake kiuchumi ni kutaifisha benki, viwanda na mashamba makubwa (1967), kuanzisha vijiji vya ujamaa na mashirika ya umma. Kisiasa liliimarisha chama kimoja na ushiriki wa wananchi; kijamii lilipanua elimu na afya bure; kimaadili lilijenga uadilifu, usawa na uzalendo.",Mfano: Elimu ya Kujitegemea (1967) iliunganisha shule na kazi za mikono kama kilimo shuleni.,Kilimo shuleni na usafi wa mazingira ni mifano ya matunda ya falsafa ya kujitegemea.,Taja misingi miwili ya Azimio la Arusha.::Usawa wa binadamu na kujitegemea.||Taja jambo moja lililotaifishwa 1967.::Benki (au viwanda na mashamba makubwa).||Mchango wa Azimio katika elimu ulikuwa upi?::Kupanua elimu bure na kuanzisha Elimu ya Kujitegemea.,
2023-JSS048-Kidato III,"Kutathmini ujenzi wa Taifa na maadili wakati wa Azimio la Arusha, 1967-1985","Kuchambua chimbuko la Azimio la Arusha na matokeo yake kiuchumi, kisiasa, kiutamaduni na kimaadili","Kutathmini changamoto za Azimio la Arusha kiuchumi, kisiasa, kijamii na kimaadili",Changamoto za Azimio la Arusha,16,Utafiti mdogo na Tafakuri,Kuwaongoza Wanafunzi,"Changamoto za Azimio la Arusha kiuchumi, kisiasa, kijamii na kimaadili zimetathiminiwa kwa kina.",Ramani|Vitabu vya kiada|Picha/michoro,"TET(2023), Muhtasari wa Historia ya Tanzania na Maadili Elimu ya Sekondari Kidato cha I-IV & Kidato cha V-VI, TET, DAR ES SALAAM",Utekelezaji wa Azimio la Arusha ulikumbana na vikwazo vingi.,"Kiuchumi: uzalishaji mdogo katika mashirika ya umma, ukosefu wa mitaji na wataalamu, mfumuko wa bei na uhaba wa bidhaa; ukame na kupanda kwa bei ya mafuta miaka ya 1970 na Vita vya Kagera (1978-1979). Kisiasa: urasimu, kukosekana kwa ushindani na kudhoofika kwa Miiko ya Uongozi. Kijamii: Operesheni Vijiji (1973-1976) iliwahamisha watu kwa nguvu; kimaadili: rushwa na ubadhirifu vilichipuka. Mwaka 1986 taifa lilianza mageuzi ya kiuchumi.",Mfano: viwanda vingi vya mashirika ya umma vilishindwa kuzalisha kwa ufanisi na kupata hasara.,Leo tunajifunza kuwa uongozi wa kimaadili na usimamizi bora ni muhimu kwa maendeleo yoyote.,Taja changamoto mbili za Azimio la Arusha.::Uzalishaji mdogo wa mashirika ya umma na urasimu.||Operesheni Vijiji ilifanyika lini?::1973-1976.||Mageuzi ya kiuchumi yalianza mwaka gani?::1986.,
2023-JSS048-Kidato III,"Kutathmini ujenzi wa Taifa na maadili wakati wa Azimio la Arusha, 1967-1985",Kueleza nafasi ya Tanzania katika kujenga uhusiano wa kikanda,Kufafanua dhana ya uhusiano wa kikanda na ujenzi wa Taifa,Dhana ya uhusiano wa kikanda,16,Mtaalamu mualikwa na Maswali na majibu,Kuwaongoza Wanafunzi,Dhana ya uhusiano wa kikanda na ujenzi wa Taifa imefafanuliwa kwa ufasaha.,Matini kuhusu nafasi ya Tanzania katika kujenga uhusiano wa kikanda,"TET(2023), Muhtasari wa Historia ya Tanzania na Maadili Elimu ya Sekondari Kidato cha I-IV & Kidato cha V-VI, TET, DAR ES SALAAM","Uhusiano wa kikanda ni ushirikiano kati ya nchi za eneo moja la kijiografia katika masuala ya kisiasa, kiuchumi na kijamii.","Unajumuisha jumuiya za kikanda kama Jumuiya ya Afrika Mashariki (EAC) na Jumuiya ya Maendeleo ya Nchi za Kusini mwa Afrika (SADC). Malengo yake ni kukuza biashara, kuondoa vikwazo vya mipaka, kuimarisha amani na usalama, kushirikiana katika miundombinu na kuongeza sauti ya pamoja. Uhusiano huu unachangia ujenzi wa taifa kwa kupanua masoko, ajira, na utambulisho wa pamoja wa Kiafrika.",Mfano: mtu wa Tanzania anaweza kufanya biashara na Kenya na Uganda kwa masharti nafuu ya EAC.,Bidhaa unazoziona madukani kutoka Kenya au Afrika Kusini zinaonesha uhusiano wa kikanda.,"Uhusiano wa kikanda ni nini?::Ni ushirikiano wa nchi za eneo moja katika masuala ya siasa, uchumi na jamii.||Taja jumuiya mbili za kikanda za Tanzania.::EAC na SADC.||Taja lengo moja la jumuiya za kikanda.::Kukuza biashara na kuimarisha amani na usalama.",
2023-JSS048-Kidato III,"Kutathmini ujenzi wa Taifa na maadili wakati wa Azimio la Arusha, 1967-1985",Kueleza nafasi ya Tanzania katika kujenga uhusiano wa kikanda,Kueleza mchango wa Tanzania katika kukuza uhusiano wa kikanda na kujenga utaifa (EAC & SADC),Mchango wa Tanzania katika EAC na SADC,16,Utafiti mdogo,Kuwaongoza Wanafunzi,Mchango wa Tanzania katika kukuza uhusiano wa kikanda na kujenga utaifa (EAC & SADC) umeelezwa kwa kina.,Matini kuhusu nafasi ya Tanzania katika kujenga uhusiano wa kikanda,"TET(2023), Muhtasari wa Historia ya Tanzania na Maadili Elimu ya Sekondari Kidato cha I-IV & Kidato cha V-VI, TET, DAR ES SALAAM",Tanzania imekuwa mstari wa mbele katika kuanzisha na kuimarisha jumuiya za kikanda.,"Katika EAC, Tanzania, Kenya na Uganda ziliunda Jumuiya ya kwanza (1967-1977) na ya sasa (2000). Tanzania ilitoa lugha ya Kiswahili, msaada wa kidiplomasia na maeneo ya biashara kama bandari za Dar es Salaam na Tanga. Katika SADC (iliyoanza kama SADCC mwaka 1980), Tanzania ilikuwa moja ya Nchi za Mstari wa Mbele zilizopigania ukombozi wa Afrika Kusini, Msumbiji, Angola, Zimbabwe na Namibia. Ilihifadhi wakimbizi na wapigania uhuru na iliweka Kamati ya Ukombozi ya OAU Dar es Salaam. Mchango huu ulijenga utaifa wa Kitanzania na heshima ya nchi.",Mfano: Chuo cha Solomon Mahlangu huko Mazimbu (Morogoro) kilifundisha wapigania uhuru wa ANC.,Wanafunzi wa Tanzania husoma pamoja na wa nchi nyingine za EAC kupitia mabadilishano ya elimu.,SADC ilianza kama nini?::Kama SADCC mwaka 1980.||Tanzania ilihifadhi nani wakati wa ukombozi wa Kusini mwa Afrika?::Wapigania uhuru na wakimbizi wa nchi hizo.||EAC ya kwanza ilivunjika mwaka gani?::1977.,
2023-JSS048-Kidato III,"Kutathmini ujenzi wa Taifa na maadili wakati wa Azimio la Arusha, 1967-1985",Kueleza nafasi ya Tanzania katika kujenga uhusiano wa kikanda,Kubaini changamoto za uhusiano wa kikanda katika ujenzi wa Taifa,Changamoto za uhusiano wa kikanda,16,Kisamafunzo na Maswali na majibu,Kuwaongoza Wanafunzi,Changamoto za uhusiano wa kikanda katika ujenzi wa Taifa zimebainishwa.,Matini kuhusu nafasi ya Tanzania katika kujenga uhusiano wa kikanda,"TET(2023), Muhtasari wa Historia ya Tanzania na Maadili Elimu ya Sekondari Kidato cha I-IV & Kidato cha V-VI, TET, DAR ES SALAAM","Uhusiano wa kikanda unaleta faida, lakini una changamoto zinazohitaji kutatuliwa.","Changamoto ni tofauti za kisiasa na mifumo ya kiuchumi, ushindani wa kibiashara, vikwazo visivyo vya kiforodha (mfano ukaguzi wa mipakani), migogoro ya mipaka na ya kisiasa (mfano Burundi na DRC), umaskini na madeni ya nchi wanachama, uhaba wa miundombinu na tofauti za lugha na sheria. Kuvunjika kwa EAC ya kwanza mwaka 1977 kulitokana na tofauti za kiitikadi, mgawanyo usio sawa wa faida na uhusiano mbaya wa viongozi. Suluhisho ni mazungumzo, utawala bora na kuimarisha taasisi za pamoja.",Mfano: malori yanayosubiri muda mrefu mipakani hupunguza faida za biashara.,Mfanyabiashara mdogo wa mpakani hukumbana na ucheleweshaji na tozo mbalimbali.,Taja changamoto mbili za uhusiano wa kikanda.::Vikwazo visivyo vya kiforodha na tofauti za kisiasa.||Kwa nini EAC ya kwanza ilivunjika?::Tofauti za kiitikadi na mgawanyo usio sawa wa faida.||Suluhisho moja ni lipi?::Mazungumzo na kuimarisha taasisi za pamoja.,
2023-JSS048-Kidato III,Kufanya utafiti wa historia na maadili ya Tanzania,Kumudu misingi ya utafiti wa kihistoria,"Kueleza dhana, misingi na maadili ya utafiti wa kihistoria","Dhana, misingi na maadili ya utafiti wa kihistoria",14,Utafiti mdogo na Majadiliano,Kuwaongoza Wanafunzi,"Dhana, misingi na maadili ya utafiti wa kihistoria yamelezwa kwa ufasaha.",Matini kuhusu utafiti wa historia na maadili ya Tanzania,"TET(2023), Muhtasari wa Historia ya Tanzania na Maadili Elimu ya Sekondari Kidato cha I-IV & Kidato cha V-VI, TET, DAR ES SALAAM","Utafiti wa kihistoria ni mchakato wa kukusanya, kuchambua na kuandika taarifa kuhusu matukio ya zamani kwa njia ya kisayansi.","Misingi yake ni kutafuta ukweli kwa vyanzo vya msingi (nyaraka, ushuhuda wa mdomo, vitu vya kale) na vya upili (vitabu, makala). Ushahidi lazima ulinganishwe na kuhakikiwa ili kuepuka upendeleo. Maadili ya utafiti ni kupata idhini ya watoa taarifa, kutunza siri, kuwa mkweli, kuheshimu utamaduni wa jamii, kutaja vyanzo (kuepuka wizi wa maandiko) na kutozua madhara kwa washiriki.",Mfano: mwanafunzi anayehoji wazee kuhusu historia ya kijiji chake huomba ruhusa kwa mzee kabla ya kunakili sauti yake.,"Kabla ya kusambaza habari mtandaoni, mtu makini huhakiki ukweli wake kama mtafiti.","Chanzo cha msingi ni nini?::Ni ushahidi wa moja kwa moja kama nyaraka za wakati wa tukio, ushuhuda wa mdomo au vitu vya kale.||Taja maadili mawili ya utafiti.::Kupata idhini ya washiriki na kutunza siri.||Kwa nini ni lazima kutaja vyanzo?::Ili kuepuka wizi wa maandiko na kuthibitisha ukweli.",
2023-JSS048-Kidato III,Kufanya utafiti wa historia na maadili ya Tanzania,Kumudu misingi ya utafiti wa kihistoria,Kuchambua hatua na mchakato wa utafiti wa kihistoria,Hatua na mchakato wa utafiti wa kihistoria,14,Utafiti mdogo na Majadiliano,Kuwaongoza Wanafunzi,Hatua na mchakato wa utafiti wa kihistoria umechambuliwa kwa ufasaha.,Matini kuhusu utafiti wa historia na maadili ya Tanzania,"TET(2023), Muhtasari wa Historia ya Tanzania na Maadili Elimu ya Sekondari Kidato cha I-IV & Kidato cha V-VI, TET, DAR ES SALAAM",Utafiti mzuri hufuata hatua za kimfumo kuanzia kuchagua mada hadi kuripoti.,"Hatua ni kuchagua mada na kuainisha tatizo la utafiti, kuandika malengo na maswali ya utafiti, kupitia maandiko, kuchagua mbinu za kukusanya taarifa (mahojiano, dodoso, uchunguzi, nyaraka), kukusanya taarifa, kuzichambua na kuzitafsiri, kuandika ripoti (utangulizi, mbinu, matokeo, majadiliano, hitimisho na marejeleo) na kuiwasilisha. Ni muhimu kuandaa ratiba na bajeti.","Mfano: mada 'Historia ya shule yetu' huchunguzwa kwa mahojiano na walimu wastaafu, nyaraka za usajili na picha za zamani.",Ujuzi huu hutumika pia katika miradi ya shule na kazi za ujasiriamali.,"Taja hatua tatu za utafiti wa kihistoria.::Kuchagua mada, kukusanya taarifa na kuandika ripoti.||Mbinu moja ya kukusanya taarifa ni ipi?::Mahojiano (au nyaraka, dodoso au uchunguzi).||Ripoti ya utafiti huwa na sehemu gani?::Utangulizi, mbinu, matokeo, majadiliano, hitimisho na marejeleo.",
2023-JSS048-Kidato III,Kufanya utafiti wa historia na maadili ya Tanzania,Kutumia misingi ya utafiti wa kihistoria kufanya kazi mradi,Kubuni na kufanya kazimradi kuhusu historia ya Tanzania na maadili,Kubuni na kufanya kazi mradi,8,Majadiliano na Kazi binafsi,Kuwaongoza Wanafunzi,Kazimradi kuhusu historia ya Tanzania na maadili imebuniwa na kutekelezwa.,Matini kuhusu misingi ya utafiti wa kihistoria Ripoti mbalimbali za kaziradi zilizofanyika siku za nyuma,"TET(2023), Muhtasari wa Historia ya Tanzania na Maadili Elimu ya Sekondari Kidato cha I-IV & Kidato cha V-VI, TET, DAR ES SALAAM",Kazi mradi humwezesha mwanafunzi kutumia maarifa ya utafiti kutatua tatizo halisi la kihistoria au kimaadili.,"Mwanafunzi hubuni mada (mfano historia ya eneo la kihistoria au maadili katika kijiji), huandaa pendekezo lenye lengo, maswali, mbinu, ratiba na rasilimali, hukusanya taarifa, na hutunza kumbukumbu. Kazi mradi huanzishwa Kidato cha III na kukamilishwa Kidato cha IV. Mwalimu hutoa ushauri na kutathmini maendeleo. Maadili ya utafiti lazima yafuatwe.",Mfano: mradi 'Mchango wa Mashujaa wa eneo letu katika kupinga ukoloni' uliofanywa na kikundi cha wanafunzi wanne.,"Kazi mradi hukuza ubunifu, kazi kwa ushirikiano na uwezo wa kutatua matatizo ya jamii.","Kazi mradi huanza kidato gani na kukamilika kidato gani?::Huanza Kidato cha III na kukamilika Kidato cha IV.||Taja vipengele viwili vya pendekezo la mradi.::Lengo na ratiba (au maswali, mbinu, rasilimali).||Mwalimu ana nafasi gani katika kazi mradi?::Kutoa ushauri na kutathmini maendeleo.",
2023-JSS048-Kidato IV,"Kutathmini historia ya Tanzania na maadili wakati wa uliberali, 1986 hadi sasa",Kuchambua chimbuko la uliberali na utandawazi,Kufafanua dhana ya uliberali na utandawazi,Dhana ya uliberali na utandawazi,18,Utafiti mdogo na Majadiliano,Kuwaongoza Wanafunzi,Dhana ya uliberali na utandawazi imefafanuliwa kwa ufasaha.,Matini kuhusu historia ya Tanzania na maadili wakati wa uliberali|1986 hadi sasa Matini kuhusu mfumo wa uliberali,"TET(2023), Muhtasari wa Historia ya Tanzania na Maadili Elimu ya Sekondari Kidato cha I-IV & Kidato cha V-VI, TET, DAR ES SALAAM","Uliberali ni mfumo wa kiuchumi na kisiasa unaoegemea uhuru wa mtu binafsi, soko huria na demokrasia ya vyama vingi, na utandawazi ni kuunganika kwa dunia kiuchumi, kisiasa na kitamaduni.","Uliberali wa kiuchumi hutetea biashara huria, ubinafsishaji na kupunguza udhibiti wa serikali; wa kisiasa hutetea vyama vingi, haki za binadamu na uchaguzi huru. Utandawazi unaendeshwa na teknolojia ya habari na mawasiliano (TEHAMA), usafiri wa haraka, biashara ya kimataifa na mashirika ya kimataifa kama IMF, Benki ya Dunia na WTO. Tanzania iliingia katika uliberali kuanzia 1986.","Mfano: simu ya mkononi inayoweza kutuma pesa (M-Pesa, Tigo Pesa) ni matokeo ya utandawazi na soko huria.","Unapotazama mitandao ya kijamii au kununua bidhaa kutoka nchi nyingine mtandaoni, unaishi utandawazi.","Uliberali ni nini?::Ni mfumo unaoegemea uhuru wa mtu binafsi, soko huria na demokrasia ya vyama vingi.||Utandawazi ni nini?::Ni kuunganika kwa dunia kiuchumi, kisiasa na kitamaduni.||Tanzania iliingia katika uliberali mwaka gani?::Kuanzia 1986.",
2023-JSS048-Kidato IV,"Kutathmini historia ya Tanzania na maadili wakati wa uliberali, 1986 hadi sasa",Kuchambua chimbuko la uliberali na utandawazi,Kubaini vichocheo vilivyosababisha Tanzania kuingia katika mfumo wa uliberali na utandawazi,Vichocheo vya Tanzania kuingia uliberali,18,Utafiti mdogo,Kuwaongoza Wanafunzi,Vichocheo vilivyosababisha Tanzania kuingia katika mfumo wa uliberali na utandawazi vimebainishwa.,Matini kuhusu historia ya Tanzania na maadili wakati wa uliberali|1986 hadi sasa Matini kuhusu mfumo wa uliberali,"TET(2023), Muhtasari wa Historia ya Tanzania na Maadili Elimu ya Sekondari Kidato cha I-IV & Kidato cha V-VI, TET, DAR ES SALAAM",Tanzania ilibadili sera zake kutokana na mambo ya ndani na ya nje.,"Ndani: kuporomoka kwa uchumi wa miaka ya 1970 na 1980, uhaba wa bidhaa, madeni, hasara za mashirika ya umma na kushuka kwa bei ya mazao. Nje: shinikizo la IMF na Benki ya Dunia (Mipango ya Marekebisho ya Miundo), kuanguka kwa Umoja wa Kisovieti na mwisho wa Vita Baridi, wimbi la demokrasia duniani na maendeleo ya TEHAMA. Hatua zilizochukuliwa ni Mpango wa Kurekebisha Uchumi (1986), Azimio la Zanzibar (1991), kuruhusu vyama vingi (1992) na ubinafsishaji.",Mfano: Chaguzi za kwanza za vyama vingi zilifanyika mwaka 1995.,Mabadiliko haya yanaonekana katika benki na makampuni binafsi tunayoyaona kila siku.,Taja kichocheo kimoja cha ndani na kimoja cha nje.::Ndani: kuporomoka kwa uchumi; nje: shinikizo la IMF na Benki ya Dunia.||Vyama vingi vilirejeshwa lini?::1992.||Chaguzi za kwanza za vyama vingi zilifanyika lini?::1995.,
2023-JSS048-Kidato IV,"Kutathmini historia ya Tanzania na maadili wakati wa uliberali, 1986 hadi sasa",Kuchambua chimbuko la uliberali na utandawazi,"Kueleza athari za uliberali na utandawazi katika mifumo ya uchumi, utamaduni, siasa na maadili",Athari za uliberali na utandawazi,18,Utafiti mdogo,Kuwaongoza Wanafunzi,"Athari za uliberali na utandawazi katika mifumo ya uchumi, utamaduni, siasa na maadili imeelezwa kwa kina.",Matini kuhusu historia ya Tanzania na maadili wakati wa uliberali|1986 hadi sasa Matini kuhusu mfumo wa uliberali,"TET(2023), Muhtasari wa Historia ya Tanzania na Maadili Elimu ya Sekondari Kidato cha I-IV & Kidato cha V-VI, TET, DAR ES SALAAM",Uliberali na utandawazi vimeleta faida na hasara katika maisha ya Watanzania.,"Kiuchumi: ukuaji wa sekta binafsi, uwekezaji wa kigeni, ajira, bidhaa nyingi; lakini pia mfumuko wa bei, ushindani mkali kwa wazalishaji wadogo na pengo la kipato. Kisiasa: demokrasia ya vyama vingi na uhuru wa habari; changamoto ni migawanyiko na ufisadi wa kisiasa. Kitamaduni: kupanuka kwa maarifa; lakini kuiga tamaduni za nje na kudharau za kwetu. Kimaadili: mmomonyoko wa maadili, matumizi ya dawa za kulevya, uvivu na kupenda mali kupita kiasi.",Mfano: vijana wanaotumia mitandao vibaya hukumbwa na udanganyifu na maudhui yasiyofaa.,"Tunaweza kufaidika na mitandao kwa kujifunza, lakini ni lazima kuchuja tunachokipokea.",Taja athari moja nzuri na moja mbaya ya uliberali kiuchumi.::Nzuri: uwekezaji na ajira; mbaya: ushindani mkali kwa wazalishaji wadogo.||Athari mbaya moja ya kitamaduni ni ipi?::Kuiga tamaduni za nje kupita kiasi.||Athari nzuri ya kisiasa ni ipi?::Demokrasia ya vyama vingi.,
2023-JSS048-Kidato IV,"Kutathmini historia ya Tanzania na maadili wakati wa uliberali, 1986 hadi sasa",Kuchambua chimbuko la uliberali na utandawazi,Kubaini jitihada zinazochukuliwa na Tanzania kudhibiti athari mbaya za uliberali na utandawazi,Jitihada za kudhibiti athari mbaya,18,Fikiri-andika-jozisha-shirikisha,Kuwaongoza Wanafunzi,Jitihadi zinazochukuliwa na Tanzania kudhibiti athari mbaya za uliberali na utandawazi zimebainishwa.,Matini kuhusu historia ya Tanzania na maadili wakati wa uliberali|1986 hadi sasa Matini kuhusu mfumo wa uliberali,"TET(2023), Muhtasari wa Historia ya Tanzania na Maadili Elimu ya Sekondari Kidato cha I-IV & Kidato cha V-VI, TET, DAR ES SALAAM",Serikali na jamii zimechukua hatua za kudhibiti athari hasi za uliberali na utandawazi.,"Hatua ni kutunga sheria (mfano Sheria ya Makosa ya Mtandao), kuanzisha taasisi kama TAKUKURU, Tume ya Maadili ya Viongozi wa Umma, Mamlaka ya Mawasiliano (TCRA), na BASATA; kutoa elimu ya uraia na maadili shuleni, kukuza Kiswahili na sanaa za asili, kudhibiti maudhui yasiyofaa, kuwezesha vijana kiuchumi na kutekeleza sera ya maadili na malezi. Wazazi, madhehebu ya dini na vyombo vya habari vinatoa mchango muhimu.",Mfano: kampeni za 'Tanzania bila rushwa inawezekana' za TAKUKURU.,Wazazi wanaofuatilia matumizi ya simu ya mtoto wanachangia kudhibiti athari hizo.,"TAKUKURU inafanya kazi gani?::Kuzuia na kupambana na rushwa.||Taja hatua mbili za kudhibiti athari mbaya.::Kutunga sheria na kutoa elimu ya maadili.||Nani mwingine anahusika mbali na serikali?::Wazazi, madhehebu ya dini na vyombo vya habari.",
2023-JSS048-Kidato IV,"Kutathmini historia ya Tanzania na maadili wakati wa uliberali, 1986 hadi sasa",Kuishi maadili mema ya Kitanzania wakati wa uliberali na utandawazi,Kujadili matendo ya uadilifu katika muktadha wa uliberali na utandawazi,Matendo ya uadilifu katika uliberali na utandawazi,10,Tafakuri na Majadiliano,Kuwaongoza Wanafunzi,Matendo ya uadilifu katika muktadha wa uliberali na utandawazi yamejadiliwa.,Matini kuhusu maadili mema katika kipindi cha uliberali na utandawazi,"TET(2023), Muhtasari wa Historia ya Tanzania na Maadili Elimu ya Sekondari Kidato cha I-IV & Kidato cha V-VI, TET, DAR ES SALAAM","Uadilifu ni kuwa mkweli, mwaminifu na kuwajibika katika kila jambo, hata ulimwengu unapobadilika.","Matendo ya uadilifu ni kutolipa wala kupokea rushwa, kulipa kodi, kusema ukweli, kutumia mtandao kwa heshima na kwa mambo yenye manufaa, kuepuka wizi wa mitihani na wizi wa mali za umma, kuheshimu mali ya wengine na haki za binadamu, kuvaa mavazi ya staha na kutumia lugha ya Kiswahili kwa fahari. Mwanafunzi mwadilifu ni yule anayefanya kazi kwa bidii bila kuiga vitendo viovu.",Mfano: mwanafunzi aliyeokota pochi yenye fedha na kuirudisha kwa mmiliki.,Mfanyabiashara anayetoa risiti ya kielektroniki (EFD) anaonesha uadilifu wa kulipa kodi.,"Uadilifu ni nini?::Ni kuwa mkweli, mwaminifu na kuwajibika.||Taja matendo mawili ya uadilifu.::Kutopokea rushwa na kulipa kodi.||Uadilifu mtandaoni ni upi?::Kutumia mitandao kwa heshima na kwa mambo yenye manufaa.",
2023-JSS048-Kidato IV,"Kutathmini historia ya Tanzania na maadili wakati wa uliberali, 1986 hadi sasa",Kuishi maadili mema ya Kitanzania wakati wa uliberali na utandawazi,Kujadili mikakati mbalimbali ya kuhamasisha na kuelimisha jamii kuhusu maadili ya Kitanzania,Mikakati ya kuelimisha jamii kuhusu maadili,10,Ziara ya mafunzo,Kuwaongoza Wanafunzi,Mikakati mbalimbali ya kuhamasisha na kuelimisha jamii kuhusu maadili ya Kitanzania imebainishwa.,Matini kuhusu maadili mema katika kipindi cha uliberali na utandawazi,"TET(2023), Muhtasari wa Historia ya Tanzania na Maadili Elimu ya Sekondari Kidato cha I-IV & Kidato cha V-VI, TET, DAR ES SALAAM",Kulinda maadili ya Kitanzania kunahitaji jamii nzima kushiriki katika elimu na uhamasishaji.,"Mikakati ni kufundisha maadili shuleni kupitia somo la Historia ya Tanzania na Maadili, kampeni kwa vyombo vya habari, kuanzisha klabu za maadili, kutumia viongozi wa dini na wa jadi, matamasha ya sanaa na ngoma, mabango, mihadhara, na mitandao ya kijamii. Wazazi wanapaswa kuwa vielelezo vya kufuata. Serikali huweka sera na kufuatilia utekelezaji.",Mfano: klabu ya maadili ya shule huandaa mdahalo kuhusu 'madhara ya matumizi mabaya ya simu'.,Tunaweza kuchangia kwa kuwa mfano mwema na kuwaelimisha rika letu.,Taja mkakati mmoja wa kuelimisha jamii kuhusu maadili.::Klabu za maadili au kampeni kwenye vyombo vya habari.||Kwa nini wazazi ni muhimu katika kufundisha maadili?::Kwa sababu ni vielelezo vya kwanza vya watoto.||Somo lipi shuleni hufundisha maadili ya taifa?::Historia ya Tanzania na Maadili.,
2023-JSS048-Kidato IV,Kumudu muundo na kazi za Serikali ya Jamhuri ya Muungano wa Tanzania,Kueleza muundo na kazi za Serikali ya Jamhuri ya Muungano wa Tanzania na Serikali ya Mapinduzi ya Zanzibar,Kuchambua muundo na kazi za mhimili tendaji (Executive) ya Serikali ya Jamhuri ya Muungano wa Tanzania na Serikali ya Mapinduzi Zanzibar,Muundo na kazi za mhimili tendaji,19,Utafiti mdogo na Majadiliano,Kuwaongoza Wanafunzi,Muundo na kazi za mhimili tendaji (executive) zimechambuliwa kwa kina.,Matini kuhusu muundo na kazi za Serikali ya Jamhuri ya Muungano wa Tanzania na Serikali ya Mapinduzi ya Zanzibar Katiba ya Jamhuri wa Muungano wa Tanzania,"TET(2023), Muhtasari wa Historia ya Tanzania na Maadili Elimu ya Sekondari Kidato cha I-IV & Kidato cha V-VI, TET, DAR ES SALAAM","Serikali ya Tanzania ina mihimili mitatu: Tendaji, Bunge na Mahakama. Mhimili tendaji hutekeleza sera na sheria.","Katika Jamhuri ya Muungano mhimili tendaji unaongozwa na Rais wa Jamhuri ya Muungano, Makamu wa Rais, Waziri Mkuu, mawaziri na watumishi wa umma (makatibu wakuu na wakurugenzi). Zanzibar una Rais wa Zanzibar, Makamu wa Kwanza na wa Pili wa Rais, Baraza la Mapinduzi na mawaziri. Kazi zake ni kutekeleza sheria, kuandaa bajeti, kuratibu utoaji wa huduma, kulinda usalama na kusimamia mambo ya nje. Rais ndiye Amiri Jeshi Mkuu.",Mfano: Wizara ya Elimu husimamia sera ya elimu ya taifa na kutoa miongozo kwa shule.,Unapopata cheti cha kuzaliwa au leseni unahudumiwa na taasisi za mhimili tendaji.,"Taja mihimili mitatu ya dola.::Mhimili Tendaji, Bunge na Mahakama.||Rais wa Tanzania ana cheo gani cha kijeshi?::Amiri Jeshi Mkuu.||Kazi moja ya mhimili tendaji ni ipi?::Kutekeleza sheria na sera za serikali.",
2023-JSS048-Kidato IV,Kumudu muundo na kazi za Serikali ya Jamhuri ya Muungano wa Tanzania,Kueleza muundo na kazi za Serikali ya Jamhuri ya Muungano wa Tanzania na Serikali ya Mapinduzi ya Zanzibar,Kuchambua muundo na kazi za Bunge la Jamhuri na za Baraza la Wawakilishi Zanzibar,Muundo na kazi za Bunge na Baraza la Wawakilishi,19,Utafiti mdogo na Majadiliano,Kuwaongoza Wanafunzi,Muundo na kazi za Bunge zimechambuliwa kwa kina.,Matini kuhusu muundo na kazi za Serikali ya Jamhuri ya Muungano wa Tanzania na Serikali ya Mapinduzi ya Zanzibar Katiba ya Jamhuri wa Muungano wa Tanzania,"TET(2023), Muhtasari wa Historia ya Tanzania na Maadili Elimu ya Sekondari Kidato cha I-IV & Kidato cha V-VI, TET, DAR ES SALAAM",Mhimili wa kutunga sheria unaunda sheria na kuisimamia serikali.,"Bunge la Jamhuri ya Muungano lina Rais na Wabunge (wa majimbo, wa viti maalumu, wateule wa Rais, Mwanasheria Mkuu na Spika). Baraza la Wawakilishi ni chombo cha kutunga sheria cha Zanzibar kwa mambo yasiyo ya Muungano. Kazi za mihimili hii ni kutunga sheria, kuidhinisha bajeti, kuisimamia na kuishauri serikali, kuwakilisha wananchi na kuridhia mikataba ya kimataifa. Bunge lina kamati mbalimbali na Spika huongoza vikao.",Mfano: Mbunge huwasilisha kero za wananchi wa jimbo lake bungeni.,Wananchi huchagua wabunge na wawakilishi kila baada ya miaka mitano.,Kazi mbili za Bunge ni zipi?::Kutunga sheria na kuisimamia serikali.||Baraza la Wawakilishi linatunga sheria za wapi?::Za mambo yasiyo ya Muungano ya Zanzibar.||Nani huongoza vikao vya Bunge?::Spika.,
2023-JSS048-Kidato IV,Kumudu muundo na kazi za Serikali ya Jamhuri ya Muungano wa Tanzania,Kueleza muundo na kazi za Serikali ya Jamhuri ya Muungano wa Tanzania na Serikali ya Mapinduzi ya Zanzibar,Kuchambua muundo na kazi za Mahakama katika pande zote za Muungano,Muundo na kazi za Mahakama,19,Utafiti mdogo,Kuwaongoza Wanafunzi,Muundo na kazi za Mahakama zimechambuliwa kwa kina.,Matini kuhusu muundo na kazi za Serikali ya Jamhuri ya Muungano wa Tanzania na Serikali ya Mapinduzi ya Zanzibar Katiba ya Jamhuri wa Muungano wa Tanzania,"TET(2023), Muhtasari wa Historia ya Tanzania na Maadili Elimu ya Sekondari Kidato cha I-IV & Kidato cha V-VI, TET, DAR ES SALAAM",Mahakama ni chombo huru chenye jukumu la kutafsiri sheria na kutoa haki.,"Tanzania Bara ina Mahakama ya Rufani ya Tanzania (ya juu kabisa, kwa pande zote mbili za Muungano), Mahakama Kuu, Mahakama za Hakimu Mkazi, Mahakama za Wilaya na Mahakama za Mwanzo. Zanzibar ina Mahakama Kuu ya Zanzibar, Mahakama za Hakimu na Mahakama za Kadhi kwa masuala ya kiislamu ya ndoa na mirathi. Kazi za Mahakama ni kusikiliza mashauri, kutafsiri Katiba na sheria, kulinda haki za binadamu, kutoa adhabu na kusuluhisha migogoro. Majaji huteuliwa na Rais kwa ushauri wa Tume ya Utumishi wa Mahakama.",Mfano: kesi ya kugombea ardhi husikilizwa mwanzo katika Baraza la Ardhi la Kata au Mahakama ya Mwanzo.,"Mahakama hulinda haki ya kila mwananchi, tajiri au maskini.","Mahakama ya juu kabisa Tanzania ni ipi?::Mahakama ya Rufani ya Tanzania.||Kazi moja ya Mahakama ni ipi?::Kutafsiri sheria na kutoa haki.||Mahakama ya Kadhi hushughulikia nini?::Masuala ya kiislamu ya ndoa, talaka na mirathi.",
2023-JSS048-Kidato IV,Kumudu muundo na kazi za Serikali ya Jamhuri ya Muungano wa Tanzania,Kubaini muundo na kazi za Serikali za Mitaa,Kueleza dhana na chimbuko la serikali za mitaa,Dhana na chimbuko la serikali za mitaa,15,Fikiri-andika-jozisha-shirikisha na Mtaalamu mualikwa,Kuwaongoza Wanafunzi,Dhana na chimbuko la serikali za mitaa limeelezwa kwa ufasaha.,Matini kuhusu muundo na kazi za serikali za mitaa Katiba ya Jamhuri wa Muungano wa Tanzania Sheria ya Serikali za Mitaa ya 1984 na mabadiliko yake,"TET(2023), Muhtasari wa Historia ya Tanzania na Maadili Elimu ya Sekondari Kidato cha I-IV & Kidato cha V-VI, TET, DAR ES SALAAM",Serikali za mitaa ni ngazi ya utawala iliyo karibu zaidi na wananchi.,"Chimbuko lake ni utawala wa machifu wa jadi; wakati wa ukoloni Waingereza waliunda Mamlaka za Asili (Native Authorities) mwaka 1926 na baadaye mabaraza ya serikali za mitaa 1950s. Baada ya uhuru kulikuwa na mabaraza ya wilaya na miji; mwaka 1972 yalifutwa na kuanzishwa madaraka mikoani, kisha yakarejeshwa 1982-1984. Mageuzi ya miaka ya 1990 na Mpango wa Kuboresha Serikali za Mitaa (LGRP) vilianzisha ugatuzi wa madaraka (D by D). Dhana ni kutoa mamlaka kwa wananchi kujiongoza kwa mambo ya eneo lao.",Mfano: halmashauri ya wilaya husimamia shule za msingi na zahanati.,Kero za barabara za mtaa hutatuliwa na serikali ya mtaa au kijiji.,Serikali za mitaa ni nini?::Ni ngazi ya utawala iliyo karibu zaidi na wananchi.||Waingereza waliunda nini kabla ya serikali za mitaa?::Mamlaka za Asili (Native Authorities).||D by D ni nini?::Ni ugatuzi wa madaraka kwa serikali za mitaa.,
2023-JSS048-Kidato IV,Kumudu muundo na kazi za Serikali ya Jamhuri ya Muungano wa Tanzania,Kubaini muundo na kazi za Serikali za Mitaa,Kuchambua muundo na kazi za serikali za mitaa katika ngazi mbalimbali za Jamhuri ya Muungano,Muundo na kazi za serikali za mitaa,15,Ziara ya mafunzo na Majadiliano,Kuwaongoza Wanafunzi,Muundo na kazi za mamlaka za miji na vijiji zimechambuliwa kwa ufasaha.,Matini kuhusu muundo na kazi za serikali za mitaa Katiba ya Jamhuri wa Muungano wa Tanzania Sheria ya Serikali za Mitaa ya 1984 na mabadiliko yake,"TET(2023), Muhtasari wa Historia ya Tanzania na Maadili Elimu ya Sekondari Kidato cha I-IV & Kidato cha V-VI, TET, DAR ES SALAAM",Serikali za mitaa zina ngazi tofauti kulingana na eneo.,"Mijini kuna Jiji, Manispaa, Halmashauri za Miji na mitaa; vijijini kuna Halmashauri za Wilaya, kata, vijiji na vitongoji. Zanzibar kuna mabaraza ya miji, manispaa na halmashauri za wilaya na shehia. Uongozi hujumuisha Meya au Mwenyekiti wa halmashauri, Madiwani, Mkurugenzi na Serikali ya Kijiji. Kazi ni kutoa huduma za msingi (elimu ya msingi, afya, maji, barabara), kusimamia mipango ya maendeleo, kukusanya mapato, kutunga sheria ndogo na kudumisha amani. Wananchi hushiriki kwa kuchagua viongozi na kuhudhuria mikutano.",Mfano: mkutano wa kijiji hupitisha mpango wa kujenga zahanati.,Unapolipa ushuru wa soko unachangia mapato ya halmashauri.,Taja ngazi mbili za serikali za mitaa vijijini.::Halmashauri ya wilaya na kijiji (au kata na kitongoji).||Kazi moja ya serikali za mitaa ni ipi?::Kutoa huduma za msingi kama elimu ya msingi na afya.||Nani husimamia utendaji wa halmashauri?::Mkurugenzi wa halmashauri.,
2023-JSS048-Kidato IV,Kufanya utafiti wa historia ya Tanzania na maadili,Kutumia misingi ya utafiti wa kihistoria kufanya kazimradi,Kukamilisha kazimradi iliyoanza Kidato cha III na kuiwasilisha kwa tathmini,Kukamilisha kazimradi na kuiwasilisha,8,Kazi binafsi na Uwasilishaji,Kuwaongoza Wanafunzi,Kazimradi iliyoanza Kidato cha III imekamilishwa na kuwasilishwa.,Matini kuhusu utafiti wa kihistoria Ripoti mbalimbali za kaziradi zilizofanyika siku za nyuma,"TET(2023), Muhtasari wa Historia ya Tanzania na Maadili Elimu ya Sekondari Kidato cha I-IV & Kidato cha V-VI, TET, DAR ES SALAAM",Hatua ya mwisho ya kazimradi ni kukamilisha ripoti na kuiwasilisha kwa tathmini.,"Mwanafunzi hukamilisha uchambuzi wa taarifa, huandika ripoti kamili (utangulizi, malengo, mbinu, matokeo, hitimisho, mapendekezo na marejeleo), huipitia kwa kuangalia lugha na hoja, huiwasilisha kwa mdomo kwa kutumia michoro, picha au vielelezo, na hujibu maswali. Tathmini hutumia vigezo kama ubora wa maudhui, mbinu, uadilifu wa utafiti na uwasilishaji.",Mfano: kikundi huwasilisha kazimradi yao 'Historia ya Azimio la Arusha katika kijiji chetu' mbele ya darasa.,Uwezo wa kuwasilisha kwa ufasaha humsaidia mwanafunzi katika kazi na masomo ya baadaye.,"Taja sehemu mbili za ripoti ya kazimradi.::Utangulizi na hitimisho (au mbinu, matokeo).||Uwasilishaji unahusisha nini?::Kueleza kwa mdomo matokeo kwa kutumia vielelezo na kujibu maswali.||Kigezo kimoja cha tathmini ya kazimradi ni kipi?::Ubora wa maudhui (au uadilifu wa utafiti).",
2023-JSS048-Kidato V,"Kulinda historia ya Tanzania, urithi na maadili ya taifa","Kumudu historia, utambulisho na maadili ya taifa","Kueleza dhana na uhusiano wa kinadharia uliopo kati ya historia, utambulisho na maadili ya taifa","Historia, utambulisho na maadili ya taifa: dhana na nadharia",24,Bunguabongo na Kisamafunzo,Kuwaongoza Wanafunzi,"Dhana na uhusiano wa kinadharia uliopo kati ya historia, utambulisho na maadili ya taifa vimeelezwa kwa usahihi.",Matini|Ramani ya Tanzania|Bendera ya Tanzania|Na chati yenye kuonesha uhusiano kati ya historia|Utambulisho na maadili ya taifa,"TET(2023), Muhtasari wa Historia ya Tanzania na Maadili Elimu ya Sekondari Kidato cha I-IV & Kidato cha V-VI, TET, DAR ES SALAAM","Historia, utambulisho na maadili ni dhana zinazohusiana kwa karibu katika kuunda taifa. Kuzielewa kinadharia husaidia kuona kwa nini taifa hujitambua kwa masimulizi yake ya zamani.","Historia ni utafiti wa matukio ya wanadamu ya zamani, sababu na matokeo yake. Utambulisho wa taifa ni sifa zinazolitofautisha taifa na mataifa mengine (lugha, alama, mila, historia ya pamoja). Maadili ni kanuni zinazoongoza tabia za kimsingi zinazokubalika na jamii. Uhusiano wa kinadharia ni kwamba historia hutoa kumbukumbu ya pamoja inayojenga utambulisho, na utambulisho hueleza maadili yanayolindwa. Nadharia kama ya utaifa (nationalism) na kumbukumbu ya pamoja (collective memory) zinaeleza kwamba taifa ni jamii ya kufikirika inayoshikamana kupitia simulizi za pamoja. Kwa Tanzania, Kiswahili, Muungano na Uhuru ni sehemu ya utambulisho huu.","Mfano: Bendera, wimbo wa taifa na Mwenge wa Uhuru ni alama za utambulisho zinazokumbusha historia ya kupigania uhuru na maadili ya umoja.","Mwanafunzi anayeimba wimbo wa taifa kwa heshima anaonesha uhusiano huu kati ya historia, utambulisho na maadili.","Eleza maana ya utambulisho wa taifa.::Ni sifa zinazolitofautisha taifa na mengine kama lugha, alama, mila na historia ya pamoja.||Historia inachangiaje utambulisho?::Hutoa kumbukumbu ya pamoja na masimulizi yanayounganisha wananchi.||Taja alama tatu za utambulisho wa Tanzania.::Bendera, wimbo wa taifa na Mwenge wa Uhuru (pia Kiswahili).",
2023-JSS048-Kidato V,"Kulinda historia ya Tanzania, urithi na maadili ya taifa","Kumudu historia, utambulisho na maadili ya taifa",Kujadili misingi ya kihistoria iliyounda utambulisho na maadili ya taifa,Misingi ya kihistoria ya utambulisho na maadili ya taifa,24,Majadiliano,Kuwaongoza Wanafunzi,Misingi ya kihistoria iliyounda utambulisho na maadili ya taifa imejadiliwa kwa kina.,Matini|Ramani ya Tanzania|Bendera ya Tanzania|Na chati yenye kuonesha uhusiano kati ya historia|Utambulisho na maadili ya taifa,"TET(2023), Muhtasari wa Historia ya Tanzania na Maadili Elimu ya Sekondari Kidato cha I-IV & Kidato cha V-VI, TET, DAR ES SALAAM",Utambulisho na maadili ya Tanzania yamejengwa juu ya misingi ya kihistoria iliyoundwa kwa karne nyingi.,"Misingi hiyo ni asili ya pamoja ya jamii za Kitanzania, ukuaji wa Kiswahili kwenye pwani na bara kupitia biashara, mifumo ya jadi ya uongozi na maadili, harakati za kupinga ukoloni (Maji Maji, Mkwawa), harakati za kupigania uhuru (TANU, ASP), Mapinduzi ya Zanzibar (1964), Muungano (1964), Azimio la Arusha (1967) na sera za Ujamaa na Kujitegemea. Kupitia matukio haya ziliundwa tunu za umoja, usawa, utu, uhuru na kujitegemea.",Mfano: Mwenge wa Uhuru uliowashwa Mlima Kilimanjaro mwaka 1961 kuashiria matumaini na uhuru unaendelea kukimbizwa kila mwaka kuhamasisha umoja.,"Kuadhimisha siku kama Uhuru, Muungano na Mapinduzi hukumbusha misingi hii.","Taja misingi mitatu ya kihistoria ya utambulisho wa Tanzania.::Kiswahili, harakati za kupinga ukoloni na Muungano.||Mwenge wa Uhuru uliwashwa wapi mwaka 1961?::Mlima Kilimanjaro.||Tunu ipi iliimarishwa na Azimio la Arusha?::Usawa na kujitegemea.",
2023-JSS048-Kidato V,"Kulinda historia ya Tanzania, urithi na maadili ya taifa","Kumudu historia, utambulisho na maadili ya taifa",Kuchambua nafasi ya historia na maadili katika kujenga fahari ya taifa,Historia na maadili katika kujenga fahari ya taifa,24,Bunguabongo na Kisa fikirika (scenario),Kuwaongoza Wanafunzi,Nafasi ya historia na maadili katika kujenga fahari ya taifa imechambuliwa kwa usahihi.,Matini|Bendera ya Tanzania|Michoro|Picha ya urithi wa taifa,"TET(2023), Muhtasari wa Historia ya Tanzania na Maadili Elimu ya Sekondari Kidato cha I-IV & Kidato cha V-VI, TET, DAR ES SALAAM",Fahari ya taifa ni hisia ya kujivunia utaifa wako; hujengwa na historia yenye mafanikio na maadili mema.,"Historia ya mashujaa, ukombozi wa nchi jirani, amani na utulivu, na urithi wa dunia kama Serengeti na Kilimanjaro vinajenga fahari. Maadili kama uadilifu, kujituma na uzalendo hufanya taifa liheshimike ndani na nje. Fahari huchochea ari ya kufanya kazi, kuwekeza katika nchi yako na kulinda alama za taifa. Kukosekana kwa maadili (rushwa) hupunguza fahari. Kufundisha historia sahihi kunazuia dharau kwa utamaduni wako na utegemezi wa kiakili.",Mfano: Mwanariadha au mwanamuziki wa Tanzania anayeshinda kimataifa huinua fahari ya taifa kwa kubeba bendera na Kiswahili.,"Kuvaa na kutumia bidhaa za ndani, na kusema Kiswahili kwa fahari, ni njia za kila siku za kuonyesha fahari ya taifa.","Fahari ya taifa ni nini?::Ni hisia ya kujivunia utaifa wako.||Taja mambo mawili yanayojenga fahari ya taifa.::Historia ya mashujaa na urithi wa asili au wa kiutamaduni.||Kwa nini rushwa hupunguza fahari?::Kwa sababu huharibu heshima, uadilifu na sura ya taifa.",
2023-JSS048-Kidato V,"Kulinda historia ya Tanzania, urithi na maadili ya taifa","Kumudu historia, utambulisho na maadili ya taifa",Kutathmini nafasi ya Tunu za taifa na maadili katika kujenga misingi ya uongozi bora,"Tunu za taifa, maadili na uongozi bora",24,Fikiri-andika-jozisha-shirikisha na Tafakuri,Kuwaongoza Wanafunzi,Nafasi ya tunu za taifa na maadili katika kujenga misingi imara ya uongozi imetathminiwa kikamilifu.,Chati yenye kuonesha tunu za taifa|Hotuba za viongozi wa kitaifa,"TET(2023), Muhtasari wa Historia ya Tanzania na Maadili Elimu ya Sekondari Kidato cha I-IV & Kidato cha V-VI, TET, DAR ES SALAAM",Tunu za taifa ni thamani za msingi zinazolinda umoja na mwelekeo wa nchi; ni msingi wa uongozi bora.,"Tunu za Taifa la Tanzania ni utu, uzalendo, umoja, uwajibikaji, uadilifu, haki, usawa, uhuru na amani (kama zilivyoainishwa na Katiba na Sera ya Maadili). Uongozi bora hujengwa na uwazi, uwajibikaji, utawala wa sheria, ushirikishwaji na kutokuwa mbinafsi. Viongozi wenye maadili hulinda rasilimali za umma na hufanya maamuzi kwa maslahi ya wote. Viongozi kama Mwalimu Nyerere walijulikana kwa maisha rahisi na uadilifu (Miiko ya Uongozi). Uongozi bila tunu huzaa rushwa na migogoro.",Mfano: Tume ya Maadili ya Viongozi wa Umma inahakikisha viongozi wanatangaza mali na madeni yao.,Wanafunzi wanaochagua viongozi wa serikali za wanafunzi kwa sifa za uadilifu wanaonesha kuelewa tunu za uongozi.,"Taja tunu tatu za taifa.::Utu, umoja na uwajibikaji.||Uongozi bora una sifa gani?::Uwazi, uwajibikaji, utawala wa sheria na kutokuwa mbinafsi.||Tume ya Maadili ya Viongozi hufanya nini?::Husimamia maadili ya viongozi wa umma, ikiwemo kutangaza mali na madeni.",
2023-JSS048-Kidato V,"Kulinda historia ya Tanzania, urithi na maadili ya taifa","Kumudu historia, utambulisho na maadili ya taifa","Kubaini mikakati ya kulinda historia, utambulisho na maadili ya taifa","Mikakati ya kulinda historia, utambulisho na maadili",24,Changanyakete na Kisamafunzo,Kuwaongoza Wanafunzi,"Mikakati ya kulinda historia, utambulisho na maadili ya taifa imebainishwa kwa usahihi.",Chati yenye kuonesha tunu za taifa|Hotuba za viongozi wa kitaifa,"TET(2023), Muhtasari wa Historia ya Tanzania na Maadili Elimu ya Sekondari Kidato cha I-IV & Kidato cha V-VI, TET, DAR ES SALAAM","Historia, utambulisho na maadili vinahitaji mikakati thabiti ya kuvilinda dhidi ya kupotea au kupotoshwa.","Mikakati ni kuandika na kuhifadhi kumbukumbu za kihistoria (nyaraka, historia simulizi), kufundisha historia na maadili shuleni na vyuoni, kukuza Kiswahili, kulinda alama za taifa kwa sheria, kuimarisha makumbusho na maeneo ya kihistoria, kuadhimisha siku za kitaifa, kutumia vyombo vya habari na TEHAMA kwa maudhui ya kizalendo, kuthibiti maudhui ya kigeni yenye athari mbaya na kushirikisha jamii na taasisi za dini. Sera ya utamaduni ya taifa na sheria ya Kiswahili (BAKITA) husaidia.",Mfano: Kuanzishwa kwa Makumbusho ya Taifa na Kumbukumbu za Taifa (TNA) hulinda nyaraka muhimu za historia.,Kila mwananchi anaweza kuhifadhi historia ya familia yake kwa picha na hadithi.,"Taja mikakati mitatu ya kulinda historia na maadili.::Kufundisha shuleni, kuhifadhi kumbukumbu na kukuza Kiswahili.||BAKITA hufanya nini?::Husimamia na kukuza matumizi ya Kiswahili.||Kwa nini ni muhimu kuhifadhi historia simulizi?::Kwa sababu hulinda maarifa yasiyoandikwa yanayoweza kupotea kwa vifo vya wazee.",
2023-JSS048-Kidato V,"Kulinda historia ya Tanzania, urithi na maadili ya taifa",Kutathmini mchango wa historia na urithi katika kuchangia maendeleo ya taifa,Kufafanua dhana ya urithi wa taifa,Dhana ya urithi wa taifa,24,Bunguabongo na Majadiliano,Kuwaongoza Wanafunzi,Dhana ya urithi wa taifa imefafanuliwa kwa usahihi.,Matini|Chati/ michoro/picha yenye kuonesha urithi wa taifa,"TET(2023), Muhtasari wa Historia ya Tanzania na Maadili Elimu ya Sekondari Kidato cha I-IV & Kidato cha V-VI, TET, DAR ES SALAAM","Urithi wa taifa ni jumla ya vitu vya kiutamaduni na kiasili vinavyorithiwa na taifa na kuwa na thamani ya kihistoria, kisayansi au kijamii.","Aina zake ni urithi wa kiutamaduni unaoshikika (majengo, magofu, makaburi, nyaraka), usioshikika (lugha, ngoma, mila, hadithi, maarifa ya jadi), na urithi wa kiasili (mbuga, misitu, milima, mito, maziwa). Sifa za urithi ni kuwa na thamani ya kipekee, kuwa na kumbukumbu ya zamani, kuwa hatarini kupotea na kuwa na uwezo wa kufundisha na kuleta manufaa ya kiuchumi. UNESCO huorodhesha Urithi wa Dunia. Kwa Tanzania ni pamoja na Serengeti, Ngorongoro, Kilwa Kisiwani, Mji Mkongwe na michoro ya Kondoa.",Mfano: Ngoma ya Kisukuma na lugha ya Kiswahili ni urithi usioshikika; Kilwa Kisiwani ni urithi unaoshikika.,"Tunapohifadhi mavazi, vyakula na methali za jadi tunatunza urithi wa taifa.","Eleza maana ya urithi wa taifa.::Ni vitu vya kiutamaduni na kiasili vilivyorithiwa na vyenye thamani kwa taifa.||Taja aina tatu za urithi.::Unaoshikika, usioshikika na wa kiasili.||Toa mfano wa urithi usioshikika.::Lugha ya Kiswahili au ngoma za jadi.",
2023-JSS048-Kidato V,"Kulinda historia ya Tanzania, urithi na maadili ya taifa",Kutathmini mchango wa historia na urithi katika kuchangia maendeleo ya taifa,Kubaini historia na urithi wa taifa katika maeneo mbalimbali nchini,Historia na urithi wa taifa katika maeneo mbalimbali,24,Kisamafunzo na Utafiti mdogo,Kuwaongoza Wanafunzi,Historia na urithi wa taifa katika maeneo mbalimbali nchini imebainishwa kwa usahihi.,Matini|Chati/ michoro/picha yenye kuonesha urithi wa taifa,"TET(2023), Muhtasari wa Historia ya Tanzania na Maadili Elimu ya Sekondari Kidato cha I-IV & Kidato cha V-VI, TET, DAR ES SALAAM",Kila eneo la Tanzania lina historia na urithi wake unaopaswa kutambuliwa.,"Mifano ni Olduvai Gorge na Laetoli (asili ya binadamu, Arusha); Isimila (zana za mawe, Iringa); Kondoa (michoro ya miamba, Dodoma); Kilwa Kisiwani na Songo Mnara (miji ya kale ya biashara, Lindi); Bagamoyo (mji wa kihistoria na mwisho wa misafara); Mji Mkongwe wa Zanzibar; Kalenga (ngome ya Mkwawa, Iringa); Kitovu cha Maji Maji (Songea); Mnara wa Mashujaa (Dar es Salaam); Makumbusho ya Taifa; Serengeti na Ngorongoro (asili). Baadhi yameorodheshwa na UNESCO.","Mfano: Wanafunzi hutengeneza ramani ya Tanzania na kuweka alama kwenye maeneo ya urithi, kisha huandika kwa nini kila eneo ni muhimu.",Ziara za shule kwenye maeneo hayo huwapa wanafunzi uelewa wa moja kwa moja wa historia.,Olduvai Gorge ni maarufu kwa nini?::Kwa mabaki ya binadamu wa kale na zana za mawe.||Taja urithi mmoja wa kihistoria wa Bagamoyo.::Ilikuwa mwisho wa misafara ya biashara na kitovu cha biashara ya watumwa.||Kalenga ni nini?::Ni ngome ya zamani ya Chifu Mkwawa wa Wahehe mkoani Iringa.,
2023-JSS048-Kidato V,"Kulinda historia ya Tanzania, urithi na maadili ya taifa",Kutathmini mchango wa historia na urithi katika kuchangia maendeleo ya taifa,Kujadili mchango wa historia na urithi katika maendeleo ya taifa,Mchango wa historia na urithi katika maendeleo ya taifa,24,Bunguabongo na Majadiliano,Kuwaongoza Wanafunzi,Mchango wa historia na urithi katika maendeleo ya taifa umejadiliwa kwa kina.,Matini|Chati/ michoro/picha yenye kuonesha urithi wa taifa|Maswali elekezi,"TET(2023), Muhtasari wa Historia ya Tanzania na Maadili Elimu ya Sekondari Kidato cha I-IV & Kidato cha V-VI, TET, DAR ES SALAAM",Historia na urithi si mambo ya zamani tu; huchangia maendeleo ya sasa ya taifa.,"Kiuchumi: utalii wa urithi huchangia fedha za kigeni, ajira, mapato ya serikali na maendeleo ya miundombinu. Kijamii: hujenga umoja, utambulisho na mshikamano. Kielimu: hutoa maarifa kwa utafiti na mafunzo. Kisiasa: huimarisha demokrasia na uzalendo. Kiutamaduni: hukuza sanaa, muziki, lugha na ubunifu. Nchini, utalii unachangia kiasi kikubwa cha fedha za kigeni na ajira nyingi.","Mfano: Serengeti hukusanya mamilioni ya dola kila mwaka, mapato yanayoboresha huduma za jamii.",Wafanyabiashara wa vinyago na waongoza watalii hupata kipato kutokana na urithi.,"Taja mchango mmoja wa kiuchumi wa urithi.::Fedha za kigeni na ajira kupitia utalii.||Urithi unachangiaje elimu?::Hutoa maarifa kwa utafiti na mafunzo.||Utalii wa urithi unajengaje miundombinu?::Mapato yake hutumika kujenga barabara, viwanja vya ndege na huduma nyingine.",
2023-JSS048-Kidato V,"Kulinda historia ya Tanzania, urithi na maadili ya taifa",Kutathmini mchango wa historia na urithi katika kuchangia maendeleo ya taifa,Kuchambua uhusiano uliopo kati ya maadili na urithi katika kuleta maendeleo ya taifa,Uhusiano wa maadili na urithi katika maendeleo,24,Changanyakete na Majadiliano,Kuwaongoza Wanafunzi,Uhusiano uliopo kati ya maadili na urithi katika kuleta maendelo ya taifa umechambuliwa kwa kina.,Matini|Chati yenye kuonesha uhusiano kati ya maadili|Urithi na maendeleo ya taifa|Kisamafunzo,"TET(2023), Muhtasari wa Historia ya Tanzania na Maadili Elimu ya Sekondari Kidato cha I-IV & Kidato cha V-VI, TET, DAR ES SALAAM",Maadili na urithi vinategemeana: urithi hulindwa na maadili na maadili hufundishwa kupitia urithi.,"Uadilifu, uzalendo na wajibu wa kijamii huwafanya watu walinde urithi dhidi ya wizi na uharibifu. Wakati huo huo urithi (hadithi, ngoma, methali, mila) hubeba maadili yanayofundisha vizazi. Uhusiano huu husababisha maendeleo endelevu kwa kuwa jamii inayoheshimu mazingira na mila zake hulinda rasilimali kwa matumizi ya vizazi vijavyo. Ukosefu wa maadili husababisha ujangili, uchimbaji haramu wa vitu vya kale na uharibifu wa mazingira, ambavyo hudumaza maendeleo.",Mfano: Jamii za Wachagga hulinda misitu ya kimila (vihamba na misitu ya mila) kwa maadili ya jadi ya kutunza mazingira.,Mwananchi mwadilifu huripoti ujangili na wizi wa rasilimali za taifa.,Maadili yanasaidiaje kulinda urithi?::Huwafanya watu wawe wazalendo na wawajibike kuulinda.||Taja tatizo moja linalotokana na ukosefu wa maadili katika urithi.::Ujangili (au uharibifu wa vitu vya kale).||Maendeleo endelevu ni nini?::Ni maendeleo yanayokidhi mahitaji ya sasa bila kuharibu uwezo wa vizazi vijavyo.,
2023-JSS048-Kidato V,"Kulinda historia ya Tanzania, urithi na maadili ya taifa",Kutathmini mchango wa historia na urithi katika kuchangia maendeleo ya taifa,Kujadili njia bora za uhifadhi wa urithi ili kuleta maendeleo endelevu kwa taifa,Njia bora za uhifadhi wa urithi kwa maendeleo endelevu,24,Bunguabongo na Majadiliano,Kuwaongoza Wanafunzi,Njia bora za uhifadhi wa urithi ili kuleta maendeleo endelevu kwa taifa zimejadiliwa kwa kina.,Matini|Maswali elekezi|Chati ya kuonesha njia za uhifadhi wa urithi,"TET(2023), Muhtasari wa Historia ya Tanzania na Maadili Elimu ya Sekondari Kidato cha I-IV & Kidato cha V-VI, TET, DAR ES SALAAM","Uhifadhi ni juhudi za kulinda urithi usiharibike wala kupotea, huku ukitumika kwa manufaa.","Njia ni kutunga na kutekeleza sheria (Sheria ya Mambo ya Kale, Sheria ya Uhifadhi wa Wanyamapori), kuorodhesha maeneo ya urithi, kufanya ukarabati na matengenezo, kuweka mipaka na ulinzi, kutumia teknolojia ya kidijitali (picha, ramani, 3D) kuandika urithi, kuelimisha jamii kuhusu thamani yake, kushirikisha jamii katika usimamizi na mgao wa mapato, kudhibiti idadi ya watalii, kutafuta ufadhili na kushirikiana na mashirika ya kimataifa kama UNESCO. Uhifadhi hufuata kanuni ya kulinda na kutumia kwa uangalifu.",Mfano: Mji Mkongwe wa Zanzibar hukarabatiwa kwa kuzingatia mtindo wake wa asili wa usanifu.,Wanakijiji wanapopewa sehemu ya mapato ya utalii hulinda urithi kwa juhudi zaidi.,"Taja njia tatu za uhifadhi wa urithi.::Kutunga sheria, kukarabati na kuelimisha jamii.||Kwa nini kushirikisha jamii ni muhimu?::Kwa sababu hulinda urithi kwa hisia ya umiliki na kupata faida.||Teknolojia ya kidijitali husaidiaje uhifadhi?::Huhifadhi kumbukumbu za urithi kwa picha, ramani na modeli za 3D.",
2023-JSS048-Kidato V,"Kulinda historia ya Tanzania, urithi na maadili ya taifa",Kutumia fursa mbalimbali zitokanazo na historia na urithi wa Tanzania kujenga ushirikiano na kukuza biashara ya kimataifa,Kubaini fursa za kiuwekezaji zitokanazo na vivutio vya kihistoria na urithi wa Tanzania,Fursa za kiuwekezaji kutokana na urithi,13,Mtaalamu mualikwa na Maswali na majibu,Kuwaongoza Wanafunzi,Fursa za kiuwekezaji zitokanazo na vivutio vya kihistoria na urithi wa Tanzania zimebainishwa kikamilifu.,Ramani/picha za urithi na vivutio vya utalii|Vitu halisi vya urithi na vivutio vya utalii|Matini,"TET(2023), Muhtasari wa Historia ya Tanzania na Maadili Elimu ya Sekondari Kidato cha I-IV & Kidato cha V-VI, TET, DAR ES SALAAM","Vivutio vya historia na urithi vinatoa fursa mbalimbali za uwekezaji kwa watu binafsi, makampuni na serikali.","Fursa hizo ni hoteli na nyumba za wageni, migahawa, kampuni za usafiri na utalii, uongozaji watalii, maduka ya zawadi na sanaa, viwanda vidogo vya vinyago na nguo za jadi, makumbusho binafsi, usafiri wa maji na anga, matukio ya kitamaduni (matamasha), teknolojia ya utalii (programu za simu) na utalii wa kihistoria wa mijini. Uwekezaji unahitaji mtaji, leseni, ufahamu wa soko na kufuata sheria za uhifadhi. Serikali hutoa vivutio kupitia TIC na Sheria ya Uwekezaji.",Mfano: mwekezaji hujenga hoteli ya kihistoria Bagamoyo inayotumia usanifu wa jadi kuvutia watalii wa urithi.,Vijana wanaweza kuanzisha kampuni ndogo ya kuongoza watalii kwenye maeneo ya kihistoria ya eneo lao.,"Taja fursa tatu za uwekezaji zitokanazo na urithi.::Hoteli, uongozaji watalii na maduka ya zawadi.||TIC ni nini?::Kituo cha Uwekezaji Tanzania kinachoratibu uwekezaji.||Mwekezaji anapaswa kuzingatia nini?::Sheria za uhifadhi na mahitaji ya soko.",
2023-JSS048-Kidato V,"Kulinda historia ya Tanzania, urithi na maadili ya taifa",Kutumia fursa mbalimbali zitokanazo na historia na urithi wa Tanzania kujenga ushirikiano na kukuza biashara ya kimataifa,Kujadili nafasi ya historia na urithi wa Tanzania katika kujenga ushirikiano na kukuza biashara ya kimataifa,Historia na urithi katika ushirikiano na biashara ya kimataifa,13,Kisa fikirika (scenario) na Majadiliano,Kuwaongoza Wanafunzi,Nafasi ya historia na urithi wa Tanzania katika kujenga ushirikiano na kukuza biashara ya kimataifa imejadiliwa kwa kina.,Maswali elekezi|Matini|Makala kwenye magazeti,"TET(2023), Muhtasari wa Historia ya Tanzania na Maadili Elimu ya Sekondari Kidato cha I-IV & Kidato cha V-VI, TET, DAR ES SALAAM",Historia na urithi husaidia kujenga ushirikiano na kukuza biashara ya kimataifa.,"Kihistoria Tanzania ilikuwa na uhusiano na Mashariki ya Kati, India na China kwa biashara. Leo urithi huo huvutia watalii, wawekezaji na wanahistoria wa kimataifa, hujenga uhusiano wa kidiplomasia, hubadilishana utamaduni na kukuza biashara ya bidhaa za sanaa na utalii. Urithi wa ukombozi (Kamati ya Ukombozi ya OAU, Mazimbu) huipa Tanzania heshima kati ya nchi za Afrika. Kiswahili kinakua kuwa lugha ya kimataifa (Siku ya Kiswahili Duniani, 7 Julai). Ushirikiano hujengwa kupitia maonesho, makubaliano ya kitamaduni na UNESCO.",Mfano: Maonesho ya biashara ya kimataifa (Sabasaba) huonesha bidhaa za sanaa za jadi.,Wageni wanaotembelea Tanzania huchangia biashara ya ndani na kueneza taswira nzuri ya nchi.,"Siku ya Kiswahili Duniani ni lini?::7 Julai.||Taja jinsi urithi unavyokuza biashara ya kimataifa.::Huvutia watalii na wawekezaji na huuza bidhaa za sanaa.||Ushirikiano wa kitamaduni hujengwa vipi?::Kwa maonesho, makubaliano na mashirika kama UNESCO.",
2023-JSS048-Kidato V,"Kulinda historia ya Tanzania, urithi na maadili ya taifa",Kutumia fursa mbalimbali zitokanazo na historia na urithi wa Tanzania kujenga ushirikiano na kukuza biashara ya kimataifa,Kubaini vitendo vya kimaadili na visivyo vya kimaadili vinavyoweza kukuza au kudumaza fursa zitokanazo na historia na urithi,Vitendo vya kimaadili na visivyo vya kimaadili vya fursa za urithi,13,Bunguabongo na Changanyakete,Kuwaongoza Wanafunzi,Vitendo vya kimaadili na visivyo vya kimaadili vinavyoweza kukuza au kudumaza fursa zitokanazo na historia na urithi vimebainishwa kikamilifu.,Chati yenye kuonesha matendo ya kimaadili na yasiyo ya kimaadili|Picha|Visamafunzo kuhusu uharibifu wa historia na urithi|Matini,"TET(2023), Muhtasari wa Historia ya Tanzania na Maadili Elimu ya Sekondari Kidato cha I-IV & Kidato cha V-VI, TET, DAR ES SALAAM",Fursa za urithi huweza kukuzwa au kudumazwa na tabia za watu.,"Vitendo vya kimaadili ni uaminifu kwa watalii (bei sahihi), kutunza mazingira na maeneo ya kihistoria, kulipa kodi, kuheshimu utamaduni wa wenyeji, kutoa huduma bora, uwazi katika mikataba ya uwekezaji na kushirikisha jamii. Visivyo vya kimaadili ni rushwa, ujangili, wizi wa vitu vya kale, ulaghai wa watalii, uchafuzi wa mazingira, kupotosha historia kwa faida, unyonyaji wa wafanyakazi na uuzaji haramu wa vitu vya kale. Vitendo vibaya huharibu jina la nchi na kupunguza mapato.",Mfano: mwongoza watalii mwaminifu ambaye hutoa taarifa sahihi ya historia huongeza sifa ya kivutio.,Mtu anayekataa kununua vitu vya kale vilivyoibiwa anatetea urithi.,"Toa mifano miwili ya vitendo vya kimaadili katika utalii.::Uaminifu kwa watalii na kutunza mazingira.||Kitendo kipi kinaumiza fursa za urithi?::Ujangili au wizi wa vitu vya kale.||Madhara ya rushwa katika utalii ni yapi?::Hupunguza uaminifu, mapato na sifa ya nchi.",
2023-JSS048-Kidato V,Kumudu historia ya Tanzania na maadili kabla ya ukoloni,Kutathmini vichocheo vya maendeleo ya jamii za Kitanzania na maadili yake kabla ya ukoloni,Kueleza vichocheo vya maendeleo ya jamii za Kitanzania kabla ya ukoloni,Vichocheo vya maendeleo ya jamii kabla ya ukoloni,14,Bunguabongo na Fikiri-andika-jozisha-shirikisha,Kuwaongoza Wanafunzi,Vichocheo vya maendeleo ya jamii za Kitanzania kabla ya ukoloni vimeelezwa kwa usahihi.,Matini|Vitu hali (zana za kale),"TET(2023), Muhtasari wa Historia ya Tanzania na Maadili Elimu ya Sekondari Kidato cha I-IV & Kidato cha V-VI, TET, DAR ES SALAAM",Jamii za Kitanzania zilikuwa na maendeleo yaliyochochewa na mambo ya ndani na ya nje kabla ya ukoloni.,"Vichocheo vya ndani vilikuwa uwepo wa rasilimali (ardhi yenye rutuba, madini ya chuma, chumvi, mito), mazingira mazuri kwa kilimo na ufugaji, ongezeko la idadi ya watu, uongozi wa jadi, uvumbuzi wa teknolojia (uhunzi) na utamaduni wa kazi. Vichocheo vya nje vilikuwa biashara ya masafa marefu, mwingiliano na Waarabu, Wahindi na Wazungu, kuenea kwa Uislamu na Kiswahili, mazao mapya (mahindi, mihogo, karafuu) na ujuzi mpya. Mifano ni kukua kwa miji ya Kilwa, Tabora, Ujiji na Bagamoyo.",Mfano: biashara ya misafara iliyoanzia Tabora hadi Bagamoyo ilipeleka pembe za ndovu na kurudisha vitambaa na bunduki.,Leo miji mingi mikubwa iko mahali ilipokuwa vituo vya biashara vya kale.,"Taja vichocheo viwili vya ndani vya maendeleo.::Rasilimali kama ardhi na chuma, na uongozi wa jadi.||Kichocheo kimoja cha nje ni kipi?::Biashara ya masafa marefu.||Mji upi wa pwani ulikuwa maarufu kwa biashara?::Kilwa (au Bagamoyo).",
2023-JSS048-Kidato V,Kumudu historia ya Tanzania na maadili kabla ya ukoloni,Kutathmini vichocheo vya maendeleo ya jamii za Kitanzania na maadili yake kabla ya ukoloni,Kutathmini maadili ya jamii za Kitanzania na namna yalivyochochea maendeleo kabla ya ukoloni,Maadili ya jamii yalivyochochea maendeleo,14,Maswali na majibu na Tafakuri,Kuwaongoza Wanafunzi,Maadili ya jamii za Kitanzania na namna yalivyochochea maendeleo kabla ya ukoloni yametathminiwa kwa kina.,Chati yenye kuonesha uhusiano wa maadili na maendeleo ya jamii|Matini,"TET(2023), Muhtasari wa Historia ya Tanzania na Maadili Elimu ya Sekondari Kidato cha I-IV & Kidato cha V-VI, TET, DAR ES SALAAM",Maadili ya kijamii yalikuwa nguzo ya maendeleo ya jamii za kabla ya ukoloni.,"Kazi kwa bidii ilizalisha chakula cha ziada; ushirikiano na usaidiano (mfano kazi za pamoja) uliongeza uzalishaji; uaminifu ulikuza biashara; heshima kwa uongozi ilihakikisha utulivu; uwajibikaji na uadilifu ulilinda mali za umma; utunzaji wa mazingira (misitu ya mila, vyanzo vya maji) ulihifadhi rasilimali; ukarimu uliwezesha wageni na wafanyabiashara kupokelewa. Maadili haya yalihamishwa kwa vizazi kupitia elimu ya jadi.","Mfano: Wamasai walitunza malisho kwa kuhamahama kwa mpangilio, hivyo kulinda mazingira.",Maadili ya kazi na ushirikiano bado ni kichocheo cha maendeleo ya vijiji.,"Taja maadili matatu yaliyochochea maendeleo.::Kazi kwa bidii, uaminifu na ushirikiano.||Utunzaji wa mazingira ulikuwaje sehemu ya maadili?::Kupitia misitu ya mila na utunzaji wa vyanzo vya maji.||Uaminifu ulisaidiaje biashara?::Ulijenga imani kati ya wafanyabiashara na kuwezesha mikataba.",
2023-JSS048-Kidato V,Kumudu historia ya Tanzania na maadili kabla ya ukoloni,Kutathmini vichocheo vya maendeleo ya jamii za Kitanzania na maadili yake kabla ya ukoloni,Kuchambua mifumo ya kusimamia maadili katika jamii za Kitanzania kabla ya ukoloni,Mifumo ya kusimamia maadili kabla ya ukoloni,14,Kisamafunzo na Fikiri-andika-jozisha-shirikisha,Kuwaongoza Wanafunzi,Mifumo ya kusimamia maadili katika jamii za Kitanzania kabla ya ukoloni imechambuliwa kwa kina.,Matini|Chati ya mifumo ya maadili,"TET(2023), Muhtasari wa Historia ya Tanzania na Maadili Elimu ya Sekondari Kidato cha I-IV & Kidato cha V-VI, TET, DAR ES SALAAM",Jamii za jadi zilikuwa na mifumo ya kusimamia maadili iliyohakikisha nidhamu na haki.,"Mifumo hiyo ni familia na ukoo (wazazi na wazee), baraza la wazee, machifu na watemi, taasisi za dini za jadi (mizimu na waganga), jando na unyago, sheria za kimila, adhabu na zawadi, na mila na miiko (mambo yaliyokatazwa). Ukiukaji uliadhibiwa kwa faini (mifugo), kuomba radhi hadharani au kutengwa; wema ulizawadiwa kwa heshima. Mfumo huu ulikuwa wa jamii nzima na ulisimamia haki na amani.",Mfano: mtu aliyeiba kwa jirani alitakiwa kurudisha mali na kulipa faini mbele ya baraza la wazee.,Mabaraza ya kata na kamati za maadili shuleni hurithi mfumo wa kusuluhisha hadharani.,"Taja mifumo mitatu ya kusimamia maadili.::Familia, baraza la wazee na jando/unyago.||Miiko ni nini?::Ni mambo yaliyokatazwa na jamii kwa sababu za kimaadili au kidini.||Adhabu za kimila zilikuwa zipi?::Faini ya mifugo, kuomba radhi hadharani au kutengwa.",
2023-JSS048-Kidato V,Kumudu historia ya Tanzania na maadili kabla ya ukoloni,Kuelezea uhusiano wa jamii za Kitanzania na jamii nyingine duniani kabla ya ukoloni,Kuchambua uhusiano wa jamii za Kitanzania na jamii nyingine za Kiafrika kabla ya ukoloni,Uhusiano wa jamii za Kitanzania na jamii za Kiafrika,17,Ramani na Tafakuri,Kuwaongoza Wanafunzi,Uhusiano wa jamii za kitanzania na jamii nyingine za kiafrika kabla ya ukoloni umechambuliwa kwa kina.,Picha/michoro ya jamii za kabla ya ukoloni na ramani,"TET(2023), Muhtasari wa Historia ya Tanzania na Maadili Elimu ya Sekondari Kidato cha I-IV & Kidato cha V-VI, TET, DAR ES SALAAM",Kabla ya ukoloni jamii za Kitanzania zilikuwa na uhusiano na jamii za Kiafrika jirani na za mbali.,"Uhusiano huo ulijitokeza kwa biashara (Wanyamwezi na Wayao kuelekea Kongo, Zambia na Msumbiji), uhamiaji wa Wabantu, Wanilo na Wangoni (kutoka Afrika Kusini wakati wa Mfecane), ndoa za kikabila, mabadilishano ya utamaduni, ushirikiano wa kijeshi na mapigano ya kugombea rasilimali. Ngoni walileta mfumo wa kijeshi; mahusiano na Buganda na Bunyoro yaliathiri Wahaya. Athari zilikuwa kuenea kwa lugha, mila, teknolojia na mazao.",Mfano: Wangoni kutoka Zulu walihamia Songea na kuanzisha ufalme wenye jeshi kali kuanzia miaka ya 1840.,Ndoa za mchanganyiko na lugha za pamoja kama Kiswahili ni mabaki ya uhusiano huu.,"Taja aina mbili za uhusiano wa Watanzania na Waafrika wengine.::Biashara na uhamiaji.||Wangoni walitoka wapi?::Kutoka kusini mwa Afrika (Zulu, Afrika Kusini).||Athari moja ya uhusiano huu ilikuwa ipi?::Kuenea kwa lugha, mila na teknolojia.",
2023-JSS048-Kidato V,Kumudu historia ya Tanzania na maadili kabla ya ukoloni,Kuelezea uhusiano wa jamii za Kitanzania na jamii nyingine duniani kabla ya ukoloni,"Kuchambua uhusiano baina ya jamii za Kitanzania na zile za Ulaya, Mashariki ya Kati na Mashariki ya Mbali","Uhusiano na Ulaya, Mashariki ya Kati na Mbali",17,Ramani na Majadiliano,Kuwaongoza Wanafunzi,"Uhusiano baina ya jamii za Kitanzania na zile za Ulaya, Mashariki ya Kati na Mashariki ya Mbali umechambuliwa kwa kina.",Chati ya uhusiano|Matini|Ramani/ picha/michoro,"TET(2023), Muhtasari wa Historia ya Tanzania na Maadili Elimu ya Sekondari Kidato cha I-IV & Kidato cha V-VI, TET, DAR ES SALAAM",Tanzania ilihusiana kwa muda mrefu na mataifa ya nje kupitia pwani ya Bahari ya Hindi.,"Mashariki ya Kati: Waarabu na Waajemi walifanya biashara ya pembe, dhahabu, watumwa na viungo, wakaleta Uislamu na kushiriki kujenga miji ya Kilwa na Zanzibar. Mashariki ya Mbali: India, China na Indonesia walileta vitambaa, shanga, vyombo vya kaure, na chakula kama ndizi na nazi. Ulaya: Wareno walifika 1498 wakidhibiti pwani hadi karne ya 17 kabla Waarabu wa Oman kuwaondoa; kisha Wajerumani na Waingereza walifika karne ya 19 kwa wamisionari na wachunguzi kama Livingstone na Stanley. Mahusiano haya yaliathiri uchumi na utamaduni.",Mfano: Sarafu za China zilizogunduliwa Kilwa zinathibitisha biashara ya zamani na Mashariki ya Mbali.,Vyakula na mavazi ya pwani vinaonesha athari za mahusiano haya.,Taja bidhaa mbili zilizoletwa na wageni wa Mashariki ya Mbali.::Vitambaa na vyombo vya kaure (au shanga).||Wareno walifika lini pwani ya Afrika Mashariki?::1498.||Nani waliwaondoa Wareno pwani ya Afrika Mashariki?::Waarabu wa Oman.,
2023-JSS048-Kidato V,Kumudu historia ya Tanzania na maadili kabla ya ukoloni,Kuelezea uhusiano wa jamii za Kitanzania na jamii nyingine duniani kabla ya ukoloni,Kuhusianisha mifumo ya maadili ya jamii nyingine duniani na jamii za Kitanzania kabla ya ukoloni,Mifumo ya maadili ya jamii nyingine duniani na ya Watanzania,17,Kisamafunzo na Tafakuri,Kuwaongoza Wanafunzi,Mifumo ya maadili ya jamii nyingine duniani na jamii za Kitanzania kabla ya ukoloni imehusianishwa kwa usahihi.,Chati ya mifumo ya maadili|Matini,"TET(2023), Muhtasari wa Historia ya Tanzania na Maadili Elimu ya Sekondari Kidato cha I-IV & Kidato cha V-VI, TET, DAR ES SALAAM",Jamii duniani zina mifumo yake ya maadili; kuilinganisha na ya Watanzania husaidia kuelewa mwingiliano wa tamaduni.,"Maadili ya Kiarabu na Kiislamu yalisisitiza haki, ukarimu na kulinda familia kupitia Qur'an na Sharia. Maadili ya India (Uhindu, Ubuddha) yalisisitiza ahimsa (kutodhuru) na dharma. Maadili ya Kikristo ya Ulaya yalisisitiza upendo, msamaha na usawa mbele ya Mungu. Maadili ya Kitanzania yalisisitiza utu, ushirikiano na heshima kwa wazee. Pamoja na kufanana (ukarimu, heshima) yapo tofauti (umiliki wa mali, nafasi ya mtu binafsi), na mwingiliano ulitokea kwa biashara na dini.",Mfano: dhana ya ukarimu katika Uislamu (kumkaribisha mgeni) inaendana na utamaduni wa Kiswahili.,Tunaishi kwa amani na wenzetu wa dini na tamaduni tofauti kwa sababu ya heshima ya pamoja.,"Taja maadili mawili ya Kiislamu yaliyoingia pwani.::Ukarimu na haki.||Ni thamani ipi ni ya kawaida kwa mifumo yote?::Ukarimu na heshima kwa wazee (na familia).||Maadili yaliingiaje kutoka nje?::Kwa biashara, dini na mwingiliano wa kihistoria.",
2023-JSS048-Kidato V,Kumudu historia ya Tanzania na maadili kabla ya ukoloni,Kuhusianisha mapokeo ya mifumo ya kihistoria katika kuelezea maadili ya Kitanzania,Kujadili mabadiliko katika historia na maadili yaliyotokana na uhusiano wa kihistoria,Mabadiliko ya historia na maadili kutokana na uhusiano,13,Bunguabongo na Majadiliano,Kuwaongoza Wanafunzi,Mabadiliko katika historia na maadili yaliyotokana na uhusiano wa kihistoria yamejadiliwa kwa kina.,Matini|Chati ya mabadiliko ya kihistoria,"TET(2023), Muhtasari wa Historia ya Tanzania na Maadili Elimu ya Sekondari Kidato cha I-IV & Kidato cha V-VI, TET, DAR ES SALAAM","Mahusiano ya kihistoria yalisababisha mabadiliko ya kijamii, kiuchumi na kimaadili.","Mabadiliko chanya: kukua kwa Kiswahili, kuenea kwa Uislamu na Ukristo, ujuzi wa kilimo na uhunzi, miji mikubwa ya pwani na kubadilishana bidhaa. Mabadiliko hasi: biashara ya watumwa iliyodhoofisha maadili ya utu na kusababisha vita na kuvunja familia; kuingia kwa silaha za moto kulichochea vita vya kikabila; kuenea kwa ulevi; kudharauliwa kwa dini za jadi. Maadili ya kibiashara yalikua, lakini pia tamaa ya mali ilishika kasi.","Mfano: biashara ya watumwa ilifanya Ujiji na Bagamoyo kuwa vituo vya ukatili, ikilinganishwa na ukarimu wa awali.",Tunajifunza kuchambua mabadiliko kwa kuchukua mazuri na kuepuka mabaya.,Taja mabadiliko mazuri moja na mabaya moja kutokana na uhusiano wa kale.::Mazuri: kukua kwa Kiswahili; mabaya: biashara ya watumwa.||Silaha za moto zilichochea nini?::Vita vya kikabila.||Kwa nini biashara ya watumwa ilidhoofisha maadili?::Kwa sababu ilikiuka utu na kuvunja familia na jamii.,
2023-JSS048-Kidato V,Kumudu historia ya Tanzania na maadili kabla ya ukoloni,Kuhusianisha mapokeo ya mifumo ya kihistoria katika kuelezea maadili ya Kitanzania,Kuchambua matokeo ya mapokeo ya mifumo ya kihistoria na maadili ya Kitanzania kabla ya ukoloni,Matokeo ya mapokeo ya mifumo ya kihistoria na maadili,13,Maswali na majibu na Changanyakete,Kuwaongoza Wanafunzi,Matokeo ya mapokeo ya mifumo ya kihistoria na maadili ya Kitanzania kabla ya ukoloni yamechambuliwa kikamilifu.,Matini|Chati ya mifumo ya mapokeo na maadili,"TET(2023), Muhtasari wa Historia ya Tanzania na Maadili Elimu ya Sekondari Kidato cha I-IV & Kidato cha V-VI, TET, DAR ES SALAAM",Mapokeo ni mifumo iliyoingia na kupokelewa na jamii; huleta matokeo mbalimbali.,"Mapokeo ya kiuchumi (biashara, fedha), kisiasa (utawala wa masultani), kidini (Uislamu, Ukristo) na kijamii (mavazi, chakula) yaliathiri maadili. Matokeo ni kuibuka kwa jamii ya Waswahili yenye mchanganyiko wa Kiafrika na Kiarabu, kuenea kwa maadili ya dini mpya (huruma, uaminifu), kuimarika kwa mifumo ya utawala, lakini pia kuchanganyikiwa kwa maadili ya jadi, ubaguzi na mgawanyiko wa kidini au kikabila. Jamii nyingi ziliunganisha mapokeo hayo na maadili yao ya asili.",Mfano: sherehe za Idd na Krismasi huadhimishwa bega kwa bega na sherehe za jadi katika vijiji vingi.,Watanzania wengi wanaishi kwa maelewano kati ya dini na mila.,Taja mapokeo mawili yaliyoingia Tanzania kabla ya ukoloni.::Uislamu na Ukristo (au biashara ya masafa marefu).||Waswahili ni akina nani?::Jamii ya pwani yenye mchanganyiko wa utamaduni wa Kiafrika na wa Kiarabu.||Matokeo hasi moja ni yapi?::Ubaguzi au mgawanyiko wa kidini au kikabila.,
2023-JSS048-Kidato V,Kumudu historia ya Tanzania na maadili kabla ya ukoloni,Kuhusianisha mapokeo ya mifumo ya kihistoria katika kuelezea maadili ya Kitanzania,Kujadili mapokeo ya kidini na namna yalivyochangia katika kujenga maadili ya jamii za Kitanzania kabla ya ukoloni,Mapokeo ya kidini na maadili,13,Bunguabongo na Majadiliano,Kuwaongoza Wanafunzi,Mapokeo ya kidini na namna yalivyochangia katika kujenga maadili ya jamii za Kitanzania kabla ya ukoloni yamejadiliwa kwa kina.,Matini|Chati yenye kuonesha uhusiano wa mapokeo ya kidini na maadili,"TET(2023), Muhtasari wa Historia ya Tanzania na Maadili Elimu ya Sekondari Kidato cha I-IV & Kidato cha V-VI, TET, DAR ES SALAAM",Dini zimechangia sana kujenga maadili ya jamii za Kitanzania.,"Dini za jadi ziliamini Mungu mkuu, mizimu ya wahenga na maisha ya baada ya kifo; zilifundisha heshima kwa wazee, kutunza mazingira na kuepuka vitendo vibaya kwa hofu ya mizimu. Uislamu ulifika pwani karne ya 8-10 ukifundisha haki, sadaka, usafi na udugu. Ukristo ulienea kupitia wamisionari karne ya 19 ukifundisha upendo, msamaha, elimu na huduma za afya. Dini hizi zilijenga maadili ya kuvumiliana, kusaidiana na uadilifu. Changamoto: mgongano na desturi za jadi.",Mfano: shule na hospitali za kimisionari zilifundisha maadili ya huduma kwa jamii.,"Viongozi wa dini leo hushiriki kuhamasisha maadili, amani na umoja wa kitaifa.","Taja dini tatu zilizochangia maadili ya Kitanzania.::Dini za jadi, Uislamu na Ukristo.||Uislamu ulifika lini pwani ya Tanzania?::Karne ya 8-10 (kupitia biashara).||Dini zilifundisha maadili gani?::Upendo, msamaha, sadaka, uaminifu na heshima.",
2023-JSS048-Kidato V,"Kumudu historia ya Tanzania na maadili wakati wa ukoloni, 1890-1960",Kutathmini ukoloni kama nguvu laini (soft power) ya kujenga mwelekeo mpya wa jamii,Kueleza dhana ya ukoloni kama nguvu laini (soft power) na nguvu ngumu (hard power),Ukoloni kama nguvu laini na nguvu ngumu,25,Kisamafunzo na Tafakuri,Kuwaongoza Wanafunzi,Dhana ya ukoloni kama nguvu laini (soft power) na nguvu ngumu (hard power) imeelezwa kikamilifu.,Matini yenye kulezea ukoloni,"TET(2023), Muhtasari wa Historia ya Tanzania na Maadili Elimu ya Sekondari Kidato cha I-IV & Kidato cha V-VI, TET, DAR ES SALAAM",Wakoloni walitumia mikakati miwili ya kutawala: nguvu ngumu na nguvu laini.,"Nguvu ngumu (hard power) ni matumizi ya jeshi, silaha, vita, adhabu na kodi kwa kulazimisha utii. Nguvu laini (soft power) ni ushawishi kwa njia zisizo za kijeshi: elimu, dini, lugha, utamaduni, misaada, mikataba na propaganda; huwabadilisha watu kuridhia mfumo. Ukoloni ulianza mara nyingi kwa nguvu laini (wamisionari, wafanyabiashara na mikataba ya udanganyifu) kisha ukafuata nguvu ngumu wakati wenyeji wanapinga. Sifa za ukoloni ni utawala wa kigeni, unyonyaji wa kiuchumi, ubaguzi na utamaduni wa kigeni.",Mfano: mkataba wa udanganyifu wa Karl Peters na machifu (nguvu laini) ukafuatwa na vita vya Abushiri (nguvu ngumu).,Matangazo ya biashara na filamu za kigeni ni mifano ya nguvu laini ya leo.,"Tofautisha nguvu ngumu na nguvu laini.::Nguvu ngumu ni jeshi na kulazimisha; nguvu laini ni ushawishi kwa elimu, dini, utamaduni na mikataba.||Toa mfano wa nguvu laini ya kikoloni.::Elimu ya kimisionari au mikataba ya udanganyifu.||Taja sifa mbili za ukoloni.::Utawala wa kigeni na unyonyaji wa kiuchumi.",
2023-JSS048-Kidato V,"Kumudu historia ya Tanzania na maadili wakati wa ukoloni, 1890-1960",Kutathmini ukoloni kama nguvu laini (soft power) ya kujenga mwelekeo mpya wa jamii,Kueleza chimbuko la ukoloni na kuenea kwake Tanzania,Chimbuko la ukoloni na kuenea kwake Tanzania,25,Bunguabongo na Kisamafunzo,Kuwaongoza Wanafunzi,Chimbuko la ukoloni na kuenea kwake Tanzania limeelezwa kikamilifu.,Matini|Vitu halisi|Michoro/picha,"TET(2023), Muhtasari wa Historia ya Tanzania na Maadili Elimu ya Sekondari Kidato cha I-IV & Kidato cha V-VI, TET, DAR ES SALAAM","Ukoloni ulianza Ulaya kabla ya kuenea Afrika, ukiwemo Tanzania.","Chimbuko: Mapinduzi ya Viwanda, mahitaji ya malighafi na masoko, ushindani wa mataifa ya Ulaya, kukomesha biashara ya watumwa kama kisingizio, na shughuli za wamisionari na wagunduzi (Livingstone, Speke, Burton). Katika Tanzania, Karl Peters alisaini mikataba ya udanganyifu na machifu (1884), Kampuni ya Kijerumani ya Afrika Mashariki (DOAG) ilianza utawala 1885, Mkataba wa Heligoland (1890) uligawa maeneo kati ya Ujerumani na Uingereza. Ujerumani ilitawala Tanganyika hadi 1919; Uingereza ilichukua kwa uangalizi wa UNO. Zanzibar ikawa chini ya Uingereza 1890.",Mfano: wanafunzi huchora ramani ya mgawanyo wa Afrika Mashariki kabla na baada ya Mkataba wa Heligoland.,"Miji, barabara na reli za sasa zina asili ya mipango ya kikoloni.","Taja mmoja wa wagunduzi wa Kizungu waliopita Afrika Mashariki.::David Livingstone (au Speke, Burton).||Mkataba wa Heligoland ulifanyika mwaka gani?::1890.||Nani alikuwa mwakilishi wa Ujerumani aliyesaini mikataba na machifu?::Karl Peters.",
2023-JSS048-Kidato V,"Kumudu historia ya Tanzania na maadili wakati wa ukoloni, 1890-1960",Kutathmini ukoloni kama nguvu laini (soft power) ya kujenga mwelekeo mpya wa jamii,"Kuchambua athari za ukoloni kisiasa, kiuchumi, kijamii, kiutamaduni na maadili","Athari za ukoloni kisiasa, kiuchumi, kijamii, kiutamaduni na kimaadili",25,Majadiliano na Changanyakete,Kuwaongoza Wanafunzi,"Athari za ukoloni, kisiasa, kiuchumi, kijamii na kiutamaduni zimechambuliwa kwa kina.",Matini|Picha na takwimu,"TET(2023), Muhtasari wa Historia ya Tanzania na Maadili Elimu ya Sekondari Kidato cha I-IV & Kidato cha V-VI, TET, DAR ES SALAAM",Ukoloni uliacha athari za kudumu katika nyanja zote za maisha ya Watanzania.,"Kisiasa: mipaka ya kiholela, utawala usio wa kidemokrasia, kukandamiza uongozi wa jadi na kuunda mfumo wa akida na machifu wa kikoloni. Kiuchumi: unyonyaji wa malighafi, mazao ya biashara (mkonge, pamba, kahawa), kodi, kazi za shuruba, ujenzi wa reli na barabara zilizoelekezwa bandarini, kuanzishwa kwa pesa. Kijamii: elimu ya kimisionari, huduma chache za afya, ubaguzi wa rangi, mijini. Kiutamaduni: kudharauliwa kwa lugha na sanaa za jadi, kuenea kwa Kiingereza. Kimaadili: kupanda kwa ubinafsi, ubaguzi, utegemezi na kuvurugika kwa maadili ya jadi.",Mfano: Reli ya kati (Dar es Salaam-Kigoma) ilijengwa kuwezesha kusafirisha mazao na madini kuelekea bandarini.,Baadhi ya migogoro ya mipaka na utegemezi wa uchumi wa sasa una mizizi katika ukoloni.,Taja athari mbili za kiuchumi za ukoloni.::Unyonyaji wa malighafi na kodi/kazi za shuruba.||Athari moja ya kimaadili ni ipi?::Ubinafsi na ubaguzi (au utegemezi).||Reli ilijengwa kwa lengo gani wakati wa ukoloni?::Kusafirisha mazao na malighafi kuelekea bandarini.,
2023-JSS048-Kidato V,"Kumudu historia ya Tanzania na maadili wakati wa ukoloni, 1890-1960",Kutathmini ukoloni kama nguvu laini (soft power) ya kujenga mwelekeo mpya wa jamii,Kujadili uzalendo na ujasiri wa Watanzania waliopinga mfumo wa ukoloni na maadili ya utamaduni,Uzalendo na ujasiri wa waliopinga ukoloni,22,Bunguabongo na Majadiliano,Kuwaongoza Wanafunzi,Uzalendo na ujasiri Watanzania waliopinga mfumo kandamizi wa ukoloni umejadiliwa kwa kina.,Matini|Vitu halisi|Picha/ michoro|Vifaa vya TEHAMA|Filamu za harakati za ukombozi,"TET(2023), Muhtasari wa Historia ya Tanzania na Maadili Elimu ya Sekondari Kidato cha I-IV & Kidato cha V-VI, TET, DAR ES SALAAM",Watanzania wengi walijitolea kupinga ukoloni kwa uzalendo na ujasiri mkubwa.,"Abushiri bin Salim al-Harth aliongoza vita vya pwani (1888-1889); Chifu Mkwawa wa Wahehe aliwashinda Wajerumani Lugalo (1891) na alipendelea kujiua kuliko kukamatwa (1898); Mtemi Isike wa Unyanyembe, Mangi Meli wa Wachagga, Kinjikitile Ngwale na viongozi wa Maji Maji (1905-1907), Bibi Titi Mohammed, Julius Nyerere na Abeid Karume katika harakati za kisiasa. Ujasiri huo ulitokana na kupenda uhuru na kulinda utamaduni. Waliopinga waliteswa, kunyongwa na kufukuzwa. Tunawaenzi kwa makumbusho, siku ya mashujaa (25 Julai) na majina ya taasisi.",Mfano: kichwa cha Chifu Mkwawa kilirejeshwa kutoka Ujerumani 1954 na kuwekwa Kalenga.,Tunaenzi mashujaa kwa kutii sheria na kulinda amani ya taifa.,"Chifu Mkwawa alishinda vita gani mwaka 1891?::Vita vya Lugalo dhidi ya Wajerumani.||Siku ya Mashujaa nchini ni tarehe ngapi?::25 Julai.||Taja mashujaa wawili wa upinzani.::Abushiri na Mkwawa (au Mangi Meli, Kinjikitile).",
2023-JSS048-Kidato V,"Kumudu historia ya Tanzania na maadili wakati wa ukoloni, 1890-1960",Kuchambua mchango wa ukoloni katika mfumo wa maadili ya Kitanzania,Kueleza maadili na mfumo wa usimamizi uliojengwa wakati wa ukoloni,Maadili na mfumo wa usimamizi wakati wa ukoloni,22,Maswali na majibu na Tafakuri,Kuwaongoza Wanafunzi,Maadili na mfumo wa usimamizi uliojengwa wakati wa ukoloni vimeelezwa kikamilifu.,Matini,"TET(2023), Muhtasari wa Historia ya Tanzania na Maadili Elimu ya Sekondari Kidato cha I-IV & Kidato cha V-VI, TET, DAR ES SALAAM",Wakoloni walijenga mfumo wao wa maadili na utawala uliobadilisha wa jadi.,"Utawala wa Kijerumani ulitumia akida, jumbe na maofisa wa wilaya na adhabu ya viboko; Waingereza walitumia utawala usio wa moja kwa moja kupitia machifu, Mamlaka za Asili na mahakama za kikoloni. Maadili yaliyosisitizwa ni utii kwa mamlaka ya kikoloni, kufanya kazi kwa wakoloni, kulipa kodi, dini ya Kikristo na elimu ya kimisionari; wakati huo huo ubaguzi wa rangi uliweka Wazungu juu, Wahindi kati na Waafrika chini. Sheria za kikoloni zilipuuza haki za jadi.",Mfano: mahakama za wilaya zilitumia sheria za Kiingereza kwa Wazungu na sheria za jadi zilizobadilishwa kwa Waafrika.,Mfumo wa sheria wa leo una mabaki ya sheria za kikoloni.,"Utawala usio wa moja kwa moja ni upi?::Kutawala kupitia viongozi wa jadi wa wenyeji.||Taja maadili mawili yaliyosisitizwa na wakoloni.::Utii kwa mamlaka na kulipa kodi.||Ubaguzi wa rangi uliwekaje matabaka?::Wazungu juu, Wahindi kati, Waafrika chini.",
2023-JSS048-Kidato V,"Kumudu historia ya Tanzania na maadili wakati wa ukoloni, 1890-1960",Kuchambua mchango wa ukoloni katika mfumo wa maadili ya Kitanzania,Kuhusianisha maadili yaliyojengwa kabla ya ukoloni na yale ya wakati wa ukoloni,Kuhusianisha maadili ya kabla na wakati wa ukoloni,22,Bunguabongo na Changanyakete,Kuwaongoza Wanafunzi,Maadili yaliyojengwa kabla ya ukoloni na yale ya wakati wa ukoloni yamehusianishwa kwa usahihi.,Matini|Chati yenye kuonesha uhusiano wa maadili ya kabla na wakati wa ukoloni,"TET(2023), Muhtasari wa Historia ya Tanzania na Maadili Elimu ya Sekondari Kidato cha I-IV & Kidato cha V-VI, TET, DAR ES SALAAM",Kulinganisha maadili ya vipindi viwili hukuonesha yaliyoendelea na yaliyobadilika.,"Kabla ya ukoloni: maadili yalitokana na jamii (ushirikiano, usawa wa kimila, ukarimu, mali ya pamoja). Wakati wa ukoloni: ubinafsi wa kiuchumi, ubaguzi wa rangi, utii wa lazima na utamaduni wa kigeni. Yaliyoendelea: heshima kwa wazee, familia, lugha za mama, sherehe. Yaliyobadilika: uongozi kutoka kwa wazee hadi maofisa wa kikoloni, mali kutoka ya pamoja hadi ya mtu binafsi (mashamba makubwa), na elimu kutoka jando hadi shule ya kimisionari.",Mfano: jedwali la kulinganisha 'Ardhi: mali ya jamii (kabla) dhidi ya mashamba ya walowezi (wakati wa ukoloni)'.,Kulinganisha huku hutusaidia kujiuliza ni maadili gani ya jadi tuyalinde leo.,Taja maadili mawili yaliyoendelea hadi wakati wa ukoloni.::Heshima kwa wazee na lugha za mama.||Ardhi ilibadilika vipi wakati wa ukoloni?::Kutoka mali ya jamii hadi mashamba makubwa ya walowezi.||Elimu ilibadilika vipi?::Kutoka jando na mafunzo ya jadi hadi shule za kimisionari.,
2023-JSS048-Kidato V,"Kumudu historia ya Tanzania na maadili wakati wa ukoloni, 1890-1960",Kuchambua mchango wa ukoloni katika mfumo wa maadili ya Kitanzania,Kuchambua athari za ukoloni katika mfumo wa maadili ya Kitanzania,Athari za ukoloni katika mfumo wa maadili ya Kitanzania,22,Maswali na majibu na Majadiliano,Kuwaongoza Wanafunzi,Athari za ukoloni katika mfumo wa maadili ya Kitanzania zimechambuliwa kwa kina.,Matini|Picha/ michoro|Vitu halisi,"TET(2023), Muhtasari wa Historia ya Tanzania na Maadili Elimu ya Sekondari Kidato cha I-IV & Kidato cha V-VI, TET, DAR ES SALAAM",Ukoloni ulibadilisha kwa kina mfumo wa maadili ya Watanzania.,"Athari hasi: dharau kwa tamaduni na lugha za asili, ubaguzi wa kikabila na rangi, ubinafsi na tamaa ya mali, kuvunjika kwa familia kutokana na uhamiaji wa wafanyakazi, kutegemea wageni na kupoteza kujiamini. Athari chanya: elimu ya kisasa iliyoleta ujuzi, dini zilizoleta maadili ya huruma, umoja wa taifa uliozaliwa dhidi ya ukoloni, na Kiswahili kilichokua kama lugha ya taifa. Baada ya uhuru taifa lilijaribu kurejesha maadili kupitia Azimio la Arusha, Ujamaa na Elimu ya Kujitegemea.",Mfano: kujali lugha za kigeni kuliko Kiswahili ni mabaki ya dharau ya kikoloni.,Kwa kutumia Kiswahili na kulinda mila njema tunapunguza athari za ukoloni.,"Taja athari mbili hasi za ukoloni kwa maadili.::Dharau kwa utamaduni na ubaguzi.||Taja athari moja chanya.::Elimu ya kisasa (au umoja wa taifa).||Baada ya uhuru taifa lilirejeshaje maadili?::Kwa Azimio la Arusha, Ujamaa na Elimu ya Kujitegemea.",
2023-JSS048-Kidato V,Kufanya kazi mradi ya historia ya Tanzania na maadili,Kufanya kazi mradi ya historia ya Tanzania na maadili,"Bainisha changamoto yoyote ya kihistoria iliyopo katika jamii, kisha andaa kazi mradi ili kupata ufumbuzi.",Kazi mradi: changamoto ya kihistoria katika jamii,22,Kazi mradi,Kuwaongoza Wanafunzi,"Changamoto ya historia au maadili imebainishwa, mpango wa kutekeleza kazi mradi umeandaliwa.",Zana vifaa mbalimbali vinavyohusiana na kazi mradi,"TET(2023), Muhtasari wa Historia ya Tanzania na Maadili Elimu ya Sekondari Kidato cha I-IV & Kidato cha V-VI, TET, DAR ES SALAAM",Kazi mradi ni utafiti wa vitendo unaomwezesha mwanafunzi kutumia maarifa ya historia na maadili kutatua tatizo halisi katika jamii.,"Hatua ni kubaini changamoto ya kihistoria au kimaadili katika jamii (mfano kupotea kwa historia ya kijiji, uharibifu wa eneo la urithi au dharau ya mila), kuandaa pendekezo (kichwa, tatizo, malengo, maswali, mbinu, ratiba, bajeti), kukusanya taarifa kwa mahojiano, dodoso, uchunguzi na nyaraka, kuchambua, kuandika ripoti na kupendekeza ufumbuzi. Kazi huanza Kidato cha V na kukamilishwa VI. Maadili ya utafiti (idhini, usiri, ukweli) lazima yafuatwe.",Mfano: kikundi kinachoandika historia ya kijiji chao kwa mahojiano na wazee na kuwasilisha kwa uongozi wa kijiji.,Ujuzi huu unasaidia katika kazi za baadaye za utafiti na kutatua matatizo ya jamii.,"Taja hatua tatu za kuandaa kazi mradi.::Kubaini tatizo, kuandaa pendekezo na kukusanya taarifa.||Kazi mradi huanza na kukamilika kidato gani?::Huanza Kidato cha V na kukamilika Kidato cha VI.||Maadili ya utafiti ni yapi?::Kupata idhini, kutunza siri na kuwa mkweli.",
2023-JSS048-Kidato VI,Kumudu historia ya ujenzi wa taifa na maadili yake katika kipindi cha 1961-1966,Kumudu chimbuko la ukoloni mamboleo,Kueleza dhana na chimbuko la ukoloni mamboleo,Dhana na chimbuko la ukoloni mamboleo,15,Bunguabongo na Fikiri-andika-jozisha-shirikisha,Kuwaongoza Wanafunzi,Dhana na chimbuko la ukoloni mamboleo vimeelezwa kwa usahihi.,Matini vifaa vya TEHEMA kama flashi|Kompyuta na TV zenye hotuba na maudhui ya ukoloni maombaleo,"TET(2023), Muhtasari wa Historia ya Tanzania na Maadili Elimu ya Sekondari Kidato cha I-IV & Kidato cha V-VI, TET, DAR ES SALAAM","Ukoloni mamboleo (neo-colonialism) ni hali ambapo taifa lililopata uhuru wa kisiasa bado linadhibitiwa kiuchumi na kiutamaduni na mataifa yenye nguvu, bila utawala wa moja kwa moja.","Chimbuko lake ni kuendelea kwa uhusiano wa kiuchumi wa kikoloni baada ya uhuru: mataifa makubwa na makampuni ya kimataifa yaliendelea kudhibiti masoko, mitaji, teknolojia na bei za malighafi za nchi changa. Njia zake ni mikopo yenye masharti magumu kutoka IMF na Benki ya Dunia, kutegemea misaada, mikataba ya kibiashara isiyo sawa, uwekezaji wa makampuni ya kimataifa yanayochukua faida nje ya nchi, na mikataba ya kijeshi. Kwame Nkrumah aliandika kitabu 'Neo-Colonialism: The Last Stage of Imperialism' (1965) kueleza dhana hii.",Mfano: nchi zinazouza malighafi kwa bei ndogo kisha kununua bidhaa za viwandani kwa bei kubwa kutoka kwa nchi zilizoendelea.,Kununua bidhaa ghafi kutoka nje badala ya kutengeneza za ndani ni onyesho la utegemezi wa kiuchumi.,Ukoloni mamboleo ni nini?::Ni hali ya taifa huru kudhibitiwa kiuchumi na kiutamaduni na mataifa yenye nguvu bila utawala wa moja kwa moja.||Nani aliandika kuhusu ukoloni mamboleo mwaka 1965?::Kwame Nkrumah.||Taja njia mbili za ukoloni mamboleo.::Mikopo yenye masharti magumu na mikataba ya kibiashara isiyo sawa.,
2023-JSS048-Kidato VI,Kumudu historia ya ujenzi wa taifa na maadili yake katika kipindi cha 1961-1966,Kumudu chimbuko la ukoloni mamboleo,"Kuchambua athari za ukoloni mamboleo kwa Tanzania kiuchumi, kisiasa, kijamii kiutamaduni na kimaadili",Athari za ukoloni mamboleo kwa Tanzania,15,Changanyakete na Majadiliano,Kuwaongoza Wanafunzi,"Athari za ukoloni mamboleo kwa Tanzania kiuchumi, kisiasa, kijamii kiutamaduni na kimaadili vimechambuliwa kwa kina.",Matini|Chati inayo onesha athari za ukoloni mamboleo. Magazeti|Makala|Vifaa vya TEHAMA vinavyoelezea hotuba za watu mbalimbali kuhusu ukoloni mamboleo,"TET(2023), Muhtasari wa Historia ya Tanzania na Maadili Elimu ya Sekondari Kidato cha I-IV & Kidato cha V-VI, TET, DAR ES SALAAM",Ukoloni mamboleo umeacha athari katika nyanja mbalimbali za maisha ya Tanzania.,"Kiuchumi: utegemezi wa misaada na mikopo, uuzaji wa malighafi bila kuongeza thamani, deni la taifa na uwekezaji wa kigeni unaotoa faida nje. Kisiasa: shinikizo la masharti ya kisiasa kutoka wahisani, mfumo wa vyama unaoathiriwa na fedha za nje. Kijamii: pengo kati ya matajiri na maskini. Kiutamaduni: kuenea kwa mtindo wa maisha wa nje kupitia vyombo vya habari na mitandao, kudharau bidhaa na lugha za ndani. Kimaadili: ubinafsi na tamaa ya mali kwa kuiga tamaduni za nje bila tathmini.",Mfano: Tanzania ikiwa inauza pamba ghafi na kununua nguo za bei ghali kutoka nje badala ya kuzitengeneza yenyewe.,Kuchagua kununua bidhaa za ndani (Made in Tanzania) ni njia ya kupambana na athari hizi.,Taja athari mbili za kiuchumi za ukoloni mamboleo.::Utegemezi wa misaada/mikopo na kuuza malighafi bila kuongeza thamani.||Athari moja ya kiutamaduni ni ipi?::Kuiga mtindo wa maisha wa nje na kudharau bidhaa za ndani.||Deni la taifa linahusianaje na ukoloni mamboleo?::Hutokea kwa kutegemea mikopo yenye masharti magumu kutoka nje.,
2023-JSS048-Kidato VI,Kumudu historia ya ujenzi wa taifa na maadili yake katika kipindi cha 1961-1966,Kumudu chimbuko la ukoloni mamboleo,Kutathmini mikakati ya kitaifa katika kupambana na ukoloni mamboleo,Mikakati ya kitaifa dhidi ya ukoloni mamboleo,15,Mtaalamu mualikwa na Tafakuri,Kuwaongoza Wanafunzi,Mikakati ya kitaifa katika kupambana na ukoloni mamboleo imetathminiwa kwa kina.,Matini|Chati inayoonesha mikakati ya kupambana na ukoloni mamboleo -vifaa vya TEHAMA vinavyoelezea mapambano ya ukoloni mamboleo,"TET(2023), Muhtasari wa Historia ya Tanzania na Maadili Elimu ya Sekondari Kidato cha I-IV & Kidato cha V-VI, TET, DAR ES SALAAM",Tanzania imechukua hatua mbalimbali kupunguza utegemezi na kujenga uchumi imara.,"Mikakati ni kuongeza thamani ya malighafi kabla ya kuuza nje (viwanda vya kusindika), kuimarisha viwanda vya ndani (Tanzania ya Viwanda), kudhibiti mikataba ya uwekezaji ili kunufaisha taifa, kupunguza utegemezi wa misaada kwa kuongeza mapato ya ndani, kukuza biashara ya kikanda (EAC, SADC), kuwekeza katika elimu na teknolojia, kutunga sera za maudhui ya ndani (local content) katika sekta ya madini na mafuta, na kuimarisha maadili ya kizalendo na matumizi ya bidhaa za ndani.",Mfano: Sera ya Maudhui ya Ndani inayotaka makampuni ya gesi na madini kutumia bidhaa na ajira za Kitanzania.,Kuunga mkono viwanda vya ndani kwa kununua mazao yaliyosindikwa Tanzania ni mchango wa kila mwananchi.,Taja mkakati mmoja wa kupambana na ukoloni mamboleo.::Kuongeza thamani ya malighafi kabla ya kuuza nje (au kuimarisha viwanda vya ndani).||Sera ya Maudhui ya Ndani inalenga nini?::Kuhakikisha makampuni ya uwekezaji yanatumia bidhaa na ajira za ndani.||Kwa nini kuimarisha biashara ya kikanda ni muhimu?::Hupunguza utegemezi wa masoko na mitaji ya nje.,
2023-JSS048-Kidato VI,Kumudu historia ya ujenzi wa taifa na maadili yake katika kipindi cha 1961-1966,Kutathmini mabadiliko ya mifumo ya ulinzi na usalama wa taifa,Kueleza chimbuko la mifumo ya ulinzi na usalama wa taifa,Chimbuko la mifumo ya ulinzi na usalama wa taifa,20,Mtaalamu mualikwa na Maswali na majibu,Kuwaongoza Wanafunzi,Chimbuko la mifumo ya ulinzi na usalama wa taifa limeelezwa kwa usahihi.,Matini|Chati|Vifaa vya TEHAMA kama flashi yenye kuonesha hotuba za viongozi na magazeti,"TET(2023), Muhtasari wa Historia ya Tanzania na Maadili Elimu ya Sekondari Kidato cha I-IV & Kidato cha V-VI, TET, DAR ES SALAAM",Mifumo ya ulinzi na usalama ni muhimu kwa uhuru na maendeleo ya taifa; ilijengwa hatua kwa hatua tangu uhuru.,"Kabla ya uhuru, ulinzi ulikuwa mikononi mwa jeshi la kikoloni (King's African Rifles). Baada ya uasi wa Januari 1964, serikali ilivunja jeshi la zamani na kuanzisha Jeshi la Wananchi wa Tanzania (JWTZ) lililojumuisha uzalendo na maadili ya kitaifa. Vyombo vingine ni Polisi, Usalama wa Taifa, Magereza na Zimamoto. Baada ya Muungano, ulinzi ukawa jambo la Muungano linalosimamiwa na Amiri Jeshi Mkuu (Rais). Sheria na Katiba zilianzisha wajibu wa kulinda mipaka, amani ya ndani na kusaidia majanga.",Mfano: JWTZ ilianzishwa rasmi mwaka 1964 baada ya uasi wa jeshi la kikoloni la zamani.,Jeshi la Kujenga Taifa (JKT) huchangia malezi ya uzalendo kwa vijana wanaomaliza shule.,"JWTZ ilianzishwa lini na kwa nini?::1964, baada ya uasi wa jeshi la zamani la kikoloni.||Nani ni Amiri Jeshi Mkuu?::Rais wa Jamhuri ya Muungano wa Tanzania.||Taja vyombo viwili vya ulinzi na usalama.::JWTZ na Polisi (au Usalama wa Taifa).",
2023-JSS048-Kidato VI,Kumudu historia ya ujenzi wa taifa na maadili yake katika kipindi cha 1961-1966,Kutathmini mabadiliko ya mifumo ya ulinzi na usalama wa taifa,Kuchambua hatua za mabadiliko ya mifumo ya ulinzi na usalama wa taifa baada ya uhuru,Mabadiliko ya mifumo ya ulinzi baada ya uhuru,20,Changanyakete na Tafakuri,Kuwaongoza Wanafunzi,Hatua za mabadiliko ya mifumo ya ulinzi na usalama wa taifa baada ya uhuru zimechambuliwa kwa kina.,Matini|Chati|Vifaa vya TEHAMA kama flashi yenye kuonesha hotuba za viongozi na magazeti,"TET(2023), Muhtasari wa Historia ya Tanzania na Maadili Elimu ya Sekondari Kidato cha I-IV & Kidato cha V-VI, TET, DAR ES SALAAM",Mifumo ya ulinzi na usalama imepitia mabadiliko makubwa tangu uhuru ili kukidhi mahitaji ya wakati.,"Mabadiliko ni kuundwa kwa JWTZ (1964) badala ya jeshi la kikoloni, kuanzishwa kwa Jeshi la Kujenga Taifa (JKT, 1963) kwa mafunzo ya uzalendo, kuimarishwa kwa Idara ya Usalama wa Taifa, mageuzi ya Jeshi la Polisi kuwa la kisasa zaidi (teknolojia, mafunzo ya haki za binadamu), ushirikiano wa kikanda na kimataifa (misheni za amani za Umoja wa Mataifa), na kuongezwa kwa vyombo vya kudhibiti majanga na uhalifu wa mtandao. Mabadiliko haya yalilenga kulinda uhuru, amani na maendeleo.",Mfano: Tanzania hupeleka majeshi yake katika misheni za ulinzi wa amani za Umoja wa Mataifa DRC na Darfur.,Wanajeshi wa Tanzania wanaoshiriki misheni za amani huinua heshima ya taifa duniani.,"JKT ilianzishwa lini?::1963.||Taja mabadiliko mawili ya mifumo ya ulinzi baada ya uhuru.::Kuanzishwa kwa JWTZ na kushiriki misheni za amani za Umoja wa Mataifa.||Kwa nini Polisi walihitaji mageuzi?::Kuboresha huduma, teknolojia na kuheshimu haki za binadamu.",
2023-JSS048-Kidato VI,Kumudu historia ya ujenzi wa taifa na maadili yake katika kipindi cha 1961-1966,Kutathmini mabadiliko ya mifumo ya ulinzi na usalama wa taifa,Kutathmini nafasi ya maadili katika kujenga mifumo imara ya ulinzi na usalama wa taifa,Nafasi ya maadili katika ulinzi na usalama,20,Bunguabongo na Majadiliano,Kuwaongoza Wanafunzi,Nafasi ya maadili katika kujenga mifumo imara ya ulinzi na usalama wa taifa imetathminiwa kwa kina.,Matini|Chati ya uhusiano kati ya maadili na mifumo ya ulinzi na usalama,"TET(2023), Muhtasari wa Historia ya Tanzania na Maadili Elimu ya Sekondari Kidato cha I-IV & Kidato cha V-VI, TET, DAR ES SALAAM",Maadili ni msingi muhimu wa kuwa na mifumo imara ya ulinzi na usalama wa taifa.,"Uadilifu, uzalendo, nidhamu, uwajibikaji na utii wa amri huwafanya wanajeshi na polisi kutekeleza wajibu wao kwa haki bila kuonea wananchi. Maadili huzuia matumizi mabaya ya silaha na madaraka, rushwa katika vyombo vya ulinzi, na kukiuka haki za binadamu. Mafunzo ya maadili na sheria za kimataifa za haki za binadamu hujumuishwa katika mafunzo ya kijeshi na kipolisi. Uzalendo huwafanya walinzi kujitolea hata kwa hatari ya maisha yao kwa ajili ya taifa.",Mfano: Kanuni za maadili za JWTZ zinasisitiza kulinda raia badala ya kuwaonea wakati wa operesheni.,Askari mwadilifu anayemsaidia mwananchi badala ya kudai rushwa anaonesha maadili haya.,"Taja maadili matatu muhimu kwa vyombo vya ulinzi.::Uadilifu, nidhamu na uzalendo.||Maadili yanazuiaje matumizi mabaya ya madaraka?::Kwa kuwafanya watumishi kuwajibika na kuheshimu sheria na haki za binadamu.||Kwa nini uzalendo ni muhimu kwa askari?::Huwafanya wajitolee kulinda taifa hata kwa hatari kubwa.",
2023-JSS048-Kidato VI,Kumudu historia ya ujenzi wa taifa na maadili yake katika kipindi cha 1961-1966,Kutathmini mabadiliko ya mifumo ya ulinzi na usalama wa taifa,Kujadili umuhimu wa wananchi kushiriki katika shughuli za ulinzi na usalama,Umuhimu wa wananchi kushiriki ulinzi na usalama,20,Maswali na majibu na Kisamafunzo,Kuwaongoza Wanafunzi,Umuhimu wa wananchi kushiriki katika shughuli za ulinzi na usalama umejadiliwa kwa kina.,Matini|Magazeti na nyaraka,"TET(2023), Muhtasari wa Historia ya Tanzania na Maadili Elimu ya Sekondari Kidato cha I-IV & Kidato cha V-VI, TET, DAR ES SALAAM",Ulinzi na usalama sio jukumu la vyombo vya dola pekee; wananchi wana wajibu wa kushiriki.,"Wananchi hushiriki kupitia ulinzi shirikishi wa jamii (mfano vikosi vya ulinzi wa mtaa - sungusungu, walinzi wa jadi), kutoa taarifa za uhalifu kwa polisi, kuhudhuria mikutano ya usalama wa mtaa, kulinda mali za umma na taasisi, kuepuka vitendo vya uhalifu na kuunga mkono sheria. Ushirikiano huu huimarisha ulinzi shirikishi (community policing), hupunguza uhalifu na kuokoa gharama za dola. Elimu ya uzalendo na uraia huwahamasisha wananchi kutimiza wajibu huu.",Mfano: kikundi cha sungusungu vijijini hufanya doria za usiku kulinda mifugo na mali za wanakijiji.,Kuripoti tabia za kutiliwa shaka mtaani au shuleni ni mfano wa kushiriki katika usalama wa jamii.,Taja njia mbili wananchi wanavyoshiriki ulinzi na usalama.::Kutoa taarifa za uhalifu na kushiriki ulinzi wa mtaa (sungusungu).||Ulinzi shirikishi ni nini?::Ushirikiano kati ya jamii na vyombo vya dola katika kudhibiti uhalifu.||Kwa nini ushiriki wa wananchi ni muhimu?::Hupunguza uhalifu na kupunguza gharama za ulinzi kwa dola.,
2023-JSS048-Kidato VI,Kumudu historia ya ujenzi wa taifa na maadili yake katika kipindi cha 1961-1966,Kuchambua visababishi vya mabadiliko ya sera ya mambo ya nje na uhusiano ya kimataifa,Kueleza chimbuko na misingi ya Sera ya mambo ya nje ya Jamhuri ya Muungano wa Tanzania,Chimbuko na misingi ya Sera ya Mambo ya Nje,15,Changanyakete,Kuwaongoza Wanafunzi,Chimbuko na misingi ya sera ya mambo ya nje ya Jamhuri ya Muungano wa Tanzania imeelezwa kikamilifu.,Matini|Sera za mambo ya nje za Jamhuri ya Muungano wa Tanzania,"TET(2023), Muhtasari wa Historia ya Tanzania na Maadili Elimu ya Sekondari Kidato cha I-IV & Kidato cha V-VI, TET, DAR ES SALAAM",Sera ya Mambo ya Nje huongoza namna Tanzania inavyohusiana na mataifa mengine na mashirika ya kimataifa.,"Chimbuko lake ni hitaji la kulinda uhuru mpya uliopatikana 1961, kujenga mahusiano ya kirafiki na mataifa yote, na kuchangia ukombozi wa Afrika. Misingi yake ni kutokujiingiza katika kambi za madola (nonalignment) wakati wa Vita Baridi, kuheshimu usawa wa mataifa, kutoingilia mambo ya ndani ya nchi nyingine, kushirikiana kiuchumi na kidiplomasia, kuunga mkono amani na haki, na kusaidia harakati za ukombozi wa Afrika. Sera hii iliongozwa na falsafa ya Ujamaa na Azimio la Arusha.","Mfano: Tanzania haikujiunga na kambi ya Magharibi wala ya Mashariki wakati wa Vita Baridi, ikawa mwanachama wa Nchi Zisizofungamana na Upande Wowote.",Balozi za Tanzania duniani zinatekeleza misingi hii kwa kujenga mahusiano na nchi mbalimbali.,Sera ya Mambo ya Nje ni nini?::Ni mwongozo wa namna Tanzania inavyohusiana na mataifa na mashirika ya nje.||Taja msingi mmoja wa Sera ya Mambo ya Nje ya Tanzania.::Kutokujiingiza katika kambi za madola (nonalignment).||Sera hii iliongozwa na falsafa gani?::Ujamaa na Azimio la Arusha.,
2023-JSS048-Kidato VI,Kumudu historia ya ujenzi wa taifa na maadili yake katika kipindi cha 1961-1966,Kuchambua visababishi vya mabadiliko ya sera ya mambo ya nje na uhusiano ya kimataifa,Kujadili mabadiliko ya Sera ya mambo ya nje na uhusiano wa kimataifa tangu 1964,Mabadiliko ya Sera ya Mambo ya Nje tangu 1964,15,Bunguabongo na Majadiliano,Kuwaongoza Wanafunzi,Mabadiliko ya sera ya mambo ya nje na uhusiano wa kimataifa tangu 1964 yamejadiliwa kwa kina.,Matini|Sera mbalimbali za mambo ya nje za Jamhuri ya Muungano wa Tanzania,"TET(2023), Muhtasari wa Historia ya Tanzania na Maadili Elimu ya Sekondari Kidato cha I-IV & Kidato cha V-VI, TET, DAR ES SALAAM",Sera ya Mambo ya Nje ya Tanzania imebadilika kufuatana na mazingira ya ndani na ya kimataifa.,"Kipindi cha 1964-1985: msisitizo wa ukombozi wa Afrika, msaada kwa vyama vya ukombozi (ANC, FRELIMO, ZANU) na kutofungamana. Kipindi cha 1986 hadi sasa: mabadiliko kuelekea diplomasia ya kiuchumi, kuvutia uwekezaji, ushirikiano wa kikanda (EAC, SADC), mapambano dhidi ya ugaidi na uhalifu wa kimataifa, na ushirikiano wa kimataifa katika mabadiliko ya tabianchi na afya. Sera imeendelea kusisitiza amani, usawa na maslahi ya taifa, lakini kwa mkazo zaidi wa kiuchumi.",Mfano: kuanzishwa kwa 'diplomasia ya uchumi' miaka ya 2000 kulenga kuvutia wawekezaji na watalii kupitia balozi.,Ubalozi wa Tanzania nje sasa unahamasisha wawekezaji zaidi kuliko awali.,"Taja mkazo wa Sera ya Mambo ya Nje kipindi cha 1964-1985.::Ukombozi wa Afrika na kutofungamana.||Diplomasia ya uchumi ni nini?::Mkakati wa kutumia balozi kuvutia uwekezaji, biashara na utalii.||Sera imeendelea kusisitiza nini licha ya mabadiliko?::Amani, usawa na maslahi ya taifa.",
2023-JSS048-Kidato VI,Kumudu historia ya ujenzi wa taifa na maadili yake katika kipindi cha 1961-1966,Kuchambua visababishi vya mabadiliko ya sera ya mambo ya nje na uhusiano ya kimataifa,Kuchambua nafasi ya Sera ya mambo ya nje na uhusiano wa kimataifa katika kudumisha na kulinda maadili ya Kitanzania,Sera ya Mambo ya Nje na ulinzi wa maadili,15,Kisamafunzo na Fikiri-andika-jozisha-shirikisha,Kuwaongoza Wanafunzi,Nafasi ya Sera ya mambo ya nje na uhusiano wa kimataifa katika kudumisha na kulinda maadili ya Kitanzania imechambuliwa kwa kina.,Matini|Chati kuonesha maadili na misingi ya Sera ya mambo ya nje|Matini yenye sera ya mambo ya nje,"TET(2023), Muhtasari wa Historia ya Tanzania na Maadili Elimu ya Sekondari Kidato cha I-IV & Kidato cha V-VI, TET, DAR ES SALAAM",Sera ya Mambo ya Nje ina nafasi ya kudumisha na kulinda maadili ya Kitanzania katika uhusiano wa kimataifa.,"Sera hii inasisitiza heshima ya utu, usawa wa mataifa, kutotumia nguvu, kuunga mkono amani na haki za binadamu duniani. Kupitia sera hii Tanzania imejijengea heshima kama nchi ya amani na msuluhishi wa migogoro (mfano Burundi, Msumbiji). Mahusiano ya kimataifa yanatakiwa yalinde utu na kutoathiri utamaduni wa taifa; mikataba ya kimataifa inapaswa isivunje maadili ya taifa. Diplomasia inasaidia kueneza Kiswahili na utamaduni wa Kitanzania nje.",Mfano: Tanzania iliongoza mazungumzo ya amani ya Burundi (Mwalimu Nyerere na baadaye viongozi wengine) kwa msingi wa maadili ya haki na amani.,Wanadiplomasia wa Tanzania hueneza sifa njema ya nchi kwa tabia zao njema nje ya nchi.,"Sera ya Mambo ya Nje inalindaje maadili?::Kwa kusisitiza heshima ya utu, usawa na kutotumia nguvu katika mahusiano ya kimataifa.||Toa mfano wa Tanzania kutumia maadili kusuluhisha mgogoro.::Mazungumzo ya amani ya Burundi.||Diplomasia husaidiaje kueneza utamaduni?::Kwa kusambaza Kiswahili na tamaduni za Kitanzania nje ya nchi.",
2023-JSS048-Kidato VI,Kumudu historia ya ujenzi wa taifa na maadili yake katika kipindi cha 1961-1966,"Kutathmini mchango wa Mapinduzi Matukufu ya Zanzibar katika kudumisha uhuru, umoja, na amani ya kitaifa.",Kueleza falsafa ya Mapinduzi Matukufu ya Zanzibar,Falsafa ya Mapinduzi Matukufu ya Zanzibar,11,Kisamafunzo,Kuwaongoza Wanafunzi,Falsafa ya Mapinduzi Matukufu ya Zanzibar imeelezwa kikamilifu.,Matini yenye matukio ya falsafa ya mapinduzi matukufu ya Zanzibar|Vifaa vya TEHAMA kama flashi|Kompyuta na TV vinavyoonesha matukio ya mapinduzi ya Zanzibar,"TET(2023), Muhtasari wa Historia ya Tanzania na Maadili Elimu ya Sekondari Kidato cha I-IV & Kidato cha V-VI, TET, DAR ES SALAAM",Mapinduzi ya Zanzibar ya 1964 yalikuwa na falsafa iliyoongoza malengo yake makuu.,"Falsafa ilikuwa kuondoa ubaguzi wa rangi na kitabaka uliojengwa na utawala wa Kisultani na Waingereza, kurudisha ardhi na haki kwa Waafrika waliokandamizwa, kujenga usawa wa fursa katika elimu, ardhi na ajira, na kuleta uhuru kamili wa kiuchumi na kisiasa kwa wananchi wote wa Zanzibar bila kujali rangi au asili. Falsafa hii ilijikita katika maadili ya haki, usawa na utu, ikiwa sehemu ya wimbi kubwa la ukombozi wa Kiafrika barani.","Mfano: baada ya mapinduzi, ardhi kubwa iliyokuwa mikononi mwa walowezi wachache ilirudishwa kwa wakulima wadogo.",Kanuni ya usawa inayotokana na falsafa hii inaonekana katika elimu bure ya Zanzibar leo.,"Falsafa kuu ya Mapinduzi ya Zanzibar ilikuwa nini?::Kuondoa ubaguzi wa rangi na kitabaka na kuleta usawa na haki kwa wote.||Nani walikandamizwa chini ya utawala wa Kisultani?::Waafrika wa Zanzibar.||Falsafa hii ilijikita katika maadili gani?::Haki, usawa na utu.",
2023-JSS048-Kidato VI,Kumudu historia ya ujenzi wa taifa na maadili yake katika kipindi cha 1961-1966,"Kutathmini mchango wa Mapinduzi Matukufu ya Zanzibar katika kudumisha uhuru, umoja, na amani ya kitaifa.","Kujadili mchango wa Mapinduzi Matukufu ya Zanzibar katika kudumisha uhuru, umoja na amani ya kitaifa","Mchango wa Mapinduzi katika uhuru, umoja na amani",11,Bunguabongo na Majadiliano,Kuwaongoza Wanafunzi,"Mchango wa Mapinduzi Matukufu ya Zanzibar katika kudumisha uhuru, umoja na amani ya kitaifa umejadiliwa kwa kina.",Matini yenye matukio ya falsafa ya mapinduzi matukufu ya Zanzibar|Vifaa vya TEHAMA kama flashi|Kompyuta na TV vinavyoonesha matukio ya mapinduzi ya Zanzibar,"TET(2023), Muhtasari wa Historia ya Tanzania na Maadili Elimu ya Sekondari Kidato cha I-IV & Kidato cha V-VI, TET, DAR ES SALAAM","Mapinduzi Matukufu yalitoa mchango mkubwa katika kuimarisha uhuru, umoja na amani ya taifa.","Yalikamilisha uhuru wa kweli wa Zanzibar kwa kuondoa mabaki ya ubaguzi wa kikoloni na kisultani, yalileta umoja kwa kuunganisha makundi yote ya jamii (Waafrika, Washirazi, Waarabu waliobaki) chini ya usawa, na yalisababisha Muungano na Tanganyika (Aprili 1964) uliojenga amani na usalama wa pamoja wa eneo. Serikali ya Mapinduzi ilijenga miundombinu ya jamii, ilitoa elimu na afya bure vilivyoongeza fursa kwa watu wote, na kuimarisha utulivu wa kisiasa wa Visiwani.","Mfano: elimu bure ilianzishwa Zanzibar mara baada ya Mapinduzi, ikiwawezesha watoto wa kawaida kusoma.",Amani ya sasa ya Zanzibar na Muungano ni matunda ya misingi iliyowekwa na Mapinduzi.,"Mapinduzi yalichangiaje Muungano?::Yaliimarisha usalama uliopelekea Muungano na Tanganyika Aprili 1964.||Taja huduma moja iliyotolewa bure baada ya Mapinduzi.::Elimu (au afya).||Mapinduzi yaliunganishaje makundi ya jamii?::Kwa kuweka usawa kati ya Waafrika, Washirazi na wengine.",
2023-JSS048-Kidato VI,Kumudu historia ya ujenzi wa taifa na maadili yake katika kipindi cha 1961-1966,"Kutathmini mchango wa Mapinduzi Matukufu ya Zanzibar katika kudumisha uhuru, umoja, na amani ya kitaifa.",Kuchambua matendo ya kimaadili katika kuenzi Mapinduzi Matukufu ya Zanzibar,Matendo ya kimaadili katika kuenzi Mapinduzi,11,Igizo dhima na Matembezi ya galari,Kuwaongoza Wanafunzi,Matendo ya kimaadili katika kuenzi Mapinduzi Matukufu ya Zanzibar yamechambuliwa kwa kina.,Matini magazeti,"TET(2023), Muhtasari wa Historia ya Tanzania na Maadili Elimu ya Sekondari Kidato cha I-IV & Kidato cha V-VI, TET, DAR ES SALAAM",Kuenzi Mapinduzi Matukufu kunahitaji matendo ya kimaadili yanayoonesha kuthamini historia hii.,"Matendo hayo ni kuadhimisha 12 Januari kwa heshima, kufundisha vizazi vipya historia sahihi ya Mapinduzi, kuepuka kueneza chuki za kikabila au kidini zilizoachwa na kipindi hicho, kuenzi viongozi walioongoza mapinduzi kwa ukweli, kulinda maeneo ya kihistoria yanayohusiana na tukio hilo, na kuendeleza maadili ya usawa na haki yaliyoletwa. Ni muhimu pia kujadili kwa uwazi na kwa heshima sehemu ngumu za historia hii ili kujenga uelewa wa pamoja badala ya mifarakano.",Mfano: maonesho ya makumbusho ya Mapinduzi Zanzibar huelezea historia kwa vielelezo halisi kwa wageni na wanafunzi.,Kushiriki maadhimisho ya 12 Januari kwa heshima na kuelewa historia yake ni njia ya kuyaenzi.,Taja tendo moja la kimaadili la kuenzi Mapinduzi.::Kuadhimisha 12 Januari kwa heshima na kufundisha historia sahihi.||Kwa nini ni muhimu kujadili sehemu ngumu za historia kwa uwazi?::Ili kujenga uelewa wa pamoja badala ya mifarakano.||Nini kinapaswa kuepukwa wakati wa kuenzi Mapinduzi?::Kueneza chuki za kikabila au kidini.,
2023-JSS048-Kidato VI,"Kutathmini ujenzi wa Taifa na maadili yake wakati wa Azimio la Arusha, 1967-1985","Kuchambua chimbuko la Azimio la Arusha na matokeo yake kiuchumi, kisiasa, kiutamaduni na kimaadili.",Kufafanua falsafa ya Azimio la Arusha,Falsafa ya Azimio la Arusha,19,Maswali na majibu,Kuwaongoza Wanafunzi,Falsafa ya Azimio la Arusha imefafanuliwa kwa usahihi.,Matini|Hotuba za viongozi|Makala na filamu za matukio ya Azimio la Arusha,"TET(2023), Muhtasari wa Historia ya Tanzania na Maadili Elimu ya Sekondari Kidato cha I-IV & Kidato cha V-VI, TET, DAR ES SALAAM",Azimio la Arusha (1967) lilikuwa na falsafa ya kina iliyoongoza mwelekeo wa taifa.,"Falsafa yake ilijengwa juu ya Ujamaa (ushirikiano na usawa kwa mtindo wa Kiafrika, sio ubepari wala ukomunisti wa Kirusi), Kujitegemea (kutumia rasilimali na nguvukazi za ndani badala ya kutegemea misaada ya nje), usawa wa binadamu bila kujali cheo au utajiri, kufanya kazi kwa bidii kama chanzo pekee cha utajiri, na Miiko ya Uongozi inayozuia viongozi kuwa na maslahi binafsi ya kibiashara. Mwalimu Nyerere aliamini maendeleo ya kweli hutoka kwa watu wenyewe, si vitu.","Mfano: kauli maarufu ya Nyerere 'Maendeleo ni ya watu, yanatengenezwa na watu, kwa ajili ya watu'.",Falsafa hii bado hutumika kuelekeza sera za kujitegemea kama kilimo cha kisasa cha ndani.,Falsafa kuu ya Azimio la Arusha ni ipi?::Ujamaa na Kujitegemea.||Miiko ya Uongozi ilikatazaje nini?::Viongozi kuwa na maslahi binafsi ya kibiashara au mali nyingi.||Nani alikuwa mwasisi mkuu wa falsafa hii?::Mwalimu Julius Kambarage Nyerere.,
2023-JSS048-Kidato VI,"Kutathmini ujenzi wa Taifa na maadili yake wakati wa Azimio la Arusha, 1967-1985","Kuchambua chimbuko la Azimio la Arusha na matokeo yake kiuchumi, kisiasa, kiutamaduni na kimaadili.",Kutathmini mifumo na misingi mipya ya kimaadili iliyoanzishwa na Azimio la Arusha,Mifumo na misingi mipya ya kimaadili ya Azimio,19,Bunguabongo na Changanyakete,Kuwaongoza Wanafunzi,Mifumo na misingi mipya ya kimaadili iliyoanzishwa na Azimio la Arusha imetathminiwa kwa kina.,Matini|Chati kuonesha misingi ya kimaadili iliyoanzishwa Matini ya Azimio la Arusha,"TET(2023), Muhtasari wa Historia ya Tanzania na Maadili Elimu ya Sekondari Kidato cha I-IV & Kidato cha V-VI, TET, DAR ES SALAAM",Azimio la Arusha lilianzisha misingi mipya ya kimaadili iliyoongoza jamii na uongozi.,"Misingi hiyo ni usawa wa binadamu wote, kukataa unyonyaji wa mtu na mtu, kufanya kazi kwa bidii kama fahari, kuishi maisha rahisi hasa kwa viongozi, umiliki wa jamii wa njia kuu za uzalishaji, ushirikiano badala ya ushindani wa kibepari, na uwajibikaji wa pamoja kwa maendeleo. Elimu ya Kujitegemea ilisisitiza kuunganisha nadharia na vitendo, kazi za mikono na thamani ya kazi za mikono badala ya kudharau kazi za jasho.",Mfano: viongozi wa TANU walipaswa kuishi kwa mshahara mmoja tu na wasiwe na hisa za makampuni makubwa.,"Shule nyingi bado zinafundisha kilimo na kazi za mikono, mabaki ya Elimu ya Kujitegemea.","Taja msingi mmoja mpya wa kimaadili wa Azimio.::Usawa wa binadamu wote na kukataa unyonyaji.||Elimu ya Kujitegemea ilisisitiza nini?::Kuunganisha nadharia na vitendo, na thamani ya kazi za mikono.||Kwa nini viongozi walitakiwa kuishi maisha rahisi?::Ili wasijilimbikizie mali na kuepuka unyonyaji wa wananchi.",
2023-JSS048-Kidato VI,"Kutathmini ujenzi wa Taifa na maadili yake wakati wa Azimio la Arusha, 1967-1985","Kuchambua chimbuko la Azimio la Arusha na matokeo yake kiuchumi, kisiasa, kiutamaduni na kimaadili.","Kuchambua athari za Azimio la Arusha kiuchumi, kisiasa, kijamii, kimaadili, kiutamaduni na katika uhusiano wa kimataifa",Athari za Azimio la Arusha,19,Majadiliano na Fikiri-andika-jozisha-shirikisha,Kuwaongoza Wanafunzi,"Athari za Azimio la Arusha, kiuchumi, kisiasa, kijamii, kiutamaduni, kimaadili na katika uhusiano wa kimataifa zimechambuliwa kwa kina.",Matini|Chati kuonesha misingi ya kimaadili iliyoanzishwa Matini ya Azimio la Arusha,"TET(2023), Muhtasari wa Historia ya Tanzania na Maadili Elimu ya Sekondari Kidato cha I-IV & Kidato cha V-VI, TET, DAR ES SALAAM",Azimio la Arusha liliathiri nyanja zote za maisha ya Watanzania kwa kiasi kikubwa.,"Kiuchumi: kutaifishwa kwa mabenki, viwanda na mashamba makubwa (1967), kuundwa kwa mashirika ya umma na vijiji vya ujamaa (Ujamaa Vijijini). Kisiasa: kuimarika kwa chama kimoja na ushiriki wa wananchi kupitia mikutano ya chama. Kijamii: kupanuka kwa elimu na afya bure, kupungua kwa tofauti kubwa za matabaka. Kimaadili: kuenea kwa maadili ya usawa na kujitolea, lakini pia baadhi ya watu walijifanya wanyonge kuepuka kazi (uvivu wa baadhi). Kiutamaduni: kukuzwa kwa Kiswahili na sanaa za kijamaa.",Mfano: mashirika ya umma kama NDC na State Trading Corporation yalianzishwa baada ya kutaifisha viwanda.,Baadhi ya vijiji vya ujamaa vilivyoanzishwa wakati huo bado vipo kama vijiji vya kisasa.,"Taja athari moja ya kiuchumi ya Azimio la Arusha.::Kutaifishwa kwa mabenki, viwanda na mashamba makubwa.||Ujamaa Vijijini ulikuwa nini?::Mpango wa kuwakusanya wananchi vijijini kufanya kazi kwa ushirikiano.||Athari moja ya kijamii ilikuwa ipi?::Kupanuka kwa elimu na afya bure.",
2023-JSS048-Kidato VI,"Kutathmini ujenzi wa Taifa na maadili yake wakati wa Azimio la Arusha, 1967-1985","Kuchambua chimbuko la Azimio la Arusha na matokeo yake kiuchumi, kisiasa, kiutamaduni na kimaadili.",Kutathmini umuhimu (relevance) wa Azimio la Arusha katika mazingira ya sasa,Umuhimu wa Azimio la Arusha leo,19,Kisamafunzo na Tafakuri,Kuwaongoza Wanafunzi,Umuhimu (relevance) wa Azimio la Arusha katika mazingira ya sasa umetathminiwa kwa kina.,Matini|Chati kuonesha misingi ya kimaadili iliyoanzishwa Matini ya Azimio la Arusha,"TET(2023), Muhtasari wa Historia ya Tanzania na Maadili Elimu ya Sekondari Kidato cha I-IV & Kidato cha V-VI, TET, DAR ES SALAAM","Ingawa Tanzania imebadili baadhi ya sera, misingi ya Azimio la Arusha bado ina umuhimu wa kufundisha jamii ya sasa.","Umuhimu wake ni kukumbusha thamani ya usawa na kupinga unyonyaji katika uchumi wa soko huria, umuhimu wa kujitegemea badala ya kutegemea misaada, uadilifu wa viongozi (Miiko ya Uongozi bado hutumika kwa kiasi katika Tume ya Maadili ya Viongozi), umoja wa kitaifa, na kuthamini kazi kwa bidii. Baadhi ya mafunzo yake hutumika kuelekeza sera za sasa za kujitegemea kiuchumi, kilimo cha kisasa na viwanda. Mjadala wa sasa unachanganya soko huria na baadhi ya maadili ya Ujamaa.",Mfano: kampeni za sasa za 'Tanzania ya Viwanda' zinaakisi wito wa kujitegemea wa Azimio la Arusha.,"Tunapohimiza matumizi ya bidhaa za ndani, tunaishi falsafa ya kujitegemea ya Azimio.",Taja umuhimu mmoja wa Azimio la Arusha katika mazingira ya sasa.::Kukumbusha thamani ya kujitegemea na kupinga unyonyaji.||Miiko ya Uongozi bado inaonekana wapi leo?::Katika kazi za Tume ya Maadili ya Viongozi wa Umma.||Sera ipi ya sasa inaakisi wito wa kujitegemea?::Tanzania ya Viwanda (uchumi wa viwanda).,
2023-JSS048-Kidato VI,"Kutathmini ujenzi wa Taifa na maadili yake wakati wa Azimio la Arusha, 1967-1985",Kutathmini nafasi ya Tanzania katika kujenga uhusiano wa kikanda,Kueleza mchango wa Tanzania katika kuundwa na kukua (evolution) kwa jumuiya za kikanda,Mchango wa Tanzania katika jumuiya za kikanda,16,Bunguabongo na Changanyakete,Kuwaongoza Wanafunzi,Mchango wa Tanzania katika kuundwa na kukua (evolution) kwa jumuiya za kikanda umeelezwa kwa usahihi.,Matini Ramani|Hotuba za viongozi mbalimbali wa ndani na nje ya nchi,"TET(2023), Muhtasari wa Historia ya Tanzania na Maadili Elimu ya Sekondari Kidato cha I-IV & Kidato cha V-VI, TET, DAR ES SALAAM",Tanzania imekuwa na mchango mkubwa katika kuanzisha na kuendeleza jumuiya za kikanda barani Afrika.,"Tanzania ilishiriki kuanzisha EAC ya kwanza (1967) pamoja na Kenya na Uganda, na EAC ya sasa (2000). Ilikuwa mwanachama muhimu wa SADCC/SADC tangu 1980, ikitoa uongozi na maeneo ya makao makuu (SADC ilikuwa na ofisi Dar es Salaam hapo awali). Ilishiriki kuanzisha Umoja wa Afrika (AU) kutoka OAU na kuwa mwenyeji wa Kamati ya Ukombozi ya OAU. Tanzania pia ni mwanachama wa Jumuiya ya Maziwa Makuu na imeshiriki operesheni za amani za kikanda.",Mfano: Dar es Salaam ilikuwa makao ya awali ya harakati za ukombozi wa kikanda kupitia Kamati ya Ukombozi ya OAU.,Bidhaa za Kitanzania sasa zinasafirishwa kwa urahisi zaidi kwa nchi za EAC kutokana na mchango huu.,Tanzania ilishiriki kuanzisha jumuiya zipi mbili za kikanda?::EAC na SADC (SADCC).||Kamati ya Ukombozi ya OAU ilikuwa na makao wapi?::Dar es Salaam.||EAC ya kwanza ilianzishwa mwaka gani?::1967.,
2023-JSS048-Kidato VI,"Kutathmini ujenzi wa Taifa na maadili yake wakati wa Azimio la Arusha, 1967-1985",Kutathmini nafasi ya Tanzania katika kujenga uhusiano wa kikanda,Kuchambua fursa zitokanazo na ushiriki wa Tanzania katika uhusiano wa kikanda,Fursa zitokanazo na ushiriki wa kikanda,16,Kisa fikirika (scenario) na Fikiri-andika-jozisha-shirikisha,Kuwaongoza Wanafunzi,Fursa zitokanazo na ushiriki wa Tanzania katika uhusiano wa kikanda zimechambuliwa kwa kina.,Matini|Chati kuonesha fursa zilizopo katika uhusiano wa kikanda,"TET(2023), Muhtasari wa Historia ya Tanzania na Maadili Elimu ya Sekondari Kidato cha I-IV & Kidato cha V-VI, TET, DAR ES SALAAM",Ushiriki wa Tanzania katika jumuiya za kikanda umeleta fursa mbalimbali kwa nchi na wananchi wake.,"Fursa hizo ni upanuzi wa soko la bidhaa za Kitanzania (EAC na SADC), uwekezaji wa pamoja katika miundombinu (barabara, reli, umeme), fursa za ajira na masomo kwa vijana katika nchi wanachama, uhuru wa kusafiri na kufanya biashara ndani ya jumuiya, ushirikiano wa kiusalama dhidi ya uhalifu wa kimataifa, na sauti ya pamoja katika masuala ya kimataifa. Wafanyabiashara wadogo hunufaika na masharti nafuu ya forodha.",Mfano: mkulima wa Tanzania anaweza kuuza mahindi Kenya na Rwanda kwa masharti nafuu ya soko la pamoja la EAC.,"Vijana wengi husoma vyuo vya Kenya, Uganda na Afrika Kusini kwa fursa za elimu za kikanda.",Taja fursa mbili za ushiriki wa kikanda.::Upanuzi wa soko la bidhaa na fursa za ajira/masomo.||Soko la pamoja la EAC humsaidiaje mkulima?::Humwezesha kuuza mazao kwa masharti nafuu katika nchi wanachama.||Taja fursa moja ya kiusalama ya ushirikiano wa kikanda.::Ushirikiano dhidi ya uhalifu wa kimataifa na ugaidi.,
2023-JSS048-Kidato VI,"Kutathmini ujenzi wa Taifa na maadili yake wakati wa Azimio la Arusha, 1967-1985",Kutathmini nafasi ya Tanzania katika kujenga uhusiano wa kikanda,Kutathmini mchango wa lugha ya Kiswahili katika uhusiano wa kikanda,Mchango wa Kiswahili katika uhusiano wa kikanda,16,Maswali na majibu na Majadiliano,Kuwaongoza Wanafunzi,Mchango wa lugha ya Kiswahili katika uhusiano wa kikanda umetathminiwa kwa kina.,Matini|Chati kuonesha fursa zilizopo katika uhusiano wa kikanda,"TET(2023), Muhtasari wa Historia ya Tanzania na Maadili Elimu ya Sekondari Kidato cha I-IV & Kidato cha V-VI, TET, DAR ES SALAAM",Kiswahili kimekuwa chombo muhimu cha kuunganisha nchi za Afrika Mashariki na kanda pana zaidi.,"Kiswahili ni lugha rasmi ya EAC na moja ya lugha za AU; hutumika kama lugha ya mawasiliano baina ya wafanyabiashara, wanadiplomasia na wananchi wa kawaida wa Kenya, Uganda, Rwanda, Burundi, DRC na Afrika Kusini mwa Sahara. Kinasaidia biashara ya kikanda kwa kupunguza vikwazo vya lugha, kinatumika katika vyombo vya habari vya kikanda na kinafundishwa katika baadhi ya nchi za nje ya Afrika Mashariki. Tanzania, kama chimbuko la ukuaji wa Kiswahili sanifu, ina fahari maalum katika mchango huu.",Mfano: Kiswahili kinatumika kama lugha ya kufundishia na mawasiliano katika Bunge la Afrika Mashariki (EALA).,Watanzania wanaosafiri Kenya au Uganda hurahisishwa mawasiliano na Kiswahili wanachokijua.,Kiswahili ni lugha rasmi ya jumuiya gani ya kikanda?::EAC (na moja ya lugha za AU).||Kiswahili kinasaidiaje biashara ya kikanda?::Hupunguza vikwazo vya lugha kati ya wafanyabiashara.||EALA ni nini?::Bunge la Afrika Mashariki linalotumia Kiswahili na Kiingereza.,
2023-JSS048-Kidato VI,"Kutathmini ujenzi wa Taifa na maadili yake wakati wa Azimio la Arusha, 1967-1985",Kutathmini nafasi ya Tanzania katika kujenga uhusiano wa kikanda,Kutathmini ushiriki wa Tanzania katika mapambano dhidi ya rushwa na ujenzi wa utawala bora kikanda,Ushiriki wa Tanzania dhidi ya rushwa kikanda,16,Changanyakete na Maswali na majibu,Kuwaongoza Wanafunzi,Ushiriki wa Tanzania katika mapambano dhidi ya rushwa na ujenzi wa utawala bora kikanda umetathminiwa kwa kina.,Matini|Sidii za hotuba za viongozi wa kitaifa,"TET(2023), Muhtasari wa Historia ya Tanzania na Maadili Elimu ya Sekondari Kidato cha I-IV & Kidato cha V-VI, TET, DAR ES SALAAM",Tanzania inashiriki jitihada za kikanda za kupambana na rushwa na kujenga utawala bora.,"Ushiriki huo ni kupitia Umoja wa Afrika (Mkataba wa Kuzuia na Kupambana na Rushwa, 2003), jumuiya za EAC na SADC zenye itifaki za kupambana na rushwa, ushirikiano wa kubadilishana taarifa za kiintelijensia dhidi ya wahalifu wa kifedha, mafunzo ya pamoja kwa maafisa wa TAKUKURU na taasisi za nchi jirani, na kushiriki mikutano ya kimataifa ya uwazi (mfano Extractive Industries Transparency Initiative). Utawala bora unahitaji uwazi, uwajibikaji na ushirikishwaji.",Mfano: TAKUKURU hushirikiana na taasisi za AU na SADC kubadilishana taarifa za ufuatiliaji wa mali zilizoibiwa.,Kuunga mkono uwazi wa matumizi ya fedha za umma kunachangia mapambano haya ya kikanda.,"Taja jukwaa moja la kikanda/kimataifa dhidi ya rushwa Tanzania inashiriki.::Mkataba wa AU wa Kuzuia Rushwa (2003).||Utawala bora unahitaji nini?::Uwazi, uwajibikaji na ushirikishwaji.||TAKUKURU inashirikianaje kikanda?::Kubadilishana taarifa za kiintelijensia na mafunzo na taasisi za nchi jirani.",
2023-JSS048-Kidato VI,"Kutathmini historia ya Tanzania na maadili wakati wa uliberali, 1986 hadi sasa","Kutafsiri mabadiliko ya kiuchumi, kisiasa, kiutamaduni na kimaadili katika kipindi cha uliberali na utandawazi kuanzia 1986 hadi sasa","Kueleza falsafa ya mabadiliko ya kiuchumi, kisiasa, kiutamaduni, na kimaadili katika kipindi cha uliberali hadi sasa",Falsafa ya mabadiliko ya uliberali hadi sasa,26,Kisamafunzo na Changanyakete,Kuwaongoza Wanafunzi,"Falsafa ya mabadiliko ya kiuchumi, kisiasa, kiutamaduni, na kimaadili katika kipindi cha uliberali hadi sasa imeelezwa kikamilifu.",Matini|Vitu halisi kompyuta|Simu|Vishikwambi,"TET(2023), Muhtasari wa Historia ya Tanzania na Maadili Elimu ya Sekondari Kidato cha I-IV & Kidato cha V-VI, TET, DAR ES SALAAM",Tanzania ilianza mabadiliko makubwa ya kiuchumi na kisiasa kuanzia 1986 hadi sasa yakiongozwa na falsafa ya soko huria.,"Falsafa hiyo inaamini kuwa ushindani wa soko huria, umiliki binafsi na uwekezaji wa sekta binafsi huchochea ufanisi na ukuaji wa uchumi zaidi ya udhibiti wa serikali. Kisiasa iliamini demokrasia ya vyama vingi na uwazi huimarisha utawala bora. Kiutamaduni na kimaadili, uliberali unahimiza uhuru wa mtu binafsi na haki za binadamu. Mabadiliko haya yalitekelezwa kupitia Mpango wa Marekebisho ya Uchumi (1986), Azimio la Zanzibar (1991) na Katiba ya vyama vingi (1992).",Mfano: kuruhusiwa kwa makampuni binafsi ya simu na benki kufanya kazi Tanzania kuanzia miaka ya 1990.,Ushindani wa makampuni ya simu umewapa wananchi huduma bora na bei nafuu zaidi.,Falsafa ya uliberali inaaminije kuhusu soko?::Kuwa soko huria na ushindani huchochea ufanisi na ukuaji wa uchumi.||Taja hatua moja iliyotekeleza mabadiliko haya Tanzania.::Mpango wa Marekebisho ya Uchumi (1986) au Katiba ya vyama vingi (1992).||Uliberali unahimiza nini kimaadili?::Uhuru wa mtu binafsi na haki za binadamu.,
2023-JSS048-Kidato VI,"Kutathmini historia ya Tanzania na maadili wakati wa uliberali, 1986 hadi sasa","Kutafsiri mabadiliko ya kiuchumi, kisiasa, kiutamaduni na kimaadili katika kipindi cha uliberali na utandawazi kuanzia 1986 hadi sasa","Kujadili athari za mfumo wa kiliberali kiuchumi, kisiasa, kiutamaduni na kimaadili",Athari za mfumo wa kiliberali,26,Kazi mradi na Majadiliano,Kuwaongoza Wanafunzi,"Athari za mfumo wa kiliberali kiuchumi, kisiasa kiutamaduni na kimaadili zimejadiliwa kwa kina.",Matini|Vitu halisi kompyuta|Simu|Vishikwambi,"TET(2023), Muhtasari wa Historia ya Tanzania na Maadili Elimu ya Sekondari Kidato cha I-IV & Kidato cha V-VI, TET, DAR ES SALAAM",Mfumo wa kiliberali umeleta mabadiliko chanya na hasi kwa Tanzania tangu 1986.,"Kiuchumi: ukuaji wa Pato la Taifa, uwekezaji wa kigeni, huduma bora za mawasiliano na benki; lakini pia mfumuko wa bei kipindi cha awali, kufungwa kwa baadhi ya viwanda vya umma visivyoweza kushindana na kuongezeka kwa pengo la kipato. Kisiasa: demokrasia ya vyama vingi na uhuru wa vyombo vya habari; changamoto ni ufisadi wa kisiasa na migawanyiko ya kikanda. Kiutamaduni: kuenea kwa utandawazi na maudhui ya kigeni; kimaadili: kuongezeka kwa ubinafsi na rushwa katika baadhi ya maeneo, ingawa pia kumeongezeka uwazi wa habari kufichua matatizo hayo.",Mfano: kufungwa kwa baadhi ya viwanda vya nguo vya zamani vya serikali kutokana na ushindani wa bidhaa za kutoka nje.,Vijana wengi wamepata ajira mpya katika sekta ya teknolojia na huduma zilizoibuka kutokana na uliberali.,Taja athari moja nzuri ya kiuchumi ya uliberali.::Ukuaji wa Pato la Taifa na uwekezaji wa kigeni.||Taja athari moja mbaya ya kiuchumi.::Kufungwa kwa viwanda vya umma visivyoshindana (au pengo la kipato).||Athari moja ya kisiasa ni ipi?::Demokrasia ya vyama vingi na uhuru wa vyombo vya habari.,
2023-JSS048-Kidato VI,"Kutathmini historia ya Tanzania na maadili wakati wa uliberali, 1986 hadi sasa","Kutafsiri mabadiliko ya kiuchumi, kisiasa, kiutamaduni na kimaadili katika kipindi cha uliberali na utandawazi kuanzia 1986 hadi sasa","Kuchambua mifumo ya kitaasisi iliyoundwa kuratibu, kulinda na kuzuia vitendo vya ukiukwaji wa maadili ya Taifa katika kipindi cha uliberali hadi sasa",Mifumo ya kitaasisi ya kulinda maadili ya taifa,26,Mtaalamu mualikwa na Changanyakete,Kuwaongoza Wanafunzi,"Mifumo ya kitaasisi iliyoundwa kuratibu, kulinda na kuzuia vitendo vya ukiukwaji wa maadili ya Taifa imechambuliwa kwa kina.",Matini|Chati kuonesha taasisi zilizoundwa,"TET(2023), Muhtasari wa Historia ya Tanzania na Maadili Elimu ya Sekondari Kidato cha I-IV & Kidato cha V-VI, TET, DAR ES SALAAM","Kukabiliana na changamoto za kimaadili za kipindi cha uliberali, Tanzania imeanzisha taasisi mahususi.","Taasisi hizo ni Taasisi ya Kuzuia na Kupambana na Rushwa (TAKUKURU), Tume ya Maadili ya Viongozi wa Umma, Ofisi ya Mdhibiti na Mkaguzi Mkuu wa Hesabu za Serikali (CAG), Mamlaka ya Mapato Tanzania (TRA) inayodhibiti ukwepaji kodi, Tume ya Haki za Binadamu na Utawala Bora, Mamlaka za Udhibiti (TCRA, EWURA) zinazosimamia sekta mbalimbali, na vyombo vya habari huru vinavyofichua matumizi mabaya ya madaraka. Taasisi hizi hufanya kazi kwa kupokea malalamiko, kukagua, kuchunguza na kutoa mapendekezo au mashtaka.",Mfano: ripoti za CAG kila mwaka hufichua matumizi mabaya ya fedha za umma katika baadhi ya taasisi.,Kuripoti vitendo vya rushwa kwa TAKUKURU ni njia ya mwananchi kuchangia kulinda maadili ya taifa.,"Taja taasisi tatu zinazolinda maadili ya taifa.::TAKUKURU, Tume ya Maadili ya Viongozi wa Umma na CAG.||CAG anafanya kazi gani?::Kukagua matumizi ya fedha za umma na kutoa ripoti.||Kwa nini vyombo vya habari huru ni muhimu kwa maadili?::Hufichua matumizi mabaya ya madaraka na kuongeza uwazi.",
2023-JSS048-Kidato VI,Kufanya kazi mradi ya historia ya Tanzania na maadili,Kufanya kazi mradi ya historia ya Tanzania na maadili,Kukamilisha na kuwasilisha taarifa ya kazi mradi kuhusu historia ya Tanzania na maadili ulioianza kidato cha tano,Kukamilisha na kuwasilisha ripoti ya kazi mradi,10,Kazi mradi,Kuwaongoza Wanafunzi,Utafiti kuhusu historia ya Tanzania na maadili umefanyika kikamilifu.,Kompyuta|Matini|Vinasa sauti|Makala katika magazeti,"TET(2023), Muhtasari wa Historia ya Tanzania na Maadili Elimu ya Sekondari Kidato cha I-IV & Kidato cha V-VI, TET, DAR ES SALAAM",Kazi mradi iliyoanzishwa Kidato cha Tano hukamilishwa na kuwasilishwa katika Kidato cha Sita.,"Mwanafunzi hukamilisha uchambuzi wa mwisho wa taarifa alizokusanya, huandika ripoti kamili yenye utangulizi, malengo, mapitio ya maandiko, mbinu, matokeo, majadiliano, hitimisho na mapendekezo yenye ushahidi wa kutosha, huihariri kwa umakini wa lugha na muundo, na huiwasilisha kwa mdomo mbele ya walimu na wanafunzi wenzake kwa kutumia vielelezo kama chati au picha. Tathmini ya mwisho huzingatia umahiri wa maudhui, ubunifu, matumizi sahihi ya vyanzo na uwezo wa kujibu maswali.",Mfano: kikundi kinachowasilisha ripoti ya 'Mchango wa Azimio la Arusha kwa maendeleo ya wilaya yao' kwa kutumia chati za takwimu na picha za mahojiano.,Ustadi wa kuandaa na kuwasilisha ripoti utamsaidia mwanafunzi katika masomo ya chuo na kazi za baadaye.,"Kazi mradi ya Kidato cha Tano hukamilishwa lini?::Kidato cha Sita.||Taja sehemu tatu za ripoti ya mwisho ya kazi mradi.::Utangulizi, matokeo na hitimisho (pia mbinu, majadiliano, mapendekezo).||Tathmini ya mwisho huzingatia nini?::Umahiri wa maudhui, ubunifu, matumizi sahihi ya vyanzo na uwezo wa kujibu maswali.",
