subject_version_code,main_competence_name,specific_competence_name,learning_activity_name,sla_name,sla_periods,sla_method,sla_leading,sla_assessment_criteria,sla_teaching_aids,sla_references,sla_notes_intro,sla_notes_details,sla_notes_illustrations,sla_notes_daily_life,sla_exercise,sla_diagram_type
2023-JSS001-DRS VI,Kumudu misingi ya awali ya kihisabati (vi),Kuonesha uelewa wa vipimo (vi),Kukokotoa mafumbo yanayohusu umbali na muda,Kutumia vitu halisi na majadiliano ya vikundi kukokotoa mafumbo yanayohusu umbali na muda,18,Mfano wa vitu halisi na majadiliano katika vikundi,Kuwaongoza Wanafunzi,Mafumbo yanayohusu umbali na muda yamekokotolewa kwa usahihi,Saa|Ramani ndogo|Futikamba|Programu za mtandaoni zenye michezo au mazoezi yanayohusu kukokotoa umbali na muda,"TET(2023), HISABATI, KITABU CHA MWANAFUNZI, DARASA LA SITA, TET, DAR ES SALAAM","Umbali ni nafasi kati ya sehemu mbili, hupimwa kwa vipimo kama mita na kilomita. Muda ni kipindi kinachopita kati ya tukio moja na jingine, hupimwa kwa sekunde, dakika na saa. Vipimo hivi viwili vinapoungana huzalisha dhana ya spidi (kasi), inayotumika kukokotoa mafumbo mengi ya kila siku.","Uhusiano wa msingi ni: Umbali = Spidi × Muda, hivyo Spidi = Umbali ÷ Muda na Muda = Umbali ÷ Spidi. Kabla ya kukokotoa, vipimo lazima viwe katika kipimo kimoja (mfano saa zibadilishwe kuwa dakika, au kilomita zibadilishwe kuwa mita) ili majibu yawe sahihi. Katika mafumbo, mwanafunzi kwanza atambue anachotafuta (umbali, muda au spidi), kisha achague fomula sahihi na abadilishe vipimo kama inavyohitajika.",Mfano: Gari linalosafiri kilomita 120 kwa saa 2 lina spidi ya 120 ÷ 2 = kilomita 60 kwa saa. Mfano mwingine: Mtu anayetembea kwa spidi ya kilomita 5 kwa saa kwa muda wa saa 3 husafiri umbali wa 5 × 3 = kilomita 15.,"Vipimo vya umbali na muda hutumika kupanga safari (mfano basi kutoka Dar es Salaam kwenda Dodoma), kukadiria muda wa kufika shuleni, kupanga ratiba za mabasi na treni, na kukokotoa gharama za nauli kulingana na umbali unaosafiriwa.",Basi linasafiri umbali wa kilomita 240 kwa saa 4. Tafuta spidi ya basi hilo.::Spidi = Umbali ÷ Muda = 240 ÷ 4 = kilomita 60 kwa saa||Mtoto anatembea kwa spidi ya kilomita 4 kwa saa. Atasafiri umbali gani kwa saa 2 na nusu?::Umbali = Spidi × Muda = 4 × 2.5 = kilomita 10||Gari linahitaji kusafiri kilomita 150 likiwa na spidi ya kilomita 50 kwa saa. Litachukua muda gani?::Muda = Umbali ÷ Spidi = 150 ÷ 50 = saa 3||Mwanafunzi anatembea dakika 90 kutoka nyumbani kwenda shuleni akiwa na spidi ya mita 100 kwa dakika. Ni umbali gani alousafiri kwa kilomita?::Umbali = Spidi × Muda = 100 × 90 = mita 9000 = kilomita 9,
2023-JSS001-DRS VI,Kumudu misingi ya awali ya kihisabati (vi),Kuonesha uelewa wa stadi za awali za maumbo (vi),"Kutafuta eneo na ujazo wa maumbo ya ukumbi (mche mstatili, mche mraba na mche duara)","Kutumia michoro ya vitu kutafuta eneo na ujazo wa maumbo ya ukumbi (mche mstatili, mche mraba na mche duara)",34,Michoro ya vitu,Kuwaongoza Wanafunzi,"Eneo na ujazo wa maumbo ya ukumbi (mche mstatili, mche mraba na mche duara) vimetafutwa kwa usahihi",Maumbo mbalimbali ya ukumbi (halisi na picha)|Rula|Kadi za manila zenye michoro ya vitu|Kalamu rashasha|Programu za mtandaoni zinazohusu kutafuta eneo na ujazo wa maumbo ya ukumbi,"TET(2023), HISABATI, KITABU CHA MWANAFUNZI, DARASA LA SITA, TET, DAR ES SALAAM","Maumbo ya ukumbi ni maumbo yenye pande tatu (urefu, upana na kina/kimo), tofauti na maumbo bapa yenye pande mbili tu. Mche mstatili (cuboid), mche mraba (cube) na mche duara (silinda) ni mifano ya maumbo ya ukumbi yanayopatikana katika vitu vya kila siku kama sanduku, dadu na debe.",Eneo la nyuso za umbo la ukumbi ni jumla ya maeneo ya nyuso zote za nje. Kwa mche mstatili: Eneo = 2(urefu×upana + urefu×kimo + upana×kimo). Kwa mche mraba wenye upande L: Eneo = 6 × L². Ujazo (volume) ni nafasi iliyomo ndani ya umbo: Ujazo wa mche mstatili = urefu × upana × kimo; Ujazo wa mche mraba = L × L × L = L³; Ujazo wa mche duara (silinda) = eneo la duara la msingi × kimo = πr² × h.,"Mfano: Sanduku (mche mstatili) lenye urefu sm 10, upana sm 5 na kimo sm 4 lina ujazo wa 10×5×4 = sm³ 200. Dadu (mche mraba) lenye upande sm 3 lina ujazo wa 3×3×3 = sm³ 27 na eneo la 6×3² = sm² 54.","Hesabu za eneo na ujazo hutumika kujenga matangi ya maji (mche duara), kutengeneza masanduku ya kuhifadhia bidhaa dukani, kukadiria kiasi cha zege kinachohitajika kujenga msingi wa nyumba, na kupima uwezo wa vyombo vya kuhifadhi nafaka.","Tafuta ujazo wa mche mstatili wenye urefu sm 8, upana sm 5 na kimo sm 6.::Ujazo = urefu × upana × kimo = 8 × 5 × 6 = sentimita za ujazo 240||Tafuta eneo la nyuso zote za dadu (mche mraba) lenye upande sm 4.::Eneo = 6 × L² = 6 × 4² = 6 × 16 = sentimita za mraba 96||Silinda ina eneo la msingi la sentimita za mraba 20 na kimo cha sentimita 10. Tafuta ujazo wake.::Ujazo = eneo la msingi × kimo = 20 × 10 = sentimita za ujazo 200",
2023-JSS001-DRS VI,Kumudu misingi ya awali ya kihisabati (vi),Kuonesha uelewa wa stadi za awali za maumbo (vi),"Kutafuta nyuzi katika maumbo bapa (pembetatu, mstatili na duara)","Kutumia michoro ya vitu kutafuta nyuzi (kipimo cha pembe) katika maumbo bapa (pembetatu, mstatili na duara)",34,Michoro ya vitu,Kuwaongoza Wanafunzi,"Nyuzi za pembe katika maumbo bapa (pembetatu, mstatili na duara) zimetafutwa kwa usahihi",Kipimo cha nyuzi (protractor)|Kadi za manila zenye michoro ya vitu|Programu za mtandaoni zinazohusiana na kutafuta nyuzi katika maumbo bapa,"TET(2023), HISABATI, KITABU CHA MWANAFUNZI, DARASA LA SITA, TET, DAR ES SALAAM","Nyuzi ni kipimo cha ukubwa wa pembe, huandikwa kwa alama ya nyuzi joto (°) na hupimwa kwa kutumia kifaa kiitwacho kipimo cha nyuzi (protractor). Kila umbo bapa lina pembe zenye kiasi maalum cha nyuzi kinachotegemea aina ya umbo.","Katika pembetatu yoyote, jumla ya nyuzi za pembe zote tatu ni nyuzi 180. Katika mstatili (na mraba), kila pembe ni ya nyuzi 90 na jumla ya pembe nne ni nyuzi 360. Kuzunguka mzunguko mzima wa duara (sehemu ya kati ya duara) ni nyuzi 360. Kipimo cha nyuzi (protractor) huwekwa katikati ya pembe kisha husomwa kiasi cha nyuzi kutoka mstari mmoja wa pembe hadi mwingine.","Mfano: Pembetatu ina pembe mbili zenye nyuzi 60 kila moja, pembe ya tatu ni 180 - (60+60) = nyuzi 60 (pembetatu sawaupande). Mstatili una pembe nne, kila moja nyuzi 90, jumla 4×90 = nyuzi 360.","Vipimo vya nyuzi hutumika kwa maseremala kutengeneza pembe sahihi za milango na madirisha, wajenzi kuhakikisha kuta zinasimama wima (pembe za nyuzi 90), na katika michoro ya ramani za majengo.","Pembetatu ina pembe mbili zinazojulikana: nyuzi 50 na nyuzi 70. Tafuta nyuzi za pembe ya tatu.::Jumla ya pembe za pembetatu ni nyuzi 180, hivyo pembe ya tatu = 180 - (50+70) = nyuzi 60||Mstatili una pembe nne. Kila pembe ni nyuzi ngapi na jumla yake ni ngapi?::Kila pembe ya mstatili ni nyuzi 90, jumla ya pembe nne = 4 × 90 = nyuzi 360||Ni nyuzi ngapi zinazopatikana ukizunguka kutoka katikati ya duara mzunguko mzima?::Mzunguko mzima kuzunguka kituo cha duara ni nyuzi 360",
2023-JSS001-DRS VI,Kumudu misingi ya awali ya kihisabati (vi),Kuonesha uelewa wa stadi za awali za maumbo (vi),Kueleza aina za pembetatu na kanuni ya Pythagoras,Kutumia michoro ya vitu kueleza aina za pembetatu na kanuni ya Pythagoras,34,Michoro ya vitu,Kuwaongoza Wanafunzi,Aina za pembetatu na kanuni ya Pythagoras zimeelezwa kwa usahihi,Michoro ya aina za pembetatu na kanuni ya Pythagoras|Kadi za manila|Kalamu rashasha|Programu za mtandaoni zinazohusiana na kueleza aina za pembetatu na kanuni ya Pythagoras,"TET(2023), HISABATI, KITABU CHA MWANAFUNZI, DARASA LA SITA, TET, DAR ES SALAAM","Pembetatu ni umbo bapa lenye pande tatu na pembe tatu, nazo hugawanywa katika aina mbalimbali kutokana na urefu wa pande au ukubwa wa pembe zake. Kanuni ya Pythagoras ni uhusiano maalum unaopatikana kwenye pembetatu yenye pembe moja ya nyuzi 90 (pembetatu ya kona kali).","Kwa kutumia urefu wa pande: pembetatu mraba-pande (equilateral) ina pande zote tatu sawa; pembetatu sawaupande mbili (isosceles) ina pande mbili sawa; pembetatu tofauti pande (scalene) ina pande zote tofauti. Kwa kutumia pembe: pembetatu ya kona kali ina pembe moja ya nyuzi 90; pembetatu butu ina pembe moja kubwa kuliko nyuzi 90; pembetatu kali ina pembe zote chini ya nyuzi 90. Kanuni ya Pythagoras inasema: katika pembetatu ya kona kali, mraba wa ubavu mrefu (hypotenuse) ni sawa na jumla ya mraba za ubavu wengine wawili: c² = a² + b².","Mfano: pembetatu ya kona kali yenye ubavu a=sm 3 na b=sm 4, ubavu mrefu c hupatikana kwa c² = 3² + 4² = 9+16 = 25, hivyo c = √25 = sm 5 (mfumo maarufu 3-4-5).","Kanuni ya Pythagoras hutumiwa na wajenzi kuhakikisha pembe za msingi wa nyumba ni za nyuzi 90 kwa kutumia vipimo 3-4-5, na fundi useremala kutengeneza ngazi na mabango yenye pembe sahihi.","Pembetatu ina pande zenye urefu sm 5, sm 5 na sm 5. Ni aina gani ya pembetatu kwa kuzingatia pande?::Ni pembetatu mraba-pande (equilateral) kwa sababu pande zote tatu ni sawa (sm 5 kila moja)||Pembetatu ya kona kali ina ubavu a = sm 6 na b = sm 8. Tafuta urefu wa ubavu mrefu (hypotenuse) c.::Kwa kanuni ya Pythagoras: c² = a²+b² = 6²+8² = 36+64 = 100, hivyo c = √100 = sm 10||Pembetatu yenye pembe za nyuzi 90, 45 na 45 ina pande mbili sawa. Ni aina gani ya pembetatu?::Ni pembetatu sawaupande mbili (isosceles) yenye pembe moja ya kona kali (nyuzi 90)",
2023-JSS001-DRS VI,Kumudu misingi ya awali ya kihisabati (vi),Kuonesha uelewa wa stadi za awali za namba (vi),Kutafuta kipeo cha pili cha namba,Kufanya majadiliano ya vikundi kutafuta kipeo cha pili cha namba,13,Majadiliano ya vikundi,Kuwaongoza Wanafunzi,Kipeo cha pili cha namba kimetafutwa kwa usahihi,Chati ya namba na alama za kipeo cha pili cha namba|Programu za mtandaoni zinazohusiana na kutafuta kipeo cha pili cha namba,"TET(2023), HISABATI, KITABU CHA MWANAFUNZI, DARASA LA SITA, TET, DAR ES SALAAM","Kipeo cha pili cha namba (namba ya mraba) ni matokeo ya kuzidisha namba kwa nafsi yake mara moja. Huandikwa kwa kutumia alama ndogo ya ""2"" juu ya namba, mfano 5² husomwa ""tano kipeo cha pili"" au ""tano mraba"".","Kanuni ni: n² = n × n. Mfano 4² = 4 × 4 = 16. Namba zinazotokana na kupiga mraba namba kamili huitwa namba za mraba kamili (perfect squares), mfano 1, 4, 9, 16, 25, 36. Ili kupata kipeo cha pili haraka, mwanafunzi anaweza kutumia jedwali la kuzidisha au chati ya namba za mraba.","Mfano: 6² = 6×6 = 36. 10² = 10×10 = 100. 12² = 12×12 = 144. Mfululizo wa namba za mraba: 1²=1, 2²=4, 3²=9, 4²=16, 5²=25.","Kipeo cha pili hutumika kukokotoa eneo la vitu vya mraba kama uwanja wa mraba au kadi ya mraba, na katika hesabu za ujenzi wakati wa kupima maeneo ya viwanja vyenye umbo la mraba.",Tafuta kipeo cha pili cha namba 7.::7² = 7 × 7 = 49||Tafuta kipeo cha pili cha namba 12.::12² = 12 × 12 = 144||Uwanja wa mraba una upande wa mita 9. Tafuta eneo lake kwa kutumia kipeo cha pili.::Eneo = 9² = 9 × 9 = mita za mraba 81,
2023-JSS001-DRS VI,Kumudu misingi ya awali ya kihisabati (vi),Kuonesha uelewa wa stadi za awali za namba (vi),Kutafuta kipeuo cha pili cha namba,Kufanya majadiliano ya vikundi kutafuta kipeuo cha pili cha namba,13,Majadiliano ya vikundi,Kuwaongoza Wanafunzi,Kipeuo cha pili cha namba kimetafutwa kwa usahihi,Chati ya namba na alama za kipeuo cha pili cha namba|Programu za mtandaoni zinazohusiana na kutafuta kipeuo cha pili cha namba,"TET(2023), HISABATI, KITABU CHA MWANAFUNZI, DARASA LA SITA, TET, DAR ES SALAAM","Kipeuo cha pili cha namba (mzizi wa mraba) ni namba ambayo ikizidishwa na nafsi yake hutoa namba husika. Huandikwa kwa alama ya ""√"", mfano √16 husomwa ""kipeuo cha pili cha kumi na sita"".","Kipeuo cha pili ni kitendo kinyume cha kipeo cha pili. Kama n² = a, basi √a = n. Mfano kwa kuwa 5² = 25, basi √25 = 5. Kutafuta kipeuo cha pili cha namba kubwa hufanywa kwa kutumia jedwali la namba za mraba kwa kubashiri na kuthibitisha, au kwa kuvunja namba katika viambaji vyake vya kwanza (prime factorization).",Mfano: √9 = 3 kwa sababu 3×3=9. √49 = 7 kwa sababu 7×7=49. √121 = 11 kwa sababu 11×11=121.,"Kipeuo cha pili hutumika kukokotoa urefu wa upande wa kiwanja cha mraba ikiwa eneo lake linajulikana, na katika hesabu za ujenzi kubaini vipimo vya vitu vyenye umbo la mraba kutokana na eneo lao.",Tafuta kipeuo cha pili cha namba 64.::√64 = 8 kwa sababu 8 × 8 = 64||Tafuta kipeuo cha pili cha namba 100.::√100 = 10 kwa sababu 10 × 10 = 100||Kiwanja cha mraba kina eneo la mita za mraba 36. Tafuta urefu wa upande wake.::Upande = √36 = mita 6 kwa sababu 6 × 6 = 36,
2023-JSS001-DRS VI,Kumudu misingi ya awali ya kihisabati (vi),Kuonesha uelewa wa stadi za awali za namba (vi),Kufafanua dhana ya namba kamili,Kutumia mifano halisi kufafanua dhana ya namba kamili,13,Mifano halisi,Kuwaongoza Wanafunzi,Dhana ya namba kamili imefafanuliwa kwa usahihi,Karatasi za rangi|Vibao vya rangi|Pesa|Vitabu|Kalamu|Vihesabio,"TET(2023), HISABATI, KITABU CHA MWANAFUNZI, DARASA LA SITA, TET, DAR ES SALAAM","Namba kamili ni namba zinazojumuisha namba chanya, namba hasi na sifuri, bila sehemu za desimali au mchanganyiko. Mfano: ...-3, -2, -1, 0, 1, 2, 3... Namba chanya huwakilisha ongezeko au faida, namba hasi huwakilisha upungufu au deni.","Namba kamili huonekana kwenye mstari wa namba (number line) ambapo sifuri iko katikati, namba chanya ziko upande wa kulia na namba hasi ziko upande wa kushoto. Kadiri namba inavyokuwa mbali na sifuri upande wa kulia, ndivyo inavyokuwa kubwa zaidi; kadiri namba hasi inavyokuwa mbali na sifuri, ndivyo inavyokuwa ndogo zaidi.","Mfano: joto la nyuzi -5 ni baridi zaidi kuliko nyuzi -2. Kwenye mstari wa namba: -5, -4, -3, -2, -1, 0, 1, 2, 3, 4, 5 - namba -3 iko upande wa kushoto wa 0 wakati 3 iko upande wa kulia wa 0.","Namba kamili hutumika kuonesha joto chini ya sifuri (baridi kali), kina cha bahari chini ya usawa wa bahari, deni na akiba benki (namba hasi kama deni, chanya kama akiba), na ghorofa za jengo chini ya usawa wa ardhi (basement).","Panga namba hizi kwa mpangilio kuanzia ndogo hadi kubwa: -3, 5, 0, -7, 2.::Mpangilio sahihi: -7, -3, 0, 2, 5 (namba hasi kubwa zaidi kiukubwa ndiyo ndogo zaidi kwenye thamani)||Ni namba gani kati ya -8 na -3 iliyo kubwa zaidi?::-3 ni kubwa zaidi kuliko -8 kwa sababu -3 iko karibu zaidi na sifuri kwenye mstari wa namba||Joto la asubuhi lilikuwa nyuzi -4 na joto la mchana likawa nyuzi 6. Ni tofauti gani ya joto kati ya nyakati hizo mbili?::Tofauti = 6 - (-4) = 6 + 4 = nyuzi 10",
2023-JSS001-DRS VI,Kumudu misingi ya awali ya kihisabati (vi),Kuonesha uelewa wa stadi za awali za namba (vi),Kufanya matendo katika namba kamili,Kutumia michezo ya ujifunzaji na maswali kufanya matendo katika namba kamili,13,Michezo ya ujifunzaji na maswali na majadiliano,Kuwaongoza Wanafunzi,Matendo ya hisabati katika namba kamili yamefanyika kwa usahihi,Sinia la namba|Abakasi|Chati ya namba|Programu za mtandaoni zinazohusiana na matendo ya hisabati katika namba kamili,"TET(2023), HISABATI, KITABU CHA MWANAFUNZI, DARASA LA SITA, TET, DAR ES SALAAM","Matendo ya hisabati (kujumlisha, kutoa, kuzidisha na kugawanya) yanaweza kufanyika kwenye namba kamili, ikijumuisha namba chanya na hasi. Kuzingatia jozi ya sifuri (namba na kinyume chake, mfano 5 na -5) husaidia kuelewa jinsi namba hasi zinavyofuta namba chanya zinapojumlishwa.","Kanuni za kujumlisha na kutoa: namba mbili chanya hujumlishwa kawaida; namba mbili hasi hujumlishwa kama namba chanya kisha jibu huwekwa alama hasi; namba chanya na hasi hutolewana, jibu huchukua alama ya namba yenye thamani kubwa zaidi. Kanuni za kuzidisha na kugawanya: chanya × chanya = chanya; hasi × hasi = chanya; chanya × hasi (au hasi × chanya) = hasi.","Mfano: (-5) + 3 = -2 (jozi ya sifuri: -3+3=0, kisha -2 inabaki). (-4) + (-6) = -10. (-8) - (-3) = -8+3 = -5. (-2) × (-3) = 6. (-12) ÷ 4 = -3.","Matendo ya namba kamili hutumika kukokotoa mabadiliko ya joto (kupanda na kushuka), mizani ya akaunti ya benki (amana na malipo), na mabadiliko ya kina cha maji katika bwawa (kuongezeka na kupungua).","Kokotoa: (-7) + 5::(-7) + 5 = -2 (namba hasi kubwa zaidi kiukubwa, hivyo jibu ni hasi)||Kokotoa: (-6) × (-4)::(-6) × (-4) = 24 (hasi mara hasi hutoa chanya)||Kokotoa: (-15) ÷ (-3)::(-15) ÷ (-3) = 5 (hasi kugawanywa na hasi hutoa chanya)||Kokotoa: 8 - (-5)::8 - (-5) = 8 + 5 = 13 (kutoa namba hasi ni sawa na kujumlisha kinyume chake)",
2023-JSS001-DRS VI,Kumudu matumizi ya awali ya hisabati (vi),Kuonesha uelewa wa awali wa takwimu na matumizi yake (vi),Kuelezea dhana ya takwimu,Kufanya majadiliano ya vikundi na mazoezi ya vitendo kuelezea dhana ya takwimu,21,Majadiliano ya vikundi na mazoezi ya vitendo,Kuwaongoza Wanafunzi,Dhana ya takwimu imeelezwa kwa usahihi,Makundi ya vitu mchanganyiko|Ramani zinazoonesha takwimu halisi|Michoro ya kijiografia inayoeleza takwimu ya maeneo tofauti|Picha na video za kuonesha data na takwimu,"TET(2023), HISABATI, KITABU CHA MWANAFUNZI, DARASA LA SITA, TET, DAR ES SALAAM","Takwimu ni taarifa au data zilizokusanywa kuhusu jambo fulani kwa lengo la kujifunza, kulinganisha au kufanya maamuzi. Takwimu zinaweza kuwa namba, maneno au picha zinazoeleza hali halisi ya jambo, mfano idadi ya wanafunzi darasani au aina za matunda yanayopendwa.","Hatua za msingi za kushughulikia takwimu ni: kukusanya data (kwa kuuliza maswali au kupima), kuorodhesha/kupanga data kwa mpangilio (jedwali la marudio - tally), kuwasilisha data (kwa jedwali, chati au grafu), na kuchambua data kupata hitimisho. Grafu za mihimili (bar graph) na grafu za duara (pie chart) ni njia maarufu za kuonesha takwimu kwa picha.","Mfano: kukusanya data ya matunda wanayopenda wanafunzi 20 darasani - embe 8, ndizi 5, chungwa 4, papai 3 - kisha kuchora grafu ya mihimili yenye mihimili minne yenye urefu tofauti kuwakilisha idadi hizo.","Takwimu hutumika serikalini kupanga bajeti ya elimu kwa kutumia idadi ya wanafunzi, hospitalini kufuatilia idadi ya wagonjwa wa magonjwa fulani, na wafanyabiashara kupanga bidhaa za kuuza kutokana na mahitaji ya wateja.","Ni hatua zipi za msingi nne za kushughulikia takwimu?::Kukusanya data, kuorodhesha/kupanga data, kuwasilisha data (jedwali au grafu), na kuchambua data kupata hitimisho||Wanafunzi 10 waliulizwa rangi wanayopenda: bluu-4, nyekundu-3, kijani-3. Ni rangi gani iliyopendwa zaidi?::Bluu ilipendwa zaidi kwa kuwa ilipata kura 4, idadi kubwa kuliko nyekundu na kijani zilizopata kura 3 kila moja||Kwa nini ni muhimu kuorodhesha data kabla ya kuiwasilisha kwa grafu?::Kuorodhesha data husaidia kuhesabu marudio ya kila kipengele kwa usahihi kabla ya kukiwakilisha kwenye grafu, hivyo kupunguza makosa",
2023-JSS001-DRS VI,Kumudu matumizi ya awali ya hisabati (vi),Kuonesha uelewa wa awali wa takwimu na matumizi yake (vi),"Kutafuta wastani, namba ya katikati (Mediani) na namba iliyojitokeza mara nyingi (modi) kwenye data zisizo katika makundi","Kutumia mfano wa vitu halisi na programu za mtandaoni kutafuta wastani, mediani na modi kwenye data zisizo katika makundi",21,Mfano wa vitu halisi na programu za mtandaoni,Kuwaongoza Wanafunzi,"Wastani, mediani na modi vimetafutwa kwa usahihi kwenye data zisizo katika makundi",Makundi ya vitu mchanganyiko|Programu za mtandaoni zinazohusiana na kutafuta mediani na modi kwenye data,"TET(2023), HISABATI, KITABU CHA MWANAFUNZI, DARASA LA SITA, TET, DAR ES SALAAM","Wastani (mean), mediani (median) na modi (mode) ni vipimo vitatu vya kati vinavyotumika kueleza namba inayowakilisha kundi zima la data. Kila kimoja hutoa taarifa tofauti kuhusu data na hutumika kutegemeana na aina ya taarifa inayohitajika.","Wastani hupatikana kwa kujumlisha namba zote kisha kugawanya kwa idadi ya namba hizo (Wastani = Jumla ya namba ÷ Idadi ya namba). Mediani ni namba iliyoko katikati baada ya kupanga data kwa mpangilio kuanzia ndogo hadi kubwa (ikiwa idadi ni sawa, mediani ni wastani wa namba mbili za katikati). Modi ni namba iliyojitokeza mara nyingi zaidi kuliko namba zingine kwenye kundi la data.","Mfano wa data: 4, 8, 6, 8, 3. Wastani = (4+8+6+8+3)÷5 = 29÷5 = 5.8. Baada ya kupanga: 3,4,6,8,8 - mediani ni 6 (namba ya katikati). Modi ni 8 kwa kuwa imejitokeza mara mbili, zaidi ya namba zingine.","Wastani hutumika kukokotoa wastani wa alama za mtihani darasani, mediani hutumika kubaini mshahara wa katikati katika kundi la wafanyakazi, na modi hutumika na wauzaji kubaini ukubwa wa nguo unaonunuliwa zaidi na wateja.","Tafuta wastani wa namba: 5, 7, 9, 3, 6.::Wastani = (5+7+9+3+6) ÷ 5 = 30 ÷ 5 = 6||Tafuta mediani ya data: 12, 5, 8, 15, 9.::Panga kwa mpangilio: 5,8,9,12,15. Namba ya katikati ni 9, hivyo mediani = 9||Tafuta modi ya data: 2, 4, 4, 6, 4, 8, 2.::Namba 4 imejitokeza mara tatu, zaidi ya namba zingine, hivyo modi = 4||Tafuta mediani ya data yenye idadi sawa: 4, 8, 6, 10.::Panga: 4,6,8,10. Namba mbili za katikati ni 6 na 8, mediani = (6+8)÷2 = 7",
2023-JSS001-DRS VI,Kumudu matumizi ya awali ya hisabati (vi),Kuonesha uelewa wa awali wa takwimu na matumizi yake (vi),Kubaini matumizi ya takwimu (duara na mihimili) kuwasilisha taarifa,Kutumia mifano halisi na kazimradi kubaini matumizi ya takwimu (duara na mihimili) kuwasilisha taarifa,20,Mifano halisi na kazimradi,Kuwaongoza Wanafunzi,Matumizi ya takwimu (duara na mihimili) katika kuwasilisha taarifa yamebainishwa kwa usahihi,Chati za takwimu halisi kama duara na mihimili|Programu za mtandaoni za kutengeneza chati na grafu|Michoro ya kijiografia inayoonesha takwimu,"TET(2023), HISABATI, KITABU CHA MWANAFUNZI, DARASA LA SITA, TET, DAR ES SALAAM",Chati ya duara (pie chart) na chati ya mihimili (bar chart) ni njia mbili maarufu za kuwasilisha takwimu kwa njia ya picha ili ziweze kueleweka kwa haraka. Kila aina ina matumizi yake kulingana na aina ya data inayowasilishwa.,"Chati ya mihimili hutumia mistari mirefu (mihimili) yenye urefu tofauti kuwakilisha idadi ya vipengele mbalimbali, hufaa kulinganisha makundi tofauti. Chati ya duara hugawanya duara katika sehemu (sekta) zenye ukubwa kulingana na asilimia au uwiano wa kila kipengele katika jumla ya data, hufaa kuonesha jinsi sehemu zinavyochangia katika jumla nzima (asilimia 100).","Mfano: shule ina wanafunzi 100 - Hisabati wanapenda 40, Kiingereza 30, Sayansi 20, Sanaa 10. Kwenye chati ya duara, Hisabati inachukua asilimia 40 ya duara zima, Kiingereza asilimia 30, na kadhalika. Kwenye chati ya mihimili, kila somo linawakilishwa na mhimili wenye urefu unaolingana na idadi ya wanafunzi.","Chati za duara na mihimili hutumika kwenye ripoti za serikali kuonesha mgawanyo wa bajeti ya taifa, kampuni za biashara kuonesha mauzo ya kila mwezi, na vyombo vya habari kuonesha matokeo ya uchaguzi au kura za maoni.","Chati ya duara ina sekta ya asilimia 25 kuwakilisha idadi ya wanafunzi wanaopenda mpira wa miguu. Kama shule ina wanafunzi 200, ni wanafunzi wangapi wanaopenda mpira wa miguu?::Idadi = 25% × 200 = (25÷100) × 200 = wanafunzi 50||Kwa nini chati ya mihimili inafaa zaidi kulinganisha idadi ya wanafunzi wa madarasa matano tofauti kuliko chati ya duara?::Chati ya mihimili huonesha kwa uwazi tofauti za urefu kati ya makundi, hivyo ni rahisi kulinganisha idadi halisi za kila darasa moja kwa moja||Kazimradi: Ukusanya takwimu za michezo wanayopenda wanafunzi 30 darasani mwako na kuwasilisha kwa chati ya mihimili, hatua gani za kwanza utafuata?::Kwanza kuuliza kila mwanafunzi mchezo anaoupenda, kuorodhesha majibu kwa jedwali la marudio, kisha kuchora mihimili yenye urefu unaolingana na idadi ya wanafunzi waliochagua kila mchezo",
2023-JSS001-DRS IV,Kumudu Misingi ya awali ya kihisabati (iv),Kuonesha uelewa wa dhana ya namba (iv),Kutambua namba za kirumi (hadi M),Kusoma na kuandika namba za Kirumi I hadi X,2,Kadi za namba na majadiliano darasani,Kuwaongoza Wanafunzi,Namba za kirumi I hadi X zimesomwa na kuandikwa kwa usahihi,Kadi za namba|Chati ya namba za kirumi I hadi X|Vijiti vya kuhesabu,"TET(2023), HISABATI, KITABU CHA MWANAFUNZI, DARASA LA NNE, TET, DAR ES SALAAM","Namba za kirumi ni njia ya zamani ya kuandika namba kwa kutumia herufi za alfabeti badala ya tarakimu za kawaida (0-9). Herufi za msingi I, V na X huwakilisha namba 1, 5 na 10.","Namba I ikiandikwa kwa kurudiwa huunda namba nyingine (II=1+1=2, III=1+1+1=3) lakini haiwezi kurudiwa zaidi ya mara tatu mfululizo. Herufi ndogo ikiandikwa kulia kwa herufi kubwa huongezwa (VI=5+1=6, VII=5+2=7, VIII=5+3=8); ikiandikwa kushoto hupunguzwa (IV=5-1=4, IX=10-1=9).","Kwa mfano kutoka kitabuni: II=1+1=2, VI=5+1=6, VII=5+2=7, VIII=5+3=8; IV=5-1=4, IX=10-1=9.",Namba za kirumi zinatumika katika kurasa za awali za vitabu na kwenye nyuso za saa; pia hutumika kuandika namba za viatu na bidhaa dukani.,"Andika VI, IV, IX, VII na III kwa numerali (tarakimu za kawaida).::VI=6, IV=4, IX=9, VII=7, III=3||Badili tarakimu 8, 3 na 10 kuwa namba za Kirumi.::8=VIII, 3=III, 10=X||Mzazi alinunua viatu vyenye namba za Kirumi X, V na VII kwa watoto wake. Ni namba gani za kawaida?::X=10, V=5, VII=7",roman_numerals_chart
2023-JSS001-DRS IV,Kumudu Misingi ya awali ya kihisabati (iv),Kuonesha uelewa wa dhana ya namba (iv),Kutambua namba za kirumi (hadi M),Kusoma na kuandika namba za Kirumi XI hadi XX,2,Mifano ya vitu halisi (saa yenye namba za kirumi),Kuwaongoza Wanafunzi,"Namba za kirumi XI hadi XX zimesomwa na kuandikwa kwa usahihi, ikiwemo kusoma muda kwenye saa yenye namba za kirumi",Chati ya namba za kirumi XI hadi XX|Kadi za namba|Saa yenye namba za kirumi,"TET(2023), HISABATI, KITABU CHA MWANAFUNZI, DARASA LA NNE, TET, DAR ES SALAAM","Namba za kirumi kati ya XI na XX huundwa kwa kuunganisha X (10) na namba za I hadi X. Kwa mfano XI=kumi na moja, XX=ishirini.","Kuandika: chukua sehemu ya X (10) kisha ongeza namba ya kirumi ya sehemu iliyobaki, mfano 14=X+IV=XIV, 17=X+VII=XVII, 19=X+IX=XIX. Kusoma: XII=10+2=12, XV=10+5=15, XVIII=10+8=18.","Kwa mfano: 14=XIV, 17=XVII, 19=XIX; XII=12, XV=15, XVIII=18.","Saa nyingi za ukutani na minara (kama Big Ben) huonesha namba za Kirumi badala ya tarakimu za kawaida, hivyo kujua XI hadi XX husaidia kusoma muda.","Andika namba 17 kwa namba za Kirumi.::17 = X + VII = XVII||Badili XVIII kuwa namba ya kawaida.::XVIII = 10 + 8 = 18||Picha ya saa ya ukutani yenye namba za Kirumi inaonesha akrebu fupi kati ya X na XI, na akrebu ndefu kwenye II. Andika muda huo kwa maneno.::Akrebu fupi kati ya X na XI (saa kumi ikiendelea) na akrebu ndefu kwenye II (dakika kumi) - hivyo ni saa kumi na dakika kumi (10:10)",clock_face
2023-JSS001-DRS IV,Kumudu Misingi ya awali ya kihisabati (iv),Kuonesha uelewa wa dhana ya namba (iv),Kutambua namba za kirumi (hadi M),Kusoma na kuandika namba za Kirumi XXI hadi XXXIII,1,Mazoezi ya kuandika na kusoma,Kuwaongoza Wanafunzi,Namba za kirumi XXI hadi XXXIII zimesomwa na kuandikwa kwa usahihi,Chati ya namba za kirumi XXI hadi XXXIII|Kadi za namba,"TET(2023), HISABATI, KITABU CHA MWANAFUNZI, DARASA LA NNE, TET, DAR ES SALAAM",Muundo uliojengwa kwa XI hadi XX unaendelea: XX (20) huunganishwa na sehemu ya I hadi X kuunda namba hadi XXXIII.,"Kuandika: 24=XX+IV=XXIV, 27=XX+VII=XXVII, 37=XXX+VII=XXXVII. Kusoma: XXI=20+1=21, XXXIII=30+3=33. Herufi X inaweza kurudiwa hadi mara tatu tu (XXX=30).","Kwa mfano: 24=XXIV, 27=XXVII, 37=XXXVII; XXI=21, XXXIII=33.","Namba hizi hutumika kuonesha umri, tarehe, na namba za kurasa au sura katika vitabu.",Andika namba 27 kwa namba za Kirumi.::27 = XX + VII = XXVII||Badili XXXIII kuwa namba ya kawaida.::XXXIII = 30 + 3 = 33||Andika namba 37 kwa namba za Kirumi.::37 = XXX + VII = XXXVII,
2023-JSS001-DRS IV,Kumudu Misingi ya awali ya kihisabati (iv),Kuonesha uelewa wa dhana ya namba (iv),Kutambua namba za kirumi (hadi M),Kusoma na kuandika namba za Kirumi XXXIV hadi L,2,Vitendo vya vijiti vya kuhesabu na mazoezi,Kuwaongoza Wanafunzi,Namba za kirumi XXXIV hadi L zimesomwa na kuandikwa kwa usahihi,Chati ya namba za kirumi XXXIV hadi L|Vijiti vya kuhesabu|Kadi za namba,"TET(2023), HISABATI, KITABU CHA MWANAFUNZI, DARASA LA NNE, TET, DAR ES SALAAM","Katika kipande hiki, herufi mpya L huwakilisha 50. Namba XL (50-10=40) huundwa kwa kanuni ya kutoa, kama IV na IX zilivyojengwa awali.","Kuandika: 34=XXX+IV=XXXIV, 41=XL+I=XLI, 45=XL+V=XLV. Herufi X ikiandikwa kushoto kwa L hupunguza thamani (XL=40), kama I ilivyofanya kwa V na X.","Kwa mfano: 34=XXXIV, 41=XLI, 48=XLVIII (kutoka zoezi la vijiti), 43=XLIII (Arobaini na tatu).","Namba za aina hii hutumika kuonesha umri wa watu wazima, idadi ya bidhaa dukani, na kurasa za vitabu vikubwa.","Andika namba 41 kwa namba za Kirumi.::41 = XL + I = XLI||Panga vijiti kuonesha 48 kwa Kirumi, kisha andika namba hiyo.::48 = XL + VIII = XLVIII||Badili 'Arobaini na tatu' kuwa namba ya Kirumi.::Arobaini na tatu = 43 = XLIII",
2023-JSS001-DRS IV,Kumudu Misingi ya awali ya kihisabati (iv),Kuonesha uelewa wa dhana ya namba (iv),Kutambua namba za kirumi (hadi M),Kusoma na kuandika namba za Kirumi L hadi C,2,Majadiliano na mazoezi ya makundi,Kuwaongoza Wanafunzi,"Namba za kirumi L hadi C zimesomwa na kuandikwa kwa usahihi, kufuatana na kanuni ya kutotoa V, L na D",Chati ya namba za kirumi L hadi C|Kadi za namba,"TET(2023), HISABATI, KITABU CHA MWANAFUNZI, DARASA LA NNE, TET, DAR ES SALAAM","Herufi mpya C huwakilisha 100. Kati ya L na C tunapitia LX(60), LXX(70), LXXX(80), XC(90) hadi C(100).","Kanuni muhimu: I, X na C ndizo pekee zinazoweza kuandikwa kushoto kwa namba kubwa kupunguza thamani yake (mfano XC=90); haziwezi kujirudia zaidi ya mara tatu mfululizo. Namba V, L na D haziwezi kamwe kutolewa (kupunguza) kutoka namba nyingine.","Kwa mfano kutoka jedwali la kitabu: LV=55, LXIV=64, LXXXIX=89, XCIX=99.","Namba hizi hutumika kuonesha umri wa uzee, umbali kati ya maeneo, na alama za asilimia katika mitihani.","Andika namba 67 kwa namba za Kirumi.::67 = LX + VII = LXVII||Soma namba XCIX kwa maneno.::XCIX = 90 + 9 = 99, yaani 'tisini na tisa'||Andika 'Sabini na tatu' kwa namba za Kirumi.::Sabini na tatu = 73 = LXXIII",
2023-JSS001-DRS IV,Kumudu Misingi ya awali ya kihisabati (iv),Kuonesha uelewa wa dhana ya namba (iv),Kutambua namba za kirumi (hadi M),Kusoma na kuandika namba za Kirumi C hadi D,1,Mifano ya vitu halisi na mazoezi,Kuwaongoza Wanafunzi,Namba za kirumi C hadi D zimesomwa na kuandikwa kwa usahihi,Chati ya namba za kirumi C hadi D|Kadi za namba,"TET(2023), HISABATI, KITABU CHA MWANAFUNZI, DARASA LA NNE, TET, DAR ES SALAAM","Namba C na D ni namba za Kirumi zinazowakilisha mamia: C=100 na D=500. C ikiwa kushoto mwa D thamani yake hupunguzwa kutoka D; ikiwa kulia, huongezwa kwa D.","Kwa mfano: CD=500-100=400, DC=500+100=600, DCC=700, DCCC=800. C ikiandikwa kushoto mwa D lazima iwe moja tu; ikiandikwa kulia isizidi mara tatu.","Kwa mfano: CIV=104, CCXXII=222, CCCXLIII=343, CDXXXI=431.",Namba hizi hutumika kuonesha umbali kati ya miji kwa kilomita na idadi kubwa ya watu au vitu.,"Andika namba 362 kwa namba za Kirumi.::362 = CCC + LXII = CCCLXII||Soma CDXLVI kwa maneno.::CDXLVI = 400 + 46 = 446, yaani 'mia nne arobaini na sita'||Umbali kati ya Mji A na Mji B ni kilomita CDLXXVIII. Andika umbali huo kwa numerali.::CDLXXVIII = 400 + 78 = 478 km",
2023-JSS001-DRS IV,Kumudu Misingi ya awali ya kihisabati (iv),Kuonesha uelewa wa dhana ya namba (iv),Kutambua namba za kirumi (hadi M),Kusoma na kuandika namba za Kirumi D hadi M,2,Utafiti wa mtandaoni na mazoezi,Kuwaongoza Wanafunzi,"Namba za kirumi D hadi M zimesomwa na kuandikwa kwa usahihi, zikijumuisha namba kamili hadi 1,000",Chati ya namba za kirumi D hadi M|Kadi za namba,"TET(2023), HISABATI, KITABU CHA MWANAFUNZI, DARASA LA NNE, TET, DAR ES SALAAM","Herufi M huwakilisha 1,000, namba kubwa zaidi katika namba za msingi za Kirumi. Kutoka D hadi M tunapitia DC(600), DCC(700), DCCC(800), CM(900) hadi M(1000).","Kuandika namba kamili huchanganya mamia, makumi na mamoja, mfano 576=D+LXXVI=DLXXVI, 964=CM+LXIV=CMLXIV. CM huundwa kwa kanuni ya kutoa (1000-100=900), kama XC na XL zilivyojengwa awali.","Kwa mfano kutoka jedwali la kitabu: DXI=511, DCLXXIV=674, DCCXCIX=799, CMLXXXIV=984.","Namba hizi hutumika kuonesha miaka ya matukio ya kihistoria, idadi kubwa ya watu, na umbali mrefu kati ya nchi.","Andika namba 964 kwa namba za Kirumi.::964 = CM + LXIV = CMLXIV||Soma DCCXCIX kwa maneno.::DCCXCIX = 700 + 99 = 799, yaani 'mia saba tisini na tisa'||Karol alipewa kadi yenye namba DLVII na Anna alipewa kadi yenye namba DXLVII. Ni nani mwenye namba kubwa zaidi?::DLVII=557, DXLVII=547; Karol ana namba kubwa zaidi (557>547)",
2023-JSS001-DRS IV,Kumudu Misingi ya awali ya kihisabati (iv),Kuonesha uelewa wa matendo ya namba (iv),Kuzidisha na kugawanya namba nzima,Kuzidisha namba zenye tarakimu mbili kwa kizidisho chenye tarakimu moja,2,"Maelezo ya mwalimu, mifano ubaoni hatua kwa hatua, mazoezi ya darasani na kazi binafsi",Kuwaongoza Wanafunzi,Mwanafunzi anaweza kuzidisha namba yenye tarakimu mbili kwa namba yenye tarakimu moja kwa kutumia mbinu ya nafasi za tarakimu (mamoja na makumi) kwa usahihi,Kadi za namba|Chati ya thamani ya nafasi|Ubaoni na chaki,"TET(2023), HISABATI, KITABU CHA MWANAFUNZI, DARASA LA NNE, TET, DAR ES SALAAM","Somo hili linaanzisha ujuzi wa kuzidisha namba yenye tarakimu mbili kwa kizidisho chenye tarakimu moja, kama ilivyoanzishwa katika Sura ya Pili ya kitabu cha mwanafunzi.","Mwanafunzi hufundishwa kuzidisha tarakimu ya mamoja kwanza kisha ya makumi, huku akibadili mamoja kumi au zaidi kuwa makumi na kuyapeleka (kubeba) kwenye nafasi ya makumi, kama mifano 62 x 4 = 248 na 25 x 6 = 150.","Mfano 62 x 4: zidisha mamoja 2 x 4 = 8, kisha makumi 6 x 4 = 24, andika 4 beba 2, jibu 248. Mfano 25 x 6: zidisha 5 x 6 = 30 andika 0 beba 3, kisha 2 x 6 = 12 jumlisha 3 kupata 15, jibu 150.","Mbinu hii hutumika kuhesabu gharama za bidhaa zinazouzwa kwa bei moja, mfano kununua vitu 4 kwa bei ya shilingi 62 kila kimoja.",41x9=::369||64x2=::128||38x7=::266||56x7=::392,
2023-JSS001-DRS IV,Kumudu Misingi ya awali ya kihisabati (iv),Kuonesha uelewa wa matendo ya namba (iv),Kuzidisha na kugawanya namba nzima,Kuzidisha namba zenye tarakimu mbili kwa kizidisho chenye tarakimu mbili,3,"Maelezo, mifano ya hatua kwa hatua ubaoni, mazoezi ya vikundi na binafsi",Kuwaongoza Wanafunzi,Mwanafunzi anaweza kuzidisha namba yenye tarakimu mbili kwa namba nyingine yenye tarakimu mbili kwa kutumia njia ya wima na kujumlisha mazao ya sehemu kwa usahihi,Chati ya thamani ya nafasi|Kadi za namba|Karatasi za mazoezi,"TET(2023), HISABATI, KITABU CHA MWANAFUNZI, DARASA LA NNE, TET, DAR ES SALAAM","Baada ya kumudu kuzidisha kwa kizidisho chenye tarakimu moja, mwanafunzi anaendelea kujifunza kuzidisha namba yenye tarakimu mbili kwa kizidisho chenye tarakimu mbili.","Njia inahusisha kuzidisha kigawanywe kwa kila tarakimu ya kizidisho (mamoja kisha makumi), kuandika mazao ya sehemu, kisha kuyajumlisha kupata jibu la mwisho, kama inavyooneshwa katika mifano 23 x 21 = 483, 27 x 12 = 324 na 78 x 69 = 5,382.","Mfano 23 x 21: 23 x 1 = 23, 23 x 20 = 460, jumlisha 23 + 460 = 483. Mfano 78 x 69: 78 x 9 = 702, 78 x 60 = 4,680, jumlisha 702 + 4,680 = 5,382.","Mbinu hii hutumika kuhesabu gharama za jumla, mfano bei ya masanduku 21 ya bidhaa yenye bei ya shilingi 23 kila moja.",22x14=::308||28x18=::504||40x18=::720||56x29=::1624,
2023-JSS001-DRS IV,Kumudu Misingi ya awali ya kihisabati (iv),Kuonesha uelewa wa matendo ya namba (iv),Kuzidisha na kugawanya namba nzima,Kuzidisha namba kubwa (tarakimu tatu hadi sita) kwa kizidisho chenye tarakimu mbili hadi tatu,5,"Mifano ubaoni, njia mbadala ya visanduku (grid method), mazoezi ya vikundi na binafsi",Kuwaongoza Wanafunzi,Mwanafunzi anaweza kuzidisha namba yenye tarakimu tatu hadi sita kwa kizidisho chenye tarakimu mbili au tatu kwa njia ya wima au njia ya visanduku,Chati ya thamani ya nafasi|Kadi za namba|Ubao wa visanduku (grid),"TET(2023), HISABATI, KITABU CHA MWANAFUNZI, DARASA LA NNE, TET, DAR ES SALAAM","Somo hili linapanua ujuzi wa kuzidisha kwenda kwenye namba kubwa zaidi, kutoka tarakimu tatu (217 x 4) hadi tarakimu sita (771481 x 8), kwa kizidisho cha hadi tarakimu tatu.","Mwanafunzi hujifunza kuzidisha kila tarakimu ya kigawanywe kwa kila tarakimu ya kizidisho na kujumlisha mazao ya sehemu, pamoja na njia mbadala ya visanduku inayogawanya kazi katika sehemu ndogo ndogo, kama mfano 3125 x 12 = 37,500 na 276 x 123 = 33,948.","Mfano 624 x 35: 624 x 5 = 3,120, 624 x 30 = 18,720, jumlisha kupata 21,840. Njia ya visanduku kwa 276 x 123 inaonesha kila tarakimu ikizidishwa kando kabla ya kujumlishwa kupata 33,948.","Hutumika kuhesabu mahitaji makubwa, mfano shule kununua chupa 5,624 za soda kwa kreti 24 kila moja kupata jumla ya chupa 134,976.",417x11=::4587||530x8=::4240||709x5=::3545||8202x200=::1640400,
2023-JSS001-DRS IV,Kumudu Misingi ya awali ya kihisabati (iv),Kuonesha uelewa wa matendo ya namba (iv),Kuzidisha na kugawanya namba nzima,Kutumia kuzidisha kutatua matatizo ya kila siku,2,"Utatuzi wa matatizo halisia, majadiliano ya darasa na kazi binafsi",Kuwaongoza Wanafunzi,Mwanafunzi anaweza kutambua na kutatua matatizo ya kila siku yanayohitaji matumizi ya kuzidisha namba nzima,Picha za hali halisia|Kadi za maneno ya matatizo|Ubaoni,"TET(2023), HISABATI, KITABU CHA MWANAFUNZI, DARASA LA NNE, TET, DAR ES SALAAM","Somo hili linaonesha matumizi ya kuzidisha katika hali halisi za maisha ya kila siku, kama vile ununuzi wa chupa za soda na upandaji miti.","Mwanafunzi hufundishwa kusoma tatizo, kubaini idadi zinazohusika kisha kutumia kuzidisha kupata jibu, kama mfano wa shule kununua kreti 5,624 za soda zenye chupa 24 kila moja.","Mfano: Wanakijiji walipanda miti 3,841 kwa kila kitalu katika vitalu 389; jumla ya miti hupatikana kwa kuzidisha 3,841 x 389.","Matumizi halisi ni pamoja na kuhesabu jumla ya bidhaa zinazozalishwa kiwandani kwa siku (mfano vitabu 685,390 kwa siku 317) au mayai yanayotagwa na kuku.","Lori la shule linabeba magunia 60 ya maharage kwa safari moja. Litabeba magunia mangapi katika safari 19?::1140||Wastani wa watoto 128 huzaliwa kwa mwezi hospitalini. Watazaliwa watoto wangapi kwa miezi 12?::1536||Wanafunzi kutoka shule 309, kila shule ikiwa na wanafunzi 208, walifanya mtihani. Jumla ya wanafunzi wangapi walifanya mtihani?::64272",
2023-JSS001-DRS IV,Kumudu Misingi ya awali ya kihisabati (iv),Kuonesha uelewa wa matendo ya namba (iv),Kuzidisha na kugawanya namba nzima,Kugawanya namba nzima kwa njia fupi (bila baki na kupata baki),5,"Maelezo ya hatua kwa hatua, mifano ubaoni, mazoezi ya darasani na binafsi",Kuwaongoza Wanafunzi,"Mwanafunzi anaweza kugawanya namba nzima kwa njia fupi, kwa kigawanyo cha tarakimu moja hadi mbili, bila baki na kwa kupata baki",Chati ya thamani ya nafasi|Kadi za namba|Ubaoni,"TET(2023), HISABATI, KITABU CHA MWANAFUNZI, DARASA LA NNE, TET, DAR ES SALAAM","Somo hili linaanzisha kugawanya namba nzima kwa njia fupi, kuanzia mifano rahisi isiyo na baki hadi migawanyo inayozalisha baki.","Mwanafunzi hujifunza kugawanya kila tarakimu kuanzia kushoto kwenda kulia, kubadili mabaki kuwa nafasi ya chini inayofuata, kama mifano 68 kwa 2 = 34, 245 kwa 5 = 49, 384 kwa 12 = 32 (bila baki) na 82 kwa 6 = 13 baki 4, 573 kwa 12 = 47 baki 9 (na baki).","Mfano 245 kwa 5: gawanya makumi 24 kwa 5 unapata 4 baki 4, badili baki kuwa mamoja 45, gawanya kwa 5 unapata 9, jibu 49. Mfano 82 kwa 6: 8 kwa 6 = 1 baki 2, chukua 22 kwa 6 = 3 baki 4, jibu 13 baki 4.","Njia fupi hutumika kugawanya vitu kwa haraka, mfano kugawanya penseli 82 kwa wanafunzi 6 kwa usawa.",70/7=::10||36/6=::6||156/4=::39||225/5=::45,
2023-JSS001-DRS IV,Kumudu Misingi ya awali ya kihisabati (iv),Kuonesha uelewa wa matendo ya namba (iv),Kuzidisha na kugawanya namba nzima,Kugawanya namba nzima kwa njia ndefu (bila baki na kupata baki),7,"Mifano ya hatua kwa hatua ubaoni, mazoezi ya vikundi na binafsi, marudio ya haraka",Kuwaongoza Wanafunzi,"Mwanafunzi anaweza kugawanya namba nzima kubwa kwa njia ndefu, kwa kigawanyo cha hadi tarakimu nne, bila baki na kwa kupata baki",Chati ya thamani ya nafasi|Ubaoni|Karatasi za mazoezi za njia ndefu,"TET(2023), HISABATI, KITABU CHA MWANAFUNZI, DARASA LA NNE, TET, DAR ES SALAAM","Somo hili linajenga umahiri wa kugawanya namba nzima kubwa kwa njia ndefu, ambayo huonesha hatua zote za kuzidisha, kutoa na kushusha tarakimu.","Mwanafunzi hufundishwa kugawanya, kuzidisha, kutoa na kushusha tarakimu inayofuata mfululizo, kama mifano 69 kwa 3 = 23, 8080 kwa 80 = 101, 561672 kwa 696 = 807 (bila baki), na 148 kwa 7 = 21 baki 1, 866 kwa 27 = 32 baki 2, 880890 kwa 8806 = 100 baki 290 (na baki).","Mfano 148 kwa 7: 14 kwa 7 = 2, zidisha 2 x 7 = 14 toa 14 - 14 = 0, shusha 8, gawanya 8 kwa 7 = 1 baki 1, jibu 21 baki 1.","Njia ndefu hutumika kugawa kiasi kikubwa cha bidhaa kwa makundi mengi, mfano kugawanya mifuko 880,890 ya bidhaa kwa vituo 8,806.",723/3=::241||55055/605=::91||77784/926=::84||148/7=::21 baki 1,
2023-JSS001-DRS IV,Kumudu Misingi ya awali ya kihisabati (iv),Kuonesha uelewa wa matendo ya namba (iv),Kuzidisha na kugawanya namba nzima,Kutumia kugawanya kutatua matatizo ya kila siku,2,"Utatuzi wa matatizo halisia, majadiliano ya darasa na kazi binafsi",Kuwaongoza Wanafunzi,"Mwanafunzi anaweza kutambua na kutatua matatizo ya kila siku yanayohitaji matumizi ya kugawanya namba nzima, ikiwa ni pamoja na kutafsiri baki katika muktadha",Picha za hali halisia|Kadi za maneno ya matatizo|Ubaoni,"TET(2023), HISABATI, KITABU CHA MWANAFUNZI, DARASA LA NNE, TET, DAR ES SALAAM","Somo hili linaonesha matumizi ya kugawanya katika hali halisi, kama vile kugawana kuku au machungwa kwa idadi sawa.","Mwanafunzi hufundishwa kubaini jumla inayogawanywa na idadi ya makundi, kisha kutumia kugawanya kupata sehemu ya kila mmoja na kutafsiri baki ipasavyo, kama mfano wa wafugaji 13 kugawana kuku 1,625 kupata kuku 125 kila mmoja.","Mfano: Mwalimu alikuwa na machungwa 305, aliwapatia wanafunzi 35 kwa idadi sawa; gawanya 305 kwa 35 = 8 baki 25, hivyo kila mwanafunzi alipata machungwa 8 na mwalimu alibakiwa na machungwa 25.","Matumizi halisi ni pamoja na kugawanya magunia ya mahindi kwa vijiji, kugawanya karatasi kwa wanafunzi, au kugawanya mifuko ya mbolea kwa wakulima.","Vijiji 50 viligawiwa magunia 133,700 ya mahindi kwa idadi sawa. Kila kijiji kilipata magunia mangapi?::2674||Mwalimu aliwagawia wanafunzi 60 jumla ya karatasi 414 kwa usawa. Kila mwanafunzi alipata karatasi ngapi?::6 baki 54||Wanachama 24 wa chama cha ushirika walikuwa na mananasi 986, waligawana kwa idadi sawa. Yalibaki mananasi mangapi?::2",
2023-JSS001-DRS IV,Kumudu Misingi ya awali ya kihisabati (iv),Kuonesha uelewa wa vipimo (iv),"Kubadili vipimo vya urefu, uzani na ujazo katika vijenzi vyake",Kubadili vipimo vya urefu kutoka kipimo kimoja kwenda kingine,3,"Kutumia uhusiano wa vipimo vya urefu (km, hm, dam, m, dm, sm, mm)",Kuwaongoza Wanafunzi,Vipimo vya urefu vimebadilishwa kutoka kipimo kimoja kwenda kingine kwa usahihi,Rula|Futikamba|Jedwali la uhusiano wa vipimo vya urefu,"TET(2023), HISABATI, KITABU CHA MWANAFUNZI, DARASA LA NNE, TET, DAR ES SALAAM","Vipimo vya urefu hubadilishwa kwa kuzingatia uhusiano wake: km1=m1000, m1=sm100=mm1000, dm1=sm10. Kuzidisha hutumika kubadili kipimo kikubwa kuwa kidogo, kugawanya hutumika kubadili kipimo kidogo kuwa kikubwa.",Kubadili kipimo kikubwa kuwa kidogo: zidisha kwa uhusiano wake (mfano m3 kuwa sm: m3×sm100=sm300). Kubadili kipimo kidogo kuwa kikubwa: gawanya kwa uhusiano wake (mfano sm500÷sm100=m5).,"Mfano: badili km5 m250 kuwa meta - km5=m5000, jumlisha na m250 kupata m5,250. Mfano mwingine: badili m7 kuwa desimeta - m7×dm10=dm70.",Kubadili vipimo vya urefu husaidia kulinganisha umbali wa barabara zilizopimwa kwa kilometa na vipimo vidogo vya vitu kama meza zilizopimwa kwa sentimeta.,"Badili km17 kuwa meta.::m17,000 (17×1000)||Badili sm35 kuwa milimeta.::mm350 (35×10)||Barabara ina urefu wa kilometa 22. Badili urefu huo kuwa desimeta.::dm220,000 (22×1000×10)",unit_conversion_ladder
2023-JSS001-DRS IV,Kumudu Misingi ya awali ya kihisabati (iv),Kuonesha uelewa wa vipimo (iv),"Kubadili vipimo vya urefu, uzani na ujazo katika vijenzi vyake",Kubadili vipimo vya uzani kutoka kipimo kimoja kwenda kingine,3,"Kutumia uhusiano wa vipimo vya uzani (tani, kg, hg, dag, g, mg)",Kuwaongoza Wanafunzi,Vipimo vya uzani vimebadilishwa kutoka kipimo kimoja kwenda kingine kwa usahihi,Mizani|Jedwali la uhusiano wa vipimo vya uzani,"TET(2023), HISABATI, KITABU CHA MWANAFUNZI, DARASA LA NNE, TET, DAR ES SALAAM","Vipimo vya uzani hubadilishwa kwa kuzingatia uhusiano wake: tani1=kg1000, kg1=g1000. Kama vipimo vya urefu, kuzidisha hutumika kubadili kikubwa kuwa kidogo, kugawanya hutumika kubadili kidogo kuwa kikubwa.",Kubadili kg kuwa g: zidisha kwa 1000 (kg4×g1000=g4000). Kubadili g kuwa kg: gawanya kwa 1000 (g7000÷1000=kg7). Kubadili tani kuwa kg: zidisha kwa 1000.,"Mfano: badili tani2 kuwa kilogramu - tani1=kg1000, hivyo tani2=kg2000. Mfano mwingine: badili g6000 kuwa kilogramu - g6000÷1000=kg6.",Kubadili vipimo vya uzani husaidia mfanyabiashara kulinganisha uzani wa mizigo mikubwa (tani) na bidhaa ndogo zinazouzwa kwa gramu.,"Badili kg89 kuwa gramu.::g89,000 (89×1000)||Mkulima alivuna mahindi yenye uzani wa gramu 5,070,000. Je, uzani huo ni sawa na kilogramu ngapi?::kg5,070 (5,070,000÷1000)||Gari lina uzani wa tani 15. Badili uzani huo kuwa hektogramu.::hg150,000 (15×1000×10)",unit_conversion_ladder
2023-JSS001-DRS IV,Kumudu Misingi ya awali ya kihisabati (iv),Kuonesha uelewa wa vipimo (iv),"Kubadili vipimo vya urefu, uzani na ujazo katika vijenzi vyake",Kubadili vipimo vya ujazo kutoka lita kwenda mililita na kinyume chake,3,Kutumia uhusiano wa lita na mililita (L1=mL1000),Kuwaongoza Wanafunzi,Vipimo vya ujazo vimebadilishwa kutoka lita kwenda mililita au kinyume chake kwa usahihi,Vyombo vya kupimia ujazo|Jedwali la uhusiano wa lita na mililita,"TET(2023), HISABATI, KITABU CHA MWANAFUNZI, DARASA LA NNE, TET, DAR ES SALAAM","Kipimo cha metriki cha ujazo ni lita (L), na kipimo kingine kinachotumika mara kwa mara ni mililita (mL). Uhusiano wake ni: Lita1=mililita1000.",Kubadili lita kuwa mililita: zidisha kwa 1000. Kubadili mililita kuwa lita: gawanya kwa 1000.,"Mfano: kuna mililita ngapi katika lita 9? L1=mL1000, hivyo L9=mL9000. Mfano mwingine: kuna lita ngapi katika mililita 18,000? mL18000÷1000=lita18.",Kubadili lita na mililita husaidia kusoma vipimo vya vinywaji na dawa vinavyouzwa kwa mililita au lita.,"Kuna mililita ngapi katika lita 12?::mL12,000 (12×1000)||Badili mililita 6,000 kuwa lita.::L6 (6000÷1000)||Ndoo ina ujazo wa lita 20. Je, ujazo huo ni sawa na mililita ngapi?::mL20,000 (20×1000)",unit_conversion_ladder
2023-JSS001-DRS IV,Kumudu Misingi ya awali ya kihisabati (iv),Kuonesha uelewa wa vipimo (iv),"Kujumlisha na kutoa vipimo vya urefu, uzani na ujazo",Kujumlisha vipimo vya urefu vyenye vijenzi tofauti,3,"Kujumlisha safu kwa safu kuanzia kipimo kidogo, kubadili pale jumla inapozidi uhusiano wa vipimo",Kuwaongoza Wanafunzi,"Vipimo vya urefu vyenye vijenzi tofauti (km, hm, dam, m, sm) vimejumlishwa kwa usahihi",Chati ya safu za vipimo vya urefu|Ubao,"TET(2023), HISABATI, KITABU CHA MWANAFUNZI, DARASA LA NNE, TET, DAR ES SALAAM","Vipimo vya urefu vyenye vijenzi tofauti (mfano km na hm) hujumlishwa safu kwa safu kuanzia kipimo kidogo kwenda kikubwa, kama inavyofanyika kwa namba za kawaida.","Jumlisha safu ya kipimo kidogo kwanza. Ikiwa jumla imezidi 9 (au uhusiano wa vipimo), badili sehemu inayozidi kuwa kipimo kikubwa kinachofuata na uipeleke huko, kisha endelea kujumlisha safu inayofuata.","Mfano: km8 hm3 + km6 hm5. Jumlisha hm: 3+5=8. Jumlisha km: 8+6=14. Jibu: km14 hm8. Mfano wenye kubadili: km7 hm5 + km4 hm8: hm5+8=13=km1 hm3, jumlisha km: 1+7+4=12. Jibu: km12 hm3.",Kujumlisha vipimo vya urefu hutumika kukokotoa jumla ya umbali wa safari yenye vipande vingi vilivyopimwa kwa vipimo tofauti.,Jumlisha: km7 hm4 dam9 + km6 hm6 dam3.::km14 hm1 dam2||Jumlisha: m5 sm25 mm4 + m6 sm80 mm8.::m12 sm6 mm2||Jumlisha: km8 dam9 m7 + km5 dam8 m4.::km14 dam8 m1,
2023-JSS001-DRS IV,Kumudu Misingi ya awali ya kihisabati (iv),Kuonesha uelewa wa vipimo (iv),"Kujumlisha na kutoa vipimo vya urefu, uzani na ujazo",Kujumlisha vipimo vya uzani vyenye vijenzi tofauti,3,"Kujumlisha safu kwa safu kuanzia kipimo kidogo, kubadili pale jumla inapozidi uhusiano wa vipimo",Kuwaongoza Wanafunzi,"Vipimo vya uzani vyenye vijenzi tofauti (tani, kg, g, mg) vimejumlishwa kwa usahihi",Chati ya safu za vipimo vya uzani|Ubao,"TET(2023), HISABATI, KITABU CHA MWANAFUNZI, DARASA LA NNE, TET, DAR ES SALAAM",Vipimo vya uzani vyenye vijenzi tofauti (mfano g na mg) hujumlishwa kwa njia ile ile ya vipimo vya urefu - safu kwa safu kuanzia kipimo kidogo.,"Jumlisha safu ya kipimo kidogo kwanza. Ikiwa jumla imezidi uhusiano wa vipimo (mfano mg1000=g1), badili na peleka sehemu inayozidi kwenye safu inayofuata.","Mfano: g4 mg225 + g4 mg370. Jumlisha mg: 225+370=595. Jumlisha g: 4+4=8. Jibu: g8 mg595. Mfano wenye kubadili: tani4 kg850 + tani3 kg350: kg850+350=1200=tani1 kg200, jumlisha tani: 1+4+3=8. Jibu: tani8 kg200.",Kujumlisha vipimo vya uzani hutumika kukokotoa uzani wa jumla ya mizigo mbalimbali inayobebwa na gari moja.,"Jumlisha: kg4 dag75 + kg8 dag25.::kg13 dag00 (75+25=100=kg1, jumla kg13)||Jumlisha: tani10 kg470 + tani17 kg675.::tani28 kg145||Jumlisha: kg3 g460 + kg1 g630.::kg5 g090 (460+630=1090=kg1 g90)",
2023-JSS001-DRS IV,Kumudu Misingi ya awali ya kihisabati (iv),Kuonesha uelewa wa vipimo (iv),"Kujumlisha na kutoa vipimo vya urefu, uzani na ujazo",Kujumlisha vipimo vya ujazo katika lita na mililita,3,"Kujumlisha safu ya mililita kisha safu ya lita, kubadili pale jumla ya mililita inapofikia 1000",Kuwaongoza Wanafunzi,Vipimo vya ujazo katika lita na mililita vimejumlishwa kwa usahihi,Chati ya safu za lita na mililita|Vyombo vya kupimia ujazo,"TET(2023), HISABATI, KITABU CHA MWANAFUNZI, DARASA LA NNE, TET, DAR ES SALAAM","Vipimo vya ujazo katika lita na mililita hujumlishwa safu kwa safu, mililita kwanza kisha lita, kwa kuzingatia uhusiano L1=mL1000.","Jumlisha safu ya mililita. Ikiwa jumla imefikia au kuzidi 1000, badili sehemu hiyo kuwa lita na uipeleke katika safu ya lita, kisha jumlisha safu ya lita.","Mfano: L415 mL205 + L27 mL8. Jumlisha mL: 205+8=213. Jumlisha L: 415+27=442. Jibu: L442 mL213. Mfano wenye kubadili: L600 mL40 + L350 mL250: mL40+250=290, jumla L600+350=950. Jibu: L950 mL290.",Kujumlisha vipimo vya ujazo hutumika kukokotoa jumla ya maziwa yanayotolewa na ng'ombe wawili tofauti kwa siku.,"Jumlisha: L78 mL426 + L55 mL542.::L133 mL968||Ng'ombe wa kwanza hutoa L2 mL353 na wa pili hutoa L5 mL452 za maziwa. Tafuta jumla ya ujazo wa maziwa.::L7 mL805||Jumlisha: L11 mL41 + L8 mL74.::L19 mL115 (41+74=115=L0 mL115, jumla L19)",
2023-JSS001-DRS IV,Kumudu Misingi ya awali ya kihisabati (iv),Kuonesha uelewa wa vipimo (iv),"Kujumlisha na kutoa vipimo vya urefu, uzani na ujazo",Kutoa vipimo vya urefu vyenye vijenzi tofauti,3,"Kutoa safu kwa safu kuanzia kipimo kidogo, kuchukua kipimo kikubwa na kukibadili pale kutoa hakutoshelezi",Kuwaongoza Wanafunzi,Vipimo vya urefu vyenye vijenzi tofauti vimetolewa kwa usahihi,Chati ya safu za vipimo vya urefu|Ubao,"TET(2023), HISABATI, KITABU CHA MWANAFUNZI, DARASA LA NNE, TET, DAR ES SALAAM","Vipimo vya urefu vyenye vijenzi tofauti hutolewa safu kwa safu kuanzia kipimo kidogo. Pale kutoa hakutoshelezi, kipimo kikubwa hukopwa na kubadilishwa kuwa kidogo.","Toa safu ya kipimo kidogo. Ikiwa haitoshelezi, chukua kipimo 1 cha safu kubwa iliyofuata, badili kwa uhusiano wake, jumlishe na kipimo kidogo kilichopo, kisha toa.","Mfano: km12 m200 - km4 m950. m200 haitoshelezi kutoa m950, chukua km1 (=m1000), jumlisha na m200=m1200, toa 1200-950=m250. Toa km: 11-4=7. Jibu: km7 m250.",Kutoa vipimo vya urefu hutumika kukokotoa tofauti ya umbali kati ya safari mbili zilizopimwa kwa vipimo tofauti.,"Toa: km105 m200 - km5 m105.::km100 m095||Toa: km27 m240 sm64 - km14 m860 sm95.::km12 m379 sm69||Toa: m12 sm30 - m4 sm35.::m7 sm95 (chukua m1=sm100, 100+30=130, 130-35=95, m11-4=7)",
2023-JSS001-DRS IV,Kumudu Misingi ya awali ya kihisabati (iv),Kuonesha uelewa wa vipimo (iv),"Kujumlisha na kutoa vipimo vya urefu, uzani na ujazo",Kutoa vipimo vya uzani vyenye vijenzi tofauti,3,"Kutoa safu kwa safu kuanzia kipimo kidogo, kuchukua kipimo kikubwa na kukibadili pale kutoa hakutoshelezi",Kuwaongoza Wanafunzi,Vipimo vya uzani vyenye vijenzi tofauti vimetolewa kwa usahihi,Chati ya safu za vipimo vya uzani|Ubao,"TET(2023), HISABATI, KITABU CHA MWANAFUNZI, DARASA LA NNE, TET, DAR ES SALAAM","Vipimo vya uzani vyenye vijenzi tofauti hutolewa kwa njia ile ile ya vipimo vya urefu - safu kwa safu, kukopa na kubadili pale kutoa hakutoshelezi.","Toa safu ya kipimo kidogo. Ikiwa haitoshelezi, chukua kipimo 1 cha safu kubwa iliyofuata, badili kwa uhusiano wake (mfano tani1=kg1000), jumlishe kisha toa.","Mfano: tani12 kg740 - tani6 kg420. Toa kg: 740-420=320. Toa tani: 12-6=6. Jibu: tani6 kg320. Mfano wenye kukopa: kg6 g200 - kg2 g550: g200 haitoshelezi, chukua kg1(=g1000), 1000+200=1200, 1200-550=650. Toa kg: 5-2=3. Jibu: kg3 g650.",Kutoa vipimo vya uzani hutumika kukokotoa uzani uliobaki baada ya sehemu ya mzigo kuondolewa.,"Toa: t6 kg750 - t4 kg114.::t2 kg636||Toa: kg4 dag75 - kg2 dag25.::kg2 dag50||Uzani wa kuku ulikuwa kg3. Baada ya kumuandaa kwa mapishi alikuwa na kg2 g750. Je, uzani wake ulipungua kwa kiasi gani?::g250 (kg3=g3000, 3000-2750=250)",
2023-JSS001-DRS IV,Kumudu Misingi ya awali ya kihisabati (iv),Kuonesha uelewa wa vipimo (iv),"Kujumlisha na kutoa vipimo vya urefu, uzani na ujazo",Kutoa vipimo vya ujazo katika lita na mililita,4,"Kutoa safu ya mililita kisha safu ya lita, kukopa lita 1 (=mL1000) pale kutoa hakutoshelezi",Kuwaongoza Wanafunzi,Vipimo vya ujazo katika lita na mililita vimetolewa kwa usahihi,Chati ya safu za lita na mililita|Vyombo vya kupimia ujazo,"TET(2023), HISABATI, KITABU CHA MWANAFUNZI, DARASA LA NNE, TET, DAR ES SALAAM","Vipimo vya ujazo katika lita na mililita hutolewa safu kwa safu, kukopa lita 1 na kuibadili kuwa mililita 1000 pale mililita za kutoa hazitoshelezi.","Toa safu ya mililita kwanza. Ikiwa haitoshelezi, chukua lita 1 kutoka safu ya lita, badili kuwa mL1000, jumlishe na mililita zilizopo, kisha toa. Mwisho toa safu ya lita zilizobaki.","Mfano: L11 mL41 - L8 mL74. mL41 haitoshelezi, chukua L1(=mL1000), 1000+41=1041, toa 1041-74=967. Toa L: 10-8=2. Jibu: L2 mL967.",Kutoa vipimo vya ujazo hutumika kukokotoa kiasi cha maji kinachohitajika kujaza chombo kilichojaa sehemu.,"Toa: L20 mL93 - L16 mL37.::L4 mL56||Ndoo ya maji ina ujazo wa lita 10. Ikiwa mililita 5,534 za maji zimewekwa kwenye ndoo hiyo, ni lita ngapi zaidi zinahitajika kujaza ndoo hiyo?::L4 mL466 (L10=mL10000, 10000-5534=4466=L4 mL466)||Toa: L90 mL180 - L45 mL382.::L44 mL798 (180 haitoshi, chukua L1=mL1000, 1180-382=798, L89-45=44)",
2023-JSS001-DRS IV,Kumudu Misingi ya awali ya kihisabati (iv),Kuonesha uelewa wa vipimo (iv),"Kujumlisha na kutoa vipimo vya urefu, uzani na ujazo",Kutatua mafumbo yenye dhana ya vipimo vya urefu,3,Kubadili vipimo kuwa kipimo kimoja kisha kulinganisha au kukokotoa,Kuwaongoza Wanafunzi,Mafumbo yenye dhana ya vipimo vya urefu yametatuliwa kwa usahihi,Rula|Futikamba|Ramani ndogo,"TET(2023), HISABATI, KITABU CHA MWANAFUNZI, DARASA LA NNE, TET, DAR ES SALAAM",Mafumbo yenye dhana ya vipimo vya urefu huandikwa kwa sentensi moja au zaidi na huonesha matumizi ya vipimo vya urefu katika maisha ya kila siku.,"Kusoma na kuelewa fumbo, bainisha vipimo vilivyotolewa, badili viwe kipimo kimoja kama havilingani, kisha jumlisha, toa, au linganisha kulingana na swali.","Mfano: Kija alitembea km8 m700 kutoka nyumbani kwenda mnadani, Ashura alitembea m6,928 kutoka shuleni kwenda nyumbani kwao. Badili km8 m700 kuwa meta = m8,700, ambayo ni kubwa kuliko m6,928. Kwa hiyo Kija alitembea umbali mrefu zaidi.",Mafumbo ya vipimo vya urefu husaidia kutatua matatizo halisi kama kulinganisha umbali wa safari mbili tofauti.,"Urefu wa uwanja wa mpira ni meta 100. Urefu huo ni sawa na sentimeta ngapi?::sm10,000 (100×100)||Urefu wa rula ni sentimeta 100. Je, urefu wa rula hiyo ni meta ngapi?::m1 (100÷100)||Kija alitembea km8 m700 na Ashura alitembea m6,928. Tafuta tofauti ya umbali waliotembea katika meta.::m1,772 (8700-6928)",
2023-JSS001-DRS IV,Kumudu Misingi ya awali ya kihisabati (iv),Kuonesha uelewa wa vipimo (iv),"Kujumlisha na kutoa vipimo vya urefu, uzani na ujazo",Kutatua mafumbo yenye dhana ya vipimo vya uzani,3,Kubadili vipimo kuwa kipimo kimoja kisha kulinganisha au kukokotoa,Kuwaongoza Wanafunzi,Mafumbo yenye dhana ya vipimo vya uzani yametatuliwa kwa usahihi,Mizani|Vifani vya bidhaa,"TET(2023), HISABATI, KITABU CHA MWANAFUNZI, DARASA LA NNE, TET, DAR ES SALAAM","Mafumbo yenye dhana ya vipimo vya uzani huonesha matumizi ya vipimo vya uzani katika biashara na maisha ya kila siku, kama kulinganisha uzani wa magunia au mizigo.","Bainisha vipimo vilivyotolewa katika fumbo, badili viwe kipimo kimoja kama havilingani, kisha jumlisha, toa, au linganisha kulingana na swali.","Mfano: gunia la mchele lina uzani wa kg54 na gunia la ngano lina uzani wa g49,000. Badili kg54 kuwa gramu = g54,000, ambayo ni kubwa kuliko g49,000. Tofauti ya uzani ni g54,000-g49,000=g5,000.",Mafumbo ya vipimo vya uzani husaidia wafanyabiashara kulinganisha uzani wa bidhaa mbalimbali wanazouza au kununua.,"Mvuvi alivua samaki wenye uzani wa kg3 g500. Je, uzani huo ni sawa na gramu ngapi?::g3,500 (3×1000+500)||Debe la mahindi lina uzani wa gramu 18,250. Badili uzani huo kuwa kilogramu.::kg18.25 (18250÷1000)||Elia ana uzani wa kg32 na Furaha ana uzani wa g30,750. Tafuta tofauti ya uzani wao katika gramu.::g1,250 (32000-30750)",
2023-JSS001-DRS IV,Kumudu Misingi ya awali ya kihisabati (iv),Kuonesha uelewa wa vipimo (iv),"Kujumlisha na kutoa vipimo vya urefu, uzani na ujazo",Kutatua mafumbo yenye dhana ya vipimo vya ujazo,4,Kubadili vipimo kuwa kipimo kimoja kisha kuzidisha au kukokotoa kulingana na swali,Kuwaongoza Wanafunzi,Mafumbo yenye dhana ya vipimo vya ujazo yametatuliwa kwa usahihi,Vyombo vya kupimia ujazo|Ndoo za mfano,"TET(2023), HISABATI, KITABU CHA MWANAFUNZI, DARASA LA NNE, TET, DAR ES SALAAM","Mafumbo yenye dhana ya vipimo vya ujazo yanaonesha matumizi ya vipimo vya ujazo katika maisha ya kila siku, kama uzalishaji wa maziwa au mafuta.","Bainisha kipimo kilichotolewa (lita au mililita), badili kama vinahitajika kufanana, kisha zidisha, jumlisha, au toa kulingana na swali linalohitaji.","Mfano: ng'ombe hutoa lita20 za maziwa kila siku. Ng'ombe huyo atatoa mililita ngapi za maziwa kwa siku 3? Siku1×3=L60. Badili L60 kuwa mL: L60×mL1000=mL60,000.",Mafumbo ya vipimo vya ujazo husaidia kukokotoa uzalishaji wa kiwanda au kiasi cha maji kinachohitajika kwa matumizi ya nyumbani.,"Kiwanda huzalisha lita345 za mafuta ya alizeti kila siku. Je, kiwanda hicho kitazalisha mililita ngapi za mafuta kwa wiki moja?::mL2,415,000 (345×7=2415 lita, ×1000=mL2,415,000)||Tanki la maji hujazwa kwa ndoo 6 zenye ujazo wa lita20 kila moja. Je, tanki hilo hujazwa na mililita ngapi za maji?::mL120,000 (6×20=120 lita, ×1000)||Ng'ombe wawili hutoa maziwa: wa kwanza L2 mL353, wa pili L5 mL452. Tafuta jumla ya ujazo wa maziwa.::L7 mL805",
2023-JSS001-DRS IV,Kumudu Misingi ya awali ya kihisabati (iv),Kuonesha uelewa wa stadi za awali za maumbo (iv),"Kutafuta mzingo na maeneo ya maumbo bapa (mstatili, mraba na pembetatu)",Kutafuta mzingo wa mstatili,5,Mfano wa vitu halisi na majadiliano,Kuwaongoza Wanafunzi,Mzingo wa mstatili umetafutwa kwa usahihi,Rula|Kamba|Vitu halisi vyenye umbo la mstatili,"TET(2023), HISABATI, KITABU CHA MWANAFUNZI, DARASA LA NNE, TET, DAR ES SALAAM",Mzingo wa mstatili ni jumla ya urefu wa pande zake zote nne.,"Kwa kuwa mstatili una pande mbili ndefu (urefu) na mbili fupi (upana) zinazolingana, mzingo hupatikana kwa: Mzingo = (urefu x 2) + (upana x 2).",Mfano: sakafu ya darasa ina urefu wa m 20 na upana wa m 12. Mzingo = (20x2)+(12x2) = 40+24 = m 64.,Ujuzi huu hutumika kupima uzio wa shamba au ukuta wa nyumba yenye umbo la mstatili kabla ya kununua vifaa vya ujenzi.,Tafuta mzingo wa mstatili wenye urefu wa sm 10 na upana wa sm 4.::sm 28 ((10x2)+(4x2)=20+8=28)||Uwanja wa mpira una urefu wa m 100 na upana wa m 64. Tafuta mzingo wake.::m 328 ((100x2)+(64x2)=200+128=328)||Bustani ina urefu wa m 20 na upana wa m 12. Tafuta mzingo wake.::m 64 ((20x2)+(12x2)=40+24=64),rectangle_diagram
2023-JSS001-DRS IV,Kumudu Misingi ya awali ya kihisabati (iv),Kuonesha uelewa wa stadi za awali za maumbo (iv),"Kutafuta mzingo na maeneo ya maumbo bapa (mstatili, mraba na pembetatu)",Kutafuta mzingo wa mraba,5,Mfano wa vitu halisi na majadiliano,Kuwaongoza Wanafunzi,Mzingo wa mraba umetafutwa kwa usahihi,Rula|Kamba|Vitu halisi vyenye umbo la mraba,"TET(2023), HISABATI, KITABU CHA MWANAFUNZI, DARASA LA NNE, TET, DAR ES SALAAM","Mzingo wa mraba ni jumla ya urefu wa pande zake zote nne, ambazo zote zina urefu unaolingana.","Kwa kuwa pande zote nne za mraba zinalingana, mzingo hupatikana kwa: Mzingo wa mraba = upande mmoja x 4.","Mfano: mraba wenye upande wa sm 20. Mzingo = 4 x sm 20 = sm 80. Mfano mwingine: bustani yenye umbo la mraba yenye upande wa m 13, mzingo = 4 x m 13 = m 52.",Ujuzi huu hutumika kupima uzio wa bustani au sakafu yenye umbo la mraba nyumbani au shuleni.,Mraba una upande wa m 18. Tafuta mzingo wake.::m 72 (4x18=72)||Bustani ya maua ina umbo la mraba lenye upande wa m 25. Tafuta mzingo wake.::m 100 (4x25=100)||Upande mmoja wa mraba ni sm 37. Tafuta mzingo wake.::sm 148 (4x37=148),
2023-JSS001-DRS IV,Kumudu Misingi ya awali ya kihisabati (iv),Kuonesha uelewa wa stadi za awali za maumbo (iv),"Kutafuta mzingo na maeneo ya maumbo bapa (mstatili, mraba na pembetatu)",Kutafuta mzingo wa pembetatu,6,Mfano wa vitu halisi na majadiliano,Kuwaongoza Wanafunzi,Mzingo wa pembetatu umetafutwa kwa usahihi,Rula|Kamba|Vitu halisi vyenye umbo la pembetatu,"TET(2023), HISABATI, KITABU CHA MWANAFUNZI, DARASA LA NNE, TET, DAR ES SALAAM",Mzingo wa pembetatu ni jumla ya urefu wa pande zake zote tatu.,"Tofauti na mraba au mstatili, pande za pembetatu mara nyingi hazilingani, hivyo mzingo hupatikana kwa kujumlisha pande zote tatu moja kwa moja: Mzingo = upande wa 1 + upande wa 2 + upande wa 3.","Mfano: pembetatu yenye pande za sm 6, sm 7 na sm 9. Mzingo = 6+7+9 = sm 22. Mfano mwingine: pembetatu yenye pande za m 14, m 16 na m 11, mzingo = 14+16+11 = m 41.",Ujuzi huu hutumika kupima uzio wa shamba lenye umbo la pembetatu au kukokotoa umbali wa safari inayopita njia tatu tofauti kurudi mahali pamoja.,"Pembetatu ina pande za m 26, m 24 na m 10. Tafuta mzingo wake.::m 60 (26+24+10=60)||Pembetatu ina pande za sm 84, sm 85 na sm 13. Tafuta mzingo wake.::sm 182 (84+85+13=182)||Mwanafunzi alitembea km 3 kutoka nyumbani hadi shuleni, km 2 kutoka shuleni hadi sokoni, kisha njia ya mkato ya km 1 kurudi nyumbani. Tafuta mzingo wa safari yake.::km 6 (3+2+1=6)",
2023-JSS001-DRS IV,Kumudu Misingi ya awali ya kihisabati (iv),Kuonesha uelewa wa stadi za awali za maumbo (iv),"Kutafuta mzingo na maeneo ya maumbo bapa (mstatili, mraba na pembetatu)",Kutafuta eneo la mstatili,5,Mfano wa vitu halisi na majadiliano,Kuwaongoza Wanafunzi,Eneo la mstatili limetafutwa kwa usahihi,Karatasi za grafu|Rula|Vitu halisi vyenye umbo la mstatili,"TET(2023), HISABATI, KITABU CHA MWANAFUNZI, DARASA LA NNE, TET, DAR ES SALAAM","Eneo la umbo ni sehemu yote ya uso wa umbo hilo, hupimwa katika vipimo vya mraba kama vile sm-mraba (sm^2) au m-mraba (m^2).",Eneo la mstatili hupatikana kwa kuzidisha urefu na upana wake: Eneo la mstatili = urefu x upana.,"Mfano: uso wa kitabu wenye urefu wa sm 30 na upana wa sm 20. Eneo = 30x20 = sm^2 600. Mfano mwingine: mstatili wenye upana wa sm 40 na urefu wa sm 90, eneo = 90x40 = sm^2 3600.",Ujuzi huu hutumika kukokotoa eneo la sakafu ya chumba kabla ya kununua zulia au rangi ya kupaka.,Mstatili una urefu wa sm 9 na upana wa sm 5. Tafuta eneo lake.::sm^2 45 (9x5=45)||Chumba cha darasa kina urefu wa m 7 na upana wa m 6. Tafuta eneo la sakafu yake.::m^2 42 (7x6=42)||Uso wa meza ya mwalimu una urefu wa sm 80 na upana wa sm 60. Tafuta eneo lake.::sm^2 4800 (80x60=4800),rectangle_diagram
2023-JSS001-DRS IV,Kumudu Misingi ya awali ya kihisabati (iv),Kuonesha uelewa wa stadi za awali za maumbo (iv),"Kutafuta mzingo na maeneo ya maumbo bapa (mstatili, mraba na pembetatu)",Kutafuta eneo la mraba,5,Mfano wa vitu halisi na majadiliano,Kuwaongoza Wanafunzi,Eneo la mraba limetafutwa kwa usahihi,Karatasi za grafu|Rula|Vitu halisi vyenye umbo la mraba,"TET(2023), HISABATI, KITABU CHA MWANAFUNZI, DARASA LA NNE, TET, DAR ES SALAAM",Eneo la mraba ni sehemu yote ya uso wa mraba huo.,"Kwa kuwa pande zote za mraba zinalingana, eneo hupatikana kwa: Eneo la mraba = upande x upande.","Mfano: mraba wenye upande wa sm 9. Eneo = 9x9 = sm^2 81. Mfano mwingine: uwanja wenye upande wa m 70, eneo = 70x70 = m^2 4,900.",Ujuzi huu hutumika kukokotoa eneo la kiwanja au bustani yenye umbo la mraba kabla ya kupanda mazao au kujenga.,Mraba una upande wa sentimeta 40. Tafuta eneo lake.::sm^2 1600 (40x40=1600)||Sakafu ya darasa yenye umbo la mraba ina upande wa meta 9. Tafuta eneo lake.::m^2 81 (9x9=81)||Bustani yenye umbo la mraba ina upande wa meta 21. Tafuta eneo lake.::m^2 441 (21x21=441),
2023-JSS001-DRS IV,Kumudu Misingi ya awali ya kihisabati (iv),Kuonesha uelewa wa stadi za awali za maumbo (iv),"Kutafuta mzingo na maeneo ya maumbo bapa (mstatili, mraba na pembetatu)",Kutafuta eneo la pembetatu,6,Mfano wa vitu halisi na majadiliano,Kuwaongoza Wanafunzi,Eneo la pembetatu limetafutwa kwa usahihi,Karatasi za grafu|Rula|Vitu halisi vyenye umbo la pembetatu,"TET(2023), HISABATI, KITABU CHA MWANAFUNZI, DARASA LA NNE, TET, DAR ES SALAAM","Eneo la pembetatu ni sehemu yote ya uso wa pembetatu, hupatikana kwa kutumia kitako (msingi) na kimo (urefu wa wima) wake.","Kwa kuwa pembetatu ni nusu ya mstatili au mraba wenye kitako na kimo sawa, eneo hupatikana kwa: Eneo la pembetatu = 1/2 x kitako x kimo.","Mfano: pembetatu PQR yenye kitako QR=sm10 na kimo QP=sm7. Eneo = 1/2 x 10 x 7 = sm^2 35. Mfano mwingine: pembetatu KLM yenye kitako KM=sm26 na kimo LN=sm12, eneo = 1/2 x 26 x 12 = sm^2 156.",Ujuzi huu hutumika kukokotoa eneo la paa au kipande cha shamba chenye umbo la pembetatu.,Pembetatu ina kimo cha meta 15 na kitako cha meta 30. Tafuta eneo lake.::m^2 225 (1/2x30x15=225)||Pembetatu ina kimo cha sm 96 na kitako cha sm 24. Tafuta eneo lake.::sm^2 1152 (1/2x24x96=1152)||Mhandisi anajenga paa lenye umbo la pembetatu lenye kimo cha m 27 na kitako cha m 36. Tafuta eneo la uso wa paa hilo.::m^2 486 (1/2x36x27=486),
2023-JSS001-DRS IV,Kumudu Misingi ya awali ya kihisabati (iv),Kuonesha uelewa wa stadi za awali za namba (iv),"Kulinganisha sehemu kwa kutumia alama =, < na >",Kutafuta sehemu sawa,4,Mchoro wa vipande vya sehemu na majadiliano,Kuwaongoza Wanafunzi,Sehemu sawa zimetafutwa kwa usahihi,Karatasi za grafu|Vipande vya sehemu|Chati ya sehemu,"TET(2023), HISABATI, KITABU CHA MWANAFUNZI, DARASA LA NNE, TET, DAR ES SALAAM","Sehemu sawa ni sehemu tofauti zenye thamani inayolingana, ingawa asili na kiasi vyake ni tofauti.",Sehemu sawa hupatikana kwa kuzidisha au kugawanya asili na kiasi cha sehemu kwa namba moja inayolingana isiyo sifuri.,"Mfano: 1/2 ina sehemu sawa nazo kama 2/4, 3/6, 4/8 (kila moja imepatikana kwa kuzidisha 1/2 kwa 2/2, 3/3, 4/4).",Dhana hii hutumika mwalimu anapogawanya keki au chakula kwa njia tofauti lakini kila mtu akapata kiasi sawa.,"Andika sehemu tatu za mwanzo zilizosawa na 2/5.::4/10, 6/15, 8/20 (kuzidisha 2/5 kwa 2/2, 3/3, 4/4)||Andika sehemu tatu za mwanzo zilizosawa na 1/12.::2/24, 3/36, 4/48 (kuzidisha 1/12 kwa 2/2, 3/3, 4/4)||Andika sehemu tatu za mwanzo zilizosawa na 4/11.::8/22, 12/33, 16/44 (kuzidisha 4/11 kwa 2/2, 3/3, 4/4)",fraction_bar
2023-JSS001-DRS IV,Kumudu Misingi ya awali ya kihisabati (iv),Kuonesha uelewa wa stadi za awali za namba (iv),"Kulinganisha sehemu kwa kutumia alama =, < na >",Kulinganisha sehemu kwa kutumia mchoro,4,Mchoro wa vipande vya sehemu,Kuwaongoza Wanafunzi,Sehemu zimelinganishwa kwa usahihi kwa kutumia mchoro,Karatasi za grafu|Vipande vya sehemu vilivyokatwa,"TET(2023), HISABATI, KITABU CHA MWANAFUNZI, DARASA LA NNE, TET, DAR ES SALAAM",Mchoro wa vipande sawa (fraction bar) husaidia kuona ni sehemu ipi kubwa au ndogo kuliko nyingine bila kukokotoa.,"Chora pau mbili zenye urefu sawa, gawa kila moja kulingana na dhehebu la sehemu husika, kisha linganisha sehemu zilizotiwa kivuli.","Mfano: kulinganisha 3/9 na 5/9, chora pau mbili za vipande 9, tia kivuli vipande 3 na 5. Pau yenye vivuli 5 ni ndefu zaidi, hivyo 5/9 ni kubwa kuliko 3/9.",Njia hii hutumika mwalimu anapofundisha wanafunzi wadogo kulinganisha sehemu za chakula au fedha kabla hawajajua kukokotoa.,"Kwa kutumia mchoro, ni sehemu ipi kubwa kati ya 3/4 na 2/3?::3/4 (Badilisha kuwa dhehebu moja: 9/12 na 8/12, 9/12 ni kubwa)||Ni sehemu ipi ndogo kati ya 2/3 na 3/7?::3/7 (Badilisha: 14/21 na 9/21, 9/21 ni ndogo)||Ni sehemu ipi kubwa kati ya 1/6 na 1/5?::1/5 (dhehebu dogo zaidi huwa na kipande kikubwa zaidi kwa kiasi kimoja)",fraction_bar
2023-JSS001-DRS IV,Kumudu Misingi ya awali ya kihisabati (iv),Kuonesha uelewa wa stadi za awali za namba (iv),"Kulinganisha sehemu kwa kutumia alama =, < na >","Kulinganisha sehemu kwa kutumia alama =, < na >",4,Maswali na majadiliano,Kuwaongoza Wanafunzi,"Sehemu zimelinganishwa kwa usahihi kwa kutumia alama =, < na >",Kadi za sehemu|Chati ya alama za kulinganisha,"TET(2023), HISABATI, KITABU CHA MWANAFUNZI, DARASA LA NNE, TET, DAR ES SALAAM","Alama =, < na > hutumika kuonesha uhusiano kati ya sehemu mbili: sawa, ndogo kuliko, au kubwa kuliko.","Ili kulinganisha sehemu zenye dhehebu tofauti, badilisha kwanza ziwe na dhehebu moja (sehemu sawa), kisha linganisha kiasi.","Mfano: linganisha 1/10 na 2/9. Badilisha 1/10 kuwa 9/90 na 2/9 kuwa 20/90. Kwa kuwa 9<20, basi 1/10 < 2/9.","Ujuzi huu hutumika kulinganisha bei za bidhaa zinazouzwa kwa sehemu, kama vile 1/2 kg dhidi ya 3/4 kg ya sukari.","Linganisha 4/8 na 3/4 kwa kutumia =, < au >.::4/8 < 3/4 (4/8=1/2=4/8, 3/4=6/8, 4<6)||Linganisha 5/6 na 10/12 kwa kutumia =, < au >.::5/6 = 10/12 (5/6 ikizidishwa kwa 2/2 ni 10/12)||Linganisha 4/11 na 7/11 kwa kutumia =, < au >.::4/11 < 7/11 (dhehebu linalofanana, linganisha kiasi tu)",
2023-JSS001-DRS IV,Kumudu Misingi ya awali ya kihisabati (iv),Kuonesha uelewa wa stadi za awali za namba (iv),Kuzidisha na kugawanya sehemu,Kuzidisha sehemu kwa sehemu,4,Mfano wa hatua kwa hatua na majadiliano,Kuwaongoza Wanafunzi,Sehemu zimezidishwa kwa usahihi,Kadi za sehemu|Chati ya kuzidisha sehemu,"TET(2023), HISABATI, KITABU CHA MWANAFUNZI, DARASA LA NNE, TET, DAR ES SALAAM","Kuzidisha sehemu kwa sehemu hufanyika kwa kuzidisha kiasi kwa kiasi na asili kwa asili moja kwa moja, bila kuhitaji dhehebu moja.","Kanuni: a/b x c/d = (axc)/(bxd). Baada ya kuzidisha, jibu linaweza kupunguzwa (kurahisishwa) kama linaweza.",Mfano: 2/5 x 3/4 = (2x3)/(5x4) = 6/20 = 3/10 (baada ya kupunguza kwa 2).,"Ujuzi huu hutumika kukokotoa sehemu ya sehemu, kama vile robo ya nusu ya shamba.","Kokotoa: 4/9 x 3/4 =::1/3 (16/36 = 4/9, ikirahisishwa kwa 4 ni... hakika (4x3)/(9x4)=12/36=1/3)||Kokotoa: 1/4 x 5/6 =::5/24 ((1x5)/(4x6)=5/24)||Kokotoa: 3/7 x 4/13 =::12/91 ((3x4)/(7x13)=12/91)",
2023-JSS001-DRS IV,Kumudu Misingi ya awali ya kihisabati (iv),Kuonesha uelewa wa stadi za awali za namba (iv),Kuzidisha na kugawanya sehemu,Kuzidisha sehemu kwa namba nzima,4,Mfano wa hatua kwa hatua na majadiliano,Kuwaongoza Wanafunzi,Sehemu imezidishwa na namba nzima kwa usahihi,Kadi za namba|Chati ya kuzidisha,"TET(2023), HISABATI, KITABU CHA MWANAFUNZI, DARASA LA NNE, TET, DAR ES SALAAM","Namba nzima inapozidishwa na sehemu, kwanza hubadilishwa kuwa sehemu yenye dhehebu 1, kisha kuzidishwa kama sehemu na sehemu.","Kanuni: badili namba nzima n kuwa n/1, kisha zidisha kama kawaida: n/1 x a/b = (nxa)/b.",Mfano: 6 x 2/5 = 6/1 x 2/5 = 12/5 = sehemu changani 2 2/5.,"Ujuzi huu hutumika kukokotoa jumla ya kiasi cha vitu vinapogawanywa kwa sehemu, kama fundi anayehitaji marobo 6 ya bati.",Kokotoa: 12 x 2/7 =::24/7 au 3 3/7 (12/1x2/7=24/7)||Kokotoa: 21 x 5/9 =::105/9 au 11 6/9 (21/1x5/9=105/9)||Kokotoa: 10 x 2/10 =::20/10 au 2 (10/1x2/10=20/10=2),
2023-JSS001-DRS IV,Kumudu Misingi ya awali ya kihisabati (iv),Kuonesha uelewa wa stadi za awali za namba (iv),Kuzidisha na kugawanya sehemu,Kugawanya sehemu kwa namba nzima,4,Mfano wa hatua kwa hatua na mchoro,Kuwaongoza Wanafunzi,Sehemu imegawanywa na namba nzima kwa usahihi,Karatasi za grafu|Mchoro wa visanduku vya sehemu,"TET(2023), HISABATI, KITABU CHA MWANAFUNZI, DARASA LA NNE, TET, DAR ES SALAAM","Kugawanya sehemu kwa namba nzima hufanyika kwa kubadili namba nzima kuwa kiasi juu ya 1, kisha kuzidisha kwa kiasi chake kilichogeuzwa (reciprocal).",Kanuni: a/b ÷ n = a/b x 1/n. Njia mbadala ni kutumia mchoro kugawanya kila kipande cha sehemu katika sehemu ndogo zaidi.,"Mfano: 1/2 ÷ 3 = 1/2 x 1/3 = 1/6 (kila nusu ikigawanywa mara tatu, kila mwanafunzi anapata 1/6 ya kitu kizima).",Ujuzi huu hutumika kugawanya kipande cha ardhi au chakula (kama nusu ya keki) kwa watu kadhaa sawa kwa sawa.,Kokotoa: 5/3 ÷ 15 =::1/9 (5/3 x 1/15 = 5/45 = 1/9)||Kokotoa: 4/5 ÷ 10 =::4/50 au 2/25 (4/5 x 1/10 = 4/50)||Kokotoa: 81/10 ÷ 9 =::81/90 au 9/10 (81/10 x 1/9 = 81/90 = 9/10),
2023-JSS001-DRS IV,Kumudu Misingi ya awali ya kihisabati (iv),Kuonesha uelewa wa stadi za awali za namba (iv),Kuzidisha na kugawanya sehemu,Kugawanya sehemu kwa sehemu,4,Mfano wa hatua kwa hatua na mchoro,Kuwaongoza Wanafunzi,Sehemu imegawanywa na sehemu nyingine kwa usahihi,Karatasi za grafu|Mchoro wa visanduku vya sehemu,"TET(2023), HISABATI, KITABU CHA MWANAFUNZI, DARASA LA NNE, TET, DAR ES SALAAM","Kugawanya sehemu kwa sehemu ni sawa na kuuliza ""kuna sehemu ngapi ya pili ndani ya sehemu ya kwanza"".","Kanuni: a/b ÷ c/d = a/b x d/c (badili kiasi na asili ya sehemu inayogawanya, kisha zidisha).","Mfano: 2/5 ÷ 1/10 = 2/5 x 10/1 = 20/5 = 4 (kuna vipande 4 vya 1/10 ndani ya 2/5, ilivyoonyeshwa kwa mchoro wa visanduku 10).",Ujuzi huu hutumika mfanyabiashara anapopima ni chupa ngapi za 1/10 lita zinazojaza chombo cha 2/5 lita.,Kokotoa: 3/8 ÷ 4/6 =::9/16 (3/8 x 6/4 = 18/32 = 9/16)||Kokotoa: 12/48 ÷ 3/24 =::2 (12/48 x 24/3 = 288/144 = 2)||Kokotoa: 25/100 ÷ 3/8 =::2/3 (25/100 x 8/3 = 200/300 = 2/3),
2023-JSS001-DRS IV,Kumudu Misingi ya awali ya kihisabati (iv),Kuonesha uelewa wa stadi za awali za namba (iv),Kuzidisha na kugawanya sehemu,Kutatua mafumbo yanayohusisha kuzidisha na kugawanya sehemu,4,Maswali na majadiliano ya vikundi,Kuwaongoza Wanafunzi,Mafumbo yenye sehemu yametatuliwa kwa usahihi,Kadi za maswali|Vitu halisi,"TET(2023), HISABATI, KITABU CHA MWANAFUNZI, DARASA LA NNE, TET, DAR ES SALAAM",Mafumbo ya maisha halisi mara nyingi yanahitaji kuzidisha au kugawanya sehemu kupata jibu sahihi.,"Soma tatizo kwa makini, bainisha kama linahitaji kuzidisha au kugawanya, kisha andika sehemu husika na kukokotoa hatua kwa hatua.","Mfano: darasa lina wanafunzi 100, 1/4 ni wavulana, hivyo wasichana ni wanafunzi 100 - (1/4x100) = 100-25 = wanafunzi 75.","Mafumbo haya hutumika katika biashara (kuuza sehemu ya bidhaa), kilimo (kugawanya shamba), na maisha ya kila siku.",Masalu alikuwa na maembe 88. Aliuza 7/8 ya maembe hayo. Ni maembe mangapi yaliuzwa?::maembe 77 (7/8 x 88 = 77)||Vipande vingapi vya ubao wenye urefu wa meta 5/4 vitakatwa kwenye ubao wa meta 75?::vipande 60 (75 ÷ 5/4 = 75x4/5 = 60)||Wazazi waliwagawia watoto wao 1/2 ya shamba. Kila mtoto alipata 1/12 ya shamba. Wazazi walikuwa na watoto wangapi?::watoto 6 (1/2 ÷ 1/12 = 1/2 x 12/1 = 6),
2023-JSS001-DRS IV,Kumudu Misingi ya awali ya kihisabati (iv),Kuonesha uelewa wa stadi za awali za namba (iv),Kueleza dhana ya desimali,Kueleza dhana ya sehemu ya kumi katika desimali,4,Mchoro wa gridi na majadiliano,Kuwaongoza Wanafunzi,Dhana ya sehemu ya kumi katika desimali imeelezwa kwa usahihi,Gridi ya vipande kumi|Chati ya sehemu na desimali,"TET(2023), HISABATI, KITABU CHA MWANAFUNZI, DARASA LA NNE, TET, DAR ES SALAAM","Desimali ni namba zinazojumuisha namba nzima na sehemu, zikitenganishwa na nukta. Asili ya desimali ni kizio cha kumi.","Umbo hugawanywa katika sehemu kumi zilizo sawa; kila sehemu inawakilisha 1/10 ya umbo zima, na huandikwa 0.1 katika desimali.","Mfano: kutoka mchoro wa vipande 10, 3/10 huandikwa 0.3, 7/10 huandikwa 0.7, na 9/10 huandikwa 0.9.",Dhana hii hutumika kusoma vipimo kama mita 0.5 (nusu mita) au kuonesha maendeleo ya asilimia kwa desimali.,Andika 4/10 kwa desimali.::0.4||Andika 8/10 kwa desimali.::0.8||Andika 0.6 kama sehemu.::6/10,place_value_chart
2023-JSS001-DRS IV,Kumudu Misingi ya awali ya kihisabati (iv),Kuonesha uelewa wa stadi za awali za namba (iv),Kueleza dhana ya desimali,Kueleza dhana ya sehemu ya mia na elfu katika desimali,4,Mchoro wa gridi na majadiliano,Kuwaongoza Wanafunzi,Dhana ya sehemu ya mia na elfu katika desimali imeelezwa kwa usahihi,Gridi ya vipande mia|Chati ya sehemu na desimali,"TET(2023), HISABATI, KITABU CHA MWANAFUNZI, DARASA LA NNE, TET, DAR ES SALAAM","Namba zenye nafasi mbili za desimali huwakilisha sehemu ya mia (1/100), na zenye nafasi tatu huwakilisha sehemu ya elfu (1/1000).",Gridi ya vipande 100 hutumika kuonesha sehemu ya mia; kipande kimoja ni 1/100 = 0.01. Nafasi ya tatu baada ya nukta ni sehemu ya elfu.,"Mfano: 3/100 = 0.03, 94/100 = 0.94. Pia 2/1000 = 0.002, 127/1000 = 0.127.",Ujuzi huu hutumika katika vipimo sahihi vya udaktari (dozi za dawa) au uhandisi unaohitaji usahihi wa hali ya juu.,Andika 12/100 kwa desimali.::0.12||Andika 14/1000 kwa desimali.::0.014||Andika 0.127 kama sehemu.::127/1000,place_value_chart
2023-JSS001-DRS IV,Kumudu Misingi ya awali ya kihisabati (iv),Kuonesha uelewa wa stadi za awali za namba (iv),Kueleza dhana ya desimali,Kusoma na kuandika desimali,4,Majadiliano na mazoezi ya kusoma,Kuwaongoza Wanafunzi,Desimali zimesomwa na kuandikwa kwa usahihi,Chati ya desimali na jinsi zinavyosomwa|Kadi za namba,"TET(2023), HISABATI, KITABU CHA MWANAFUNZI, DARASA LA NNE, TET, DAR ES SALAAM","Desimali husomwa kutoka kushoto kuelekea kulia; tarakimu kabla ya nukta husomwa kama namba nzima, na tarakimu baada ya nukta husomwa moja moja.","Kwa desimali za nafasi moja: soma namba nzima, sema ""nukta"", kisha tarakimu ya desimali. Kwa nafasi nyingi, kila tarakimu baada ya nukta husomwa peke yake.","Mfano: 25.6 husomwa ""ishirini na tano nukta sita"". 131.026 husomwa ""mia moja thelathini na moja nukta sifuri mbili sita"".",Ujuzi huu hutumika kusoma bei za bidhaa madukani (mfano shilingi 1500.50) au matokeo ya mtihani yaliyoandikwa kwa desimali.,"Andika 15.34 kwa maneno.::kumi na tano nukta tatu nne||Andika ""mia mbili hamsini nukta moja"" kwa tarakimu.::250.1||Andika 0.05 kwa maneno.::sifuri nukta sifuri tano",
2023-JSS001-DRS IV,Kumudu Misingi ya awali ya kihisabati (iv),Kuonesha uelewa wa stadi za awali za namba (iv),Kueleza dhana ya desimali,Kubadili sehemu kuwa desimali,4,Mfano wa hatua kwa hatua wa kugawanya,Kuwaongoza Wanafunzi,Sehemu zimebadilishwa kuwa desimali kwa usahihi,Kadi za sehemu|Chati ya mgawanyo,"TET(2023), HISABATI, KITABU CHA MWANAFUNZI, DARASA LA NNE, TET, DAR ES SALAAM",Desimali hupatikana kwa kugawanya kiasi cha sehemu kwa asili yake (kiasi ÷ asili).,"Fanya mgawanyo mrefu wa kiasi kwa asili; ongeza sifuri na nukta pale mgawanyo hautoshelezi, mpaka baki iwe sifuri.","Mfano: 6/10 = 6÷10 = 0.6. Mfano mwingine: 1/2 = 1÷2 = 0.5, na 1/100 = 1÷100 = 0.01.",Ujuzi huu hutumika kubadili alama za mtihani zilizotolewa kwa sehemu kuwa desimali ili kulinganisha wanafunzi kwa urahisi.,"Badili 3/10 kuwa desimali.::0.3 (3÷10=0.3)||Badili 1/5 kuwa desimali.::0.2 (1÷5=0.2, sawa na 2/10)||Badili 3/4 kuwa desimali.::0.75 (3÷4=0.75)",
2023-JSS001-DRS IV,Kumudu Misingi ya awali ya kihisabati (iv),Kuonesha uelewa wa stadi za awali za namba (iv),Kujumlisha na kutoa desimali,Kujumlisha desimali zenye nafasi moja,4,Mchoro wa mstari wa namba na hatua za kujumlisha,Kuwaongoza Wanafunzi,Desimali zenye nafasi moja zimejumlishwa kwa usahihi,Mstari wa namba|Chati ya desimali,"TET(2023), HISABATI, KITABU CHA MWANAFUNZI, DARASA LA NNE, TET, DAR ES SALAAM",Kujumlisha desimali huzingatia thamani ya tarakimu kabla na baada ya nukta.,"Panga desimali chini ya desimali na namba nzima chini ya namba nzima, kisha jumlisha kuanzia upande wa kulia (nafasi ya desimali) kwenda kushoto.","Mfano: 1.7 + 2.6, jumlisha desimali: 7+6=13, andika 3 bakisha 1, jumlisha namba nzima: 1+1+2=4. Jibu: 4.3.","Ujuzi huu hutumika kukokotoa jumla ya uzito wa vitu viwili, kama kilo 0.5 na kilo 0.3 za sukari.",Jumlisha: 0.4 + 0.7 =::1.1||Jumlisha: 6.4 + 7.9 =::14.3||Jumlisha: 34.9 + 98.5 =::133.4,
2023-JSS001-DRS IV,Kumudu Misingi ya awali ya kihisabati (iv),Kuonesha uelewa wa stadi za awali za namba (iv),Kujumlisha na kutoa desimali,Kujumlisha desimali zenye nafasi zaidi ya moja,4,Hatua za kujumlisha kwa wima,Kuwaongoza Wanafunzi,Desimali zenye nafasi zaidi ya moja zimejumlishwa kwa usahihi,Chati ya thamani ya nafasi za desimali|Kadi za namba,"TET(2023), HISABATI, KITABU CHA MWANAFUNZI, DARASA LA NNE, TET, DAR ES SALAAM","Namba zenye nafasi za desimali zaidi ya moja hujumlishwa kwa njia ile ile ya wima, kuanzia nafasi ya mwisho ya kulia.","Panga nafasi za desimali sawasawa (ongeza sifuri pale inapohitajika), jumlisha kuanzia kulia, ukibeba (carry) inapohitajika.","Mfano: 7.98 + 2.65: jumlisha 98+65=163, andika 63 bakisha 1; jumlisha namba nzima 1+7+2=10. Jibu: 10.63.",Ujuzi huu hutumika kukokotoa jumla ya fedha au vipimo sahihi katika ujenzi na maabara.,Jumlisha: 21.527 + 9.294 =::30.821||Jumlisha: 22.781 + 19.209 =::41.990 au 41.99||Jumlisha: 33.201 + 121.726 =::154.927,
2023-JSS001-DRS IV,Kumudu Misingi ya awali ya kihisabati (iv),Kuonesha uelewa wa stadi za awali za namba (iv),Kujumlisha na kutoa desimali,Kutoa desimali zenye nafasi moja,4,Hatua za kutoa kwa wima,Kuwaongoza Wanafunzi,Desimali zenye nafasi moja zimetolewa kwa usahihi,Chati ya desimali|Kadi za namba,"TET(2023), HISABATI, KITABU CHA MWANAFUNZI, DARASA LA NNE, TET, DAR ES SALAAM","Kutoa desimali huzingatia thamani ya tarakimu kabla au baada ya nukta, sawa na kutoa namba nzima.","Panga namba kwa wima kulingana na nukta, toa kuanzia nafasi ya desimali (kulia), kisha toa namba nzima; kopa (borrow) inapohitajika.","Mfano: 26.5 - 18.6: nafasi ya desimali 5-6 haitoshelezi, kopa 1 kutoka mamoja (6 inakuwa 15), 15-6=9; namba nzima 5-8 haitoshelezi, kopa kutoka makumi (15-8=7); jibu ni 7.9.",Ujuzi huu hutumika kukokotoa mabaki ya fedha baada ya ununuzi au tofauti ya vipimo viwili.,Toa: 0.86 - 0.34 =::0.52||Toa: 12.54 - 6.7 =::5.84||Toa: 96.31 - 28.29 =::68.02,
2023-JSS001-DRS IV,Kumudu Misingi ya awali ya kihisabati (iv),Kuonesha uelewa wa stadi za awali za namba (iv),Kujumlisha na kutoa desimali,Kutoa desimali zenye nafasi zaidi ya moja,3,Hatua za kutoa kwa wima,Kuwaongoza Wanafunzi,Desimali zenye nafasi zaidi ya moja zimetolewa kwa usahihi,Chati ya thamani ya nafasi za desimali|Kadi za namba,"TET(2023), HISABATI, KITABU CHA MWANAFUNZI, DARASA LA NNE, TET, DAR ES SALAAM","Namba zenye nafasi za desimali zaidi ya moja hutolewa kwa njia ile ile ya wima, ukilinganisha nafasi za desimali sawasawa.","Panga namba kwa wima, ongeza sifuri pale nafasi za desimali hazilingani, kisha toa kuanzia kulia ukikopa inapohitajika.","Mfano: 12.464 - 8.642 = 3.822 (toa kila nafasi kuanzia kulia: 4-2=2, 6-4=2, 4-6 kopa=8, 2-8 kopa=3).",Ujuzi huu hutumika kukokotoa tofauti sahihi ya vipimo vya urefu au uzito katika ujenzi na sayansi.,Toa: 95.501 - 88.342 =::7.159||Toa: 76.468 - 56.342 =::20.126||Toa: 800.426 - 345.907 =::454.519,
2023-JSS001-DRS IV,Kumudu Misingi ya awali ya kihisabati (iv),Kuonesha uelewa wa stadi za awali za namba (iv),Kujumlisha na kutoa desimali,Kutatua mafumbo yenye dhana ya desimali,3,Maswali na majadiliano ya vikundi,Kuwaongoza Wanafunzi,Mafumbo yenye desimali yametatuliwa kwa usahihi,Kadi za maswali|Vitu halisi,"TET(2023), HISABATI, KITABU CHA MWANAFUNZI, DARASA LA NNE, TET, DAR ES SALAAM",Mafumbo ya maisha halisi mara nyingi yanahitaji kujumlisha au kutoa desimali kupata jibu sahihi.,"Soma tatizo kwa makini, bainisha kama linahitaji kujumlisha au kutoa, andika desimali husika kwa usahihi, kisha kokotoa hatua kwa hatua.","Mfano: mkulima alipanda mtama 0.35, kahawa 0.25, na mahindi 0.20 ya shamba lake. Jumla ya eneo lililopandwa = 0.35+0.25+0.20 = 0.80 ya shamba.","Mafumbo haya hutumika katika kilimo (mgawanyo wa mashamba), biashara (bei za bidhaa), na ujenzi (vipimo vya mbao au vyuma).","Amina alinunua kilogramu 2.15 za vitunguu na kilogramu 4.72 za viazi. Jumla ya kilogramu alizonunua ni ngapi?::kilogramu 6.87 (2.15+4.72=6.87)||Rashidi ana uzani wa kilogramu 70.5 na Joyce ana uzani wa kilogramu 68.15. Tafuta tofauti ya uzani wao.::kilogramu 2.35 (70.5-68.15=2.35)||Fundi seremala alitumia mbao tatu zenye urefu wa meta 0.85, meta 0.99, na meta 1.75 kutengeneza meza. Tafuta jumla ya urefu wa mbao zilizotumika.::meta 3.59 (0.85+0.99+1.75=3.59)",
2023-JSS001-DRS IV,Kumudu matumizi ya stadi za kihisabati (iv),Kuonesha uelewa wa hesabu za muda (iv),Kubadili vipimo vya muda katika vijenzi vyake (sekunde hadi saa),"Kubadili vipimo vya muda kutoka kipimo kimoja kwenda kingine (sekunde, dakika, saa, siku, wiki, mwezi, mwaka)",7,Kutumia jedwali la uhusiano wa vipimo vya muda,Kuwaongoza Wanafunzi,Vipimo vya muda vimebadilishwa kutoka kipimo kimoja kwenda kingine kwa usahihi,Jedwali la uhusiano wa vipimo vya muda|Saa|Kalenda,"TET(2023), HISABATI, KITABU CHA MWANAFUNZI, DARASA LA NNE, TET, DAR ES SALAAM","Vipimo vya muda hubadilishwa kwa kuzingatia uhusiano wa kipimo kimoja na kingine: dakika 1 = sekunde 60, saa 1 = dakika 60 = sekunde 3600, siku 1 = saa 24, wiki 1 = siku 7, mwaka 1 = wiki 52 = miezi 12, mwaka mrefu = siku 366, mwaka mfupi = siku 365.","Kugawanya hutumika wakati wa kubadili kipimo kidogo kuwa kipimo kikubwa (mfano dakika kuwa saa), na kuzidisha hutumika wakati wa kubadili kipimo kikubwa kuwa kipimo kidogo (mfano saa kuwa dakika).","Mfano: kuna dakika ngapi katika sekunde 720? dakika 1=sekunde 60, hivyo 720÷60=dakika 12. Kuna dakika ngapi katika saa 72? saa1=dakika60, hivyo 72×60=dakika 4,320. Kuna wiki ngapi katika siku 91? siku91÷7=wiki 13.","Kubadili vipimo vya muda humsaidia mtu kupanga ratiba za safari, kufuatilia muda wa shughuli mbalimbali kazini na shuleni, na kulinganisha muda uliotumika katika matukio tofauti.","Kuna dakika ngapi katika sekunde 720?::dakika 12 (720÷60=12)||Badili wiki 12 siku 1 kuwa siku.::siku 85 (wiki12×siku7=84, +1=85)||Kuna sekunde ngapi katika saa 2 na dakika 30?::sekunde 9,000 (saa2=dakika120, jumla dakika150, 150×60=9000)||Kuna siku ngapi katika miaka mitatu mirefu?::siku 1,098 (366×3=1098)",unit_conversion_ladder
2023-JSS001-DRS IV,Kumudu matumizi ya stadi za kihisabati (iv),Kuonesha uelewa wa hesabu za muda (iv),Kujumlisha na kutoa muda katika saa,Kujumlisha vipimo vya muda bila kubadili,3,Kujumlisha safu ya saa na safu ya dakika kila moja peke yake,Kuwaongoza Wanafunzi,Vipimo vya muda vimejumlishwa bila kubadili kwa usahihi,Chati ya safu za saa na dakika|Ubao,"TET(2023), HISABATI, KITABU CHA MWANAFUNZI, DARASA LA NNE, TET, DAR ES SALAAM","Vipimo vya muda hujumlishwa kwa kuzingatia uhusiano wake — dakika hujumlishwa na dakika, saa hujumlishwa na saa. Njia hii hutumika pale jumla ya dakika haizidi 60.","Panga saa chini ya saa na dakika chini ya dakika kama unavyofanya kwa namba za kawaida, kisha jumlisha safu ya dakika kwanza, ikifuatiwa na safu ya saa.",Mfano: saa 2 dakika 25 + saa 3 dakika 15. Jumlisha dakika: 25+15=40. Jumlisha saa: 2+3=5. Jibu: saa 5 dakika 40.,"Kujumlisha vipimo vya muda bila kubadili hutumika kukokotoa jumla ya muda wa shughuli mbili fupi, kama muda wa vipindi viwili vya somo shuleni.","Jumlisha: saa 3 dakika 15 + saa 4 dakika 25.::saa 7 dakika 40 (15+25=40, 3+4=7)||Jumlisha: saa 7 dakika 20 + saa 1 dakika 35.::saa 8 dakika 55 (20+35=55, 7+1=8)||Jumlisha: saa 2 dakika 15 + saa 4 dakika 20.::saa 6 dakika 35 (15+20=35, 2+4=6)",
2023-JSS001-DRS IV,Kumudu matumizi ya stadi za kihisabati (iv),Kuonesha uelewa wa hesabu za muda (iv),Kujumlisha na kutoa muda katika saa,Kujumlisha vipimo vya muda kwa kubadili,5,Kubadili dakika 60 au zaidi kuwa saa moja kabla ya kuandika jibu,Kuwaongoza Wanafunzi,Vipimo vya muda vimejumlishwa kwa kubadili kwa usahihi,Chati ya safu za saa na dakika|Ubao,"TET(2023), HISABATI, KITABU CHA MWANAFUNZI, DARASA LA NNE, TET, DAR ES SALAAM","Ikiwa jumla ya dakika baada ya kujumlisha ni 60 au zaidi, dakika hizo hubadilishwa kuwa saa moja (au zaidi) na kupelekwa katika safu ya saa, kumbuka saa 1 = dakika 60.","Jumlisha dakika kwanza. Ikiwa jumla imefikia au kuzidi 60, gawanya kwa 60 kupata idadi ya saa itakayopelekwa, na baki ndiyo dakika zitakazoandikwa. Kisha jumlisha safu ya saa pamoja na saa iliyopelekwa.","Mfano: saa 3 dakika 45 + saa 4 dakika 35. Dakika: 45+35=80, badili kuwa saa 1 dakika 20. Saa: 1+3+4=8. Jibu: saa 8 dakika 20. Mfano mwingine: saa 6 dakika 37 + saa 3 dakika 28 = dakika 65 = saa1 dakika5, hivyo jibu ni saa 10 dakika 05.","Ustadi huu hutumika kukokotoa jumla ya muda wa safari mbili au shughuli mbili ndefu zinazopita saa moja kamili, kama safari za mabasi zenye vituo vingi.","Jumlisha: saa 3 dakika 45 + saa 4 dakika 35.::saa 8 dakika 20 (45+35=80=saa1 dak20, 1+3+4=8)||Jumlisha: saa 4 dakika 32 + saa 2 dakika 28.::saa 7 dakika 00 (32+28=60=saa1 dak0, 1+4+2=7)||Jumlisha: saa 6 dakika 37 + saa 3 dakika 28.::saa 10 dakika 05 (37+28=65=saa1 dak5, 1+6+3=10)||Jumlisha: saa 9 dakika 15 + saa 2 dakika 30.::saa 11 dakika 45 (15+30=45, 9+2=11)",
2023-JSS001-DRS IV,Kumudu matumizi ya stadi za kihisabati (iv),Kuonesha uelewa wa hesabu za muda (iv),Kujumlisha na kutoa muda katika saa,Kutoa vipimo vya muda bila kubadili,4,Kutoa safu ya dakika na safu ya saa kila moja peke yake,Kuwaongoza Wanafunzi,Vipimo vya muda vimetolewa bila kubadili kwa usahihi,Chati ya safu za saa na dakika|Ubao,"TET(2023), HISABATI, KITABU CHA MWANAFUNZI, DARASA LA NNE, TET, DAR ES SALAAM","Vipimo vya muda hutolewa kwa kuzingatia uhusiano wa vipimo husika. Njia hii hutumika pale dakika za juu ni kubwa kuliko au sawa na dakika za chini, hivyo hazihitaji kubadili.","Toa dakika kwanza (dakika za juu toa dakika za chini), kisha toa saa (saa za juu toa saa za chini).",Mfano: saa 6 dakika 25 − saa 5 dakika 15. Toa dakika: 25−15=10. Toa saa: 6−5=1. Jibu: saa 1 dakika 10.,"Kutoa vipimo vya muda bila kubadili hutumika kukokotoa muda uliobaki kati ya matukio mawili yanayotokea siku moja, kama muda kati ya mwanzo na mwisho wa kipindi cha somo.","Toa: saa 8 dakika 37 − saa 3 dakika 22.::saa 5 dakika 15 (37−22=15, 8−3=5)||Toa: saa 7 dakika 46 − saa 4 dakika 28.::saa 3 dakika 18 (46−28=18, 7−4=3)||Toa: saa 9 dakika 52 − saa 1 dakika 37.::saa 8 dakika 15 (52−37=15, 9−1=8)",
2023-JSS001-DRS IV,Kumudu matumizi ya stadi za kihisabati (iv),Kuonesha uelewa wa hesabu za muda (iv),Kujumlisha na kutoa muda katika saa,Kutoa vipimo vya muda kwa kubadili,6,Kuchukua saa moja na kuibadili kuwa dakika 60 pale dakika za chini zinapozidi dakika za juu,Kuwaongoza Wanafunzi,Vipimo vya muda vimetolewa kwa kubadili kwa usahihi,Chati ya safu za saa na dakika|Ubao,"TET(2023), HISABATI, KITABU CHA MWANAFUNZI, DARASA LA NNE, TET, DAR ES SALAAM","Ikiwa dakika zinazotakiwa kutolewa hazitoshelezi (ni kubwa kuliko dakika za juu), chukua saa 1 kutoka katika safu ya saa, kisha ibadili kuwa dakika 60, ujumlishe na dakika zilizopo kabla ya kutoa.","Hatua: (1) Ikiwa kutoa dakika hakutoshelezi, chukua saa 1 kutoka saa za juu na badili kuwa dakika 60, jumlisha na dakika zilizopo. (2) Toa dakika. (3) Toa saa zilizobaki baada ya kuchukua saa 1.","Mfano: saa 3 dakika 15 − saa 1 dakika 45. Dakika 15−45 hazitoshelezi, chukua saa 1 kutoka saa 3 (kubaki saa 2), badili kuwa dakika 60, jumlisha na 15 = dakika 75. Toa: 75−45=30. Toa saa: 2−1=1. Jibu: saa 1 dakika 30. Mfano mwingine: saa 8 dakika 00 − saa 3 dakika 53 = saa 4 dakika 07.","Ustadi huu hutumika kukokotoa muda uliobaki au uliopita kati ya matukio mawili ambapo dakika za mwanzo ni chache kuliko dakika za mwisho, kama kukokotoa muda wa kusafiri kati ya vituo viwili.","Toa: saa 3 dakika 15 − saa 1 dakika 45.::saa 1 dakika 30 (chukua saa1=dak60, 60+15=75, 75-45=30, saa 2-1=1)||Toa: saa 8 dakika 00 − saa 3 dakika 53.::saa 4 dakika 07 (chukua saa1=dak60, 60+0=60, 60-53=7, saa 7-3=4)||Toa: saa 7 dakika 27 − saa 3 dakika 58.::saa 3 dakika 29 (chukua saa1=dak60, 60+27=87, 87-58=29, saa 6-3=3)",
2023-JSS001-DRS IV,Kumudu matumizi ya stadi za kihisabati (iv),Kuonesha uelewa wa hesabu za muda (iv),Kujumlisha na kutoa muda katika saa,Kusoma na kukokotoa muda uliotumika kwa kutumia michoro ya saa na ratiba,2,Kuchunguza michoro ya saa na majedwali ya ratiba kubaini muda uliotumika,Kuwaongoza Wanafunzi,Muda uliotumika umekokotolewa kwa usahihi kutoka katika mchoro wa saa au ratiba,Michoro ya saa|Jedwali la ratiba,"TET(2023), HISABATI, KITABU CHA MWANAFUNZI, DARASA LA NNE, TET, DAR ES SALAAM",Ratiba na michoro ya saa huonesha muda wa kuanza na muda wa kumaliza shughuli mbalimbali. Muda uliotumika hupatikana kwa kutoa muda wa kuanza kutoka muda wa kumaliza.,"Chunguza mchoro wa saa kubaini muda unaooneshwa na mshale mrefu (dakika) na mshale mfupi (saa), kisha linganisha saa mbili (kuanza na kumaliza) kwa kutoa ili kupata muda uliotumika.",Mfano: ratiba ya Doto kambini — kifungua kinywa kuanzia saa 1:15 asubuhi hadi saa 2:10 asubuhi; mazoezi ya viungo kuanzia saa 2:10 hadi saa 3:00 asubuhi. Muda wa mazoezi ya viungo = saa 3:00 − saa 2:10 = dakika 50.,"Kusoma ratiba na michoro ya saa humsaidia mwanafunzi kufuatilia ratiba yake ya siku, kama ratiba ya shule, kambi, au safari.",Kwa ratiba ya Doto: mazoezi ya viungo yalianza saa 2:10 asubuhi na kumalizika saa 3:00 asubuhi. Yalitumia muda gani?::dakika 50 (3:00-2:10)||Mchoro wa saa unaonesha kuanza saa 9:15 na kumaliza saa 9:45. Muda uliotumika ni upi?::dakika 30||Kifungua kinywa cha Doto kilianza saa 1:15 asubuhi na kumalizika saa 2:10 asubuhi. Kilitumia muda gani?::dakika 55 (2:10-1:15),clock_face
2023-JSS001-DRS IV,Kumudu matumizi ya stadi za kihisabati (iv),Kuonesha uelewa wa hesabu za muda (iv),Kujumlisha na kutoa muda katika saa,Kutatua mafumbo ya vipimo vya muda kwa kubadilisha kati ya mtindo wa saa 12 na saa 24,7,Kubadili muda kuwa mtindo wa saa 24 kisha kutoa au kujumlisha kupata muda uliotumika,Kuwaongoza Wanafunzi,Mafumbo ya vipimo vya muda yanayohusisha mtindo wa saa 12 na saa 24 yametatuliwa kwa usahihi,Jedwali la kubadili mtindo wa saa 12 kuwa saa 24|Chati ya ratiba za usafiri,"TET(2023), HISABATI, KITABU CHA MWANAFUNZI, DARASA LA NNE, TET, DAR ES SALAAM","Mafumbo mengi ya maisha halisi (ratiba za shule, treni, basi, ndege) huandikwa kwa mtindo wa saa 24 (mfano 0600, 1745). Kutatua mafumbo hayo kunahitaji kubadili kwanza kuwa mtindo wa saa 24 kama bado hayapo, kisha kutoa au kujumlisha.","Muda unaotumika hupatikana kwa: Muda wa kumaliza/kufika − Muda wa kuanza/kuondoka, baada ya vipimo vyote kubadilishwa kuwa mtindo wa saa 24 (mfano saa 4:45 mchana = 1645).","Mfano: ratiba ya shule inaanza saa 0845 na kumalizika saa 1640. Muda uliotumika = 1640 − 0845 = saa 7 dakika 55. Mfano mwingine: treni kutoka Dodoma saa 0530 kufika Dar es Salaam saa 0845, muda wa safari = 0845 − 0530 = saa 3 dakika 15.","Kubadilisha kati ya mtindo wa saa 12 na 24 kunahitajika kusoma ratiba za mabasi, treni, na ndege za Tanzania, ambazo huandikwa kwa mtindo wa saa 24.",Treni ilitoka Dodoma saa 0530 na kufika Dar es Salaam saa 0845. Ilitumia muda gani?::saa 3 dakika 15 (0845-0530)||Basi liliondoka Tanga saa 0600 na kufika Dodoma saa 1745. Lilisafiri kwa muda gani?::saa 11 dakika 45 (1745-0600)||Ndege ilisafiri kutoka Dar es Salaam saa 0045 na kufika Mwanza saa 0145. Ilitumia muda gani?::saa 1 (0145-0045)||Mtihani ulianza saa 3:15 asubuhi na kumalizika saa 6:15 mchana. Ulifanyika kwa muda gani?::saa 3 (badilisha kuwa saa24: 0615-0315=saa3),
2023-JSS001-DRS IV,Kumudu matumizi ya stadi za kihisabati (iv),Kuonesha uelewa wa hesabu za fedha (iv),Kuzidisha na kugawanya fedha za kitanzania,Kuzidisha fedha katika shilingi kwa namba nzima,3,"Maelezo ya mwalimu, mifano ubaoni hatua kwa hatua, mazoezi ya darasani na kazi binafsi",Kuwaongoza Wanafunzi,Mwanafunzi anaweza kuzidisha fedha ya Tanzania katika shilingi kwa namba nzima kwa usahihi,Sarafu na noti bandia|Kadi za namba|Ubaoni na chaki,"TET(2023), HISABATI, KITABU CHA MWANAFUNZI, DARASA LA NNE, TET, DAR ES SALAAM","Somo hili linaanzisha kuzidisha fedha ya Tanzania katika shilingi pekee, kama ilivyoanzishwa katika Sura ya Kumi ya kitabu cha mwanafunzi, ukurasa wa 163-164.","Mwanafunzi hufundishwa kuzidisha kiasi cha shilingi kwa namba nzima kwa njia ya wima kama namba za kawaida, kama mifano sh 750 x 4 = sh 3,000 na sh 5,500 x 20 = sh 110,000.","Mfano sh 750 x 4: zidisha 750 x 4 = 3000, jibu sh 3,000. Mfano sh 5,500 x 20: zidisha 5500 x 20, jumlisha mazao ya sehemu (0000 + 11000) kupata sh 110,000.","Mbinu hii hutumika kuhesabu gharama ya kununua vitu kadhaa vyenye bei sawa, mfano bei ya madaftari au vyakula sokoni.","sh 950 x 7=::sh 6,650||sh 75 x 13=::sh 975||sh 560 x 12=::sh 6,720||sh 1000 x 7=::sh 7,000",
2023-JSS001-DRS IV,Kumudu matumizi ya stadi za kihisabati (iv),Kuonesha uelewa wa hesabu za fedha (iv),Kuzidisha na kugawanya fedha za kitanzania,Kuzidisha fedha katika shilingi na senti kwa namba nzima,4,"Maelezo ya mwalimu, mifano ubaoni hatua kwa hatua kuanzia senti kwenda shilingi, mazoezi ya vikundi na binafsi",Kuwaongoza Wanafunzi,"Mwanafunzi anaweza kuzidisha fedha ya Tanzania katika shilingi na senti kwa namba nzima, akianzia upande wa senti kisha shilingi, kwa usahihi",Sarafu na noti bandia za senti na shilingi|Chati ya uhusiano wa shilingi na senti|Ubaoni na chaki,"TET(2023), HISABATI, KITABU CHA MWANAFUNZI, DARASA LA NNE, TET, DAR ES SALAAM","Somo hili linaendeleza kuzidisha fedha kwa kujumuisha senti pamoja na shilingi, kama kilivyofundishwa kwenye kitabu cha mwanafunzi ukurasa wa 165-167.","Tendo la kuzidisha huanzia upande wa senti kuelekea upande wa shilingi; senti zinapozidi 100 hubadilishwa kuwa shilingi na kujumlishwa upande wa shilingi, kama mfano sh 50 st 05 x 6 = sh 300 st 30 na sh 250 st 75 x 10 = sh 2,507 st 50.","Mfano sh 250 st 75 x 10: zidisha st 75 x 10 = st 750, badili st 750 kuwa sh 7 st 50, andika st 50, jumlisha sh 7 na sh 250 x 10 = sh 2500 kupata sh 2,507 st 50. Mfano sh 5230 st 90 x 29 hutoa jibu sh 151,696 st 10.","Ustadi huu hutumika kuhesabu gharama halisi za bidhaa zenye bei za senti, mfano bei ya lita ya mafuta au bidhaa za dukani zenye bei kama sh 250.75.","sh 500 st20 x 4=::sh 2,000 st80||sh 3115 st30 x 5=::sh 15,576 st50||sh 600 st30 x 30=::sh 18,009 st00||sh 700 st00 x 9=::sh 6,300 st00",
2023-JSS001-DRS IV,Kumudu matumizi ya stadi za kihisabati (iv),Kuonesha uelewa wa hesabu za fedha (iv),Kuzidisha na kugawanya fedha za kitanzania,Kutatua mafumbo yanayohusisha kuzidisha fedha,3,"Utatuzi wa matatizo halisia ya ununuzi, majadiliano ya darasa na kazi binafsi",Kuwaongoza Wanafunzi,Mwanafunzi anaweza kutambua na kutatua mafumbo ya kila siku yanayohitaji matumizi ya kuzidisha fedha ya Tanzania,Picha za bidhaa za sokoni|Kadi za maneno ya matatizo|Ubaoni,"TET(2023), HISABATI, KITABU CHA MWANAFUNZI, DARASA LA NNE, TET, DAR ES SALAAM","Somo hili linaonesha matumizi ya kuzidisha fedha katika mafumbo halisia ya maisha ya kila siku, kama ununuzi wa majani ya chai, madaftari na maziwa, kwa mujibu wa ukurasa wa 167-169 wa kitabu cha mwanafunzi.","Mwanafunzi hufundishwa kutambua bei ya kitu kimoja na idadi inayonunuliwa, kisha kuzidisha kupata gharama ya jumla, kama mfano pakiti ya chai sh 500 ikinunuliwa pakiti 12 (sh 6,000) au lita ya maziwa sh 1,850 st 50 ikinunuliwa lita 17 (sh 31,458 st 50).","Mfano: Daftari moja sh 800, madaftari 15 yatagharimu sh 800 x 15 = sh 12,000. Mfano: Lita ya maziwa sh 1,850 st 50, lita 17 zitagharimu sh 1,850.50 x 17 = sh 31,458 st 50.",Ustadi huu hutumika sokoni au dukani kuhesabu gharama ya jumla kabla ya kununua bidhaa nyingi za bei moja.,"Kalamu moja huuzwa kwa shilingi 250. Kalamu 13 za aina hiyo zitauzwa kwa bei gani?::sh 3,250||Bei ya parachichi moja ni shilingi 850. Kiasi gani cha fedha kinahitajika kununua parachichi kumi?::sh 8,500||Fungu la nyanya linauzwa kwa bei ya shilingi 720. Mafungu 50 yanauzwa kwa jumla ya shilingi ngapi?::sh 36,000",
2023-JSS001-DRS IV,Kumudu matumizi ya stadi za kihisabati (iv),Kuonesha uelewa wa hesabu za fedha (iv),Kuzidisha na kugawanya fedha za kitanzania,Kugawanya fedha katika shilingi kwa namba nzima,4,"Mifano ubaoni ya njia fupi na njia ndefu, mazoezi ya darasani na binafsi",Kuwaongoza Wanafunzi,Mwanafunzi anaweza kugawanya fedha ya Tanzania katika shilingi kwa namba nzima kwa njia fupi na njia ndefu kwa usahihi,Sarafu na noti bandia|Chati ya thamani ya nafasi|Ubaoni na chaki,"TET(2023), HISABATI, KITABU CHA MWANAFUNZI, DARASA LA NNE, TET, DAR ES SALAAM","Somo hili linaanzisha kugawanya fedha ya Tanzania katika shilingi pekee, kwa mujibu wa ukurasa wa 170-171 wa kitabu cha mwanafunzi.","Mwanafunzi hujifunza kugawanya kiasi cha shilingi kwa namba nzima kwa njia fupi kwa kigawanyo kidogo na njia ndefu kwa kigawanyo kikubwa, kama mifano sh 75 ÷ 3 = sh 25, sh 2850 ÷ 38 = sh 75, na sh 9912 ÷ 118 = sh 84.","Mfano sh 2850 ÷ 38 kwa njia ndefu: 38 x 75 = 2850, hivyo jibu ni sh 75, kama inavyoonekana kwenye hesabu 2850 - 266 = 190, 190 - 190 = 0.","Ustadi huu hutumika kugawanya gharama ya jumla kwa idadi ya watu au vitu, mfano kugawanya sh 12,400 kwa watu 4.",sh 52 ÷ 4=::sh 13||sh 247 ÷ 13=::sh 19||sh 987 ÷ 21=::sh 47||sh 7260 ÷ 55=::sh 132,
2023-JSS001-DRS IV,Kumudu matumizi ya stadi za kihisabati (iv),Kuonesha uelewa wa hesabu za fedha (iv),Kuzidisha na kugawanya fedha za kitanzania,Kugawanya fedha katika shilingi na senti kwa namba nzima,6,"Mifano ubaoni hatua kwa hatua kuanzia shilingi kwenda senti, mazoezi mengi ya vikundi na binafsi",Kuwaongoza Wanafunzi,"Mwanafunzi anaweza kugawanya fedha ya Tanzania katika shilingi na senti kwa namba nzima, akianzia upande wa shilingi kisha senti, kwa usahihi",Chati ya uhusiano wa shilingi na senti|Sarafu na noti bandia|Ubaoni na chaki,"TET(2023), HISABATI, KITABU CHA MWANAFUNZI, DARASA LA NNE, TET, DAR ES SALAAM","Somo hili linajenga umahiri wa kugawanya fedha inayohusisha shilingi na senti kwa pamoja, kwa mujibu wa ukurasa wa 171-174 wa kitabu cha mwanafunzi, likiwa na zoezi kubwa zaidi la maswali 21.","Tendo huanzia upande wa shilingi kuelekea senti; baki la shilingi hubadilishwa kuwa senti na kujumlishwa kabla ya kugawanywa tena, kama mfano sh 10 st 50 ÷ 5 = sh 2 st 10 na sh 205312 st 50 ÷ 45 = sh 4562 st 50.","Mfano sh 205312 st 50 ÷ 45: gawanya shilingi 205312 ÷ 45 = 4562 baki 22, badili baki sh 22 kuwa st 2200, jumlisha na st 50 kupata st 2250, gawanya st 2250 ÷ 45 = st 50, jibu sh 4562 st 50.","Ustadi huu hutumika kugawanya mapato au gharama zenye senti kwa usawa, mfano mshahara wa sh 68,763.80 kugawanywa kwa siku 7 za wiki.","sh 3200 st40 ÷ 8=::sh 400 st05||sh 91000 st70 ÷ 7=::sh 13,000 st10||sh 80.75 ÷ 5=::sh 16.15||sh 10 st50 ÷ 5=::sh 2 st10",
2023-JSS001-DRS IV,Kumudu matumizi ya stadi za kihisabati (iv),Kuonesha uelewa wa hesabu za fedha (iv),Kuzidisha na kugawanya fedha za kitanzania,Kutatua mafumbo yanayohusisha kugawanya fedha,3,"Utatuzi wa matatizo halisia ya mgawanyo wa fedha, majadiliano ya darasa na kazi binafsi",Kuwaongoza Wanafunzi,Mwanafunzi anaweza kutambua na kutatua mafumbo ya kila siku yanayohitaji matumizi ya kugawanya fedha ya Tanzania,Picha za hali halisia za mauzo|Kadi za maneno ya matatizo|Ubaoni,"TET(2023), HISABATI, KITABU CHA MWANAFUNZI, DARASA LA NNE, TET, DAR ES SALAAM","Somo hili linaonesha matumizi ya kugawanya fedha katika mafumbo halisia, kama mauzo ya madaftari, mayai na malipo ya kazi, kwa mujibu wa ukurasa wa 174-176 wa kitabu cha mwanafunzi.","Mwanafunzi hufundishwa kutambua jumla ya fedha iliyopatikana na idadi ya vitu vilivyouzwa au watu waliogawana, kisha kutumia kugawanya kupata bei ya kitu kimoja au sehemu ya kila mmoja, kama mfano madaftari 17 kwa sh 14,790 (sh 870 kila moja) na mayai 38 kwa sh 17,126.60 (sh 450.70 kila moja).","Mfano: Eliakimu alilipwa sh 68,763.80 kwa wiki, malipo ya siku moja ni sh 68,763.80 ÷ 7 = sh 9,823.40.","Ustadi huu hutumika kuhesabu bei ya bidhaa moja baada ya kujua mauzo ya jumla, jambo la kawaida kwa wafanyabiashara na wakulima.","Mzazi aliwagawia watoto 10 jumla ya shilingi 333,500. Kila mtoto alipata shilingi ngapi?::sh 33,350||Mfanyabiashara aliuza machungwa 452 na kupata jumla ya shilingi 146,900. Chungwa moja liliuzwa kwa shilingi ngapi?::sh 325||Jamila alinunua magauni 19 kwa shilingi 463,144. Bei ya gauni moja ni shilingi ngapi?::sh 24,376",
2023-JSS001-DRS IV,Kumudu matumizi ya stadi za kihisabati (iv),Kuonesha uelewa wa hesabu za fedha (iv),Kuzidisha na kugawanya fedha za kitanzania,Kufanya mazoezi ya marudio ya kuzidisha na kugawanya fedha ya Tanzania,3,"Marudio ya jumla, majadiliano ya darasa kuhusu Jikumbushe, mazoezi mchanganyiko ya kuzidisha na kugawanya fedha",Kuwaongoza Wanafunzi,Mwanafunzi anaweza kutatua kwa usahihi mazoezi mchanganyiko ya kuzidisha na kugawanya fedha ya Tanzania katika shilingi na senti,Ubaoni na chaki|Kadi za mazoezi ya marudio|Kompyuta au simu za mtandaoni pale zinapopatikana,"TET(2023), HISABATI, KITABU CHA MWANAFUNZI, DARASA LA NNE, TET, DAR ES SALAAM","Somo hili ni marudio ya mwisho ya Sura ya Kumi, likijumuisha muhtasari wa hatua za kuzidisha na kugawanya fedha (Jikumbushe) na Zoezi la marudio lenye maswali 22 mchanganyiko, kwa mujibu wa ukurasa wa 177-178 wa kitabu cha mwanafunzi.","Jikumbushe hukumbusha kuwa senti huandikwa kwa tarakimu mbili, kuzidisha huanza upande wa senti kisha shilingi, na kugawanya huanza upande wa shilingi kisha senti; Zoezi la marudio huchanganya kuzidisha na kugawanya, mfano sh 764 x 6 na sh 67678 st 52 ÷ 26.","Mfano wa marudio: Daftari moja sh 500 st 30, madaftari 8 yatagharimu sh 500.30 x 8 = sh 4,002 st 40. Mfano mwingine: mshahara sh 775,355 st 23 kwa mwezi hulipwa kwa mwaka sh 775,355.23 x 12.","Marudio haya huimarisha uwezo wa mwanafunzi kutumia kuzidisha na kugawanya fedha katika shughuli halisi za kiuchumi za kila siku, kama mishahara, mauzo na ununuzi.","sh 764 x 6=::sh 4,584||sh 67678 st52 ÷ 26=::sh 2,603 st02||Daftari moja linauzwa kwa shilingi 500 na senti 30. Kiasi gani cha fedha kinahitajika kununua madaftari 8 ya aina hiyo?::sh 4,002 st40",
2023-JSS001-DRS V,Kumudu Misingi ya awali ya kihisabati (v),Kuonesha uelewa wa vipimo (v),"Kuzidisha vipimo vya urefu, uzani na ujazo","Kuzidisha vipimo vya urefu (m, sm na mm)",5,Mfano wa vitu halisi,Kuwaongoza Wanafunzi,"Mwanafunzi anaweza kuzidisha vipimo vya urefu vyenye meta, sentimeta na milimeta na kubadilisha ziada kwa usahihi kufuata uhusiano wa vipimo.",Futikamba|Rula|Chati ya uhusiano wa vipimo vya urefu|Ubao na chaki|Meza ya darasani,"TET(2023), HISABATI, KITABU CHA MWANAFUNZI, DARASA LA TANO, TET, DAR ES SALAAM","Ili kuzidisha vipimo vya urefu ni muhimu kufahamu uhusiano wa vipimo kuanzia milimeta hadi kilometa: sm 1 = mm 10, m 1 = sm 100. Vipimo hupangwa kwa wima kuanzia kikubwa kushoto kwenda kidogo kulia, kisha kuzidishwa kuanzia safu ya kulia (kidogo) kwenda kushoto (kubwa).",Hatua: (1) Panga vipimo kwa wima kuanzia kikubwa kwenda kidogo. (2) Zidisha safu ya mm kwanza. (3) Badilisha ziada zinazozidi 10mm kuwa sm na uzijumlishe kwenye safu ya sm. (4) Zidisha safu ya sm kisha badilisha ziada zinazozidi sm100 kuwa m. (5) Zidisha safu ya m na ujumlishe ziada iliyobaki.,"Mfano: Fundi seremala alitengeneza meza yenye urefu wa m 3, sm 30 na mm 5. Zidisha kwa meza 12: mm 5 x 12 = mm 60 = sm 6 (andika 0 kwenye mm); sm 30 x 12 = sm 360, jumlisha na sm 6 = sm 366 = m 3 sm 66 (andika 66 kwenye sm); m 3 x 12 = m 36, jumlisha na m 3 = m 39. Jibu: m 39 sm 66 mm 0. Mfano mwingine: m 7 sm 21 mm 4 x 8: mm 4x8=32mm=sm3 mm2; sm 21x8=168+3=171sm=m1 sm71; m 7x8=56+1=57. Jibu: m 57 sm 71 mm 2.",Mafundi seremala na wajenzi hutumia uzidishaji wa vipimo vya urefu kukokotoa jumla ya mbao au vyuma vinavyohitajika kutengeneza samani nyingi zenye ukubwa sawa.,Zidisha m 4 sm 25 mm 6 kwa 3::m 12 sm 76 mm 8||Zidisha m 17 sm 72 mm 9 kwa 2::m 35 sm 45 mm 8||Zidisha m 2 sm 45 mm 7 kwa 6::m 14 sm 74 mm 2,unit_conversion_ladder
2023-JSS001-DRS V,Kumudu Misingi ya awali ya kihisabati (v),Kuonesha uelewa wa vipimo (v),"Kuzidisha vipimo vya urefu, uzani na ujazo","Kuzidisha vipimo vya urefu (km, m, sm na km, dam, dm) na matatizo ya maneno",4,Kutatua matatizo ya maneno,Kuwaongoza Wanafunzi,Mwanafunzi anaweza kuzidisha vipimo vitatu vya urefu vyenye kilometa na kutumia uzidishaji huo kutatua matatizo halisi ya maneno.,Chati ya uhusiano wa vipimo vya urefu|Ramani ya mji|Ubao na chaki|Kadi za maswali ya maneno,"TET(2023), HISABATI, KITABU CHA MWANAFUNZI, DARASA LA TANO, TET, DAR ES SALAAM","Uhusiano wa vipimo: km 1 = m 1000, m 1 = sm 100, km 1 = dam 100, dam 1 = dm 100. Njia ya kuzidisha ni ile ile: panga vipimo kwa wima kikubwa kushoto, kisha zidisha kuanzia safu ndogo kulia kwenda kushoto ukibadilisha ziada.",,Mfano: Zidisha km 3 m 604 sm 54 kwa 4: sm 54x4=216sm=m2 sm16; m 604x4=2416+2=2418m=km2 m418; km 3x4=12+2=14. Jibu: km 14 m 418 sm 16. Mfano mwingine: Zidisha km 8 dam 704 dm 513 kwa 5: dm513x5=2565dm=dam25 dm65; dam704x5=3520+25=3545dam=km35 dam45; km8x5=40+35=75. Jibu: km 75 dam 45 dm 65.,Wapima ardhi na wahandisi wa barabara hutumia uzidishaji wa vipimo vya urefu wenye kilometa kukokotoa urefu wa jumla wa barabara zinazojirudia mara kadhaa.,"Barabara ya kwanza mjini Makanya ina urefu wa km 257 m 625, na barabara ya pili ina urefu mara 5 ya ya kwanza. Barabara ya pili ina urefu gani?::km 1288 m 125||Basi lilisafiri kwa wastani wa km 75 kwa saa. Baada ya saa 4 lilisafiri umbali gani?::km 300||Vitabu 9 vyenye upana wa sm 3 na mm 8 kila kimoja vimewekwa kwa mfuatano. Tafuta jumla ya upana wake::sm 34 mm 2",unit_conversion_ladder
2023-JSS001-DRS V,Kumudu Misingi ya awali ya kihisabati (v),Kuonesha uelewa wa vipimo (v),"Kuzidisha vipimo vya urefu, uzani na ujazo","Kuzidisha vipimo vya uzani (tani, kilogramu na gramu)",5,Mfano wa vitu halisi,Kuwaongoza Wanafunzi,"Mwanafunzi anaweza kuzidisha vipimo vya uzani vyenye tani, kilogramu na gramu kwa kubadilisha ziada kwa usahihi.",Mizani|Vitu vya kupima kama mawe na mchanga|Chati ya uhusiano wa vipimo vya uzani|Ubao na chaki,"TET(2023), HISABATI, KITABU CHA MWANAFUNZI, DARASA LA TANO, TET, DAR ES SALAAM","Ili kuzidisha vipimo vya uzani ni muhimu kufahamu uhusiano wa vipimo kuanzia miligramu hadi tani: tani 1 = kg 1000, kg 1 = g 1000. Njia ni kupanga vipimo kwa wima kikubwa kushoto kwenda kidogo kulia, kisha kuzidisha kuanzia safu ndogo kulia kwenda kushoto.","Hatua: (1) Panga tani, kg na g kwa wima. (2) Zidisha safu ya g kwanza na ubadilishe ziada inayozidi g1000 kuwa kg. (3) Zidisha safu ya kg, jumlisha ziada, kisha badilisha inayozidi kg1000 kuwa tani. (4) Zidisha safu ya tani na jumlisha ziada iliyobaki.",Mfano: Zidisha tani 3 kg 964 g 300 kwa 5: g300x5=1500g=kg1 g500; kg964x5=4820+1=4821kg=tani4 kg821; tani3x5=15+4=19. Jibu: tani 19 kg 821 g 500. Mfano wa mbuzi: kila mtoto wa mbuzi ana wastani wa uzani kg 3 g 250; watoto 3: g250x3=750g (hakuna ziada); kg3x3=9. Jibu: kg 9 g 750.,Makampuni ya usafirishaji wa mizigo na wakulima wa mifugo hutumia uzidishaji wa vipimo vya uzani kukokotoa jumla ya uzani wa mizigo au wanyama wengi wenye uzani unaofanana.,Zidisha kg 2 g 450 kwa 4::kg 9 g 800||Ndama wanne kila mmoja ana wastani wa uzani kg 4 g 600. Jumla ya uzani wao ni kiasi gani?::kg 18 g 400||Zidisha tani 2 kg 350 g 500 kwa 6::tani 14 kg 103 g 0,unit_conversion_ladder
2023-JSS001-DRS V,Kumudu Misingi ya awali ya kihisabati (v),Kuonesha uelewa wa vipimo (v),"Kuzidisha vipimo vya urefu, uzani na ujazo","Kuzidisha vipimo vya uzani (dag, dg, mg) na matatizo ya maneno",4,Kutatua matatizo ya maneno,Kuwaongoza Wanafunzi,"Mwanafunzi anaweza kuzidisha vipimo vidogo vya uzani (dag, dg, mg) na kutumia uzidishaji wa vipimo vya uzani kutatua matatizo halisi ya kila siku.",Mizani ndogo ya udaka|Chati ya uhusiano wa vipimo vya uzani|Kadi za maswali ya maneno|Ubao na chaki,"TET(2023), HISABATI, KITABU CHA MWANAFUNZI, DARASA LA TANO, TET, DAR ES SALAAM","Uhusiano wa vipimo vidogo vya uzani: dag 1 = dg 100, dg 1 = mg 100. Njia ni ile ile ya kupanga vipimo kwa wima na kuzidisha kuanzia kipimo kidogo kuelekea kikubwa.",,Mfano: Zidisha dag 5 dg 14 mg 15 kwa 8: mg15x8=120mg=dg1 mg20; dg14x8=112+1=113dg=dag1 dg13; dag5x8=40+1=41. Jibu: dag 41 dg 13 mg 20.,Wafanyabiashara wa dawa na viungo vidogo vidogo jikoni hutumia uzidishaji wa vipimo vidogo vya uzani kukokotoa jumla ya bidhaa zinazouzwa kwa wingi.,"Kopo la mafuta lina uzani wa kg 16 g 130. Sanduku lina makopo 22 ya aina hiyo. Uzani wa makopo yote (bila sanduku) ni kiasi gani?::kg 354 g 860||Mbuzi ana uzani wa kg 20 g 15. Mbuzi 16 wenye uzani wa aina hiyo watakuwa na jumla ya uzani gani?::kg 320 g 240||Ngozi 45 za ng'ombe zenye uzani sawa, kila moja kg 10 g 24. Tafuta jumla ya uzani wa ngozi zote::kg 451 g 80",
2023-JSS001-DRS V,Kumudu Misingi ya awali ya kihisabati (v),Kuonesha uelewa wa vipimo (v),"Kuzidisha vipimo vya urefu, uzani na ujazo",Kuzidisha vipimo vya ujazo (lita na mililita),4,Onyesho la vitendo,Kuwaongoza Wanafunzi,Mwanafunzi anaweza kuzidisha vipimo vya ujazo vyenye lita na mililita na kubadilisha ziada kwa usahihi kufuata uhusiano L 1 = mL 1000.,"Chupa za ujazo tofauti (500ml, 1000ml, 1500ml)|Ndoo ya maji|Chati ya uhusiano wa vipimo vya ujazo|Ubao na chaki","TET(2023), HISABATI, KITABU CHA MWANAFUNZI, DARASA LA TANO, TET, DAR ES SALAAM","Unapozidisha vipimo vya ujazo, uhusiano wa msingi ni L 1 = mL 1000. Anza kuzidisha kutoka kipimo kidogo (mililita) kuelekea kipimo kikubwa (lita), ukibadilisha ziada inayozidi mL 1000 kuwa lita.",,Mfano: Zidisha L 23 mL 200 kwa 7: mL200x7=1400? (kwa mfano huu hakuna ziada kubwa) matokeo L161 mL400. Mfano wa pili: Zidisha L 45 mL 612 kwa 9: mL612x9=5508mL=L5 mL508; L45x9=405+5=410. Jibu: L 410 mL 508. Mfano wa tatu: Zidisha L 35 mL 314 kwa 15 hupata L 529 mL 710.,Viwanda vya kusindika mafuta na maji na wauzaji wa vinywaji hutumia uzidishaji wa vipimo vya ujazo kukokotoa jumla ya bidhaa za majimaji zinazozalishwa au kusafirishwa.,Zidisha L 50 mL 600 kwa 2::L 101 mL 200||Zidisha L 21 mL 421 kwa 5::L 107 mL 105||Watu 60 kila mmoja alitumia L 25 mL 750 za maji. Jumla walitumia lita ngapi za maji?::L 1545 mL 0,unit_conversion_ladder
2023-JSS001-DRS V,Kumudu Misingi ya awali ya kihisabati (v),Kuonesha uelewa wa vipimo (v),"Kugawanya vipimo vya urefu, uzani na ujazo","Kugawanya vipimo vya urefu (m na sm; m, sm na mm)",5,Mfano wa vitu halisi,Kuwaongoza Wanafunzi,"Mwanafunzi anaweza kugawanya vipimo vya urefu vyenye meta, sentimeta na milimeta kwa kubadilisha kipimo kikubwa kisichotosha kuwa kipimo kidogo.",Futikamba|Kitambaa cha kukata|Chati ya uhusiano wa vipimo vya urefu|Ubao na chaki,"TET(2023), HISABATI, KITABU CHA MWANAFUNZI, DARASA LA TANO, TET, DAR ES SALAAM","Hatua za kugawanya vipimo vya metriki hazitofautiani na za kuzidisha, isipokuwa mgawanyo huanzia upande wenye kipimo kikubwa kuelekea kipimo kidogo. Uhusiano: m 1 = sm 100, sm 1 = mm 10.","Hatua: (1) Panga vipimo kwa wima na weka alama ya kugawanya. (2) Gawanya kipimo kikubwa kwanza. (3) Kama hakitoshelezi kupata namba nzima, andika 0 kisha kibadilishe kwenda kipimo kinachofuata kwa kuzidisha kwa uwiano na kujumlisha na kilichopo. (4) Gawanya tena hadi kipimo kidogo kabisa.","Mfano: Kitambaa chenye urefu m 30 sm 60 kilikatwa vipande 6 sawa: m30÷6=m5; sm60÷6=sm10. Jibu: m 5 sm 10. Mfano wa pili: Gawanya m 3 sm 84 mm 5 kwa 5: m3÷5 haitoshelezi (andika 0m); badili m3 kuwa sm300, jumlisha na sm84=sm384; sm384÷5=sm76 baki sm4; badili baki sm4 kuwa mm40, jumlisha na mm5=mm45; mm45÷5=mm9. Jibu: sm 76 mm 9.",Washonaji na wafanyabiashara wa vitambaa hugawanya vipande virefu vya nguo katika sehemu ndogo sawa kwa ajili ya wateja mbalimbali.,Kitambaa cha urefu m 42 sm 90 kikatwe vipande 6 sawa. Kila kipande kina urefu gani?::m 7 sm 15||Gawanya m 4 sm 25 mm 5 kwa 5::sm 85 mm 1||Kamba ya urefu m 18 sm 30 ikatwe vipande 3 sawa. Kila kipande?::m 6 sm 10,unit_conversion_ladder
2023-JSS001-DRS V,Kumudu Misingi ya awali ya kihisabati (v),Kuonesha uelewa wa vipimo (v),"Kugawanya vipimo vya urefu, uzani na ujazo",Kugawanya vipimo vya urefu (km na m) na matatizo ya maneno,4,Kutatua matatizo ya maneno,Kuwaongoza Wanafunzi,Mwanafunzi anaweza kugawanya vipimo vya urefu vyenye kilometa na meta na kutumia mgawanyo huo kutatua matatizo halisi ya maisha kama vile kugawa mashamba na barabara.,Ramani ya mji|Chati ya uhusiano wa vipimo vya urefu|Kadi za maswali ya maneno|Ubao na chaki,"TET(2023), HISABATI, KITABU CHA MWANAFUNZI, DARASA LA TANO, TET, DAR ES SALAAM","Uhusiano: km 1 = m 1000. Mgawanyo wa vipimo vyenye km na m hufuata utaratibu ule ule: gawanya kuanzia kipimo kikubwa (km) kwenda kidogo (m), ukibadilisha kilichobaki kwa uwiano panapohitajika.",,Mfano: Barabara yenye urefu km 15 m 750 imegawanywa sehemu 5 kwa ajili ya ukarabati: km15÷5=km3; m750÷5=m150. Jibu: km 3 m 150. Mfano wa shamba: Shamba lenye urefu m 225 sm 90 limegawanywa kwa watu 5 sawa kwa kufuata urefu: m225÷5=m45; sm90÷5=sm18. Jibu: kila mtu m 45 sm 18.,Wagawaji wa ardhi na maafisa wa ujenzi wa barabara hugawanya urefu wa mashamba au barabara katika sehemu sawa kwa watumiaji tofauti.,Barabara ya km 24 m 500 imegawanywa sehemu 4 sawa. Kila sehemu ina urefu gani?::km 6 m 125||Kamba ya urefu m 56 sm 40 ikatwe vipande 8 sawa. Kila kipande?::m 7 sm 5||Shamba lenye urefu m 310 sm 50 limegawanywa kwa watu 5 sawa kwa kufuata urefu. Kila mtu atapata urefu gani?::m 62 sm 10,unit_conversion_ladder
2023-JSS001-DRS V,Kumudu Misingi ya awali ya kihisabati (v),Kuonesha uelewa wa vipimo (v),"Kugawanya vipimo vya urefu, uzani na ujazo",Kugawanya vipimo vya uzani (kilogramu na gramu),4,Mfano wa vitu halisi,Kuwaongoza Wanafunzi,Mwanafunzi anaweza kugawanya vipimo vya uzani vyenye kilogramu na gramu kwa kubadilisha kilobaki kuwa gramu inapohitajika.,Mizani|Mchele au maharage ya kupima|Chati ya uhusiano wa vipimo vya uzani|Ubao na chaki,"TET(2023), HISABATI, KITABU CHA MWANAFUNZI, DARASA LA TANO, TET, DAR ES SALAAM","Uhusiano: kg 1 = g 1000. Mgawanyo huanzia kipimo kikubwa (kg) kwenda kidogo (g), na baki lolote la kg hubadilishwa kuwa g kabla ya kuendelea kugawanya.",,Mfano: Gawanya kg 48 g 564 kwa 6: kg48÷6=kg8; g564÷6=g94. Jibu: kg 8 g 94.,Wafanyabiashara wa nafaka na familia hugawanya mifuko mikubwa ya chakula katika vipimo sawa kwa ajili ya matumizi ya kila siku.,"Gawanya kg 36 g 420 kwa 6::kg 6 g 70||Watu 8 waligawana kg 125 za mchele kwa usawa. Kila mtu alipata kilogramu na gramu ngapi?::kg 15 g 625||Kilogramu 60,000 za maharage ziligawiwa kwa usawa katika shule 25. Kila shule ilipata kilogramu ngapi?::kg 2400",unit_conversion_ladder
2023-JSS001-DRS V,Kumudu Misingi ya awali ya kihisabati (v),Kuonesha uelewa wa vipimo (v),"Kugawanya vipimo vya urefu, uzani na ujazo",Kugawanya vipimo vya uzani na matatizo ya maneno (magunia na malori),4,Kutatua matatizo ya maneno,Kuwaongoza Wanafunzi,Mwanafunzi anaweza kutumia mgawanyo wa vipimo vya uzani kutatua matatizo halisi ya kibiashara na usafirishaji wa mizigo.,Kadi za maswali ya maneno|Chati ya uhusiano wa vipimo vya uzani|Ubao na chaki|Picha za malori na magunia,"TET(2023), HISABATI, KITABU CHA MWANAFUNZI, DARASA LA TANO, TET, DAR ES SALAAM",Matatizo mengi ya kila siku kuhusu uzani wa jumla wa bidhaa nyingi zenye uzani sawa (kama magunia ya nafaka au mizigo ya malori) hutatuliwa kwa kugawanya uzani wa jumla kwa idadi ya vitu.,,"Mfano: Magunia 200 ya karanga yana jumla ya uzani kg 16,000. Uzani wa gunia moja: 16000÷200=kg80. Mfano wa pili: Malori 76 yalibeba jumla ya tani 1,520 za ulezi kwa uzani sawa; kila lori lilibeba: 1520÷76=tani20.",Wafanyabiashara wa nafaka sokoni na makampuni ya usafirishaji hutumia mgawanyo wa vipimo vya uzani kupanga bei na mizigo ya usafirishaji kwa haki.,"Magunia 150 ya mahindi yana jumla ya uzani kg 12,000. Uzani wa gunia moja ni kiasi gani?::kg 80||Malori 40 yalibeba jumla ya tani 800 za mchele kwa uzani sawa. Kila lori lilibeba tani ngapi?::tani 20||Masanduku 15 yenye uzani sawa yana jumla ya kg 345. Uzani wa sanduku moja ni kiasi gani?::kg 23",
2023-JSS001-DRS V,Kumudu Misingi ya awali ya kihisabati (v),Kuonesha uelewa wa vipimo (v),"Kugawanya vipimo vya urefu, uzani na ujazo",Kugawanya vipimo vya ujazo (lita na mililita) na matatizo ya maneno,5,Kutatua matatizo ya maneno,Kuwaongoza Wanafunzi,Mwanafunzi anaweza kugawanya vipimo vya ujazo vyenye lita na mililita na kutumia mgawanyo huo kutatua matatizo halisi kuhusu ugawaji wa maji au mafuta.,Chupa za kupimia ujazo|Ndoo ya maji|Chati ya uhusiano wa vipimo vya ujazo|Kadi za maswali ya maneno,"TET(2023), HISABATI, KITABU CHA MWANAFUNZI, DARASA LA TANO, TET, DAR ES SALAAM","Uhusiano: L 1 = mL 1000. Kama ilivyo kwa vipimo vingine vya metriki, mgawanyo wa ujazo huanzia kipimo kikubwa (lita) kuelekea kipimo kidogo (mililita), ukibadilisha lita zilizobaki kuwa mililita panapohitajika.","Hatua: (1) Panga L na mL kwa wima na weka alama ya kugawanya. (2) Gawanya safu ya L kwanza. (3) Kama L hazitoshelezi, andika 0 na uzibadilishe kuwa mL kwa kuzidisha kwa 1000, kisha jumlisha na mL zilizopo. (4) Gawanya jumla hiyo ya mL.","Mfano: Lita 5000 mL 240 za mafuta zigawanywe mapipa 8 sawa: L5000÷8=L625; mL240÷8=mL30. Jibu: L 625 mL 30. Mfano wa pili: Gawanya L 4 mL 640 kwa 8: L4÷8 haitoshelezi (andika 0L); badili L4 kuwa mL4000, jumlisha na mL640=mL4640; mL4640÷8=mL580. Jibu: mL 580.",Makampuni ya usambazaji maji safi na mafuta hugawanya ujazo mkubwa wa majimaji katika sehemu sawa kwa wateja au wakazi wa kijiji.,Wakazi 35 wa mji mmoja wanataka kugawana maji lita 250 mL 740 kwa usawa. Kila mmoja atapata kiasi gani?::L 7 mL 164||Kampuni ya maziwa ilitoa lita 2500 mL 500 za maziwa kwa wakazi 250 wa kijiji kimoja kwa usawa. Kila mwanakijiji alipata maziwa kiasi gani?::L 10 mL 2||Mafuta lita 900 mL 450 yagawanywe kwa mapipa 10 sawa. Kila pipa litapata kiasi gani?::L 90 mL 45,unit_conversion_ladder
2023-JSS001-DRS V,Kumudu Misingi ya awali ya kihisabati (v),Kuonesha uelewa wa awali stadi za maumbo (v),Kueleza dhana ya pai,Maana ya dhana ya Pai,5,Maelezo na majadiliano,Kuwaongoza Wanafunzi,Mwanafunzi anaweza kueleza kwa usahihi maana ya Pai kama uwiano kati ya mzingo wa duara na kipenyo chake.,sahani ya duara|kikombe|mfuniko wa chombo|ubao,"TET(2023), HISABATI, KITABU CHA MWANAFUNZI, DARASA LA TANO, TET, DAR ES SALAAM",Pai ni namba maalumu inayotumiwa katika hisabati zinazohusiana na maumbo ya duara. Pai huandikwa kwa alama ya π na inawakilisha uwiano kati ya mzingo wa duara na kipenyo chake.,Pai = (Mzingo wa umbo la duara) ÷ (Kipenyo cha umbo la duara). Pai ni muhimu sana katika kutafuta mzingo na eneo la duara.,"Kwa mfano endapo mzingo wa duara fulani ni sm 88 na kipenyo chake ni sm 28, basi Pai = 88 ÷ 28 = 3.14 (takriban).",Fundi anayetengeneza magurudumu ya baiskeli au marumaru ya duara hutumia dhana ya Pai kukadiria vipimo kabla ya kazi.,Pai inawakilisha uwiano gani?::Pai inawakilisha uwiano kati ya mzingo wa duara na kipenyo chake (Pai = Mzingo ÷ Kipenyo).||Duara lina mzingo wa sm 62.8 na kipenyo cha sm 20. Ni thamani gani ya Pai unayopata?::Pai = 62.8 ÷ 20 = 3.14||Alama ya Pai huandikwaje kwa kifupi?::Pai huandikwa kwa alama ya π,
2023-JSS001-DRS V,Kumudu Misingi ya awali ya kihisabati (v),Kuonesha uelewa wa awali stadi za maumbo (v),Kueleza dhana ya pai,Kupima mzingo na kipenyo cha vitu vya duara,6,Mazoezi ya vitendo kwa vikundi,Kuwaongoza Wanafunzi,Mwanafunzi anaweza kupima kwa usahihi mzingo na kipenyo cha kitu chenye umbo la duara kwa kutumia futikamba na rula.,futikamba|kamba|rula|sahani|kikombe|ndoo|mfuniko|chaki,"TET(2023), HISABATI, KITABU CHA MWANAFUNZI, DARASA LA TANO, TET, DAR ES SALAAM","Ili kubaini uwiano wa Pai, tunahitaji kupima mzingo (kwa kutumia kamba kuzunguka kitu) na kipenyo (umbali kutoka upande mmoja hadi mwingine kupitia kitovu) cha vitu mbalimbali vya duara.","Hatua: (1) chukua kifaa cha mviringo, (2) pima mzunguko kwa kamba, (3) weka alama mahali kamba inapokutana tena, pima urefu wake kwa rula - huu ni mzingo, (4) weka alama ya kitovu na pima kipenyo kwa rula.",Mfano: kikombe kina mzingo wa sm 21 na kipenyo cha takriban sm 6.7; sahani ina mzingo wa sm 62.8 na kipenyo cha sm 20.,Fundi cherehani hupima mzingo wa vitambaa vya mviringo kabla ya kushona kofia za duara.,"Eleza hatua tatu za kwanza za kupima mzingo wa kifaa cha duara.::Chukua kifaa cha mviringo, zungusha kamba kuzunguka kifaa, weka alama mahali kamba inapokutana tena kisha pima urefu wa kamba kwa rula.||Kwa nini tunaweka alama ya kitovu cha duara kabla ya kupima kipenyo?::Ili tupate mahali sahihi pa kupitisha rula kutoka upande mmoja hadi mwingine kupitia katikati ya duara na hivyo kupata kipenyo sahihi.||Ukipima mzunguko wa ndoo ukapata sm 94.2 na kipenyo chake sm 30, andika matokeo hayo kwenye jedwali la Mzingo, Kipenyo na Mzingo÷Kipenyo.::Mzingo = sm 94.2, Kipenyo = sm 30, Mzingo ÷ Kipenyo = 94.2 ÷ 30 = 3.14",
2023-JSS001-DRS V,Kumudu Misingi ya awali ya kihisabati (v),Kuonesha uelewa wa awali stadi za maumbo (v),Kueleza dhana ya pai,Kutafuta uwiano wa mzingo kwa kipenyo,5,Majadiliano ya vikundi na kufanya hesabu,Kuwaongoza Wanafunzi,Mwanafunzi anaweza kugawanya mzingo kwa kipenyo cha vitu tofauti vya duara na kubaini kuwa uwiano unaopatikana ni sawa takriban.,jedwali la kurekodi matokeo|kikokotoo|kalamu,"TET(2023), HISABATI, KITABU CHA MWANAFUNZI, DARASA LA TANO, TET, DAR ES SALAAM","Baada ya kupima mzingo na kipenyo vya vitu tofauti vya duara, tunagawanya mzingo kwa kipenyo cha kila kitu ili kubaini uwiano wao.","Jedwali la mfano linalorekodiwa: Kikombe, Sahani, Ndoo, Mfuniko - kila kimoja hugawanywa Mzingo ÷ Kipenyo ili kupata uwiano wake.","Ikiwa umepima vizuri, matokeo yaliyopatikana baada ya kugawanya mzingo kwa kipenyo ni takriban 3.141593 kwa vitu vyote, licha ya kuwa na vipenyo tofauti.",Wahandisi hutumia uwiano huu thabiti kubuni mabomba na matanki ya duara ya vipimo tofauti.,"Kikombe kina mzingo wa sm 21 na kipenyo cha sm 6.68. Sahani ina mzingo wa sm 62.8 na kipenyo cha sm 20. Tafuta uwiano wa kila kimoja.::Kikombe: 21 ÷ 6.68 ≈ 3.14. Sahani: 62.8 ÷ 20 = 3.14||Je uwiano wa mzingo kwa kipenyo unabadilika kwa vitu vyenye vipenyo tofauti?::Hapana, uwiano huo hubaki takriban sawa (karibu 3.14) hata kama vipenyo ni tofauti.||Kwa nini ni muhimu kurudia jaribio kwa vitu tofauti vya duara?::Ili kuthibitisha kuwa uwiano unaopatikana si bahati mbaya bali ni thamani thabiti inayoitwa Pai kwa maumbo yote ya duara.",
2023-JSS001-DRS V,Kumudu Misingi ya awali ya kihisabati (v),Kuonesha uelewa wa awali stadi za maumbo (v),Kueleza dhana ya pai,Thamani ya Pai (3.14 na 22/7),5,Maelezo na mazoezi ya darasani,Kuwaongoza Wanafunzi,Mwanafunzi anaweza kutaja thamani za makadirio za Pai kama desimali (3.14) na kama sehemu (22/7) na kuzitumia kwa usahihi.,chati ya thamani ya Pai|kikokotoo|ubao,"TET(2023), HISABATI, KITABU CHA MWANAFUNZI, DARASA LA TANO, TET, DAR ES SALAAM","Thamani halisi ya Pai ni takriban 3.141593. Katika matumizi ya kawaida, Pai hukadiriwa kuwa 3.14 katika nafasi mbili za desimali, na katika sehemu hukadiriwa kuwa 22/7.","Aina mbili za makadirio ya Pai zinazotumika: (a) kwa desimali - 3.14, (b) kwa sehemu - 22/7. Kila mmoja hutumika kutegemea aina ya namba zilizotolewa katika tatizo.",Mfano: kipenyo cha duara ni sm 14. Pai = 22/7 hutumika kwa sababu 14 hugawanyika sawasawa na 7.,"Wahandisi na mafundi hutumia 22/7 wakati vipimo vinagawanyika sawasawa na 7, na 3.14 kwa vipimo vingine, ili kurahisisha hesabu.","Andika thamani ya Pai kwa nafasi mbili za desimali.::3.14||Andika thamani ya Pai kwa mfumo wa sehemu.::22/7||Kwa nini ni rahisi kutumia Pai = 22/7 wakati kipenyo au nusukipenyo ni namba inayogawanyika kwa 7?::Kwa sababu 7 iliyopo katika dhehebu la 22/7 hughairi na 7 iliyopo katika kipimo, hivyo kufanya hesabu kuwa rahisi bila mabaki magumu.",
2023-JSS001-DRS V,Kumudu Misingi ya awali ya kihisabati (v),Kuonesha uelewa wa awali stadi za maumbo (v),Kutafuta mzingo wa duara,Kutambua kipenyo na nusukipenyo cha duara,3,Maelezo na maonyesho,Kuwaongoza Wanafunzi,Mwanafunzi anaweza kutofautisha kipenyo (d) na nusukipenyo (r) cha duara na kueleza uhusiano wao d=2r.,"tairi la baiskeli|duara lililochorwa lenye O, A, B, C, D|rula","TET(2023), HISABATI, KITABU CHA MWANAFUNZI, DARASA LA TANO, TET, DAR ES SALAAM","Kwa kuzingatia tairi la baiskeli ABCDA lenye kitovu O, AC ni kipenyo cha duara, wakati OA, OB na OC ni nusukipenyo za duara. Kipenyo huwakilishwa na herufi d na nusukipenyo huwakilishwa na herufi r.",Urefu wa kipenyo ni mara mbili ya urefu wa nusukipenyo: d = 2r.,"Kama nusukipenyo r = sm 14, basi kipenyo d = 2 × 14 = sm 28.",Fundi wa baiskeli hupima nusukipenyo ya tairi ili kujua saizi sahihi ya tyubu itakayofaa.,"Duara lina nusukipenyo wa sm 10.5. Tafuta kipenyo chake.::d = 2r = 2 × 10.5 = sm 21||Duara lina kipenyo wa sm 35. Tafuta nusukipenyo chake.::r = d ÷ 2 = 35 ÷ 2 = sm 17.5||Kwenye tairi la baiskeli ABCDA lenye kitovu O, AC ni nini?::AC ni kipenyo cha duara la tairi la baiskeli.",
2023-JSS001-DRS V,Kumudu Misingi ya awali ya kihisabati (v),Kuonesha uelewa wa awali stadi za maumbo (v),Kutafuta mzingo wa duara,Kanuni ya mzingo wa duara C=πd na C=2πr,4,Kazi ya vitendo ya kupima tairi la baiskeli,Kuwaongoza Wanafunzi,Mwanafunzi anaweza kuandika na kueleza kanuni za kutafuta mzingo wa duara C=πd na C=2πr.,tairi la baiskeli|futikamba|chaki|kamba,"TET(2023), HISABATI, KITABU CHA MWANAFUNZI, DARASA LA TANO, TET, DAR ES SALAAM","Mzingo wa duara ni umbali unaozunguka duara, yaani urefu wa kamba inayozunguka duara kutoka mwanzo hadi mwisho. Kwa kutumia kipenyo au nusukipenyo, mzingo wa duara hupatikana kwa C = πd au C = 2πr.","Hatua za shughuli: (1) pima kipenyo cha tairi kwa futikamba, (2) tumia kanuni Mzingo=πd kukokotoa, (3) weka alama ya chaki kwenye tairi, (4) zungusha kamba mzunguko mmoja kamili, (5) pima urefu wa kamba na ulinganishe na jibu la hesabu.","Kanuni: C = πd au C = 2πr, ambapo C ni mzingo wa duara.",Fundi wa baiskeli hutumia kanuni hii kukadiria urefu wa mnyororo au ukanda unaozunguka gurudumu.,"Andika kanuni mbili za kutafuta mzingo wa duara.::C = πd au C = 2πr||Ukipima kwa kamba mzingo wa tairi ukapata matokeo yanayofanana na uliyopata kwa kanuni C=πd, hii inathibitisha nini?::Inathibitisha kuwa kanuni C=πd ni sahihi na inatoa mzingo halisi wa duara.||Kwa nini kanuni C=2πr na C=πd hutoa jibu sawa?::Kwa sababu kipenyo d ni sawa na mara mbili ya nusukipenyo (d=2r), hivyo 2πr ni sawa na πd.",
2023-JSS001-DRS V,Kumudu Misingi ya awali ya kihisabati (v),Kuonesha uelewa wa awali stadi za maumbo (v),Kutafuta mzingo wa duara,Kutafuta mzingo wa duara ukijua nusukipenyo,4,Mfano wa vitendo na mazoezi ya kikundi,Kuwaongoza Wanafunzi,Mwanafunzi anaweza kutumia kanuni C=2πr kutafuta mzingo wa duara akipewa nusukipenyo.,ubao|kikokotoo|kadi za mazoezi,"TET(2023), HISABATI, KITABU CHA MWANAFUNZI, DARASA LA TANO, TET, DAR ES SALAAM","Tunapopewa nusukipenyo r wa duara, tunatumia kanuni C = 2πr kutafuta mzingo wake.",,Mfano: Tafuta mzingo wa duara lenye nusukipenyo cha sm 14. Tumia π=22/7. C = 2πr = 2 × 22/7 × 14 = sm 88.,Mkulima anayejenga uzio wa duara kuzunguka bwawa la samaki hutumia kanuni hii kukadiria urefu wa waya unaohitajika.,Tafuta mzingo wa duara lenye nusukipenyo cha sm 7. Tumia π=22/7.::C = 2πr = 2 × 22/7 × 7 = sm 44||Tafuta mzingo wa duara lenye nusukipenyo cha sm 21. Tumia π=22/7.::C = 2πr = 2 × 22/7 × 21 = sm 132||Tafuta mzingo wa duara lenye nusukipenyo cha sm 28. Tumia π=22/7.::C = 2πr = 2 × 22/7 × 28 = sm 176,
2023-JSS001-DRS V,Kumudu Misingi ya awali ya kihisabati (v),Kuonesha uelewa wa awali stadi za maumbo (v),Kutafuta mzingo wa duara,Kutafuta mzingo wa nusu duara,4,Maelezo na mazoezi ya kikundi,Kuwaongoza Wanafunzi,Mwanafunzi anaweza kutumia kanuni Mzingo wa nusu duara = πd/2 + d kutafuta mzingo wa umbo la nusu duara.,duara lililokatwa nusu|ubao|kikokotoo,"TET(2023), HISABATI, KITABU CHA MWANAFUNZI, DARASA LA TANO, TET, DAR ES SALAAM","Mzingo wa nusu duara hutafutwa kwa kuchukua nusu ya mzingo wa duara zima na kujumlisha na kipenyo, yaani Mzingo wa nusu duara = πd/2 + d.",,Mfano: Tafuta mzingo wa umbo la nusu duara lenye kipenyo cha sm 7. Tumia π=22/7. Mzingo wa nusu duara = 22/7 × 7/2 + 7 = 11 + 7 = sm 18.,Fundi seremala anayetengeneza dirisha lenye umbo la nusu duara juu hutumia kanuni hii kukadiria urefu wa fremu.,"Tafuta mzingo wa nusu duara lenye kipenyo cha sm 14. Tumia π=22/7.::Mzingo = πd/2 + d = (22/7 × 14)/2 + 14 = 44/2 + 14 = 22 + 14 = sm 36||Tafuta mzingo wa nusu duara lenye kipenyo cha sm 21. Tumia π=22/7.::Mzingo = (22/7 × 21)/2 + 21 = 66/2 + 21 = 33 + 21 = sm 54||Eleza kwa maneno yako kanuni ya mzingo wa nusu duara.::Ni nusu ya mzingo wa duara zima (πd/2) ukijumlisha na urefu wa kipenyo (d), kwa sababu upande wa moja kwa moja wa nusu duara ni mstari wa kipenyo.",
2023-JSS001-DRS V,Kumudu Misingi ya awali ya kihisabati (v),Kuonesha uelewa wa awali stadi za maumbo (v),Kutafuta mzingo wa duara,Kutafuta mzingo wa duara ukijua kipenyo,3,Mazoezi ya kibinafsi na majadiliano,Kuwaongoza Wanafunzi,Mwanafunzi anaweza kutumia kanuni C=πd kutafuta mzingo wa duara akipewa kipenyo.,vitabu vya mazoezi|kikokotoo|ubao,"TET(2023), HISABATI, KITABU CHA MWANAFUNZI, DARASA LA TANO, TET, DAR ES SALAAM","Tunapopewa kipenyo d wa duara moja kwa moja, tunatumia kanuni C = πd kutafuta mzingo wake bila haja ya kuhesabu nusukipenyo kwanza.",,Mfano: Tafuta mzingo wa duara lenye kipenyo cha dm 4.2. Tumia π=22/7. C = πd = 22/7 × 4.2 = dm 13.2.,Mfinyanzi anayetengeneza sufuria za udongo za duara hutumia kipimo cha kipenyo kukokotoa urefu wa ukingo wa sufuria.,Tafuta mzingo wa duara lenye kipenyo cha sm 98. Tumia π=22/7.::C = πd = 22/7 × 98 = sm 308||Tafuta mzingo wa duara lenye kipenyo cha sm 56. Tumia π=22/7.::C = πd = 22/7 × 56 = sm 176||Tafuta mzingo wa duara lenye kipenyo cha dm 9.1. Tumia π=22/7.::C = πd = 22/7 × 9.1 = dm 28.6,
2023-JSS001-DRS V,Kumudu Misingi ya awali ya kihisabati (v),Kuonesha uelewa wa awali stadi za maumbo (v),Kutafuta mzingo wa duara,Kutafuta kipenyo ukijua mzingo,3,Utatuzi wa matatizo na mazoezi ya kikundi,Kuwaongoza Wanafunzi,Mwanafunzi anaweza kubadilisha kanuni C=πd kupata d=C/π na kutumia kutafuta kipenyo akipewa mzingo.,kikokotoo|ubao|kadi za mazoezi,"TET(2023), HISABATI, KITABU CHA MWANAFUNZI, DARASA LA TANO, TET, DAR ES SALAAM","Tunapopewa mzingo wa duara na kutakiwa kutafuta kipenyo, tunabadilisha kanuni C=πd kuwa d = C/π.",,Mfano: Tafuta kipenyo cha duara lenye mzingo wa sm 110. Tumia π=22/7. d = C/π = 110 × 7/22 = sm 35.,Fundi anayetaka kununua kifuniko cha tanki la maji hupima mzingo wa tanki kisha hutumia kanuni hii kujua kipenyo sahihi cha kifuniko.,"Tafuta kipenyo cha duara lenye mzingo wa m 44. Tumia π=22/7.::d = C/π = 44 × 7/22 = m 14||Tafuta kipenyo cha duara lenye mzingo wa m 132. Tumia π=22/7.::d = C/π = 132 × 7/22 = m 42||Tairi la gari lina kipenyo cha sm 63. Ikiwa litazunguka umbali wa meta 63.36, litazunguka mizunguko mingapi? Tumia π=22/7.::Mzingo wa tairi = πd = 22/7 × 63 = sm 198 = m 1.98. Idadi ya mizunguko = 63.36 ÷ 1.98 = mizunguko 32",
2023-JSS001-DRS V,Kumudu Misingi ya awali ya kihisabati (v),Kuonesha uelewa wa awali stadi za maumbo (v),Kutafuta eneo la duara,Kutokana na duara hadi mstatili - kupata kanuni ya eneo la duara,5,Kazi ya vitendo (kukata na kupanga vipande vya duara),Kuwaongoza Wanafunzi,Mwanafunzi anaweza kueleza jinsi duara lililokatwa vipande 16 linavyoweza kupangwa kuunda mstatili na kutambua urefu wake ni πr na upana wake ni r.,karatasi ya manila|bikari|mkasi au wembe|kalamu|rula,"TET(2023), HISABATI, KITABU CHA MWANAFUNZI, DARASA LA TANO, TET, DAR ES SALAAM","Duara linaweza kugawanywa katika vipande 16 vilivyo sawa, kisha vipande hivyo vikipangwa upya vinaunda umbo linalofanana na mstatili. Urefu wa mstatili huo ni nusu ya mzingo wa duara (πr), na upana wake ni nusukipenyo (r) ya duara.","Hatua: (1) chora duara kwa bikari, (2) gawa katika vipande 16 sawa, (3) pima kipenyo na tafuta mzingo, (4) kata vipande na uvipange kuunda mstatili, (5) pima urefu na upana wa mstatili, (6) gawanya mzingo kwa 2 na ulinganishe na urefu, (7) gawanya kipenyo kwa 2 na ulinganishe na upana.",Eneo la duara = Eneo la mstatili = Urefu × Upana = πr × r = πr². Pia kwa kutumia kipenyo: Eneo la duara = πd²/4.,Wasanifu majengo hutumia mbinu hii kueleza uhusiano kati ya maumbo tofauti wanapopanga viwanja vya duara.,"Baada ya kugawanya na kupanga vipande 16 vya duara kuunda mstatili, urefu wa mstatili ni nini kwa uhusiano na mzingo wa duara?::Urefu wa mstatili ni nusu ya mzingo wa duara, yaani πr (kwa sababu 2πr/2 = πr).||Upana wa mstatili ulioundwa kutoka kwa vipande vya duara ni nini?::Upana wa mstatili ni sawa na nusukipenyo (r) ya duara.||Andika kanuni ya eneo la duara iliyotokana na eneo la mstatili.::Eneo la duara = Urefu × Upana = πr × r = πr²",
2023-JSS001-DRS V,Kumudu Misingi ya awali ya kihisabati (v),Kuonesha uelewa wa awali stadi za maumbo (v),Kutafuta eneo la duara,Kutafuta eneo la duara kwa kutumia nusukipenyo (πr²),4,Mfano wa vitendo na mazoezi ya kikundi,Kuwaongoza Wanafunzi,Mwanafunzi anaweza kutumia kanuni Eneo=πr² kutafuta eneo la duara akipewa nusukipenyo.,kikokotoo|ubao|vitu vya duara,"TET(2023), HISABATI, KITABU CHA MWANAFUNZI, DARASA LA TANO, TET, DAR ES SALAAM","Eneo la duara hupatikana kwa kanuni Eneo = πr², ambapo r ni nusukipenyo ya duara.",,Mfano: Tafuta eneo la duara lenye nusukipenyo cha mm 14. Tumia π=22/7. Eneo = πr² = 22/7 × 14 × 14 = mm² 616.,Fundi wa marumaru hutumia kanuni hii kukadiria kiasi cha marumaru kinachohitajika kufunika sakafu ya duara.,"Tafuta eneo la duara lenye nusukipenyo cha mm 80. Tumia π=3.14.::Eneo = πr² = 3.14 × 80 × 80 = mm² 20,096||Tafuta eneo la duara lenye nusukipenyo cha sm 3.5. Tumia π=22/7.::Eneo = πr² = 22/7 × 3.5 × 3.5 = sm² 38.5||Tafuta eneo la duara lenye nusukipenyo cha sm 8. Tumia π=3.14.::Eneo = πr² = 3.14 × 8 × 8 = sm² 200.96",
2023-JSS001-DRS V,Kumudu Misingi ya awali ya kihisabati (v),Kuonesha uelewa wa awali stadi za maumbo (v),Kutafuta eneo la duara,Kutafuta eneo la duara kwa kutumia kipenyo (πd²/4),4,Maelezo na mazoezi ya kikundi,Kuwaongoza Wanafunzi,Mwanafunzi anaweza kutumia kanuni Eneo=πd²/4 kutafuta eneo la duara akipewa kipenyo.,kikokotoo|ubao|kadi za mazoezi,"TET(2023), HISABATI, KITABU CHA MWANAFUNZI, DARASA LA TANO, TET, DAR ES SALAAM","Ikiwa tumepewa kipenyo d badala ya nusukipenyo, tunatumia kanuni Eneo la duara = πd²/4, kwa kuwa r = d/2.",,Mfano: Tafuta eneo la duara lenye kipenyo cha dm 21. Tumia π=22/7. Eneo = πd²/4 = 22/7 × (21×21)/4 = dm² 346.5.,Mjenzi wa bwawa la samaki la duara hutumia kipimo cha kipenyo kukadiria eneo la maji litakalohitajika kujazwa.,"Tafuta eneo la bwawa la samaki lenye umbo la duara lenye kipenyo cha m 98. Tumia π=22/7.::Eneo = πd²/4 = 22/7 × (98×98)/4 = 22/7 × 2401 = m² 7,546||Tafuta eneo la duara lenye kipenyo cha m 8. Tumia π=3.14.::Eneo = πd²/4 = 3.14 × (8×8)/4 = 3.14 × 16 = m² 50.24||Mfuniko wa ndoo una nusukipenyo cha sm 16 (yaani kipenyo sm 32). Tafuta eneo la mfuniko huo. Tumia π=3.14.::Eneo = πd²/4 = 3.14 × (32×32)/4 = sm² 803.84",
2023-JSS001-DRS V,Kumudu Misingi ya awali ya kihisabati (v),Kuonesha uelewa wa awali stadi za maumbo (v),Kutafuta eneo la duara,Kutafuta eneo la duara ukijua mzingo wake,4,Utatuzi wa matatizo hatua kwa hatua,Kuwaongoza Wanafunzi,Mwanafunzi anaweza kutafuta kwanza kipenyo au nusukipenyo kutoka kwa mzingo kisha kutumia kutafuta eneo la duara.,ubao|kikokotoo|kadi za matatizo,"TET(2023), HISABATI, KITABU CHA MWANAFUNZI, DARASA LA TANO, TET, DAR ES SALAAM","Ikiwa mzingo wa duara umetolewa, kwanza tunatafuta kipenyo (d=C/π) au nusukipenyo, kisha tunatumia kanuni ya eneo Eneo=πr² kupata jibu. Njia mbadala ni kutumia moja kwa moja Eneo = C²/(4π).",,"Mfano: Ikiwa mzingo wa duara ni m 88, tafuta eneo lake. Tumia π=22/7. C=πd, 88=22/7×d, d=88×7/22=m 28, hivyo r=m 14. Eneo = πr² = 22/7×14×14 = m² 616.",Mkandarasi anayejua tu urefu wa uzio wa duara kuzunguka uwanja anaweza kukadiria eneo la uwanja huo kwa njia hii kabla ya kununua nyasi bandia.,"Ikiwa mzingo wa duara ni dm 88, tafuta eneo la duara hilo. Tumia π=22/7.::d=C/π=88×7/22=dm 28, r=dm 14. Eneo=πr²=22/7×14×14=dm² 616||Ikiwa mzingo wa duara ni sm 44, tafuta eneo lake. Tumia π=22/7.::d=44×7/22=sm 14, r=sm 7. Eneo=πr²=22/7×7×7=sm² 154||Eleza njia mbadala ya kutafuta eneo la duara moja kwa moja kutoka kwa mzingo wake bila kutafuta kipenyo kwanza.::Tumia kanuni Eneo = C²/(4π), ambapo C ni mzingo wa duara.",
2023-JSS001-DRS V,Kumudu Misingi ya awali ya kihisabati (v),Kuonesha uelewa wa awali stadi za maumbo (v),Kutafuta eneo la duara,Matumizi ya eneo la duara katika maisha halisi,3,Utatuzi wa matatizo ya maisha halisi kwa vikundi,Kuwaongoza Wanafunzi,"Mwanafunzi anaweza kutatua tatizo la maisha halisi linalohusisha eneo la duara, ikiwemo kukokotoa gharama na kulinganisha maeneo.",kikokotoo|kadi za matatizo ya maisha halisi|ubao,"TET(2023), HISABATI, KITABU CHA MWANAFUNZI, DARASA LA TANO, TET, DAR ES SALAAM","Dhana ya eneo la duara hutumika sana katika maisha ya kila siku, kama vile kukokotoa gharama za kuweka sakafu ya marumaru katika nyumba ya mviringo au kulinganisha maeneo ya viwanja vya michezo vya duara.",,"Mfano: Mwanakijiji alijenga nyumba ya mviringo yenye kipenyo cha m 28. Alikubaliana na fundi amuwekee sakafu ya marumaru kwa gharama ya shilingi 5,000 kwa kila meta moja ya eneo. Tumia π=22/7: r=14, Eneo=πr²=22/7×14×14=m² 616. Gharama=616×5,000=shilingi 3,080,000.","Mkulima anayelinganisha viwanja viwili vya duara vyenye nusukipenyo tofauti (kwa mfano m 6 na m 8) anaweza kubaini bila kukokotoa moja kwa moja kuwa kiwanja chenye nusukipenyo kikubwa zaidi kina eneo kubwa zaidi, kwa kuwa eneo huongezeka kwa mraba wa nusukipenyo.","Mwanakijiji alijenga nyumba ya mviringo yenye kipenyo cha m 28 na kukubaliana na fundi kumlipa shilingi 5,000 kwa kila meta moja ya eneo la sakafu ya marumaru. Alimlipa fundi shilingi ngapi? Tumia π=22/7.::r=14, Eneo=πr²=22/7×14×14=m² 616. Gharama=616×5,000=shilingi 3,080,000||Viwanja viwili vya michezo vya duara vina nusukipenyo za m 6 na m 8 mtawalia. Bila kukokotoa maeneo halisi, ni kiwanja kipi kilicho na eneo kubwa zaidi? Kwa nini?::Kiwanja chenye nusukipenyo cha m 8 kina eneo kubwa zaidi, kwa sababu eneo la duara huongezeka kwa mraba wa nusukipenyo (πr²), na 8 ni kubwa kuliko 6.||Linganisha eneo la mraba wenye urefu wa sm 10 na eneo la duara lenye nusukipenyo cha sm 10. Ni eneo gani lililo kubwa zaidi? Tumia π=3.14.::Eneo la mraba=10×10=sm² 100. Eneo la duara=πr²=3.14×10×10=sm² 314. Eneo la duara ni kubwa zaidi kwa sm² 214.",
2023-JSS001-DRS V,Kumudu Misingi ya awali ya kihisabati (v),Kuonesha uelewa wa stadi za awali za namba (v),"Kubaini namba shufwa, witiri na tasa",Kubainisha namba shufwa,3,Mfano wa vitu halisi (vihesabio),Kuwaongoza Wanafunzi,Mwanafunzi anaweza kubainisha na kuorodhesha namba shufwa kati ya namba mbili alizopewa kwa usahihi.,Vihesabio|Chati ya namba|Ubao wa kuandikia|Kadi za namba,"TET(2023), HISABATI, KITABU CHA MWANAFUNZI, DARASA LA TANO, TET, DAR ES SALAAM","Namba shufwa ni namba nzima zinazogawanyika kwa 2 bila kubakiza baki. Namba hizi huishia na tarakimu 0, 2, 4, 6 au 8. Sifuri (0) pia ni namba shufwa.","Kubaini namba shufwa kwa vihesabio: (1) orodhesha namba za kuhesabia, (2) wakilisha kila namba kwa vihesabio, (3) panga vihesabio hivyo mafungu ya viwiliwili, (4) namba zenye mafungu kamili bila kihesabio kilichobaki ni namba shufwa.","Mfano: Namba shufwa zilizopo kati ya 17 na 33 ni 18, 20, 22, 24, 26, 28, 30 na 32. Mfano mwingine: katika mfululizo 574, __, __, __, __, __, 581 namba shufwa zinazokosekana ni 576, 578 na 580.","Namba shufwa hutumika kugawanya vitu sawia kwa watu wawili wawili, mfano kugawa peremende 24 kwa jozi za watoto wawili wawili bila kubaki chochote.","Orodhesha namba shufwa zote zilizopo kati ya 50 na 60.::52, 54, 56 na 58.||Bainisha namba shufwa zilizopo katika 43, 52, 56, 59, 60.::52, 56 na 60.||Kuna namba shufwa ngapi kati ya 45 na 63?::Namba shufwa kati ya 45 na 63 ni 46, 48, 50, 52, 54, 56, 58, 60 na 62, yaani namba 9.||Andika namba shufwa zote zinazogawanyika kwa 4 bila baki zilizopo kati ya 73 na 93.::76, 80, 84, 88 na 92.",
2023-JSS001-DRS V,Kumudu Misingi ya awali ya kihisabati (v),Kuonesha uelewa wa stadi za awali za namba (v),"Kubaini namba shufwa, witiri na tasa",Kubainisha namba witiri,3,Mfano wa vitu halisi (vihesabio),Kuwaongoza Wanafunzi,Mwanafunzi anaweza kubainisha na kuorodhesha namba witiri kati ya namba mbili au katika orodha ya namba alizopewa kwa usahihi.,Vihesabio|Chati ya namba|Ubao wa kuandikia|Kadi za namba,"TET(2023), HISABATI, KITABU CHA MWANAFUNZI, DARASA LA TANO, TET, DAR ES SALAAM",Namba witiri ni namba za kuhesabia ambazo zikigawanywa kwa 2 hubakiza baki 1.,"Kubaini namba witiri kwa vihesabio: panga vihesabio vyenye idadi sawa na thamani ya namba, panga mafungu ya viwiliwili; namba zenye kihesabio kimoja kilichobaki baada ya mafungu ni namba witiri.","Mfano: Kati ya 38, 49, 87, 96, 105, 254 na 281 namba witiri ni 49, 87, 105 na 281. Mfano mwingine: katika mpangilio 1003, 1006, 1009, __, __, ... namba witiri zinazokosekana ni 1015 na 1021.","Namba witiri hutumika kubaini vitu visivyoweza kugawanywa sawia kwa watu wawili, mfano kugawa maembe 15 kwa watu wawili huacha embe moja lisilogawanyika.","Andika namba witiri zote kati ya orodha: 4, 5, 8, 11, 13, 14, 16, 19, 21, 22, 25, 27, 29, 31, 32, 34, 35.::5, 11, 13, 19, 21, 25, 27, 29, 31 na 35.||Andika namba witiri kati ya 8 na 22 kutoka orodha hiyo hiyo.::11, 13, 19 na 21.||Katika namba za kuhesabia kumi za mwanzo (1 hadi 10), kuna namba witiri ngapi?::Namba witiri ni 1, 3, 5, 7 na 9, yaani namba 5.||Andika namba witiri kuanzia 13 hadi 31.::13, 15, 17, 19, 21, 23, 25, 27, 29 na 31.",
2023-JSS001-DRS V,Kumudu Misingi ya awali ya kihisabati (v),Kuonesha uelewa wa stadi za awali za namba (v),"Kubaini namba shufwa, witiri na tasa",Kubainisha namba tasa,3,Njia ya ungo wa Eratosthenes (kuzungushia duara na kuweka alama X),Kuwaongoza Wanafunzi,Mwanafunzi anaweza kubainisha na kuorodhesha namba tasa katika kipeo alichopewa kwa kutumia njia ya ungo.,Chati ya namba 1 hadi 100|Ubao wa kuandikia|Kadi za namba|Kalamu za rangi,"TET(2023), HISABATI, KITABU CHA MWANAFUNZI, DARASA LA TANO, TET, DAR ES SALAAM",Namba tasa ni namba za kuhesabia zinazogawanyika kwa 1 na kwa namba yenyewe tu. Namba 1 siyo namba tasa kwa sababu ina kigawo kimoja tu.,Njia ya ungo: zungushia duara namba 2 kisha weka alama X kwenye zote zinazogawanyika kwa 2; zungushia 3 kisha weka X kwa zinazogawanyika kwa 3 zisizo na alama; endelea na 5 na 7; namba zenye duara na zisizo na X (isipokuwa 1) ni namba tasa.,"Mfano: Namba tasa ndogo kuliko 20 ni 2, 3, 5, 7, 11, 13, 17 na 19. Mfano mwingine: namba tasa zilizopo kati ya 101 na 120 ni 103, 107, 109 na 113.","Namba tasa hutumika katika usimbaji fiche wa taarifa (cryptography) na kubaini vipimo visivyoweza kugawanywa zaidi ya moja na yenyewe, mfano kupanga watu 7 katika foleni moja tu bila kuwagawa makundi mengine sawa.","Andika namba tasa zilizopo katika orodha: 4, 7, 10, 12, 13, 15, 16, 17.::7, 13 na 17.||Orodhesha namba tasa tatu zilizopo kati ya 14 na 25.::17, 19 na 23.||Andika namba tasa ambayo pia ni namba shufwa.::Namba 2 ndiyo namba tasa pekee ambayo pia ni namba shufwa.||Orodhesha namba tasa zote zilizopo kati ya 30 na 80.::31, 37, 41, 43, 47, 53, 59, 61, 67, 71, 73 na 79.",
2023-JSS001-DRS V,Kumudu Misingi ya awali ya kihisabati (v),Kuonesha uelewa wa stadi za awali za namba (v),Kutafuta vigawo na vigawe vya namba zisizozidi tatu,Kutafuta vigawo vya namba,3,Mazoezi ya kugawanya,Kuwaongoza Wanafunzi,Mwanafunzi anaweza kutafuta na kuorodhesha vigawo vyote vya namba iliyotolewa kwa kugawanya bila baki.,Ubao wa kuandikia|Kadi za namba|Kikokotoo|Chati ya vigawo,"TET(2023), HISABATI, KITABU CHA MWANAFUNZI, DARASA LA TANO, TET, DAR ES SALAAM",Kigawo cha namba ni namba inayogawanya namba husika bila kubakiza baki. Wingi wa kigawo ni vigawo.,"Njia mbili za kutafuta vigawo: (1) kugawanya namba husika kwa namba 1, 2, 3... hadi namba yenyewe na kuchagua zisizobakiza baki, (2) kuandika namba kama zao la jozi za namba mbili (mfano 1x45, 3x15, 5x9).","Mfano: Vigawo vyote vya 6 ni 1, 2, 3 na 6 (kwa kuwa 6 div 1=6, 6 div 2=3, 6 div 3=2, wakati 6 div 4 na 6 div 5 zinabaki baki). Mfano mwingine: Vigawo vya 45 ni 1, 3, 5, 9, 15 na 45 kwa kuwa 1x45=45, 3x15=45, 5x9=45.","Vigawo hutumika kugawa vitu katika makundi sawa bila kubakiza chochote, mfano kugawa penseli 36 katika masanduku ya ukubwa tofauti bila kubakiza penseli yoyote.","Andika vigawo vyote vya 20.::1, 2, 4, 5, 10 na 20.||Tafuta vigawo vyote vya 24.::1, 2, 3, 4, 6, 8, 12 na 24.||Orodhesha vigawo vyote vya 36 vinavyogawanyika kwa 2.::2, 4, 6, 12, 18 na 36.||Tafuta vigawo vyote vya 81.::1, 3, 9, 27 na 81.",
2023-JSS001-DRS V,Kumudu Misingi ya awali ya kihisabati (v),Kuonesha uelewa wa stadi za awali za namba (v),Kutafuta vigawo na vigawe vya namba zisizozidi tatu,Kutafuta vigawo tasa vya namba,3,Mchoro wa ngoe (factor tree),Kuwaongoza Wanafunzi,Mwanafunzi anaweza kuandika namba kama zao la vigawo vyake tasa kwa kutumia mchoro wa ngoe.,Ubao wa kuandikia|Chati ya namba tasa|Kadi za namba,"TET(2023), HISABATI, KITABU CHA MWANAFUNZI, DARASA LA TANO, TET, DAR ES SALAAM",Vigawo tasa vya namba ni vigawo vyake ambavyo ni namba tasa. Vinaweza kutafutwa kwa kutumia mchoro wa ngoe unaoonesha jinsi namba inavyovunjwa hadi kufikia vigawo tasa.,"Hatua: gawanya namba kwa kigawo tasa kidogo kabisa kinachowezekana (2, 3, 5, 7...) mfululizo hadi zao lililobaki liwe namba tasa; andika namba asili kama zao la vigawo tasa vyote vilivyopatikana.","Mfano: 36 = 2 x 2 x 3 x 3. Mfano mwingine: vigawo tasa vya 56 ni 2 na 7, kwani 56 = 2 x 2 x 2 x 7.",Vigawo tasa hutumika kupunguza (kurahisisha) mafungu (fractions) na kutafuta KKS na KDS za namba katika masuala ya kila siku kama kupanga ratiba za matukio yanayojirudia.,"Tafuta vigawo tasa vya 12.::12 = 2 x 2 x 3, hivyo vigawo tasa ni 2 na 3.||Tafuta vigawo tasa vya 28.::28 = 2 x 2 x 7, hivyo vigawo tasa ni 2 na 7.||Andika 45 kama zao la vigawo tasa.::45 = 3 x 3 x 5.||Tafuta vigawo tasa vyote vya 100.::100 = 2 x 2 x 5 x 5, hivyo vigawo tasa ni 2 na 5.",
2023-JSS001-DRS V,Kumudu Misingi ya awali ya kihisabati (v),Kuonesha uelewa wa stadi za awali za namba (v),Kutafuta vigawo na vigawe vya namba zisizozidi tatu,Kutafuta vigawe vya namba,3,Mazoezi ya kuzidisha,Kuwaongoza Wanafunzi,Mwanafunzi anaweza kuorodhesha vigawe kadhaa vya kwanza vya namba iliyotolewa kwa kuzidisha.,Ubao wa kuandikia|Kadi za namba|Mstari wa namba,"TET(2023), HISABATI, KITABU CHA MWANAFUNZI, DARASA LA TANO, TET, DAR ES SALAAM","Kigawe cha namba ni zao linalopatikana pale namba ya kuhesabia inapozidishwa na namba nyingine ya kuhesabia. Wingi wa kigawe ni vigawe, na orodha ya vigawe haina mwisho isipokuwa umepewa kikomo.","Njia ya kutafuta vigawe: zidisha namba husika kwa 1, 2, 3, 4, 5... mfululizo. Pia inaweza kuoneshwa kwa mchoro wa mstari wa namba kwa kuruka hatua sawa na namba husika kuanzia sifuri.","Mfano: Vigawe vitano vya kwanza vya 2 ni 2, 4, 6, 8 na 10 (2x1, 2x2, ..., 2x5). Mfano mwingine: Vigawe vya 3 kwa mchoro wa mstari ni 3, 6, 9, ... kuanzia 0 kwa kuruka hatua tatu kila mara.","Vigawe hutumika kupanga ratiba za matukio yanayojirudia kwa vipindi maalumu, mfano basi linaloondoka kila baada ya dakika 15 (vigawe vya 15) au malipo ya ada yanayofanyika kila baada ya miezi 3.","Andika vigawe vyote vya 4 vilivyopo kati ya 2 na 30.::4, 8, 12, 16, 20, 24 na 28.||Andika vigawe kumi vya mwanzo vya 9.::9, 18, 27, 36, 45, 54, 63, 72, 81 na 90.||Andika vigawe vya 7 vyote vilivyopo kati ya 45 na 100.::49, 56, 63, 70, 77, 84, 91 na 98.||Orodhesha vigawe vitano vya mwanzo vya 8.::8, 16, 24, 32 na 40.",
2023-JSS001-DRS V,Kumudu Misingi ya awali ya kihisabati (v),Kuonesha uelewa wa stadi za awali za namba (v),Kutafuta Kigawo Kikubwa cha Shirika (KKS) na Kigawe Kidogo cha Shirika (KDS) cha namba nzima,Kutafuta KKS kwa njia ya kuorodhesha vigawo,2,Njia ya kuorodhesha (listing method),Kuwaongoza Wanafunzi,Mwanafunzi anaweza kuorodhesha vigawo vya namba mbili na kubaini KKS kwa kulinganisha vigawo vya shirika.,Ubao wa kuandikia|Kadi za namba|Chati ya vigawo,"TET(2023), HISABATI, KITABU CHA MWANAFUNZI, DARASA LA TANO, TET, DAR ES SALAAM",Kigawo Kikubwa cha Shirika (KKS) ni namba kubwa kuliko namba nyingine zote ambayo ni kigawo cha namba mbili au zaidi.,"Hatua: (1) orodhesha vigawo vyote vya kila namba, (2) bainisha vigawo vya shirika (vinavyofanana), (3) chagua kigawo kikubwa zaidi miongoni mwa vigawo vya shirika.","Mfano: Vigawo vya 6 ni 1, 2, 3, 6 na vigawo vya 8 ni 1, 2, 4, 8; vigawo vya shirika ni 1, 2, hivyo KKS cha 6 na 8 ni 2. Mfano mwingine: Vigawo vya 30 ni 1, 2, 3, 5, 6, 10, 15, 30 na vigawo vya 42 ni 1, 2, 3, 6, 7, 14, 21, 42; vigawo vya shirika ni 1, 2, 3, 6, hivyo KKS cha 30 na 42 ni 6.","KKS hutumika kugawa vitu vya aina tofauti katika makundi sawa makubwa zaidi yanayowezekana, mfano kugawa maembe 30 na machungwa 42 katika vikapu vyenye idadi sawa kubwa zaidi bila kuchanganya aina.","Kwa njia ya kuorodhesha, tafuta KKS cha 10 na 12.::Vigawo vya 10: 1, 2, 5, 10; Vigawo vya 12: 1, 2, 3, 4, 6, 12; vigawo vya shirika ni 1, 2; KKS ni 2.||Tafuta KKS cha 8 na 16 kwa kuorodhesha.::Vigawo vya 8: 1, 2, 4, 8; Vigawo vya 16: 1, 2, 4, 8, 16; vigawo vya shirika ni 1, 2, 4, 8; KKS ni 8.||Tafuta KKS cha 15 na 27 kwa kuorodhesha.::Vigawo vya 15: 1, 3, 5, 15; Vigawo vya 27: 1, 3, 9, 27; vigawo vya shirika ni 1, 3; KKS ni 3.",
2023-JSS001-DRS V,Kumudu Misingi ya awali ya kihisabati (v),Kuonesha uelewa wa stadi za awali za namba (v),Kutafuta Kigawo Kikubwa cha Shirika (KKS) na Kigawe Kidogo cha Shirika (KDS) cha namba nzima,Kutafuta KKS kwa njia ya vigawo tasa na kugawanya kwa pamoja,3,Njia ya vigawo tasa na njia ya kugawanya kwa pamoja,Kuwaongoza Wanafunzi,Mwanafunzi anaweza kutafuta KKS cha namba mbili kwa kuandika vigawo tasa au kwa kugawanya namba kwa pamoja.,Ubao wa kuandikia|Chati ya vigawo tasa|Jedwali la kugawanya kwa pamoja,"TET(2023), HISABATI, KITABU CHA MWANAFUNZI, DARASA LA TANO, TET, DAR ES SALAAM","KKS inaweza pia kutafutwa kwa kuandika kila namba kama zao la vigawo tasa kisha kuzidisha vigawo tasa vinavyofanana, au kwa njia ya kugawanya namba mbili kwa pamoja kwa vigawo tasa hadi zibaki 1.","Njia ya vigawo tasa: andika kila namba kama zao la vigawo tasa, chagua vigawo tasa vinavyojirudia katika namba zote, kisha vizidishe. Njia ya kugawanya kwa pamoja: gawanya namba zote mbili kwa kigawo tasa kimoja kwa wakati mmoja hadi zibaki 1, kisha zidisha vigawo vilivyotumika.","Mfano: 12 = 2x2x3 na 18 = 2x3x3; vigawo tasa vinavyofanana ni 2 na 3, hivyo KKS = 2x3 = 6. Mfano wa kugawanya kwa pamoja: 24 na 60 zikigawanywa kwa 2, tena kwa 2, tena kwa 3 zinabaki 1 na 5; KKS = 2x2x3 = 12.","Njia hii hutumika kubaini kwa haraka kipimo kikubwa zaidi cha kawaida cha vitu viwili, mfano kukata mbao za urefu 24m na 60m katika vipande sawa virefu zaidi bila mabaki.","Tafuta KKS cha 12 na 42 kwa kutumia vigawo tasa.::12=2x2x3, 42=2x3x7; vigawo vinavyofanana ni 2 na 3; KKS=2x3=6.||Tafuta KKS cha 15 na 20 kwa kutumia vigawo tasa.::15=3x5, 20=2x2x5; kigawo tasa kinachofanana ni 5; KKS=5.||Tafuta KKS cha 24 na 156 kwa njia ya kugawanya kwa pamoja.::24 na 156 zikigawanywa kwa 2, tena kwa 2, tena kwa 3 zinabaki 1 na 13; KKS=2x2x3=12.||Tafuta KKS cha 30 na 90 kwa vigawo tasa.::30=2x3x5, 90=2x3x3x5; vigawo vinavyofanana ni 2, 3 na 5; KKS=2x3x5=30.",
2023-JSS001-DRS V,Kumudu Misingi ya awali ya kihisabati (v),Kuonesha uelewa wa stadi za awali za namba (v),Kutafuta Kigawo Kikubwa cha Shirika (KKS) na Kigawe Kidogo cha Shirika (KDS) cha namba nzima,Kutafuta KDS kwa njia ya kuorodhesha vigawe,2,Njia ya kuorodhesha (listing method),Kuwaongoza Wanafunzi,Mwanafunzi anaweza kuorodhesha vigawe vya namba mbili na kubaini KDS kwa kuchagua kigawe kidogo cha shirika.,Ubao wa kuandikia|Kadi za namba|Mstari wa namba,"TET(2023), HISABATI, KITABU CHA MWANAFUNZI, DARASA LA TANO, TET, DAR ES SALAAM",Kigawe Kidogo cha Shirika (KDS) cha namba mbili au zaidi ni namba ndogo kabisa ambayo ni kizidisho cha namba hizo zote.,"Hatua: (1) orodhesha vigawe kadhaa vya kila namba, (2) bainisha vigawe vya shirika vinavyojitokeza katika orodha zote, (3) chagua kigawe kidogo kabisa miongoni mwa vigawe vya shirika.","Mfano: Vigawe vya 3: 3, 6, 9, 12, 15, 18, 21, 24; Vigawe vya 6: 6, 12, 18, 24; vigawe vya shirika ni 6, 12, 18, 24; KDS ni 6. Mfano mwingine: Vigawe vya 3: 3, 6, 9, 12,...; Vigawe vya 4: 4, 8, 12, 16,...; kigawe cha shirika cha kwanza ni 12; KDS cha 3 na 4 ni 12.","KDS hutumika kubaini muda ambao matukio mawili yanayojirudia kwa vipindi tofauti yatatokea kwa pamoja, mfano basi la kwanza linalorudi kila baada ya dakika 3 na basi la pili kila baada ya dakika 4 zitakutana tena baada ya dakika 12.","Tafuta KDS cha 5 na 7 kwa kuorodhesha.::Vigawe vya 5: 5, 10, 15, 20, 25, 30, 35; Vigawe vya 7: 7, 14, 21, 28, 35; kigawe cha shirika cha kwanza ni 35; KDS ni 35.||Tafuta KDS cha 8 na 12 kwa kuorodhesha.::Vigawe vya 8: 8, 16, 24, 32; Vigawe vya 12: 12, 24, 36; kigawe cha shirika kidogo zaidi ni 24; KDS ni 24.||Orodhesha vigawe vya shirika vya 5, 8 na 20 vilivyopo kati ya 10 na 100.::Vigawe vya shirika vya 5, 8 na 20 vilivyopo kati ya 10 na 100 ni 40 na 80.",
2023-JSS001-DRS V,Kumudu Misingi ya awali ya kihisabati (v),Kuonesha uelewa wa stadi za awali za namba (v),Kutafuta Kigawo Kikubwa cha Shirika (KKS) na Kigawe Kidogo cha Shirika (KDS) cha namba nzima,Kutafuta KDS kwa njia ya vigawo tasa na kugawanya kwa pamoja,2,Njia ya vigawo tasa na njia ya kugawanya kwa pamoja,Kuwaongoza Wanafunzi,Mwanafunzi anaweza kutafuta KDS cha namba mbili kwa kuzidisha vigawo tasa vyote au kwa njia ya kugawanya kwa pamoja.,Ubao wa kuandikia|Jedwali la kugawanya kwa pamoja|Chati ya vigawo tasa,"TET(2023), HISABATI, KITABU CHA MWANAFUNZI, DARASA LA TANO, TET, DAR ES SALAAM","KDS inaweza kutafutwa kwa njia ya kugawanya namba mbili kwa pamoja kwa vigawo tasa hadi zibaki 1, kisha kuzidisha vigawo vyote vilivyotumika, au kwa kuzidisha vigawo tasa vyote vya namba husika.","Njia ya kugawanya kwa pamoja: gawanya namba zote mbili kwa kigawo tasa kimoja kwa wakati mmoja hadi zote zibaki 1, kisha zidisha vigawo vyote vilivyotumika kupata KDS.","Mfano: 12 na 20 zikigawanywa kwa 2, 2, 3, 5 zinabaki 1 na 1; KDS=2x2x3x5=60. Mfano mwingine: 8 na 30 zikigawanywa kwa 2, 2, 2, 3, 5 zinabaki 1 na 1; KDS=2x2x2x3x5=120.","Njia hii hutumika kubaini muda mkubwa zaidi wa kawaida wa matukio mengi yanayojirudia kwa vipindi tofauti, mfano mashine mbili kiwandani zinazohitaji matengenezo kila baada ya siku 8 na siku 30 zitahitaji matengenezo kwa siku moja baada ya siku 120.","Tafuta KDS cha 18 na 30 kwa kutumia zao la vigawo tasa.::18=2x3x3, 30=2x3x5; KDS=2x3x3x5=90.||Tafuta KDS cha 45 na 60 kwa kutumia zao la vigawo tasa.::45=3x3x5, 60=2x2x3x5; KDS=2x2x3x3x5=180.||Tafuta KDS cha 24 na 27 kwa njia ya kugawanya kwa pamoja.::24 na 27 zikigawanywa kwa 3 zinabaki 8 na 9, ambazo hazina kigawo kingine cha pamoja; KDS=3x8x9=216.",
2023-JSS001-DRS V,Kumudu Misingi ya awali ya kihisabati (v),Kuonesha uelewa wa stadi za awali za namba (v),Kujumlisha na kutoa sehemu zenye asili tofauti,"Kutambua aina za sehemu: sehemu rahisi, sehemu guni na namba mchanganyiko",1,Maswali na majadiliano,Kuwaongoza Wanafunzi,"Mwanafunzi anaweza kutofautisha sehemu rahisi, sehemu guni na namba mchanganyiko kwa usahihi kwa kutumia mifano.",Chati za aina za sehemu|Karatasi za rangi zenye umbo la duara|Vipande vya karatasi,"TET(2023), HISABATI, KITABU CHA MWANAFUNZI, DARASA LA TANO, TET, DAR ES SALAAM","Sehemu zimegawanyika katika makundi matatu: (i) Sehemu rahisi - asili ni kubwa kuliko au sawa na kiasi, mfano 1/4, 2/4, 3/4. (ii) Sehemu guni - kiasi ni kikubwa kuliko asili, mfano 6/5, 9/4, 10/7. (iii) Namba mchanganyiko - namba nzima pamoja na sehemu rahisi, mfano 1 1/2, 3 3/4.","Sehemu rahisi: kiasi (nambari ya juu) ni kidogo kuliko au sawa na asili (dhehebu), mfano 10/12, 15/40. Sehemu guni: kiasi ni kikubwa kuliko asili, mfano 11/9, 12/11. Namba mchanganyiko: mchanganyiko wa namba nzima na sehemu rahisi, mfano 5 1/4, 7 2/3.","Mifano kutoka kitabuni: sehemu rahisi 1/4, 2/4, 3/4, 10/12, 15/40; sehemu guni 6/5, 9/4, 10/7, 11/9, 12/11; namba mchanganyiko 1 1/2, 3 3/4, 5 1/4, 7 2/3.","Uelewa wa aina za sehemu husaidia mfanyabiashara sokoni kupima na kutaja kiasi cha bidhaa kwa usahihi, mfano kilo 1/2 ya sukari au kilo 2 3/4 za maharage.",Ni aina gani ya sehemu 3/4?::Sehemu rahisi (kiasi 3 ni kidogo kuliko asili 4)||Ni aina gani ya sehemu 9/4?::Sehemu guni (kiasi 9 ni kikubwa kuliko asili 4)||Ni aina gani ya namba 5 1/4?::Namba mchanganyiko (ina namba nzima 5 na sehemu rahisi 1/4)||Ni aina gani ya sehemu 11/9?::Sehemu guni (kiasi 11 ni kikubwa kuliko asili 9),fraction_bar
2023-JSS001-DRS V,Kumudu Misingi ya awali ya kihisabati (v),Kuonesha uelewa wa stadi za awali za namba (v),Kujumlisha na kutoa sehemu zenye asili tofauti,Kutambua sehemu zenye asili tofauti na kutafuta Kigawe Kidogo cha Shirika (KDS),1,Mfano wa vitu halisi,Kuwaongoza Wanafunzi,Mwanafunzi anaweza kutambua sehemu zenye asili tofauti na kukokotoa KDS ya asili hizo kwa usahihi.,Karatasi za rangi zenye umbo la duara (pizza)|Kadi za sehemu|Mkasi,"TET(2023), HISABATI, KITABU CHA MWANAFUNZI, DARASA LA TANO, TET, DAR ES SALAAM","Sehemu zenye asili tofauti ni zile zenye viwango tofauti vya namba ya chini (asili/dhehebu), mfano 1/2 na 1/3 zina asili tofauti 2 na 3. Ili kuzijumlisha au kuzitoa, ni lazima kwanza zibadilishwe ziwe na asili moja kwa kutafuta Kigawe Kidogo cha Shirika (KDS) cha asili hizo.","Hatua za kufanya kazi (kadi za pizza): (1) Kata karatasi za duara kuwa 1/2, 1/3, 1/4, 1/6 na kadhalika. (2) Jaribu kujumlisha 1/2 na 1/3 moja kwa moja - si rahisi kwa sababu asili hazifanani. (3) Kata vipande zaidi ili pizza zote ziwe sehemu ya sita: 1/2 = 3/6 na 1/3 = 2/6. (4) Sasa 3/6 na 2/6 zina asili moja na zinaweza kujumlishwa au kutolewa kwa urahisi.","Kutoka kitabuni: 1/2 = 3/6 na hivyo 3/6 + 2/6 = 5/6. KDS ya 5 na 9 ni 45. KDS ya 15, 5 na 30 ni 30.","Kutafuta asili moja (KDS) ni muhimu anapopima viungo vya kupikia vyenye vipimo tofauti, mfano kikombe 1/2 na 1/3, ili aweze kujua jumla halisi ya kiasi kinachotumika.","Tafuta KDS ya 2 na 3::KDS ni 6 (mafungu ya 2: 2,4,6...; mafungu ya 3: 3,6,9...; la kwanza la pamoja ni 6)||Andika 1/2 kwa asili 6::1/2 = 3/6 (zidisha juu na chini kwa 3)||Andika 1/3 kwa asili 6::1/3 = 2/6 (zidisha juu na chini kwa 2)||Tafuta KDS ya 4 na 6::KDS ni 12",fraction_bar
2023-JSS001-DRS V,Kumudu Misingi ya awali ya kihisabati (v),Kuonesha uelewa wa stadi za awali za namba (v),Kujumlisha na kutoa sehemu zenye asili tofauti,Kujumlisha sehemu mbili zenye asili tofauti,2,Mfano wa vitu halisi,Kuwaongoza Wanafunzi,Mwanafunzi anaweza kujumlisha sehemu mbili zenye asili tofauti kwa kutafuta KDS na kutoa jibu sahihi lililorahisishwa.,Kadi za sehemu|Chati ya KDS|Vipande vya karatasi vya rangi,"TET(2023), HISABATI, KITABU CHA MWANAFUNZI, DARASA LA TANO, TET, DAR ES SALAAM","Ili kujumlisha sehemu zenye asili tofauti, tafuta kwanza Kigawe Kidogo cha Shirika (KDS) cha asili hizo, andika kila sehemu kama sehemu sawa na KDS kama asili mpya, kisha jumlisha viasi bila kubadili asili, na hatimaye rahisisha jibu ikiwezekana.",,"Mfano wa kwanza: 1/2 + 1/4, badili 1/2 = 2/4, hivyo 1/2 + 1/4 = 2/4 + 1/4 = 3/4. Mfano wa pili: 2/5 + 3/9, KDS ya 5 na 9 ni 45, 2/5 = 18/45 na 3/9 = 15/45, hivyo 18/45 + 15/45 = 33/45 = 11/15.","Wafanyakazi hutumia ujumlishaji wa sehemu zenye asili tofauti kupima muda wa kazi, mfano kama mtu amemaliza 1/2 ya kazi asubuhi na 1/4 mchana, jumla ya kazi aliyofanya ni sehemu gani ya kazi yote.",1/2 + 1/4::3/4 (KDS 4: 2/4 + 1/4 = 3/4)||2/5 + 3/9::11/15 (KDS 45: 18/45 + 15/45 = 33/45 = 11/15)||3/5 + 1/6::23/30 (KDS 30: 18/30 + 5/30 = 23/30)||3/4 + 1/5::19/20 (KDS 20: 15/20 + 4/20 = 19/20),fraction_bar
2023-JSS001-DRS V,Kumudu Misingi ya awali ya kihisabati (v),Kuonesha uelewa wa stadi za awali za namba (v),Kujumlisha na kutoa sehemu zenye asili tofauti,Kujumlisha sehemu zaidi ya mbili zenye asili tofauti,1,Mazoezi ya kikundi,Kuwaongoza Wanafunzi,Mwanafunzi anaweza kujumlisha sehemu tatu au zaidi zenye asili tofauti kwa kutafuta KDS ya asili zote na kutoa jibu sahihi.,Kadi za sehemu|Chati ya KDS|Ubao wa kuandikia hatua,"TET(2023), HISABATI, KITABU CHA MWANAFUNZI, DARASA LA TANO, TET, DAR ES SALAAM","Kanuni ile ile ya kutafuta KDS hutumika hata pale sehemu zinapokuwa zaidi ya mbili: tafuta KDS ya asili zote, badili kila sehemu kwa asili hiyo, kisha jumlisha viasi vyote.",,"Mfano wa tatu kitabuni: 4/15 + 3/5 + 1/30. KDS ya 15, 5 na 30 ni 30. Hivyo 4/15 = 8/30 na 3/5 = 18/30. Jumla: 8/30 + 18/30 + 1/30 = 27/30 = 9/10.",Ujumlishaji wa sehemu zaidi ya mbili hutumika kupima gharama za manunuzi yaliyofanyika kwa awamu tofauti za bei zenye uwiano tofauti wa fedha zilizosalia.,4/15 + 3/5 + 1/30::9/10 (KDS 30: 8/30 + 18/30 + 1/30 = 27/30 = 9/10)||1/2 + 1/4 + 1/5::19/20 (KDS 20: 10/20 + 5/20 + 4/20 = 19/20)||1/2 + 1/3 + 1/8::23/24 (KDS 24: 12/24 + 8/24 + 3/24 = 23/24),
2023-JSS001-DRS V,Kumudu Misingi ya awali ya kihisabati (v),Kuonesha uelewa wa stadi za awali za namba (v),Kujumlisha na kutoa sehemu zenye asili tofauti,Kutoa sehemu zenye asili tofauti,2,Mfano wa vitu halisi,Kuwaongoza Wanafunzi,Mwanafunzi anaweza kutoa sehemu zenye asili tofauti kwa kutafuta KDS na kutoa jibu sahihi lililorahisishwa.,Karatasi za rangi zenye umbo la duara (pizza)|Kadi za sehemu|Chati ya KDS,"TET(2023), HISABATI, KITABU CHA MWANAFUNZI, DARASA LA TANO, TET, DAR ES SALAAM","Kutoa sehemu zenye asili tofauti hufuata utaratibu ule ule wa kujumlisha: badili sehemu ziwe na asili moja (KDS) kabla ya kutoa. Kama katika kazi ya kufanya ya pili, 1/2 - 1/3 hubadilishwa kuwa 3/6 - 2/6 = 1/6.",,"Mfano wa kwanza: 3/4 - 1/2, badili 1/2 = 2/4, hivyo 3/4 - 2/4 = 1/4. Mfano wa pili: 3/5 - 1/4, KDS ya 5 na 4 ni 20, (4x3 - 5x1)/20 = (12-5)/20 = 7/20. Mfano wa tatu: 5/6 - 4/7, KDS ni 42, (7x5 - 6x4)/42 = (35-24)/42 = 11/42.","Kutoa sehemu zenye asili tofauti hutumika dukani kujua kiasi kilichobaki cha bidhaa baada ya sehemu fulani kuuzwa, mfano kilo 3/4 za sukari zilizobaki baada ya kuuza kilo 1/2.",3/4 - 1/2::1/4 (badili 1/2 = 2/4: 3/4 - 2/4 = 1/4)||3/5 - 1/4::7/20 (KDS 20: 12/20 - 5/20 = 7/20)||5/6 - 4/7::11/42 (KDS 42: 35/42 - 24/42 = 11/42)||8/9 - 2/6::5/9 (2/6 = 3/9: 8/9 - 3/9 = 5/9),fraction_bar
2023-JSS001-DRS V,Kumudu Misingi ya awali ya kihisabati (v),Kuonesha uelewa wa stadi za awali za namba (v),Kujumlisha na kutoa sehemu zenye asili tofauti,Kutatua matatizo ya maisha ya kila siku yanayohusisha kujumlisha na kutoa sehemu zenye asili tofauti,1,Majadiliano ya vikundi,Kuwaongoza Wanafunzi,Mwanafunzi anaweza kutumia ujumlishaji na utoaji wa sehemu zenye asili tofauti kutatua matatizo ya maisha ya kila siku kwa usahihi.,"Kadi za maswali ya maneno|Vitu halisi (chombo cha maji, mfuko wa unga)","TET(2023), HISABATI, KITABU CHA MWANAFUNZI, DARASA LA TANO, TET, DAR ES SALAAM","Dhana ya sehemu zenye asili tofauti hutumika sana kutatua matatizo ya kila siku yanayohusu kupima uzito, ujazo na kiasi, kama ilivyoonyeshwa kwenye maswali ya maneno ya sura hii.",,Mfano: Ashura alitumia kilo 1/2 za unga asubuhi na kilo 1/4 mchana; jumla ni 1/2 + 1/4 = 3/4 kilo. Jagi lenye lita 3/2 za maji likamwagika lita 1/6; zilizobaki ni 3/2 - 1/6 = 9/6 - 1/6 = 8/6 = 1 1/3 lita.,"Ujuzi huu humwezesha mtu kupima kwa usahihi viungo vya chakula, maji ya kunywa au vitu vinginevyo vinavyopimwa kwa sehemu wakati wa shughuli za nyumbani.","Ashura alitumia kilo 1/2 ya unga asubuhi na kilo 1/4 mchana. Jumla alitumia kilo ngapi?::3/4 kilo (1/2 + 1/4 = 2/4 + 1/4 = 3/4)||Jagi lilikuwa na lita 3/2 za maji, Musa akamwaga lita 1/6. Zilizobaki ni lita ngapi?::1 1/3 lita (3/2 - 1/6 = 9/6 - 1/6 = 8/6 = 1 1/3)||Mussa aliweka lita 1/2 za maziwa kwenye chombo kisha akatoa lita 2/5. Zilizobaki ni lita ngapi?::1/10 lita (1/2 - 2/5 = 5/10 - 4/10 = 1/10)",
2023-JSS001-DRS V,Kumudu Misingi ya awali ya kihisabati (v),Kuonesha uelewa wa stadi za awali za namba (v),Kujumlisha na kutoa sehemu mchanganyiko,Kubadili namba mchanganyiko kuwa sehemu yenye kiasi kikubwa kuliko asili (sehemu guni),1,Maswali na majadiliano,Kuwaongoza Wanafunzi,Mwanafunzi anaweza kubadili namba mchanganyiko yoyote kuwa sehemu guni kwa usahihi.,Kadi za namba mchanganyiko|Chati ya mfano wa kubadilisha,"TET(2023), HISABATI, KITABU CHA MWANAFUNZI, DARASA LA TANO, TET, DAR ES SALAAM","Namba mchanganyiko hujumlishwa au kutolewa kwa kubadili kwanza namba mchanganyiko kuwa sehemu iliyo na kiasi kikubwa kuliko asili (sehemu guni), kisha kubadili sehemu zenye asili tofauti kuwa zenye asili sawa kabla ya kufanya hesabu.",Njia: zidisha namba nzima kwa asili ya sehemu kisha ongeza kiasi (nambari ya juu); jibu hilo ndilo kiasi kipya juu ya asili ile ile.,"Mifano kitabuni: 2 1/4 = 9/4 (2x4=8, +1=9). 1 3/5 = 8/5 (1x5=5, +3=8). 5 1/4 = 21/4 (5x4=20, +1=21). 3 2/5 = 17/5 (3x5=15, +2=17).","Ubadilishaji huu hutumika anapohitaji kulinganisha au kukokotoa kwa usahihi urefu wa vitu unaopimwa kwa namba mchanganyiko, mfano mita 2 1/4 za kitambaa.","Badili 2 1/4 kuwa sehemu guni::9/4 (2x4=8, +1=9, hivyo 9/4)||Badili 1 3/5 kuwa sehemu guni::8/5 (1x5=5, +3=8, hivyo 8/5)||Badili 5 1/4 kuwa sehemu guni::21/4 (5x4=20, +1=21, hivyo 21/4)||Badili 3 2/5 kuwa sehemu guni::17/5 (3x5=15, +2=17, hivyo 17/5)",fraction_bar
2023-JSS001-DRS V,Kumudu Misingi ya awali ya kihisabati (v),Kuonesha uelewa wa stadi za awali za namba (v),Kujumlisha na kutoa sehemu mchanganyiko,Kujumlisha namba mchanganyiko kwa kubadili kuwa sehemu guni,2,Mfano wa vitu halisi,Kuwaongoza Wanafunzi,"Mwanafunzi anaweza kujumlisha namba mchanganyiko mbili kwa kubadili kuwa sehemu guni, kutafuta KDS na kurudisha jibu kuwa namba mchanganyiko kwa usahihi.",Kadi za namba mchanganyiko|Chati ya KDS|Ubao wa hatua,"TET(2023), HISABATI, KITABU CHA MWANAFUNZI, DARASA LA TANO, TET, DAR ES SALAAM","Ili kujumlisha namba mchanganyiko, badili kila moja kuwa sehemu guni, badili sehemu hizo ziwe na asili sawa kwa kutafuta KDS, jumlisha, kisha rudisha jibu kuwa namba mchanganyiko.",,"Mfano wa kwanza: 2 1/4 + 1 3/5 = 9/4 + 8/5. KDS ya 4 na 5 ni 20: 9/4 = 45/20, 8/5 = 32/20. Jumla: 45/20 + 32/20 = 77/20 = 3 17/20. Mfano wa pili: 1 1/2 + 2 1/4 = 3/2 + 9/4. KDS ni 4: 3/2 = 6/4. Jumla: 6/4 + 9/4 = 15/4 = 3 3/4.","Njia hii hutumika dukani kujumlisha uzito wa mizigo miwili iliyopimwa kwa namba mchanganyiko, mfano kilo 2 1/4 na kilo 1 3/5 za mchele.","2 1/4 + 1 3/5::3 17/20 (9/4=45/20, 8/5=32/20; 45/20+32/20=77/20=3 17/20)||1 1/2 + 2 1/4::3 3/4 (3/2=6/4; 6/4+9/4=15/4=3 3/4)||4 2/5 + 3 1/5::7 3/5 (22/5+16/5=38/5=7 3/5)||2 3/4 + 1 1/2::4 1/4 (11/4+6/4=17/4=4 1/4)",
2023-JSS001-DRS V,Kumudu Misingi ya awali ya kihisabati (v),Kuonesha uelewa wa stadi za awali za namba (v),Kujumlisha na kutoa sehemu mchanganyiko,Kujumlisha namba mchanganyiko kwa njia mbadala (namba nzima na sehemu kando kando),1,Majadiliano ya vikundi,Kuwaongoza Wanafunzi,Mwanafunzi anaweza kujumlisha namba mchanganyiko kwa njia mbadala ya kujumlisha namba nzima kando na sehemu kando kwa usahihi.,Kadi za namba mchanganyiko|Ubao wa hatua,"TET(2023), HISABATI, KITABU CHA MWANAFUNZI, DARASA LA TANO, TET, DAR ES SALAAM","Njia mbadala ya kujumlisha namba mchanganyiko: jumlisha namba nzima peke yake, kisha jumlisha sehemu peke yake (baada ya kutafuta KDS ikibidi), kisha unganisha majibu mawili kuwa namba mchanganyiko moja.","Hatua: (1) Jumlisha namba nzima. (2) Jumlisha sehemu. (3) Chukua jibu la namba nzima, liunganishe na jibu la sehemu.","Mfano wa tatu kitabuni: 5 1/4 + 2 3/4: nzima 5+2=7, sehemu 1/4+3/4=4/4=1, hivyo 7+1=8. Mfano mwingine: 2 1/4 + 1 3/5 kwa njia mbadala: nzima 2+1=3, sehemu 1/4+3/5=(5+12)/20=17/20, jibu 3 17/20.",Njia hii huwa rahisi zaidi kwa mfanyabiashara anayehesabu haraka jumla ya mizani miwili ya bidhaa bila kutumia sehemu guni ndefu.,5 1/4 + 2 3/4::8 (nzima 5+2=7; sehemu 1/4+3/4=4/4=1; 7+1=8)||1 3/5 + 2 2/5::4 (nzima 1+2=3; sehemu 3/5+2/5=5/5=1; 3+1=4)||3 2/9 + 4 5/9::7 7/9 (nzima 3+4=7; sehemu 2/9+5/9=7/9; jibu 7 7/9)||1 3/8 + 2 5/8::4 (nzima 1+2=3; sehemu 3/8+5/8=8/8=1; 3+1=4),
2023-JSS001-DRS V,Kumudu Misingi ya awali ya kihisabati (v),Kuonesha uelewa wa stadi za awali za namba (v),Kujumlisha na kutoa sehemu mchanganyiko,Kutoa namba mchanganyiko bila kukopa,2,Mfano wa vitu halisi,Kuwaongoza Wanafunzi,"Mwanafunzi anaweza kutoa namba mchanganyiko mbili ambapo sehemu ya kwanza ni kubwa kuliko ya pili, bila kuhitaji kukopa, kwa usahihi.",Kadi za namba mchanganyiko|Chati ya KDS,"TET(2023), HISABATI, KITABU CHA MWANAFUNZI, DARASA LA TANO, TET, DAR ES SALAAM","Namba mchanganyiko hutolewa kwa utaratibu ule ule wa kujumlisha: badili kuwa sehemu guni (au tumia njia mbadala ya nzima na sehemu kando), kisha toa. Pale sehemu ya kwanza inapokuwa kubwa kuliko ya pili, hakuna haja ya kukopa.",,"Mfano wa kwanza kitabuni: 3 2/5 - 1 1/5 = 17/5 - 6/5 = 11/5 = 2 1/5. Njia mbadala: nzima 3-1=2, sehemu 2/5-1/5=1/5, jibu 2 1/5.","Hutumika kujua salio la mzigo baada ya kiasi fulani kuuzwa au kutumika, mfano kilo 3 2/5 za sukari zilizopunguzwa kwa kilo 1 1/5.",3 2/5 - 1 1/5::2 1/5 (17/5-6/5=11/5=2 1/5)||4 2/5 - 3 1/5::1 1/5 (22/5-16/5=6/5=1 1/5)||2 3/4 - 1 1/2::1 1/4 (11/4-6/4=5/4=1 1/4)||5 3/4 - 2 1/4::3 1/2 (23/4-9/4=14/4=3 1/2),
2023-JSS001-DRS V,Kumudu Misingi ya awali ya kihisabati (v),Kuonesha uelewa wa stadi za awali za namba (v),Kujumlisha na kutoa sehemu mchanganyiko,Kutoa namba mchanganyiko kwa kukopa kutoka namba nzima,2,Majadiliano ya vikundi,Kuwaongoza Wanafunzi,Mwanafunzi anaweza kutoa namba mchanganyiko ambapo sehemu ya kwanza ni ndogo kuliko ya pili kwa kukopa moja kutoka namba nzima kwa usahihi.,Kadi za namba mchanganyiko|Chati ya hatua za kukopa,"TET(2023), HISABATI, KITABU CHA MWANAFUNZI, DARASA LA TANO, TET, DAR ES SALAAM","Pale sehemu ya kwanza inapokuwa ndogo kuliko sehemu ya kutoa, ni lazima kukopa 1 kutoka namba nzima ya kwanza na kuibadili kuwa sehemu (mfano 1 = 6/6), kisha kuijumlisha na sehemu iliyopo kabla ya kutoa.","Hatua (njia mbadala): (1) Toa namba nzima. (2) Kama sehemu ya kutolea ni ndogo kuliko sehemu ya kutoa, chukua moja kutoka jibu la namba nzima. (3) Badili hiyo moja kuwa sehemu yenye asili ile ile, ijumlishe na sehemu iliyopo. (4) Toa sehemu mpya.","Mfano wa pili kitabuni: 6 1/6 - 2 1/2. Sehemu guni: 37/6 - 5/2, KDS ni 6: 5/2 = 15/6, hivyo 37/6 - 15/6 = 22/6 = 3 2/3. Njia mbadala: nzima 6-2=4, kwa kuwa 1/6 < 1/2, chukua 1 kutoka 4 kubaki 3, badili 1 kuwa 6/6, 1/6+6/6=7/6, kisha 7/6 - 3/6(sawa na 1/2) = 4/6 = 2/3, jibu 3 2/3.","Njia ya kukopa hutumika kujua muda uliobaki wa safari au shughuli, mfano saa 6 1/6 zilizopangwa ukipunguza saa 2 1/2 zilizotumika.",6 1/6 - 2 1/2::3 2/3 (37/6-15/6=22/6=3 2/3)||5 1/4 - 2 1/2::2 3/4 (21/4-10/4=11/4=2 3/4)||4 1/5 - 1 1/2::2 7/10 (42/10-15/10=27/10=2 7/10)||7 1/3 - 3 3/4::3 7/12 (88/12-45/12=43/12=3 7/12),fraction_bar
2023-JSS001-DRS V,Kumudu Misingi ya awali ya kihisabati (v),Kuonesha uelewa wa stadi za awali za namba (v),Kujumlisha na kutoa sehemu mchanganyiko,Kutatua matatizo ya maisha ya kila siku yanayohusisha namba mchanganyiko,1,Majadiliano ya vikundi,Kuwaongoza Wanafunzi,Mwanafunzi anaweza kutumia ujumlishaji na utoaji wa namba mchanganyiko kutatua matatizo ya maisha ya kila siku kwa usahihi.,"Kadi za maswali ya maneno|Vitu halisi (kitambaa, mfuko wa unga, chombo cha maji)","TET(2023), HISABATI, KITABU CHA MWANAFUNZI, DARASA LA TANO, TET, DAR ES SALAAM","Namba mchanganyiko hutumika sana katika maisha ya kila siku kupima urefu, uzito na ujazo, hivyo ujumlishaji na utoaji wake ni muhimu katika kutatua matatizo halisi ya kila siku.",,Mfano: kitambaa cha mita 2 1/4 kikijumlishwa na kingine cha mita 1 3/5 hutoa mita 3 17/20. Mfuko wa unga kilo 5 1/4 ukijumlishwa na mwingine kilo 2 3/4 hutoa kilo 8. Chombo chenye lita 6 1/6 za maji zikipunguzwa lita 2 1/2 hubaki lita 3 2/3.,Ujuzi huu humsaidia mfanyabiashara au mzazi kukokotoa kwa usahihi jumla au salio la vitu vinavyopimwa kwa namba mchanganyiko wakati wa ununuzi au matumizi ya nyumbani.,"Duka lina kitambaa chenye urefu wa mita 2 1/4, na kingine mita 1 3/5. Jumla ya urefu wa vitambaa hivyo ni mita ngapi?::mita 3 17/20 (9/4+8/5=45/20+32/20=77/20=3 17/20)||Mfuko wa kwanza una unga kilo 5 1/4, mfuko wa pili una kilo 2 3/4. Jumla ya unga ni kilo ngapi?::kilo 8 (21/4+11/4=32/4=8)||Chombo kilikuwa na maji lita 6 1/6, kisha lita 2 1/2 zikatumika. Zilizobaki ni lita ngapi?::lita 3 2/3 (37/6-15/6=22/6=3 2/3)",
2023-JSS001-DRS V,Kumudu Misingi ya awali ya kihisabati (v),Kuonesha uelewa wa stadi za awali za namba (v),Kuzidisha desimali,Kuzidisha desimali zenye nafasi mbili kwa desimali zenye nafasi moja,3,Maelezo na mifano ubaoni,Kuwaongoza Wanafunzi,Mwanafunzi anaweza kuzidisha namba mbili za desimali kama namba nzima kisha kutenga idadi sahihi ya nafasi za desimali katika jawabu.,Ubao|Chaki|Kadi za namba|Kitabu cha mwanafunzi,"TET(2023), HISABATI, KITABU CHA MWANAFUNZI, DARASA LA TANO, TET, DAR ES SALAAM","Unapotaka kuzidisha desimali, zidisha namba hizo kama namba za kawaida bila kuzingatia nafasi za desimali, kisha tenga nafasi za desimali katika jawabu kwa kuhesabu tarakimu kuanzia kulia kwenda kushoto. Nafasi ya desimali katika jawabu inakuwa sawa na jumla ya nafasi za desimali katika namba zilizozidishwa.","Zingatia: sifuri zinazotokea mwishoni mwa namba ya desimali hazibadilishi thamani ya namba, mfano 3.400 ni sawa na 3.4. Hivyo baada ya kutenga nafasi za desimali, sifuri za mwishoni zinaweza kuondolewa bila kubadili thamani ya jawabu.","Mfano wa kwanza: 4.52 x 1.3 -> zidisha 452 x 13 = 5876, namba 4.52 ina nafasi mbili na 1.3 ina nafasi moja, jumla nafasi tatu, hivyo 4.52 x 1.3 = 5.876. Mfano wa pili: 100.55 x 0.2 -> zidisha 10055 x 2 = 20110, tenga nafasi tatu za desimali kupata 20.110, ambayo ni sawa na 20.11. Hivyo 100.55 x 0.2 = 20.11.",Kuzidisha desimali hutumika dukani kukokotoa gharama ya kitambaa kinachouzwa kwa bei ya shilingi zenye desimali kwa kila mita.,0.11 x 1.1 = ?::0.121||0.05 x 3.5 = ?::0.175||10.25 x 4.1 = ?::42.025||Mstatili una urefu wa sm 12.5 na upana wa sm 4.6. Tafuta eneo lake.::57.5 sm mraba (12.5 x 4.6 = 57.5),place_value_chart
2023-JSS001-DRS V,Kumudu Misingi ya awali ya kihisabati (v),Kuonesha uelewa wa stadi za awali za namba (v),Kuzidisha desimali,Kuzidisha desimali kwa namba nzima,3,Majadiliano ya darasa na mazoezi ya kikundi,Kuwaongoza Wanafunzi,Mwanafunzi anaweza kuzidisha namba ya desimali na namba nzima kwa kufuata hatua za kuzidisha na kutenga nafasi za desimali kwa usahihi.,Ubao|Chaki|Kalkuleta|Kadi za matatizo ya maneno,"TET(2023), HISABATI, KITABU CHA MWANAFUNZI, DARASA LA TANO, TET, DAR ES SALAAM","Kuzidisha desimali kwa namba nzima hufanyika kwa kuzidisha namba hizo kama namba nzima bila kuzingatia desimali, kisha kutenga nafasi za desimali katika jawabu kulingana na nafasi za desimali zilizokuwepo kwenye namba ya desimali.",,"Mfano wa kwanza: Bakari anauza lita 155.25 za maji kwa siku, kwa siku 20 atauza 155.25 x 20 = 3,105 lita. Mfano wa pili: 327.425 x 7 -> zidisha 327425 x 7 = 2292045, tenga nafasi tatu za desimali kupata 2292.045. Mfano wa tatu: umri wa mtoto ni 0.25 ya umri wa baba mwenye miaka 40, 0.25 x 40 = 10, hivyo mtoto ana miaka 10.","Wafanyabiashara wa maji, maziwa na bidhaa nyingine hutumia kuzidisha desimali na namba nzima kukokotoa jumla ya bidhaa wanazouza kwa siku kadhaa.","50.101 x 5 = ?::250.505||560.222 x 16 = ?::8963.552||Ndege husafiri kilomita 732.73 kwa saa moja. Itasafiri kilomita ngapi kwa muda wa saa saba?::5129.11 km (732.73 x 7 = 5129.11)||Ng'ombe mmoja wa Benard hutoa lita 18.5 za maziwa kwa siku. Ikiwa Benard ana ng'ombe 22 wa aina hiyo, atapata lita ngapi za maziwa kwa siku moja?::407 lita (18.5 x 22 = 407)",
2023-JSS001-DRS V,Kumudu Misingi ya awali ya kihisabati (v),Kuonesha uelewa wa stadi za awali za namba (v),Kuzidisha desimali,Kutumia kuzidisha desimali katika matatizo ya maisha halisi,2,Mfano wa vitu halisi na kazi ya vitendo,Kuwaongoza Wanafunzi,Mwanafunzi anaweza kutumia kuzidisha desimali kutatua matatizo ya maisha halisi kama vile eneo la mstatili na mgawanyo wa fedha.,Kipimo cha urefu (tepi)|Kitambaa cha shati|Ubao|Chaki,"TET(2023), HISABATI, KITABU CHA MWANAFUNZI, DARASA LA TANO, TET, DAR ES SALAAM","Kuzidisha desimali hutumika sana kutatua matatizo ya kila siku, kama vile kupima vitambaa kwa ajili ya kushonea nguo (kama katika kazi ya kupima shati), kukokotoa eneo la eneo lenye vipimo vya desimali, au kugawanya kiasi cha fedha kwa uwiano wa desimali.","Katika kazi ya kupima shati, mwanafunzi hupima kifua, mabega, mkono, urefu wa shati, shingo, kiuno na pindo la mkono kisha huzidisha na kujumlisha vipimo hivyo kupata kiasi cha kitambaa kinachohitajika.","Behewa moja la treni ya mwendokasi hubeba tani 16.8; ikiwa treni ina mabehewa 13, jumla ya uzani ni 16.8 x 13 = 218.4 tani. Bustani ya mstatili yenye urefu m 8.2 na upana m 3.5 ina eneo la 8.2 x 3.5 = 28.7 m mraba. Subira na Bahati walinunua baiskeli kwa shilingi 85,000; Subira alichangia 0.75 ya pesa hiyo sawa na shilingi 63,750, hivyo Bahati alichangia shilingi 21,250.",Fundi cherehani hutumia vipimo vya desimali vya mwili kuzidisha na kujumlisha ili kupata kiasi sahihi cha kitambaa cha kushonea shati.,"Behewa moja la treni hubeba tani 16.8. Treni ina mabehewa 13 ya aina hiyo. Litabeba uzani gani wa tani?::218.4 tani (16.8 x 13 = 218.4)||Bustani ya mstatili ina urefu wa m 8.2 na upana wa m 3.5. Tafuta eneo lake.::28.7 m mraba (8.2 x 3.5 = 28.7)||Subira na Bahati walinunua baiskeli kwa shilingi 85,000. Subira alichangia 0.75 ya pesa hiyo. Bahati alichangia shilingi ngapi?::Shilingi 21,250 (0.75 x 85,000 = 63,750; 85,000 - 63,750 = 21,250)",rectangle_diagram
2023-JSS001-DRS V,Kumudu Misingi ya awali ya kihisabati (v),Kuonesha uelewa wa stadi za awali za namba (v),Kugawanya namba kupata jawabu lenye nafasi za desimali zisizozidi tatu,Kugawanya desimali kwa namba nzima,3,Maelezo na mazoezi ya ubaoni,Kuwaongoza Wanafunzi,Mwanafunzi anaweza kugawanya namba ya desimali kwa namba nzima kwa kubadili kuwa sehemu na kuondoa desimali kabla ya kugawanya.,Ubao|Chaki|Kadi za sehemu|Kitabu cha mwanafunzi,"TET(2023), HISABATI, KITABU CHA MWANAFUNZI, DARASA LA TANO, TET, DAR ES SALAAM","Ili kugawanya desimali kwa namba nzima, panga namba hizo kuwa sehemu kisha zidisha kiasi na asili kwa kigawe cha 10, 100 au 1000 kinachofanana ili kuondoa desimali, kisha gawanya kama namba nzima.","Njia mbadala: gawanya desimali kama namba nzima bila kuzingatia desimali, kisha tenga nafasi ya desimali kwenye jibu kwa kuhesabu idadi ya tarakimu baada ya desimali katika namba ya asili.","Mfano wa kwanza: 0.35 / 7 = 0.35/7 = (0.35x100)/(7x100) = 35/700 = 0.05. Mfano wa pili: kamba yenye urefu wa meta 43.94 ikikatwa vipande 52 vinavyolingana, 43.94 / 52 = 4394/5200 = 0.845 kwa kila kipande. Mfano wa tatu: 96.75 / 9 = 9675/900 = 10.75. Mfano wa nne: 45.5 / 5 = 455/50 = 9.1.","Wakulima na wafanyabiashara hugawanya kiasi cha bidhaa au pesa zenye desimali kwa idadi ya watu kwa usawa, kama vile kugawanya urefu wa kamba au fedha kwa marafiki.",0.35 / 7 = ?::0.05||Jumla ya alama za wanafunzi 25 katika mtihani wa Hisabati ni 1412.5. Tafuta wastani wa alama hizo.::56.5 (1412.5 / 25 = 56.5)||Asha ana shilingi 25.5 anazopaswa kugawanya kwa usawa kwa marafiki 5. Kila rafiki atapata shilingi ngapi?::Shilingi 5.1 (25.5 / 5 = 5.1)||6.30 / 9 = ?::0.7,
2023-JSS001-DRS V,Kumudu Misingi ya awali ya kihisabati (v),Kuonesha uelewa wa stadi za awali za namba (v),Kugawanya namba kupata jawabu lenye nafasi za desimali zisizozidi tatu,Kugawanya namba nzima kwa desimali,3,Majadiliano ya vikundi,Kuwaongoza Wanafunzi,Mwanafunzi anaweza kugawanya namba nzima kwa desimali kwa kuondoa desimali ya kigawanyo kabla ya kugawanya.,Ubao|Chaki|Kalkuleta|Kadi za matatizo,"TET(2023), HISABATI, KITABU CHA MWANAFUNZI, DARASA LA TANO, TET, DAR ES SALAAM","Ili kugawanya namba nzima kwa desimali, panga namba hizo kuwa sehemu kisha zidisha kiasi na asili kwa 10, 100 au 1000 kulingana na nafasi za desimali za kigawanyo ili kukibadilisha kuwa namba nzima, kisha gawanya kama kawaida.",,Mfano wa kwanza: 24 / 0.2 = 24/0.2 = (24x10)/(0.2x10) = 240/2 = 120. Mfano wa pili: 65 / 0.05 = 65/0.05 = (65x100)/(0.05x100) = 6500/5 = 1300.,Mchuuzi anayegawa kiasi kikubwa cha bidhaa (kwa mfano lita au kilogramu) katika vifurushi vidogo vyenye ujazo wa desimali hutumia mgawanyo huu kujua idadi ya vifurushi atakavyopata.,24 / 0.2 = ?::120||65 / 0.05 = ?::1300||364 / 0.2 = ?::1820||456 / 0.6 = ?::760,
2023-JSS001-DRS V,Kumudu Misingi ya awali ya kihisabati (v),Kuonesha uelewa wa stadi za awali za namba (v),Kugawanya namba kupata jawabu lenye nafasi za desimali zisizozidi tatu,Kugawanya desimali kwa desimali,2,Mazoezi ya kikundi na kazi binafsi,Kuwaongoza Wanafunzi,Mwanafunzi anaweza kugawanya desimali kwa desimali kwa kubadili vigawanyo vyote kuwa sehemu yenye asili ile ile kabla ya kugawanya.,Ubao|Chaki|Kadi za sehemu,"TET(2023), HISABATI, KITABU CHA MWANAFUNZI, DARASA LA TANO, TET, DAR ES SALAAM","Ili kugawanya desimali kwa desimali, badili desimali zote kuwa sehemu, kisha zidisha kiasi na asili kwa kigawe cha 10, 100 au 1000 kinachofanana ili kuondoa desimali katika kiasi na asili, kisha gawanya kama namba nzima.",,Mfano wa kwanza: 5.550 / 0.111 = 5550/111 = 50. Mfano wa pili: 52.32 / 0.05 = 5232/5 = 1046.4.,Fundi anayechanganya rangi au madawa hutumia mgawanyo wa desimali kwa desimali kujua ni mara ngapi kipimo kidogo cha desimali kinatoshea katika kiasi kikubwa cha desimali.,5.550 / 0.111 = ?::50||52.32 / 0.05 = ?::1046.4||7.15 / 0.013 = ?::550||12.5 / 0.25 = ?::50,
2023-JSS001-DRS V,Kumudu Misingi ya awali ya kihisabati (v),Kuonesha uelewa wa stadi za awali za namba (v),Kubadili asilimia katika sehemu au desimali,Kubadili desimali kuwa sehemu,2,Maelezo na mifano ubaoni,Kuwaongoza Wanafunzi,Mwanafunzi anaweza kubadili namba ya desimali kuwa sehemu na kuirahisisha kwa usahihi.,Ubao|Chaki|Kadi za sehemu,"TET(2023), HISABATI, KITABU CHA MWANAFUNZI, DARASA LA TANO, TET, DAR ES SALAAM","Kubadili desimali kuwa sehemu, angalia idadi ya nafasi za desimali katika namba. Desimali yenye nafasi moja hubadilishwa kuwa sehemu yenye asili ya 10, nafasi mbili asili ya 100, na nafasi tatu asili ya 1,000. Kisha rahisisha sehemu iliyopatikana.",,Mfano wa kwanza: 0.2 = 2/10 = 1/5. 0.32 = 32/100 = 8/25. Mfano wa pili: 0.125 = 125/1000 = 1/8. 10.06 = 1006/100 = 503/50.,Mfanyabiashara anayeandika bei au ujazo kwa desimali kwenye lebo anaweza kuhitaji kuibadili kuwa sehemu wakati wa kupima kwa vyombo vya sehemu.,Badili 0.2 kuwa sehemu.::1/5||Badili 0.32 kuwa sehemu.::8/25||Badili 0.125 kuwa sehemu.::1/8||Badili 16.25 kuwa sehemu.::16 1/4 (65/4),
2023-JSS001-DRS V,Kumudu Misingi ya awali ya kihisabati (v),Kuonesha uelewa wa stadi za awali za namba (v),Kubadili asilimia katika sehemu au desimali,Kubadili sehemu kuwa desimali,2,Mazoezi ya kikundi,Kuwaongoza Wanafunzi,Mwanafunzi anaweza kubadili sehemu kuwa desimali kwa kugawanya kiasi kwa asili kwa njia ndefu.,Ubao|Chaki|Kadi za sehemu|Kikokotoo,"TET(2023), HISABATI, KITABU CHA MWANAFUNZI, DARASA LA TANO, TET, DAR ES SALAAM","Kubadili sehemu kuwa desimali, gawanya kiasi cha sehemu kwa asili yake kwa kutumia njia ndefu ya mgawanyo.","Kwa namba mchanganyiko, badili sehemu rahisi iliyo sehemu ya namba kuwa desimali kisha jumlisha na namba nzima, au badili namba mchanganyiko kuwa sehemu isiyo rahisi kisha gawanya.","Mfano wa kwanza: 1/20 = 0.05. Mfano wa pili: 7/200 = 0.035. Mfano wa tatu: 15 3/4 -> 3/4 = 0.75, hivyo 15 + 0.75 = 15.75. Mfano wa nne: 41/2000 = 0.0205.",Mpishi anayefuata kipimo cha sehemu ya kilo (kwa mfano 3/4 kilo ya sukari) anaweza kukibadili kuwa desimali ili kukisoma kwenye mizani ya kidijitali.,Badili 1/20 kuwa desimali.::0.05||Badili 7/200 kuwa desimali.::0.035||Badili 15 3/4 kuwa desimali.::15.75||Badili 3/8 kuwa desimali.::0.375,
2023-JSS001-DRS V,Kumudu Misingi ya awali ya kihisabati (v),Kuonesha uelewa wa stadi za awali za namba (v),Kubadili asilimia katika sehemu au desimali,Kubadili asilimia kuwa sehemu,2,Majadiliano ya darasa,Kuwaongoza Wanafunzi,Mwanafunzi anaweza kubadili asilimia kuwa sehemu yenye asili ya 100 na kuirahisisha.,Ubao|Chaki|Kadi za asilimia,"TET(2023), HISABATI, KITABU CHA MWANAFUNZI, DARASA LA TANO, TET, DAR ES SALAAM","Ili kubadili asilimia kuwa sehemu, chukua thamani ya asilimia unayotaka kubadili kisha iandike katika sehemu yenye asili ya 100, halafu rahisisha sehemu hiyo iwapo inawezekana.",,Mfano wa kwanza: 70% = 70/100 = 7/10. Mfano wa pili: 85% = 85/100 = 17/20.,"Takwimu za mahudhurio shuleni, kama asilimia 75 ya wanafunzi waliohudhuria darasani, huweza kuandikwa kama sehemu (3/4) ili kuonesha uwiano wa wanafunzi walioko darasani.",Badili 70% kuwa sehemu.::7/10||Badili 85% kuwa sehemu.::17/20||Badili 14% kuwa sehemu.::7/50||Linda ametimiza 40% ya malengo yake. Andika hii katika sehemu.::2/5,fraction_bar
2023-JSS001-DRS V,Kumudu Misingi ya awali ya kihisabati (v),Kuonesha uelewa wa stadi za awali za namba (v),Kubadili asilimia katika sehemu au desimali,Kubadili asilimia kuwa desimali,2,Maelezo na mazoezi binafsi,Kuwaongoza Wanafunzi,Mwanafunzi anaweza kubadili asilimia kuwa desimali kwa kuibadili kwanza kuwa sehemu yenye asili ya 100 kisha kugawanya.,Ubao|Chaki|Kikokotoo,"TET(2023), HISABATI, KITABU CHA MWANAFUNZI, DARASA LA TANO, TET, DAR ES SALAAM","Kubadili asilimia kuwa desimali, kwanza badili asilimia kuwa sehemu yenye asili ya 100, kisha gawanya thamani ya namba inayohusika kwa asili yake ili kupata desimali. Desimali inaweza kubadilishwa tena kuwa asilimia kwa kuizidisha kwa 100 na kuweka alama ya %.",,"Mfano wa kwanza: 45% = 45/100 = 0.45. Mfano wa pili: 123% = 123/100 = 1.23. Kinyume chake, 1.23 x 100 = 123%.","Alama za mtihani zinazotolewa kwa asilimia, kama asilimia 75 aliyopata Maria, huandikwa kwa desimali (0.75) kwenye baadhi ya fomu za tathmini.",Badili 45% kuwa desimali.::0.45||Badili 123% kuwa desimali.::1.23||Maria alipata 75% kwenye mtihani wa Hisabati. Andika alama hizo kwa desimali.::0.75||Duka linatoa punguzo la 25% katika bei ya kuuzia viatu. Andika punguzo hili kwa desimali.::0.25,
2023-JSS001-DRS V,Kumudu Misingi ya awali ya kihisabati (v),Kuonesha uelewa wa awali wa aljebra (v),Kueleza dhana ya aljebra,Maana na chimbuko la aljebra katika hisabati,4,Maswali na majibu|Mjadala wa darasa,Kuwaongoza Wanafunzi,Mwanafunzi aweze kueleza kwa usahihi maana ya aljebra kama tawi la Hisabati linalotumia namba na herufi.,Ubao na chaki|Kadi za herufi|Vitabu vya kiada,"TET(2023), HISABATI, KITABU CHA MWANAFUNZI, DARASA LA TANO, TET, DAR ES SALAAM",Aljebra ni tawi la Hisabati ambalo namba na herufi hutumika pamoja katika kufanya hesabu.,"Katika aljebra, sehemu mbili kuu hutumika: namba za kawaida (kama 2, 5, 10) na herufi (kama a, k, x, y) ambazo huwakilisha kiasi kisichojulikana.","Mfano: badala ya kusema 'namba fulani', tunatumia herufi kama x kuwakilisha namba hiyo, mfano x + 3 ni sentensi ya kialjebra inayoonesha namba isiyojulikana x ikijumlishwa na 3.",Wafanyabiashara hutumia herufi kuwakilisha kiasi cha bidhaa kisichojulikana wanapopanga hesabu za faida na hasara.,"Aljebra ni tawi gani la hisabati?::Ni tawi la Hisabati linalotumia namba na herufi pamoja.||Katika aljebra, herufi hutumika kuwakilisha nini?::Herufi hutumika kuwakilisha namba au kiasi kisichojulikana.||Taja mfano wa herufi mbili zinazoweza kutumika kuwakilisha namba katika aljebra.::Kwa mfano herufi x na k.",
2023-JSS001-DRS V,Kumudu Misingi ya awali ya kihisabati (v),Kuonesha uelewa wa awali wa aljebra (v),Kueleza dhana ya aljebra,Matumizi ya herufi kuwakilisha namba isiyojulikana,4,Maonesho ya vitu halisi|Majadiliano ya vikundi,Kuwaongoza Wanafunzi,Mwanafunzi aweze kutumia herufi kuwakilisha kiasi kisichojulikana katika hali mbalimbali.,Vijiwe|Mbegu|Kadi za herufi|Ubao na chaki,"TET(2023), HISABATI, KITABU CHA MWANAFUNZI, DARASA LA TANO, TET, DAR ES SALAAM","Aljebra inatumia herufi kutatua mafumbo na mitinganyo ya hisabati, kwa mfano kufanya hesabu ikiwa kuna thamani ya herufi ndani yake haifahamiki.","Herufi kama x, y, k, a hutumika kuchukua nafasi ya namba ambayo bado haijulikani, hadi hapo itakapopatikana kwa kukokotoa.","Mfano: Ikiwa mfuko wa maembe una idadi isiyojulikana ya maembe, tunaweza kuiita x. Ukiongeza maembe 5 zaidi, jumla ya maembe itakuwa x + 5.",Dereva wa daladala anaweza kutumia herufi kuwakilisha idadi ya abiria wasiojulikana watakaopanda safari ijayo ili kukadiria mapato.,"Ikiwa mfuko una machungwa yasiyojulikana na tunayaita y, andika sentensi ya kialjebra inayoonesha machungwa hayo baada ya kuongeza machungwa 4.::y + 4||Kwa nini herufi hutumika katika aljebra?::Hutumika kuwakilisha namba au kiasi ambacho bado hakijulikani.||Andika kwa herufi p: idadi ya vitabu isiyojulikana ikitolewa vitabu 3.::p - 3",
2023-JSS001-DRS V,Kumudu Misingi ya awali ya kihisabati (v),Kuonesha uelewa wa awali wa aljebra (v),Kueleza dhana ya aljebra,Umuhimu wa aljebra katika kutatua mafumbo ya kihisabati,3,Mjadala wa darasa|Fikira binafsi (Fikiri),Kuwaongoza Wanafunzi,Mwanafunzi aweze kueleza umuhimu wa aljebra katika kutatua matatizo ya kila siku yanayohusisha kiasi kisichojulikana.,Ubao na chaki|Picha za matukio ya maisha halisi,"TET(2023), HISABATI, KITABU CHA MWANAFUNZI, DARASA LA TANO, TET, DAR ES SALAAM","Bila maarifa ya aljebra, ni vigumu kutatua baadhi ya mafumbo ya kihisabati yanayohusisha kiasi kisichojulikana; aljebra huwezesha kutafsiri na kutatua mafumbo hayo kwa urahisi.",Umahiri wa aljebra unamwezesha mwanafunzi kutafsiri kifungu cha maneno kuwa sentensi ya kihisabati na hatimaye kukitatua.,"Fikiri: Je, itakuwaje kufanya hesabu za kila siku bila maarifa ya aljebra? Kwa mfano, kupanga bajeti ya familia yenye gharama zisizojulikana bila kutumia herufi kuwakilisha gharama hizo.",Wahandisi hutumia aljebra kukokotoa vipimo visivyojulikana wanapojenga nyumba au madaraja.,"Taja sababu moja ya kujifunza aljebra.::Aljebra husaidia kutatua mafumbo ya kihisabati yenye kiasi kisichojulikana.||Kwa nini ni vigumu kutatua baadhi ya mafumbo bila aljebra?::Kwa sababu mafumbo hayo yanahusisha kiasi kisichojulikana ambacho kinahitaji herufi kukiwakilisha.||Taja kikundi kimoja cha watu wanaotumia aljebra kazini.::Wahandisi, kwa mfano, hutumia aljebra kukokotoa vipimo visivyojulikana.",
2023-JSS001-DRS V,Kumudu Misingi ya awali ya kihisabati (v),Kuonesha uelewa wa awali wa aljebra (v),Kubaini vigeu na vizigeu katika mitajo,Maana ya kigeu na kizigeu katika mtajo,3,Maelezo na mifano|Maswali na majibu,Kuwaongoza Wanafunzi,Mwanafunzi aweze kueleza maana ya kigeu na kizigeu katika mtajo wa aljebra.,Kadi za mitajo|Ubao na chaki,"TET(2023), HISABATI, KITABU CHA MWANAFUNZI, DARASA LA TANO, TET, DAR ES SALAAM","Katika mtajo kama 4k, namba 4 huitwa kizigeu na herufi k huitwa kigeu. Vilevile katika mtajo 11k, namba 11 ni kizigeu na k ni kigeu.","Kizigeu ni namba inayozidisha kigeu katika mtajo, wakati kigeu ni herufi inayowakilisha kiasi kisichojulikana.","Mfano: Katika mitajo 2k, 3k, 4k na 11k, namba 2, 3, 4, 11 ni vizigeu na k ni kigeu katika kila mtajo.","Mfanyabiashara anapoandika bei ya kila kifurushi kama 5b (b ikiwa idadi ya vifurushi), 5 ni kizigeu kinachoonesha bei ya kifurushi kimoja.","Katika mtajo 9m, taja kigeu na kizigeu.::Kigeu ni m na kizigeu ni 9.||Katika mtajo 7k, kizigeu ni nani?::Kizigeu ni 7.||Kigeu ni nini?::Ni herufi inayowakilisha kiasi kisichojulikana katika mtajo.",
2023-JSS001-DRS V,Kumudu Misingi ya awali ya kihisabati (v),Kuonesha uelewa wa awali wa aljebra (v),Kubaini vigeu na vizigeu katika mitajo,Kubainisha kigeu na kizigeu katika mtajo wenye kigeu kimoja,4,Mazoezi ya kibinafsi|Majadiliano ya vikundi,Kuwaongoza Wanafunzi,Mwanafunzi aweze kubainisha kigeu na kizigeu kwa usahihi katika mtajo wenye kigeu kimoja.,Kadi za mitajo|Ubao na chaki|Karatasi za mazoezi,"TET(2023), HISABATI, KITABU CHA MWANAFUNZI, DARASA LA TANO, TET, DAR ES SALAAM","Katika mtajo wenye kigeu kimoja kama 6a, kigeu ni a na kizigeu ni 6.","Endapo mtajo unaonekana kama herufi peke yake, mfano m au a, kizigeu chake huwa ni 1 kwa sababu m ni sawa na 1m.","Mfano wa kwanza (kitabu): Katika mtajo 6a, kigeu ni a na kizigeu ni 6. Vilevile, katika mtajo 5p, kigeu ni p na kizigeu ni 5.","Mkulima anapoandika mavuno ya mahindi kama 8g (g ikiwa uzito wa gunia moja), 8 ni kizigeu kinachoonesha idadi ya magunia.","Katika mtajo 6a, taja kigeu na kizigeu.::Kigeu ni a na kizigeu ni 6.||Katika mtajo 5p, kigeu ni nani?::Kigeu ni p.||Katika mtajo n (bila namba mbele), kizigeu ni nani?::Kizigeu ni 1, kwa sababu n ni sawa na 1n.",
2023-JSS001-DRS V,Kumudu Misingi ya awali ya kihisabati (v),Kuonesha uelewa wa awali wa aljebra (v),Kubaini vigeu na vizigeu katika mitajo,Kubainisha vigeu na kizigeu katika mtajo wenye vigeu viwili,4,Mazoezi ya kikundi|Maswali na majibu,Kuwaongoza Wanafunzi,Mwanafunzi aweze kubainisha vigeu viwili na kizigeu chake katika mtajo wenye vigeu viwili.,Kadi za mitajo|Ubao na chaki,"TET(2023), HISABATI, KITABU CHA MWANAFUNZI, DARASA LA TANO, TET, DAR ES SALAAM","Mtajo unaweza kuwa na vigeu viwili, kwa mfano 8pq ambapo namba 8 ni kizigeu cha p na q, na p na q ni vigeu vya namba 8.","Katika mtajo wa vigeu viwili kama 5wz, kizigeu ni 5 na vigeu ni w na z.","Mfano wa kwanza (b) (kitabu): Katika mtajo 5wz, vigeu ni w na z, na kizigeu ni 5.","Fundi anayepima eneo la sakafu kwa herufi urefu (u) na upana (w) anaweza kuandika gharama ya rangi kama 3uw, ambapo 3 ni kizigeu na u, w ni vigeu.","Katika mtajo 7mn, taja vigeu.::Vigeu ni m na n.||Katika mtajo 10qp, taja kizigeu.::Kizigeu ni 10.||Katika mtajo pk (bila namba mbele), kizigeu ni nani?::Kizigeu ni 1, kwa sababu pk ni sawa na 1pk.",
2023-JSS001-DRS V,Kumudu Misingi ya awali ya kihisabati (v),Kuonesha uelewa wa awali wa aljebra (v),Kuunda sentensi za aljebra,Kuunda mitajo ya kialjebra kutoka hali halisi ya maisha,4,Hadithi na mifano halisi|Majadiliano ya vikundi,Kuwaongoza Wanafunzi,Mwanafunzi aweze kuunda mtajo wa kialjebra kutokana na maelezo ya hali halisi ya maisha.,Picha za kuku na mbuzi|Kadi za herufi|Ubao na chaki,"TET(2023), HISABATI, KITABU CHA MWANAFUNZI, DARASA LA TANO, TET, DAR ES SALAAM","Katika maisha ya kila siku, tunatumia aljebra katika kurahisisha hesabu, kwa mfano familia 4 zinazofuga kuku idadi sawa zinaweza kuwakilishwa kwa mtajo mmoja.","Herufi hutumika kuwakilisha kiasi kisichojulikana, kisha kiasi hicho kinaweza kujumlishwa kulingana na idadi ya makundi yanayohusika.","Mfano wa kitabu: Familia 4 zinafuga kuku idadi sawa, kila familia ina kuku k. Jumla ya kuku wa familia zote nne ni k+k+k+k = 4k. Kwa mbuzi: familia ya kwanza ina mbuzi mara mbili ya kuku (2k), ya pili mara tatu (3k), ya tatu mara mbili (2k), na ya nne mara nne (4k); jumla ni 2k+3k+2k+4k = 11k.",Mkulima mwenye mashamba manne yenye miti ya aina moja anaweza kuwakilisha jumla ya miti yote kwa mtajo mmoja wa kialjebra.,"Familia 3 zina ng'ombe idadi sawa, kila familia ina ng'ombe g. Andika mtajo wa jumla ya ng'ombe wote.::g + g + g = 3g||Ikiwa shule 5 zina walimu idadi sawa w kila moja, andika mtajo wa jumla ya walimu.::5w||Familia ya kwanza ina mbuzi mara tatu ya kuku (k), familia ya pili mara tano ya kuku. Andika jumla ya mbuzi wa familia hizo mbili.::3k + 5k = 8k",
2023-JSS001-DRS V,Kumudu Misingi ya awali ya kihisabati (v),Kuonesha uelewa wa awali wa aljebra (v),Kuunda sentensi za aljebra,Kuunda sentensi za kialjebra kwa kutumia matendo ya hisabati,3,Mazoezi ya kikundi|Maswali na majibu,Kuwaongoza Wanafunzi,Mwanafunzi aweze kuunda sentensi za kialjebra kwa kuunganisha mitajo na matendo ya hisabati.,Kadi za mitajo|Ubao na chaki,"TET(2023), HISABATI, KITABU CHA MWANAFUNZI, DARASA LA TANO, TET, DAR ES SALAAM","Sentensi za kialjebra zinaundwa na mitajo, kwa mfano 4k, 11m na 12w. Sentensi za kialjebra zinaweza pia kuundwa na mitajo inapounganishwa kwa matendo ya kihisabati.","Matendo yanayoweza kutumika kuunganisha mitajo ni kujumlisha (+), kutoa (-), kuzidisha (x) na kugawanya (÷).","Mfano wa kitabu: 4k + 6k, 11m - m, 6m x 3, 12w ÷ 2m ni sentensi za kialjebra.","Karani wa duka anaweza kuandika sentensi ya kialjebra kuonesha jumla ya bidhaa mbili tofauti zilizouzwa, mfano 5b + 3c.",Unda sentensi ya kialjebra kwa kujumlisha mitajo 7p na 2p.::7p + 2p||Unda sentensi ya kialjebra kwa kuzidisha mtajo 4t na namba 5.::4t x 5||Unda sentensi ya kialjebra kwa kugawanya mtajo 10w kwa 2m.::10w ÷ 2m,
2023-JSS001-DRS V,Kumudu Misingi ya awali ya kihisabati (v),Kuonesha uelewa wa awali wa aljebra (v),Kuunda sentensi za aljebra,Dhana ya mlinganyo na kuunda milinganyo kutoka hali halisi,4,Mchezo wa mizani|Majadiliano ya vikundi,Kuwaongoza Wanafunzi,Mwanafunzi aweze kueleza dhana ya mlinganyo na kuunda mlinganyo sahili kutoka kwenye tatizo la maneno.,Mizani ya mbao|Mawe au vitu vinavyolingana uzani|Ubao na chaki,"TET(2023), HISABATI, KITABU CHA MWANAFUNZI, DARASA LA TANO, TET, DAR ES SALAAM","Neno milinganyo linatokana na kitenzi 'lingana'. Milinganyo ni kama mizani ambao pande mbili zinatakiwa kuwa sawa au kulingana, na huonyesha mitajo miwili au zaidi iliyounganishwa na alama ya sawasawa.",Kuna mlinganyo sahili (una kigeu kimoja na kipeo cha mlinganyo ni moja) na mlinganyo usiyo sahili (una vigeu zaidi ya kimoja au kipeo kikubwa kuliko moja). Mfano: 3x+5=16 ni mlinganyo sahili; x^2-16=0 siyo mlinganyo sahili kwa sababu kipeo cha x ni 2.,"Mfano wa kitabu: Herufi x inawakilisha idadi ya machungwa yanayohitajika ili pande mbili za mizani ziwe sawa; yanahitajika machungwa manne zaidi upande wa kushoto. Mfano mwingine: Umri wa Kemi ni kigeu x, umri wa Rehema ni x+5; jumla ya umri wao ni miaka 25, hivyo mlinganyo ni (x+5)+x=25.","Mfanyabiashara anapopanga bidhaa mbili ziwe na thamani sawa kwenye mizani ya duka, anatumia dhana ya mlinganyo.","Je, 2c - 7c = 2a + 3 ni mlinganyo sahili? Eleza.::Hapana, kwa sababu una vigeu viwili tofauti, c na a.||Umri wa Juma ni miaka 5 zaidi ya Anna. Ikiwa umri wa Anna ni kigeu a, unda mlinganyo wa jumla ya umri wao ikiwa jumla ni miaka 25.::a + (a+5) = 25||Je, y + 5 = 0 ni mlinganyo sahili?::Ndiyo, kwa sababu una kigeu kimoja y na kipeo chake ni moja.",
2023-JSS001-DRS V,Kumudu Misingi ya awali ya kihisabati (v),Kuonesha uelewa wa awali wa aljebra (v),Kurahisisha milinganyo ya kialjebra kwa kufuata mpangilio sahihi wa kihisabati,Kujumlisha mitajo inayofanana,3,Mfano wa vitu halisi|Mazoezi ya kikundi,Kuwaongoza Wanafunzi,Mwanafunzi aweze kujumlisha mitajo inayofanana kwa kujumlisha vizigeu vyake kwa usahihi.,Kadi za mitajo|Ubao na chaki,"TET(2023), HISABATI, KITABU CHA MWANAFUNZI, DARASA LA TANO, TET, DAR ES SALAAM","Ili kuweza kujumlisha mitajo ni lazima vigeu vifanane katika kila mtajo, mfano 4k, 8k, 5k na 7k. Mitajo inayofanana inaweza kujumlishwa kupata mtajo rahisi.","Kujumlisha mitajo inayofanana, jumlisha vizigeu tu na kigeu kibaki kile kile.","Mfano wa kwanza (kitabu): Rahisisha 6n + n + 2n. Jumlisha vizigeu: 6+1+2=9. Kwa hiyo, 6n+n+2n = 9n.",Mkulima mwenye mashamba matatu ya mahindi yenye ekari e kila moja anaweza kujumlisha ekari zote kama e+e+e=3e.,Rahisisha 3p + 4p + 5p.::12p||Rahisisha 6gh + 6gh + 6gh.::18gh||Rahisisha 8xy + xy + 5xy.::14xy,
2023-JSS001-DRS V,Kumudu Misingi ya awali ya kihisabati (v),Kuonesha uelewa wa awali wa aljebra (v),Kurahisisha milinganyo ya kialjebra kwa kufuata mpangilio sahihi wa kihisabati,Kutoa mitajo inayofanana,3,Mazoezi ya kibinafsi|Maswali na majibu,Kuwaongoza Wanafunzi,Mwanafunzi aweze kutoa mitajo inayofanana kwa kutoa vizigeu vyake kwa usahihi na kuweka pamoja mitajo isiyofanana.,Kadi za mitajo|Ubao na chaki,"TET(2023), HISABATI, KITABU CHA MWANAFUNZI, DARASA LA TANO, TET, DAR ES SALAAM","Mitajo isiyofanana ni ile yenye vigeu tofauti, mfano 3a, 4m, 6p na 7w, na haiwezi kujumlishwa au kutolewa kupata mtajo mmoja rahisi; ni mitajo inayofanana tu inayoweza kutolewa.","Kutoa mitajo inayofanana, toa vizigeu; mitajo isiyofanana ibaki kama ilivyo kwenye jibu.",Mfano wa pili (kitabu): Rahisisha 5ae - 2ab - 2ae. Weka pamoja mitajo inayofanana: 5ae-2ae-2ab = (5-2)ae - 2ab = 3ae - 2ab. Mfano wa tatu: 2a+3b-a = 2a-a+3b = a+3b.,"Duka lenye magunia 8 ya mchele likiuza magunia 3, mabaki ni 8ad - 3ad ambapo ad inawakilisha aina ya gunia moja.",Rahisisha 6t - t - 2t.::3t||Rahisisha 7mk - 4mk - mk.::2mk||Rahisisha 16y - 10y + 2a + 11y.::17y + 2a,
2023-JSS001-DRS V,Kumudu Misingi ya awali ya kihisabati (v),Kuonesha uelewa wa awali wa aljebra (v),Kurahisisha milinganyo ya kialjebra kwa kufuata mpangilio sahihi wa kihisabati,Kuzidisha mitajo,3,Maelezo na mifano|Mazoezi ya kikundi,Kuwaongoza Wanafunzi,Mwanafunzi aweze kuzidisha mitajo kwa kuzidisha vizigeu kisha vigeu kwa usahihi.,Kadi za mitajo|Ubao na chaki,"TET(2023), HISABATI, KITABU CHA MWANAFUNZI, DARASA LA TANO, TET, DAR ES SALAAM","Mitajo inaweza kuzidishwa kwa namba au kwa mitajo mingine. Unapozidisha mitajo, anza kwa kuzidisha vizigeu, kisha zidisha vigeu.","Vigeu vinavyofanana vinapozidishwa huandikwa kwa kutumia kipeo, mfano k x k = k^2. Kama 0 ikizidishwa na kigeu chochote, jibu ni 0.",Mfano wa kwanza: y x y = y^2. Mfano wa pili: 4a x 4 = 16a. Mfano wa tatu: 3k x 2k = (3x2) x (kxk) = 6k^2.,Fundi wa ujenzi anayehesabu eneo la chumba chenye urefu 3m na upana m anaweza kuandika eneo kama 3m x m = 3m^2.,Rahisisha 3p x p.::3p^2||Rahisisha 4k x 4t.::16kt||Rahisisha 3tp x 0.::0,
2023-JSS001-DRS V,Kumudu Misingi ya awali ya kihisabati (v),Kuonesha uelewa wa awali wa aljebra (v),Kurahisisha milinganyo ya kialjebra kwa kufuata mpangilio sahihi wa kihisabati,Kugawanya mitajo,2,Maelezo na mifano|Mazoezi ya kikundi,Kuwaongoza Wanafunzi,Mwanafunzi aweze kugawanya mitajo kwa kugawanya vizigeu na vigeu vinavyofanana kwa usahihi.,Kadi za mitajo|Ubao na chaki,"TET(2023), HISABATI, KITABU CHA MWANAFUNZI, DARASA LA TANO, TET, DAR ES SALAAM","Unapogawanya mitajo, gawanya vizigeu na vigeu vinavyofanana.","Kigeu kikigawanywa na chenyewe, jibu huwa 1 (mfano a÷a=1); kipeo hupungua kwa moja kila mgawanyo unapofanyika kwa kigeu kile kile.",Mfano wa kwanza: 4a ÷ 2a = (4÷2) x (a÷a) = 2x1 = 2. Mfano wa tatu: 4k^2 ÷ 2k = (4÷2) x (k^2÷k) = 2xk = 2k.,Mwalimu anayegawanya jumla ya madaftari 8k kwa vikundi 2k anaweza kutumia mgawanyo wa mitajo kupata idadi ya madaftari kwa kila kikundi.,Rahisisha 8b ÷ 2b.::4||Rahisisha 10p^2 ÷ 2p.::5p||Rahisisha 18x^2 ÷ 9x.::2x,
2023-JSS001-DRS V,Kumudu Misingi ya awali ya kihisabati (v),Kuonesha uelewa wa awali wa aljebra (v),Kukokotoa milinganyo sahili,Kukokotoa milinganyo sahili kwa kujumlisha,2,Maelezo ya hatua kwa hatua|Mazoezi ya kikundi,Kuwaongoza Wanafunzi,Mwanafunzi aweze kutafuta thamani ya kigeu katika mlinganyo sahili wenye tendo la kujumlisha.,Ubao na chaki|Kadi za namba na herufi,"TET(2023), HISABATI, KITABU CHA MWANAFUNZI, DARASA LA TANO, TET, DAR ES SALAAM","Katika kukokotoa milinganyo sahili, hamisha namba zikae upande mmoja na mitajo ikae upande mwingine. Kutoa namba iyo hiyo pande zote mbili haibadili maana ya mlinganyo.","Hatua: (1) weka mitajo yenye kigeu pamoja na jumlisha, (2) toa namba iyo hiyo pande zote mbili ili kigeu kibaki peke yake, (3) gawanya kwa kizigeu cha kigeu ikiwa lazima.","Mfano wa kwanza: p+2=3, toa 2 kila upande: p=1. Mfano wa pili: y+12+2y=69 -> 3y+12=69 -> toa 12: 3y=57 -> gawanya kwa 3: y=19. Mfano wa tatu (umri): Umri wa Kemi x, Rehema x+5, jumla 25: (x+5)+x=25 -> 2x+5=25 -> 2x=20 -> x=10 (Kemi miaka 10, Rehema miaka 15).",Baba anayepanga bajeti ya familia anaweza kutumia mlinganyo kutafuta gharama isiyojulikana wakati jumla ya gharama zote inafahamika.,"Tafuta thamani ya t katika t + 2 = 12.::t = 10||Tafuta thamani ya a katika a + 13 = 43.::a = 30||Umri wa George ni miaka 3 zaidi ya Abduli. Jumla ya umri wao ni miaka 37. Tafuta umri wa George.::Abduli=x, George=x+3; x+(x+3)=37 -> 2x+3=37 -> 2x=34 -> x=17; George=17+3=20 miaka",
2023-JSS001-DRS V,Kumudu Misingi ya awali ya kihisabati (v),Kuonesha uelewa wa awali wa aljebra (v),Kukokotoa milinganyo sahili,Kukokotoa milinganyo sahili kwa kutoa,2,Maelezo ya hatua kwa hatua|Mazoezi ya kikundi,Kuwaongoza Wanafunzi,Mwanafunzi aweze kutafuta thamani ya kigeu katika mlinganyo sahili wenye tendo la kutoa.,Ubao na chaki|Kadi za namba na herufi,"TET(2023), HISABATI, KITABU CHA MWANAFUNZI, DARASA LA TANO, TET, DAR ES SALAAM","Katika mlinganyo wenye tendo la kutoa, jumlisha namba iyo hiyo pande zote mbili ili kigeu kibaki peke yake.",Hatua: jumlisha namba inayotolewa pande zote mbili za mlinganyo ili kigeu kibaki peke yake upande mmoja.,"Mfano wa kwanza: k-5=7, jumlisha 5 kila upande: k=12. Mfano wa Ali: Ali alilipa shilingi 450 kwa nauli na kubakiwa na shilingi 1,750; y-450=1750 -> jumlisha 450: y=2200, hivyo Ali alikuwa na shilingi 2,200. Mfano wa tatu: v-19=14 -> jumlisha 19: v=33.",Mfanyabiashara anayejua kiasi alichobakiwa nacho baada ya matumizi anaweza kutumia mlinganyo kutafuta kiasi alichokuwa nacho awali.,"Tafuta thamani ya c katika c - 7 = 2.::c = 9||Joseph alinunua kalamu kwa shilingi 200 na kubakiwa na shilingi 2,300. Alikuwa na shilingi ngapi?::y - 200 = 2300 -> y = 2500 shilingi||Tafuta thamani ya w katika w - 3 = 12.::w = 15",
2023-JSS001-DRS V,Kumudu Misingi ya awali ya kihisabati (v),Kuonesha uelewa wa awali wa aljebra (v),Kukokotoa milinganyo sahili,Kukokotoa milinganyo sahili kwa kuzidisha,2,Maelezo ya hatua kwa hatua|Mazoezi ya kikundi,Kuwaongoza Wanafunzi,Mwanafunzi aweze kutafuta thamani ya kigeu katika mlinganyo sahili wenye tendo la kuzidisha.,Ubao na chaki|Kadi za namba na herufi,"TET(2023), HISABATI, KITABU CHA MWANAFUNZI, DARASA LA TANO, TET, DAR ES SALAAM","Kinyume cha kuzidisha ni kugawanya. Unapokokotoa mlinganyo wenye tendo la kuzidisha, gawanya kwa kizigeu husika pande zote mbili.","Hatua: kama kigeu kimezidishwa na namba, gawanya pande zote mbili kwa namba hiyo ili kupata thamani ya kigeu.","Mfano wa kwanza: 4xn=12, gawanya kwa 4: n=3. Mfano wa pili: (3/4)k x (1/3) = 24 -> (1/4)k = 24 -> zidisha kwa 4: k=96.",Mkulima anayejua bei ya jumla ya magunia manne ya mahindi anaweza kutumia mlinganyo wa kuzidisha kutafuta bei ya gunia moja.,Tafuta thamani ya x katika x x 4 = 36.::x = 9||Tafuta thamani ya y katika 7 = 3y.::y = 7/3||Eneo la umbo mstatili ni m^2 30. Urefu wake ni meta 8. Tafuta upana wake.::upana x 8 = 30 -> upana = 30/8 = 3.75 m,
2023-JSS001-DRS V,Kumudu Misingi ya awali ya kihisabati (v),Kuonesha uelewa wa awali wa aljebra (v),Kukokotoa milinganyo sahili,Kukokotoa milinganyo sahili kwa kugawanya,2,Maelezo ya hatua kwa hatua|Mazoezi ya kikundi,Kuwaongoza Wanafunzi,Mwanafunzi aweze kutafuta thamani ya kigeu katika mlinganyo sahili wenye tendo la kugawanya.,Ubao na chaki|Kadi za namba na herufi,"TET(2023), HISABATI, KITABU CHA MWANAFUNZI, DARASA LA TANO, TET, DAR ES SALAAM","Kinyume cha kugawanya ni kuzidisha. Unapokokotoa mlinganyo wenye tendo la kugawanya, zidisha pande zote mbili kwa namba au kigeu husika (asili).","Hatua: tambua asili (namba au kigeu kinachogawanya), kisha zidisha pande zote mbili za mlinganyo kwa asili hiyo.","Mfano wa kwanza: x÷2=4, zidisha kwa 2 kila upande: x=8. Mfano wa pili: 2÷m=7, zidisha kwa m: 2=7m, gawanya kwa 7: m=2/7.",Muuza duka anayegawanya mtaji wake kwa idadi ya wafanyakazi anaweza kutumia mlinganyo wa mgawanyo kutafuta mtaji wa awali.,Tafuta thamani ya x katika x ÷ 4 = 5.::x = 20||Tafuta thamani ya k katika k ÷ 3 = 81.::k = 243||Tafuta thamani ya w katika 4w ÷ 20 = 8.::4w = 160 -> w = 40,
2023-JSS001-DRS V,Kumudu Misingi ya awali ya kihisabati (v),Kuonesha uelewa wa awali wa aljebra (v),Kukokotoa milinganyo sahili,Kukokotoa milinganyo sahili yenye mitajo pande zote mbili,2,Maelezo ya hatua kwa hatua|Mazoezi ya kikundi,Kuwaongoza Wanafunzi,Mwanafunzi aweze kutafuta thamani ya kigeu katika mlinganyo sahili wenye mitajo yenye kigeu pande zote mbili.,Ubao na chaki|Kadi za namba na herufi,"TET(2023), HISABATI, KITABU CHA MWANAFUNZI, DARASA LA TANO, TET, DAR ES SALAAM",Baadhi ya milinganyo huwa na mitajo yenye kigeu pande zote mbili za alama ya sawasawa. Kusanya mitajo yenye kigeu upande mmoja na namba upande mwingine kabla ya kurahisisha.,"Hatua: (1) kusanya mitajo yenye kigeu upande mmoja, (2) kusanya namba upande mwingine, (3) rahisisha kila upande, (4) gawanya kwa kizigeu cha kigeu.",Mfano wa kwanza: 7x-6=x+18 -> 7x-x=18+6 -> 6x=24 -> gawanya kwa 6: x=4. Mfano wa pili: 3b-4=b+8 -> 3b-b=8+4 -> 2b=12 -> gawanya kwa 2: b=6.,Wafanyabiashara wawili wanaolinganisha faida zao zenye kigeu kimoja kwa hesabu tofauti pande mbili wanaweza kutumia mlinganyo huu kutafuta thamani inayolingana.,Tafuta thamani ya x katika 7x - 6 = x + 18.::7x-x=18+6 -> 6x=24 -> x=4||Tafuta thamani ya c katika 7c + 2 = 5c + 18.::7c-5c=18-2 -> 2c=16 -> c=8||Tafuta thamani ya y katika 12y - 22 = y.::12y-y=22 -> 11y=22 -> y=2,
2023-JSS001-DRS V,Kumudu matumizi ya stadi za kihisabati (v),Kuonesha uelewa wa hesabu za fedha (v),Kutatua mafumbo ya mauzo na manunuzi,Kubaini faida na hasara katika mauzo,3,Maswali na majibu | Mfano wa vitu halisi,Kuwaongoza Wanafunzi,Mwanafunzi anaweza kutofautisha faida na hasara na kukokotoa kiasi na asilimia yake sahihi kutokana na bei ya kununulia na bei ya kuuzia.,"fedha bandia|bidhaa halisi (chungwa, viatu)|chati ya fomula za faida na hasara|kadi za bei","TET(2023), HISABATI, KITABU CHA MWANAFUNZI, DARASA LA TANO, TET, DAR ES SALAAM","Faida ni ziada inayopatikana baada ya mauzo ya bidhaa. Faida itakuwepo ikiwa bei ya kuuzia ni kubwa kuliko bei ya kununulia, hivyo Faida = Bei ya kuuzia - Bei ya kununulia. Kinyume cha faida ni hasara; hasara itakuwepo ikiwa bei ya kuuzia ni ndogo kuliko bei ya kununulia, hivyo Hasara = Bei ya kununulia - Bei ya kuuzia.","Aina mbili za matokeo ya mauzo: (1) Faida - bei ya kuuzia > bei ya kununulia; (2) Hasara - bei ya kuuzia < bei ya kununulia. Baada ya kupata kiasi cha faida au hasara, asilimia yake hupatikana kwa kuandika kiasi hicho kama sehemu ya bei ya kununulia kisha kuzidisha kwa 100.","Mfano 1: Chungwa lilinunuliwa kwa sh 150 na kuuzwa kwa sh 200. Faida = 200 - 150 = sh 50. Asilimia ya faida = (50/150) x 100 = 33.3%. Mfano 2: Juma alinunua jozi ya viatu kwa sh 25,000 na kuuza kwa sh 16,000. Hasara = 25,000 - 16,000 = sh 9,000. Asilimia ya hasara = (9,000/25,000) x 100 = 36%.","Wafanyabiashara sokoni hutumia hesabu hii kila siku kujua kama biashara zao zinaleta faida au hasara baada ya kuuza bidhaa kama matunda, nguo au vyombo.","Jiko la gesi lilinunuliwa kwa sh 180,000 na kuuzwa kwa sh 225,000. Lilipata faida ya shilingi ngapi na kwa asilimia ngapi?::Faida = 225,000 - 180,000 = sh 45,000. Asilimia ya faida = (45,000/180,000) x 100 = 25%.||Iwapo Halima angeuza kabati lake la vyombo kwa sh 1,200,000, angepata hasara ya sh 240,000. Tafuta thamani (bei ya ununuzi) ya kabati hilo.::Bei ya ununuzi = Bei ya kuuzia + Hasara = 1,200,000 + 240,000 = sh 1,440,000.||Asia alinunua kadi mia mbili za sikukuu kwa sh 3,000 kwa kila kadi, kisha akauza kila kadi kwa sh 3,600. Tafuta faida ya mauzo hayo na asilimia yake.::Bei ya ununuzi jumla = 200 x 3,000 = sh 600,000. Bei ya mauzo jumla = 200 x 3,600 = sh 720,000. Faida = 720,000 - 600,000 = sh 120,000. Asilimia ya faida = (120,000/600,000) x 100 = 20%.",
2023-JSS001-DRS V,Kumudu matumizi ya stadi za kihisabati (v),Kuonesha uelewa wa hesabu za fedha (v),Kutatua mafumbo ya mauzo na manunuzi,Kukokotoa kiasi cha faida au hasara ukipewa asilimia yake,3,Majadiliano ya vikundi | Mazoezi ya kikundi,Kuwaongoza Wanafunzi,Mwanafunzi anaweza kukokotoa kiasi halisi cha fedha cha faida au hasara akipewa gharama/mtaji na asilimia ya faida au hasara.,kadi za asilimia|fedha bandia|kikokotoo|orodha ya bidhaa na bei,"TET(2023), HISABATI, KITABU CHA MWANAFUNZI, DARASA LA TANO, TET, DAR ES SALAAM","Wakati mwingine faida au hasara hutolewa kama asilimia ya bei ya kununulia (gharama/mtaji) badala ya kiasi cha fedha moja kwa moja. Kupata kiasi hicho, tafuta asilimia husika ya bei ya kununulia kwa kutumia fomula: Kiasi = (Asilimia/100) x Bei ya kununulia.","Njia hii hutumika kwa hali mbili: (1) Kupata kiasi cha faida ukijua asilimia ya faida - kama fundi seremala aliyeuza mlango kwa faida ya 10%; (2) Kupata kiasi cha hasara ukijua asilimia ya hasara - kama Amani aliyeuza mbuzi kwa hasara ya 18%. Baada ya kupata kiasi, kinaweza kuongezwa au kutolewa kwenye gharama ili kupata jumla ya fedha iliyopatikana.","Mfano 3: Fundi seremala alitengeneza mlango kwa gharama ya sh 250,000 na kuuuza kwa faida ya 10%. Faida = (10/100) x 250,000 = sh 25,000. Jumla ya fedha aliyopata = 250,000 + 25,000 = sh 275,000. Mfano 4: Amani alinunua mbuzi 40 kwa sh 3,200,000 na kuuuza kwa hasara ya 18%. Hasara = (18/100) x 3,200,000 = sh 576,000. Fedha aliyopata baada ya mauzo = 3,200,000 - 576,000 = sh 2,624,000.",Wafanyabiashara wa nafaka na mazao sokoni hupanga bei za mauzo kwa kuzingatia asilimia ya faida wanayotaka kupata juu ya gharama waliyotumia kununua bidhaa hizo.,"Mfanyabiashara alinunua guna 1 la maharage kwa sh 240,000 na akapanga kupata faida ya 20%. Alipata faida ya shilingi ngapi?::Faida = (20/100) x 240,000 = sh 48,000.||Mfanyabiashara alinunua guna 1 la mchele kwa sh 165,200 na akapanga kupata faida ya 18%. Alipata faida ya shilingi ngapi?::Faida = (18/100) x 165,200 = sh 29,736.||Doto alipata hasara kwa kutozwa faini ya 12% ya mtaji wake wa sh 8,800,000 kwa kuuzia bidhaa bila kutoa risiti. Alipata hasara ya shilingi ngapi?::Hasara = (12/100) x 8,800,000 = sh 1,056,000.",
2023-JSS001-DRS V,Kumudu matumizi ya stadi za kihisabati (v),Kuonesha uelewa wa hesabu za fedha (v),Kutatua mafumbo ya mauzo na manunuzi,Kutafuta bei ya kuuzia au bei ya kununulia ukijua asilimia ya faida/hasara,3,Mfano wa vitu halisi | Maswali na majibu,Kuwaongoza Wanafunzi,"Mwanafunzi anaweza kutafuta bei ya kuuzia akijua bei ya kununulia na asilimia ya faida/hasara, na kutafuta bei ya kununulia akijua bei ya kuuzia na asilimia ya faida/hasara kwa kutumia hesabu za aljebra rahisi.",chati ya fomula|fedha bandia|ubao na chaki|kadi za mazoezi,"TET(2023), HISABATI, KITABU CHA MWANAFUNZI, DARASA LA TANO, TET, DAR ES SALAAM","Bei ya kuuzia hupatikana kwa kuongeza faida (au kutoa hasara) kwenye bei ya kununulia. Bei ya kununulia isipojulikana moja kwa moja, huwakilishwa kwa herufi kama x kisha hesabu ya aljebra hutumika kuipata, kama inavyoonyeshwa kwenye Mfano wa tano wa kitabu.","Aina mbili: (1) Kutafuta bei ya kuuzia - Bei ya kuuzia = Bei ya kununulia +- (Asilimia x Bei ya kununulia); (2) Kutafuta bei ya kununulia (x) ukijua bei ya kuuzia na asilimia ya hasara/faida - hutumia mlinganyo, mfano hasara: 0.2x = x - Bei ya kuuzia, hivyo 0.8x = Bei ya kuuzia, kisha x hupatikana kwa kugawanya.","Mfano 5: Bei ya kuuzia bidhaa ni sh 2,100,000, ikiwa iliuzwa kwa hasara ya 20%. Bei ya kununulia x: Hasara = 0.2x, hivyo 0.2x = x - 2,100,000, yaani 0.8x = 2,100,000, hivyo x = 2,100,000/0.8 = sh 2,625,000. Mfano mwingine: kitabu chenye bei ya kununulia sh 15,000 kikiuzwa kwa faida ya 5%: Faida = (5/100) x 15,000 = sh 750, hivyo bei ya kuuzia = 15,000 + 750 = sh 15,750.","Muuzaji wa maduka anapopanga bei za kuuzia bidhaa alizonunua jumla, hutumia asilimia ya faida anayotarajia kupata ili kuweka bei sahihi ya rejareja.","Tafuta bei ya kuuzia kitabu iwapo bei ya kununulia ilikuwa sh 15,000 na kitauzwa kwa faida ya 5%.::Faida = (5/100) x 15,000 = sh 750. Bei ya kuuzia = 15,000 + 750 = sh 15,750.||Tafuta bei ya kuuzia kitabu iwapo bei ya kununulia ilikuwa sh 9,000 na kitauzwa kwa hasara ya 10%.::Hasara = (10/100) x 9,000 = sh 900. Bei ya kuuzia = 9,000 - 900 = sh 8,100.||Tafuta bei ya kununulia bidhaa iwapo bei ya kuuzia ilikuwa sh 16,000 na iliuzwa kwa hasara ya 20%.::Ikiwa bei ya kununulia ni x: 0.2x = x - 16,000, hivyo 0.8x = 16,000, x = 16,000/0.8 = sh 20,000.",
2023-JSS001-DRS V,Kumudu matumizi ya stadi za kihisabati (v),Kuonesha uelewa wa hesabu za fedha (v),Kutatua mafumbo ya mauzo na manunuzi,Kuandaa na kutumia ankara katika manunuzi ya kila siku,3,Mfano wa vitu halisi | Mazoezi ya kikundi,Kuwaongoza Wanafunzi,"Mwanafunzi anaweza kuandaa ankara sahihi ya manunuzi yenye safu za mahitaji na matumizi, kukokotoa jumla ya matumizi, na kupata kiasi cha fedha kilichobaki.",risiti halisi|matangazo ya bei ya maduka|fedha bandia|jedwali la ankara lililochorwa ubaoni,"TET(2023), HISABATI, KITABU CHA MWANAFUNZI, DARASA LA TANO, TET, DAR ES SALAAM","Ankara ni orodha ya vitu vilivyouzwa au vilivyonunuliwa na bei zake. Ankara hutumika kutunza kumbukumbu ya mahitaji, matumizi, mauzo na mapato katika muda fulani. Alama inayotumika kuandika ankara ni @ ikiwakilisha maneno 'kila kimoja', huandikwa kati ya idadi ya bidhaa na bei ya bidhaa hiyo.",Hatua za kuandaa ankara: (1) Orodhesha kila kipengele cha mahitaji pamoja na idadi na bei ya kila kimoja (@); (2) Kokotoa matumizi ya kila kipengele kwa kuzidisha idadi na bei ya kila kimoja; (3) Jumlisha matumizi yote kupata Jumla; (4) Toa Jumla kutoka kwenye fedha zilizokuwepo (au mapato) kupata kiasi kilichobaki au akiba.,"Mfano 1: Tarehe 3 Desemba 2025, Aneth alipewa sh 23,000 kununua: soksi jozi 2 @ sh 1,200 = 2,400; madaftari 10 @ sh 600 = 6,000; kalamu 15 @ sh 250 = 3,750; penseli 5 @ sh 100 = 500; vifutio 4 @ sh 150 = 600. Jumla = sh 13,250. Alibakiwa na 23,000 - 13,250 = sh 9,750. Mfano 2: Tumaini alipokea mshahara wa sh 134,000 na kununua sukari, mafuta, unga na mchele kwa jumla ya matumizi sh 38,200. Akiba yake = 134,000 - 38,200 = sh 95,800.",Familia hutumia ankara kufuatilia matumizi ya soko ya kila siku au ya mwezi ili kujua fedha zilizotumika na zilizobaki kabla ya mshahara mwingine.,"Rose alipewa sh 23,000 tarehe 18 Machi 2025. Alinunua maziwa lita 2 @ sh 1,500, maharage kg 2 @ sh 2,500, na mayai 2 @ sh 7,500. Andika ankara na utafute jumla ya matumizi.::Maziwa = 2 x 1,500 = sh 3,000; Maharage = 2 x 2,500 = sh 5,000; Mayai = 2 x 7,500 = sh 15,000. Jumla ya matumizi = 3,000 + 5,000 + 15,000 = sh 23,000.||John alipewa sh 20,000 tarehe 20 Mei 2025 kununua: brashi 2 za viatu @ sh 400, sabuni vipande 3 @ sh 250, vocha 3 za simu @ sh 500, soda 10 @ sh 500, na unga wa sembe kg 5 @ sh 1,000. Tafuta jumla ya matumizi na kiasi kilichobaki.::Brashi = 800; Sabuni = 750; Vocha = 1,500; Soda = 5,000; Unga = 5,000. Jumla ya matumizi = sh 13,050. Kilichobaki = 20,000 - 13,050 = sh 6,950.||Tarehe 4 Septemba 2023, Subira alinunua khanga doti 2 @ sh 7,500, viatu jozi 1 @ sh 14,000, soksi jozi 3 @ sh 1,500, dawa ya viatu makopo 3 @ sh 2,000 na vocha 2 za simu @ sh 1,000. Alikuwa na sh 100,000. Alibakiwa na kiasi gani cha fedha?::Khanga = 15,000; Viatu = 14,000; Soksi = 4,500; Dawa = 6,000; Vocha = 2,000. Jumla ya matumizi = sh 41,500. Alibakiwa na 100,000 - 41,500 = sh 58,500.",
2023-JSS001-DRS III,Kumudu Misingi ya awali ya kihisabati (iii),Kuonesha uelewa wa dhana ya namba (iii),Kubaini thamani ya tarakimu katika namba nzima zenye tarakimu zaidi ya moja,Kubaini thamani ya nafasi ya tarakimu katika namba nzima zenye tarakimu nne,6,Mfano wa vitu halisi,Kuwaongoza Wanafunzi,Thamani ya nafasi ya kila tarakimu katika namba nzima yenye tarakimu nne imebainishwa kwa usahihi,Kadi za tarakimu 1 hadi 9 na 0|Chati ya thamani ya nafasi|Sinia la namba,"TET(2023), HISABATI, KITABU CHA MWANAFUNZI, DARASA LA TATU, TET, DAR ES SALAAM","Kila nafasi ya tarakimu katika namba nzima ina thamani yake maalum, na thamani hiyo huongezeka kutoka kulia kuelekea kushoto. Mwanafunzi hujifunza kutambua jina la kila nafasi kabla ya kubaini tarakimu iliyopo humo.","Nafasi ya kwanza kutoka kulia huwakilisha mamoja, ya pili makumi, ya tatu mamia na ya nne maelfu. Kwa mfano katika namba 1364: tarakimu 4 ni mamoja, 6 ni makumi, 3 ni mamia na 1 ni maelfu. Vivyo hivyo katika 6948: 8 ni mamoja, 4 ni makumi, 9 ni mamia na 6 ni maelfu.","Mfano: namba yenye maelfu 5, mamia 4, makumi 6 na mamoja 3 ni 5463. Vilevile namba 4628 ina mamoja 8, makumi 2, mamia 6 na maelfu 4.",Uwezo wa kubaini thamani ya nafasi ya tarakimu humsaidia mwanafunzi kusoma namba za fedha anazopokea nyumbani na kuelewa vipimo vinavyotumika sokoni.,"Katika namba 1364, tarakimu 6 ipo katika thamani ya nafasi gani?::Makumi||Katika namba 6948, tarakimu 9 ipo katika thamani ya nafasi gani?::Mamia||Katika namba 9825, ni tarakimu ipi ipo katika thamani ya nafasi ya maelfu?::9||Katika 7029, ni tarakimu ipi ipo katika thamani ya nafasi ya mamia?::0",place_value_chart
2023-JSS001-DRS III,Kumudu Misingi ya awali ya kihisabati (iii),Kuonesha uelewa wa dhana ya namba (iii),Kubaini thamani ya tarakimu katika namba nzima zenye tarakimu zaidi ya moja,Kutumia abakasi kubaini thamani ya nafasi ya tarakimu katika namba nzima,5,Mfano wa nyenzo,Kuwaongoza Wanafunzi,Thamani ya nafasi ya tarakimu iliyowakilishwa na abakasi imebainishwa kwa usahihi,Abakasi|Vihesabio|Kadi za tarakimu,"TET(2023), HISABATI, KITABU CHA MWANAFUNZI, DARASA LA TATU, TET, DAR ES SALAAM",Thamani ya nafasi ya tarakimu katika namba nzima inaweza kubainishwa kwa kutumia abakasi kwa kuweka vihesabio katika kila fito inayowakilisha nafasi husika.,"Baada ya wanafunzi kuunda namba nzima kwa kutumia vihesabio katika abakasi, wanahesabu idadi ya vihesabio katika kila fito kuanzia mamoja hadi maelfu ili kubaini namba iliyowakilishwa. Kwa mfano abakasi yenye vihesabio 4 kwenye fito ya maelfu, 2 mamia, 6 makumi na 3 mamoja inawakilisha namba 4263.","Abakasi yenye maelfu 5, mamia 0, makumi 8 na mamoja 0 inawakilisha namba 5080. Abakasi yenye maelfu 6, mamia 0, makumi 0 na mamoja 4 inawakilisha namba 6004.",Matumizi ya abakasi humsaidia mwanafunzi kuelewa jinsi maduka na benki zinavyotumia vifaa vya kuhesabu kubaini kiasi cha fedha au bidhaa.,"Abakasi ina vihesabio 4 fito ya maelfu, 2 mamia, 6 makumi na 3 mamoja. Namba gani inawakilishwa?::4263||Abakasi ina vihesabio 5 fito ya maelfu, 0 mamia, 8 makumi na 0 mamoja. Namba gani inawakilishwa?::5080||Tumia abakasi kuwakilisha namba 4279, kisha andika thamani ya nafasi ya kila tarakimu.::Maelfu 4, mamia 2, makumi 7, mamoja 9",
2023-JSS001-DRS III,Kumudu Misingi ya awali ya kihisabati (iii),Kuonesha uelewa wa dhana ya namba (iii),Kubaini thamani ya tarakimu katika namba nzima zenye tarakimu zaidi ya moja,Kubaini thamani halisi ya tarakimu katika namba nzima,5,Mfano wa vitu halisi,Kuwaongoza Wanafunzi,Thamani halisi ya tarakimu katika namba nzima imebainishwa kwa usahihi kulingana na nafasi yake,Kadi za tarakimu|Chati ya thamani ya tarakimu,"TET(2023), HISABATI, KITABU CHA MWANAFUNZI, DARASA LA TATU, TET, DAR ES SALAAM",Thamani ya tarakimu katika namba nzima huongezeka kutoka kulia kuelekea kushoto na hupatikana kwa kuzingatia nafasi ya tarakimu husika katika namba.,"Kwa mfano katika namba 9672: thamani ya 2 ni 2, thamani ya 7 ni 70, thamani ya 6 ni 600 na thamani ya 9 ni 9000. Vilevile katika namba 8794, thamani ya 8 ni 8000 na thamani ya 9 ni 90.","Katika namba 4612, thamani ya nafasi ya tarakimu 6 ni mamia, na thamani ya tarakimu 4 ni 4000. Katika namba 7985, tarakimu 7 ipo nafasi ya maelfu na thamani yake ni 7000.",Kutambua thamani ya tarakimu humsaidia mwanafunzi kuelewa thamani halisi ya bei za bidhaa au kiasi cha fedha anachotumia au kupokea.,"Andika thamani ya tarakimu 9 katika namba 9672.::9000||Andika thamani ya tarakimu 6 katika namba 9672.::600||Katika namba 4612, thamani ya tarakimu 4 ni ngapi?::4000||Andika thamani ya tarakimu 5 katika namba 5672.::5000",
2023-JSS001-DRS III,Kumudu Misingi ya awali ya kihisabati (iii),Kuonesha uelewa wa dhana ya namba (iii),Kubaini thamani ya tarakimu katika namba nzima zenye tarakimu zaidi ya moja,Kufafanua namba nzima katika thamani za tarakimu,5,Majadiliano ya vikundi,Kuwaongoza Wanafunzi,Namba nzima zimefafanuliwa kwa usahihi katika thamani za tarakimu na kuandikwa kwa kifupi,Kadi za namba|Chati ya thamani za tarakimu,"TET(2023), HISABATI, KITABU CHA MWANAFUNZI, DARASA LA TATU, TET, DAR ES SALAAM","Kufafanua namba nzima ni kuandika namba katika thamani za tarakimu zake na kuzijumlisha, utaratibu unaoonesha thamani ya kila tarakimu katika namba hiyo.","Kwa mfano namba 9732 inapofafanuliwa huandikwa 9000 + 700 + 30 + 2, na namba 5080 huandikwa 5000 + 0 + 80 + 0. Vilevile jumla ya thamani za tarakimu inaweza kuandikwa kwa kifupi, mfano 4000 + 500 + 30 + 1 ni sawa na 4531.",Namba 3334 = 3000 + 300 + 30 + 4. Jumla 9000 + 700 + 0 + 2 ikiandikwa kwa kifupi ni 9702.,"Kufafanua namba humsaidia mwanafunzi kuelewa jinsi bei za bidhaa madukani zinavyoundwa na maelfu, mamia, makumi na mamoja ya fedha.",Fafanua namba 9732.::9732 = 9000 + 700 + 30 + 2||Andika kwa kifupi 4000 + 500 + 30 + 1.::4531||Andika kwa kifupi 9000 + 800 + 70 + 2.::9872||Fafanua namba 7889.::7889 = 7000 + 800 + 80 + 9,
2023-JSS001-DRS III,Kumudu Misingi ya awali ya kihisabati (iii),Kuonesha uelewa wa dhana ya namba (iii),Kusoma na kuandika namba nzima zenye tarakimu zaidi ya moja,Kusoma namba nzima zenye tarakimu nne kwa maneno,6,Majadiliano ya vikundi,Kuwaongoza Wanafunzi,Namba nzima zenye tarakimu nne zimesomwa kwa maneno kwa usahihi,Kadi za namba|Chati ya namba,"TET(2023), HISABATI, KITABU CHA MWANAFUNZI, DARASA LA TATU, TET, DAR ES SALAAM","Kusoma namba nzima hutegemea wingi wa tarakimu katika namba husika. Mwanafunzi huanza kwa kubainisha mamoja, makumi, mamia na maelfu kisha husoma kuanzia tarakimu iliyopo kwenye thamani ya nafasi kubwa kuliko zote.","Kwa mfano namba 1001 husomwa elfu moja na moja, na 1086 husomwa elfu moja na themanini na sita. Vilevile namba 1350 husomwa elfu moja mia tatu hamsini, na 9540 husomwa elfu tisa mia tano arobaini.",Namba 9998 husomwa elfu tisa mia tisa tisini na nane. Namba 1100 husomwa elfu moja na mia moja.,"Kusoma namba nzima kwa usahihi humsaidia mwanafunzi kusoma bei za bidhaa, namba za nyumba na idadi ya watu inayotangazwa kwenye vyombo vya habari.",Soma namba 1001 kwa maneno.::Elfu moja na moja||Soma namba 1350 kwa maneno.::Elfu moja mia tatu hamsini||Soma namba 9540 kwa maneno.::Elfu tisa mia tano arobaini||Soma namba 9700 kwa maneno.::Elfu tisa mia saba,
2023-JSS001-DRS III,Kumudu Misingi ya awali ya kihisabati (iii),Kuonesha uelewa wa dhana ya namba (iii),Kusoma na kuandika namba nzima zenye tarakimu zaidi ya moja,Kuandika namba nzima kwa numerali na kwa maneno,6,Majadiliano ya vikundi,Kuwaongoza Wanafunzi,Namba nzima zimeandikwa kwa usahihi kwa numerali na kwa maneno,Kadi za namba|Orodha hakiki,"TET(2023), HISABATI, KITABU CHA MWANAFUNZI, DARASA LA TATU, TET, DAR ES SALAAM","Namba nzima huandikwa kuanzia kushoto kwenda kulia kwa kuzingatia thamani ya nafasi ya tarakimu, iwe kwa numerali au kwa maneno.","Kwa mfano namba 1018 huandikwa kwa maneno elfu moja na kumi na nane, na namba 4216 huandikwa elfu nne mia mbili kumi na sita. Kinyume chake, 'elfu tatu mia moja hamsini na tano' huandikwa kwa numerali 3155.",'Elfu tisa mia nne kumi na mbili' huandikwa kwa numerali 9412. Namba 1010 huandikwa kwa maneno elfu moja na kumi.,"Kuandika namba kwa usahihi humsaidia mwanafunzi kujaza fomu, kuandika bei za bidhaa na kuandika namba za simu au anwani kwa usahihi.",Andika kwa numerali: Elfu tatu mia moja hamsini na tano.::3155||Andika kwa maneno namba 4216.::Elfu nne mia mbili kumi na sita||Andika kwa numerali: Elfu tisa mia nne kumi na mbili.::9412||Andika kwa maneno namba 1010.::Elfu moja na kumi,
2023-JSS001-DRS III,Kumudu Misingi ya awali ya kihisabati (iii),Kuonesha uelewa wa dhana ya namba (iii),Kusoma na kuandika namba nzima zenye tarakimu zaidi ya moja,Kusoma na kuandika namba nzima zinazozidi elfu kumi,6,Mfano wa vitu halisi,Kuwaongoza Wanafunzi,Namba nzima zinazozidi elfu kumi zimesomwa na kuandikwa kwa usahihi kwa kubainisha thamani ya nafasi ya kila tarakimu,Kadi za namba|Chati ya thamani ya nafasi,"TET(2023), HISABATI, KITABU CHA MWANAFUNZI, DARASA LA TATU, TET, DAR ES SALAAM","Ili kusoma na kuandika namba nzima zinazozidi elfu kumi kwa urahisi, mwanafunzi huanza kwa kubaini thamani ya nafasi ya kila tarakimu katika namba husika.","Kwa mfano namba 61270 ina makumi elfu 6, maelfu 1, mamia 2, makumi 7 na mamoja 0, hivyo huandikwa sitini na moja elfu mia mbili sabini. Namba 876543 huandikwa mia nane sabini na sita elfu mia tano arobaini na tatu.",Namba 24765 ikifafanuliwa ni 20000 + 4000 + 700 + 60 + 5. 'Kumi na tatu elfu mia moja hamsini na tano' huandikwa kwa numerali 13155.,"Ustadi huu humsaidia mwanafunzi kusoma na kuandika idadi kubwa za watu, mavuno ya mazao au umbali kati ya miji kama unavyoripotiwa kwenye vyombo vya habari.",Andika namba 61270 kwa maneno.::Sitini na moja elfu mia mbili sabini||Andika namba 876543 kwa maneno.::Mia nane sabini na sita elfu mia tano arobaini na tatu||Andika kwa numerali: Kumi na tatu elfu mia moja hamsini na tano.::13155||Fafanua namba 24765.::24765 = 20000 + 4000 + 700 + 60 + 5,
2023-JSS001-DRS III,Kumudu Misingi ya awali ya kihisabati (iii),Kuonesha uelewa wa dhana ya namba (iii),"Kulinganisha namba nzima kwa kutumia alama =, < na >","Kulinganisha namba nzima kwa kutumia alama =, < na >",5,Mfano wa vitu halisi,Kuwaongoza Wanafunzi,"Namba nzima zimelinganishwa kwa usahihi kwa kutumia alama sahihi za =, < na >",Kadi za namba|Kadi za manila,"TET(2023), HISABATI, KITABU CHA MWANAFUNZI, DARASA LA TATU, TET, DAR ES SALAAM","Namba nzima zinaweza kulinganishwa iwapo zipo sawa, kubwa kuliko au ndogo kuliko nyingine. Usawa huoneshwa kwa alama (=), 'kubwa kuliko' kwa alama (>) na 'ndogo kuliko' kwa alama (<).","Kwa mfano 8900 > 8090 kwa sababu 8900 ni kubwa kuliko 8090, na 3220 = 3220 kwa sababu tarakimu zote zinafanana. Vilevile 3240 < 3420 na 715 > 517.","Katika mtihani wa Hisabati, Tony alipata alama 91, John alama 78 na Emma alama 85. Kutumia alama ya ndogo kuliko (<), alama za John ni ndogo kuliko za Tony: 78 < 91.","Kulinganisha namba humsaidia mwanafunzi kulinganisha bei za bidhaa mbili sokoni ili kuchagua iliyo nafuu, au kulinganisha alama za mtihani kati ya wanafunzi wawili.","Linganisha namba 8900 na 8090 kwa kutumia alama <, = au >.::8900 > 8090||Linganisha namba 3220 na 3220 kwa kutumia alama <, = au >.::3220 = 3220||Linganisha namba 2968 na 8962 kwa kutumia alama <, = au >.::2968 < 8962||Tumia alama ya ndogo kuliko (<) kulinganisha alama za Tony (91) na John (78).::78 < 91",
2023-JSS001-DRS III,Kumudu Misingi ya awali ya kihisabati (iii),Kuonesha uelewa wa dhana ya namba (iii),Kubaini mfuatano katika namba nzima,Kubaini mfuatano wa namba nzima unaoongezeka,4,Majadiliano ya vikundi,Kuwaongoza Wanafunzi,Mfuatano wa namba nzima unaoongezeka umebainishwa kwa kufuata utaratibu maalum wa kujumlisha,Kadi za namba|Vizibo,"TET(2023), HISABATI, KITABU CHA MWANAFUNZI, DARASA LA TATU, TET, DAR ES SALAAM","Mfululizo wa namba nzima unaozingatia mpangilio maalum hujulikana kama mfuatano. Katika mfuatano unaoongezeka, namba inayofuata hupatikana kwa kujumlisha namba fulani kwenye namba iliyotangulia.","Kwa mfano katika mfuatano 1, 4, 7, 10, 13, 16, 19, namba inayofuata hupatikana kwa kujumlisha 3: 19 + 3 = 22, kisha 22 + 3 = 25. Vivyo hivyo katika mfuatano 1, 3, 5, 7, 9, tunajumlisha 2 kila hatua kupata 11, 13.","Fungu A lina vizibo 2, Fungu B vizibo 5 na Fungu C vizibo 8, hivyo mfuatano ni 2, 5, 8, na fungu linalofuata litakuwa na vizibo 11 (8 + 3 = 11).",Kubaini mfuatano unaoongezeka humsaidia mwanafunzi kuelewa mfumo wa namba za nyumba mtaani au ongezeko la bei ya bidhaa linaloongezeka kwa kiasi sawa kila mara.,"Jaza namba zinazofuata: 1, 4, 7, 10, 13, 16, 19, ___, ___.::22, 25||Jaza namba zinazofuata: 1, 3, 5, 7, 9, ___, ___.::11, 13||Andika namba tatu zinazofuata: 0, 2, 4, 6, ___, ___, ___.::8, 10, 12||Andika namba tatu zinazofuata: 2, 6, 10, 14, 18, ___, ___, ___.::22, 26, 30",
2023-JSS001-DRS III,Kumudu Misingi ya awali ya kihisabati (iii),Kuonesha uelewa wa dhana ya namba (iii),Kubaini mfuatano katika namba nzima,Kubaini mfuatano wa namba nzima unaopungua,4,Majadiliano ya vikundi,Kuwaongoza Wanafunzi,Mfuatano wa namba nzima unaopungua umebainishwa kwa kufuata utaratibu maalum wa kutoa,Kadi za namba|Vizibo,"TET(2023), HISABATI, KITABU CHA MWANAFUNZI, DARASA LA TATU, TET, DAR ES SALAAM","Katika mfuatano unaopungua, namba inayofuata hupatikana kwa kutoa namba fulani kutoka namba iliyotangulia, tofauti na mfuatano unaoongezeka.","Kwa mfano katika mfuatano 25, 23, 21, tunatoa 2 kila hatua kupata 19, 17. Vilevile mfuatano 750, 600, 450, 300, 150 hupatikana kwa kutoa 150 kila hatua hadi kufikia 0.","Katika mfuatano 45, 41, 37, 33, namba inayofuata hupatikana kwa kutoa 4: 33 - 4 = 29. Mfuatano kamili ni 45, 41, 37, 33, 29.",Kubaini mfuatano unaopungua humsaidia mwanafunzi kuelewa upunguaji wa bei za bidhaa dukani au kupungua kwa kiasi cha maji kwenye tanki kila siku kwa kiwango sawa.,"Jaza namba zinazofuata: 25, 23, 21, ___, ___.::19, 17||Jaza namba inayofuata: 750, 600, 450, 300, 150, ___.::0||Jaza namba inayokosekana: 45, 41, 37, 33, ___.::29||Andika namba tatu zinazofuata: 14, 12, 10, 8, ___, ___, ___.::6, 4, 2",
2023-JSS001-DRS III,Kumudu Misingi ya awali ya kihisabati (iii),Kuonesha uelewa wa matendo ya namba (iii),Kujumlisha na kutoa namba nzima,Kujumlisha namba nzima bila kubadili kwa ulalo,3,"Maelezo, maonesho na mazoezi",Kuwaongoza Wanafunzi,Mwanafunzi aeleze na kujumlisha namba nzima kwa ulalo bila kubadili kwa usahihi.,Kadi za namba|Chati ya thamani ya nafasi|Ubao wa matangazo,"TET(2023), HISABATI, KITABU CHA MWANAFUNZI, DARASA LA TATU, TET, DAR ES SALAAM","Mwalimu awakumbushe wanafunzi kuwa unapojumlisha namba nzima ni lazima kuzingatia thamani ya nafasi ya kila tarakimu: mamoja, makumi, mamia, maelfu na kuendelea. Aeleze kuwa katika somo hili kujumlisha kutafanyika kwa mpangilio wa ulalo bila kubadili (bila 'kubeba').","Kwa kutumia Mfano wa 1 (3246 + 2312), mwalimu aoneshe jinsi ya kupanga namba kwa kuzingatia maelfu, mamia, makumi na mamoja kisha kujumlisha kila nafasi kuanzia mamoja kwenda maelfu, akipata jibu 5558. Aendelee na Mfano wa 2 (68942 + 30051 = 98993) na Mfano wa 3 (352411 + 136587 = 488998) akisisitiza hatua za kujumlisha tarakimu kutoka kulia kuelekea kushoto bila kubadili nafasi yoyote.","Mwalimu achore jedwali lenye safu za Maelfu, Mamia, Makumi na Mamoja ubaoni kama kitabu kinavyoonesha, kisha aandike namba za mfano ndani ya safu hizo ili wanafunzi waone jinsi kila tarakimu inavyojumlishwa na mwenzake wa nafasi ile ile.","Mwalimu aeleze kuwa ujuzi huu unatumika wanapohesabu jumla ya vitu nyumbani, sokoni au dukani, kwa mfano kujumlisha idadi ya vitabu au bidhaa bila kuhitaji kubadili nafasi.",4561 + 17 =::4578||9111 + 888 =::9999||705 + 1261 =::1966||2016 + 2161 =::4177,place_value_chart
2023-JSS001-DRS III,Kumudu Misingi ya awali ya kihisabati (iii),Kuonesha uelewa wa matendo ya namba (iii),Kujumlisha na kutoa namba nzima,Kujumlisha namba nzima bila kubadili kwa wima,3,"Maelezo, maonesho na mazoezi",Kuwaongoza Wanafunzi,Mwanafunzi apange na kujumlisha namba nzima kwa wima bila kubadili kwa usahihi.,Kadi za namba|Ubao wa thamani ya nafasi|Chaki na ubao,"TET(2023), HISABATI, KITABU CHA MWANAFUNZI, DARASA LA TATU, TET, DAR ES SALAAM","Mwalimu aeleze kuwa namba pia zinaweza kujumlishwa kwa mpangilio wa wima, ambapo namba hupangwa moja chini ya nyingine kwa kuzingatia thamani ya nafasi ya kila tarakimu kabla ya kujumlisha kuanzia mamoja.","Kwa kutumia Mfano wa 1 (6118 + 1211), mwalimu aoneshe hatua za kujumlisha mamoja (8+1=9), makumi (1+1=2), mamia (1+2=3) na maelfu (6+1=7) hadi kupata jibu 7329. Aendelee na Mfano wa 2 (45248 + 20231 = 65479) na Mfano wa 3 (162792 + 531203 = 693995) pamoja na Mfano wa 4 (1222221 + 777777 = 1999998) akisisitiza kupanga tarakimu sawasawa kwa wima.","Mwalimu aandike namba kwa wima ubaoni, safu moja chini ya nyingine, akioneshe mstari wa kujumlishia chini na jibu, sawa na mpangilio ulioonekana katika Mfano wa 3 wenye jedwali la Mamia Elfu hadi Mamoja.","Mwalimu atoe mfano wa maisha halisi kama kujumlisha idadi ya wanafunzi wa madarasa mawili kwa kuandika namba moja chini ya nyingine kabla ya kujumlisha, jambo linalofanana na jinsi wafanyabiashara wanavyojumlisha mapato ya siku mbili.",4612 + 1321 =::5933||3592 + 401 =::3993||2227 + 12 =::2239||4350 + 5646 =::9996,place_value_chart
2023-JSS001-DRS III,Kumudu Misingi ya awali ya kihisabati (iii),Kuonesha uelewa wa matendo ya namba (iii),Kujumlisha na kutoa namba nzima,Kujumlisha namba nzima kwa kubadili kwa ulalo,3,"Maelezo, maonesho na mazoezi",Kuwaongoza Wanafunzi,Mwanafunzi ajumlishe namba nzima kwa ulalo kwa kubadili (kubeba) kwa usahihi.,Kadi za namba|Chati ya thamani ya nafasi|Ubao wa matangazo,"TET(2023), HISABATI, KITABU CHA MWANAFUNZI, DARASA LA TATU, TET, DAR ES SALAAM","Mwalimu aeleze kuwa wakati mwingine jumla ya tarakimu za nafasi moja huzidi 9, hivyo inabidi 'kubadili' sehemu ya jibu kuwa nafasi inayofuata (kwa mfano mamoja 10 kuwa makumi 1) kabla ya kuendelea kujumlisha.","Kwa Mfano wa 1 (6327 + 3496), mwalimu aoneshe kuwa 7+6=13 hivyo 3 huandikwa kwenye mamoja na makumi 1 hupelekwa kwenye nafasi ya makumi, mchakato huu ukiendelea hadi kupata jibu 9823. Aendelee na Mfano wa 2 (58271 + 32989 = 91260) na Mfano wa 3 (472395 + 134826 = 607221) akisisitiza kupeleka (kubeba) nafasi inayofuata kila jumla inapozidi 9.","Mwalimu aoneshe kwa kadi za namba jinsi mamoja 10 yanavyobadilishwa kuwa fungu moja la makumi na kupelekwa kwenye nafasi ya makumi, akitumia hatua zilizoainishwa katika Mfano wa 2 wa kitabu.","Mwalimu aeleze kuwa ujuzi huu unahitajika mfanyabiashara anapojumlisha mapato ya siku mbili yanayozidi mamia au maelfu, hali inayohitaji kubadili nafasi mara kwa mara.",7256 + 1796 =::9052||7531 + 1929 =::9460||8595 + 914 =::9509||4513 + 3299 =::7812,place_value_chart
2023-JSS001-DRS III,Kumudu Misingi ya awali ya kihisabati (iii),Kuonesha uelewa wa matendo ya namba (iii),Kujumlisha na kutoa namba nzima,Kujumlisha namba nzima kwa kubadili kwa wima,3,"Maelezo, maonesho, mjadala na mazoezi",Kuwaongoza Wanafunzi,Mwanafunzi ajumlishe namba nzima kwa wima kwa kubadili na atumie njia mbadala kujumlisha kwa urahisi.,Kadi za namba|Ubao wa thamani ya nafasi|Chaki na ubao,"TET(2023), HISABATI, KITABU CHA MWANAFUNZI, DARASA LA TATU, TET, DAR ES SALAAM","Mwalimu aeleze kuwa kanuni ya kubadili inatumika pia kwenye ujumlishaji wa wima: jumla ya nafasi moja inapozidi 9, sehemu yake hupelekwa (kubebwa) kwenye nafasi inayofuata upande wa kushoto.","Kwa Mfano wa 1 (2361 + 3899), mwalimu aoneshe hatua za kubadili mamoja 10 kuwa makumi 1, makumi 10 kuwa mamia 1 na mamia 10 kuwa maelfu 1 hadi kupata jibu 6260, na Mfano wa 2 (228186 + 374899 = 603085). Pia aoneshe njia mbadala za Ali, Rose na Dule za kujumlisha 2792 + 1213 kwa kuvunja namba kulingana na thamani ya nafasi, zote zikitoa jibu 4005.","Mwalimu achore mchoro wa wima wa Mfano wa 1 ubaoni akionesha namba ndogo ya '1' inayobebwa juu ya kila safu, kama ilivyoonekana kwenye hatua za kitabu, ili wanafunzi waone wazi mchakato wa kubadili.","Mwalimu aeleze kuwa njia za Ali, Rose na Dule za kuvunja namba zinawasaidia watu kukokotoa kwa akili wanaponunua bidhaa madukani bila kalkuleta, kwa kujumlisha maelfu, mamia, makumi na mamoja kwa kujitegemea.",6027 + 1784 =::7811||57336 + 12217 =::69553||48289 + 3457 =::51746||2792 + 1213 =::4005,place_value_chart
2023-JSS001-DRS III,Kumudu Misingi ya awali ya kihisabati (iii),Kuonesha uelewa wa matendo ya namba (iii),Kujumlisha na kutoa namba nzima,Kutatua mafumbo yenye dhana ya kujumlisha namba nzima,3,"Maelezo, mjadala na mazoezi ya kutatua mafumbo",Kuwaongoza Wanafunzi,"Mwanafunzi atafsiri tatizo la maneno, alichague tendo la kujumlisha na akokotoe jibu sahihi kwa usahihi.",Kadi za namba|Picha za matukio halisi|Chaki na ubao,"TET(2023), HISABATI, KITABU CHA MWANAFUNZI, DARASA LA TATU, TET, DAR ES SALAAM","Mwalimu aeleze hatua za kufumbua mafumbo yenye dhana ya kujumlisha: kwanza kutafsiri maelezo kupata tendo litakalotumika, kisha kuchambua kupata hesabu inayohusika, na baada ya kukokotoa kurejea swali na kujibu kwa maneno.","Kwa Mfano wa 1, kiwanda kilinunua ng'ombe 137,527 mwaka juzi na ng'ombe 222,062 mwaka jana, hivyo jumla ni 137527 + 222062 = 359,589. Kwa Mfano wa 2, mbugani kuna pundamilia 78,696 na nyati 2,323, hivyo jumla ya wanyama ni 78696 + 2323 = 81,019; mwalimu asisitize kila mara kuandika sentensi ya jibu kamili kama kitabu kinavyofanya.","Mwalimu aandike ubaoni majedwali mawili ya Mfano wa 1 na Mfano wa 2 yenye maneno 'Idadi ya...' na 'Jumla ya...' kama yalivyopangwa kitabuni, ili wanafunzi wafuate mtiririko wa kutafsiri tatizo kabla ya kukokotoa.","Mwalimu atoe mifano ya maisha halisi ya wafugaji na wakulima wanaohitaji kujumlisha idadi ya mifugo au mazao kutoka vyanzo viwili tofauti ili kujua jumla, kama inavyoonekana katika Zoezi la 5 kuhusu vitabu, maziwa na miti.","Kampuni mbili za uchapishaji zilizalisha vitabu 5,900 na 3,600. Jumla ya vitabu ni ngapi?::9500||Mfugaji aliuza lita 35,752 za maziwa Januari na lita 27,888 Februari. Jumla ya lita ni ngapi?::63640||Mkulima ana miti ya mbao 1,982 na miti ya matunda 7,291. Jumla ya miti ni mingapi?::9273||Wagonjwa 4,618 wa malaria na 689 wa macho walitibiwa. Jumla ya wagonjwa ni wangapi?::5307",
2023-JSS001-DRS III,Kumudu Misingi ya awali ya kihisabati (iii),Kuonesha uelewa wa matendo ya namba (iii),Kujumlisha na kutoa namba nzima,Kutoa namba nzima bila kubadili kwa ulalo,3,"Maelezo, maonesho na mazoezi",Kuwaongoza Wanafunzi,Mwanafunzi atoe namba nzima kwa ulalo bila kubadili (bila kukopa) kwa usahihi.,Kadi za namba|Chati ya thamani ya nafasi|Ubao wa matangazo,"TET(2023), HISABATI, KITABU CHA MWANAFUNZI, DARASA LA TATU, TET, DAR ES SALAAM","Mwalimu aeleze kuwa unapotoa namba nzima ni lazima uzingatie thamani ya nafasi ya kila tarakimu, ukianza kutoa mamoja, kisha makumi, mamia na kuendelea, bila kuhitaji kukopa kutoka nafasi jirani.","Kwa Mfano wa 1 (6874 - 2430), mwalimu aoneshe kutoa mamoja (4-0=4), makumi (7-3=4), mamia (8-4=4) na maelfu (6-2=4) hadi kupata jibu 4444. Aendelee na Mfano wa 2 (46781 - 1041 = 45740) akisisitiza kutoa tarakimu kutoka nafasi husika bila kubadilisha nafasi yoyote.","Mwalimu achore jedwali la thamani ya nafasi ubaoni na aandike namba mbili za mfano moja juu ya nyingine, akionesha alama ya kutoa kati yao kama kitabu kinavyoonesha.","Mwalimu aeleze matumizi ya kutoa bila kubadili katika maisha ya kila siku, kwa mfano mfanyabiashara anapotoa gharama ndogo kutoka kwenye mapato bila kuhitaji kukopa nafasi.",9942 - 42 =::9900||3760 - 2550 =::1210||8973 - 7642 =::1331||4256 - 3132 =::1124,place_value_chart
2023-JSS001-DRS III,Kumudu Misingi ya awali ya kihisabati (iii),Kuonesha uelewa wa matendo ya namba (iii),Kujumlisha na kutoa namba nzima,Kutoa namba nzima bila kubadili kwa wima,3,"Maelezo, maonesho na mazoezi",Kuwaongoza Wanafunzi,Mwanafunzi apange na kutoa namba nzima kwa wima bila kubadili kwa usahihi.,Kadi za namba|Ubao wa thamani ya nafasi|Chaki na ubao,"TET(2023), HISABATI, KITABU CHA MWANAFUNZI, DARASA LA TATU, TET, DAR ES SALAAM",Mwalimu aeleze kuwa kutoa kwa wima kunahitaji kupanga namba kwa kuzingatia thamani ya nafasi ya kila tarakimu kabla ya kuanza kutoa kuanzia nafasi ya mamoja kwenda mamia elfu.,"Kwa Mfano wa 1 (9854 - 8743), mwalimu atumie jedwali la Maelfu, Mamia, Makumi na Mamoja kuoneshe kutoa kila nafasi hadi kupata jibu 1111. Aendelee na Mfano wa 2 (86597 - 54326 = 32271) na Mfano wa 3 (984265 - 632143 = 352122) akisisitiza kuwa hatua za kutoa kwa wima zinafanana na za ulalo.","Mwalimu aandike namba mbili za Mfano wa 3 kwa wima ubaoni, moja chini ya nyingine kama kitabu kinavyoonesha, akichora mstari chini kabla ya kuandika jibu 352122.",Mwalimu aeleze kuwa mpangilio huu wa wima unatumika sana madukani na benki wanapotoa kiasi kimoja cha fedha kutoka kingine kikubwa bila kuhitaji kukopa.,7824 - 5612 =::2212||4851 - 3720 =::1131||4343 - 3231 =::1112||8899 - 8768 =::131,place_value_chart
2023-JSS001-DRS III,Kumudu Misingi ya awali ya kihisabati (iii),Kuonesha uelewa wa matendo ya namba (iii),Kujumlisha na kutoa namba nzima,Kutoa namba nzima kwa kubadili kwa ulalo,3,"Maelezo, maonesho na mazoezi",Kuwaongoza Wanafunzi,Mwanafunzi atoe namba nzima kwa ulalo kwa kubadili (kukopa) kwa usahihi.,Kadi za namba|Chati ya thamani ya nafasi|Ubao wa matangazo,"TET(2023), HISABATI, KITABU CHA MWANAFUNZI, DARASA LA TATU, TET, DAR ES SALAAM","Mwalimu aeleze kuwa endapo tarakimu ya juu ni ndogo kuliko ya chini katika nafasi fulani, ni lazima kukopa fungu moja kutoka nafasi jirani ya kushoto, kulibadili kuwa kumi za nafasi husika kabla ya kutoa.","Kwa Mfano wa 1 (5371 - 3282), mwalimu aoneshe hatua ya kukopa makumi 1 kutoka mamia 7 kubadilishwa kuwa mamoja 10, kujumlisha na mamoja 1 kupata 11, kisha 11-2=9, mchakato huu ukiendelea hadi jibu 2089. Aendelee na Mfano wa 2 (982140 - 771671 = 210469) akisisitiza kupunguza fungu moja kwenye nafasi iliyokopwa kila wakati.","Mwalimu aoneshe kwa kadi za namba jinsi fungu moja la nafasi ya juu linavyobadilishwa kuwa kumi za nafasi ya chini, akifuata hatua tano za Mfano wa 2 zilizoainishwa kitabuni.",Mwalimu aeleze kuwa ukopaji huu unafanana na hali halisi ya kubadilisha noti kubwa kuwa noti ndogo sokoni ili kutoa chenji kwa mteja.,7100 - 4291 =::2809||4133 - 2145 =::1988||6816 - 5824 =::992||9026 - 3146 =::5880,place_value_chart
2023-JSS001-DRS III,Kumudu Misingi ya awali ya kihisabati (iii),Kuonesha uelewa wa matendo ya namba (iii),Kujumlisha na kutoa namba nzima,Kutoa namba nzima kwa kubadili kwa wima,3,"Maelezo, maonesho na mazoezi",Kuwaongoza Wanafunzi,Mwanafunzi apange na atoe namba nzima kwa wima kwa kubadili kwa usahihi.,Kadi za namba|Ubao wa thamani ya nafasi|Chaki na ubao,"TET(2023), HISABATI, KITABU CHA MWANAFUNZI, DARASA LA TATU, TET, DAR ES SALAAM","Mwalimu aeleze kuwa kanuni ya kukopa inatumika pia kwenye kutoa kwa wima: nafasi ya juu inapokuwa ndogo kuliko ya chini, fungu moja hukopwa kutoka nafasi jirani ya kushoto na kuongezwa kama kumi kwenye nafasi husika.","Kwa Mfano wa 1 (6854 - 3887), mwalimu aoneshe hatua za kukopa makumi kisha mamia kisha maelfu, akionesha namba ndogo zinazoandikwa juu ya safu kama '414' na '7414' kitabuni, hadi kupata jibu 2967. Aendelee na Mfano wa 2 (87964 - 49897 = 38067) akieleza kuwa hatua za mfano huu zinafanana na za Mfano wa 1.","Mwalimu aigize mchoro wa wima wa Mfano wa 1 ubaoni akionesha namba ndogo zinazoandikwa juu ya kila tarakimu kuonesha ukopaji, kama ilivyofanywa kitabuni.","Mwalimu aeleze kuwa ustadi huu unahitajika mhasibu anapotoa gharama kubwa kutoka kwenye bajeti ndogo ya idara, hali inayohitaji kukopa mara kwa mara kutoka nafasi za juu.",6816 - 5824 =::992||87964 - 49897 =::38067||1245 - 158 =::1087||45385 - 34392 =::10993,place_value_chart
2023-JSS001-DRS III,Kumudu Misingi ya awali ya kihisabati (iii),Kuonesha uelewa wa matendo ya namba (iii),Kujumlisha na kutoa namba nzima,Kutatua mafumbo yenye dhana ya kutoa namba nzima,3,"Maelezo, mjadala na mazoezi ya kutatua mafumbo",Kuwaongoza Wanafunzi,"Mwanafunzi atafsiri tatizo la maneno, alichague tendo la kutoa na akokotoe jibu sahihi kwa usahihi.",Kadi za namba|Picha za matukio halisi|Chaki na ubao,"TET(2023), HISABATI, KITABU CHA MWANAFUNZI, DARASA LA TATU, TET, DAR ES SALAAM","Mwalimu aeleze hatua za kufumbua mafumbo yenye dhana ya kutoa: kutafsiri maelezo kupata tendo la kutoa litakalotumika, kuchambua hesabu inayohusika, kukokotoa, kisha kurejea swali na kujibu kwa maneno kamili.","Kwa Mfano wa 1, wilaya ina jumla ya ng'ombe na mbuzi 2,139,500 ambapo ng'ombe ni 1,104,563, hivyo idadi ya mbuzi ni 2139500 - 1104563 = 1,034,937. Kwa Mfano wa 2, waoka mikate huoka mikate 72,324 kila siku lakini siku moja waliokwa mikate 45,458 tu, hivyo mikate isiyookwa ni 72324 - 45458 = 26,866; mwalimu asisitize kuandika sentensi ya jibu kama kitabu kinavyofanya.","Mwalimu aandike ubaoni majedwali ya Mfano wa 1 na Mfano wa 2 yenye maneno 'Jumla ya...', 'Idadi ya...' na 'Mikate ambayo haikuokwa...' kama yalivyopangwa kitabuni, ili wanafunzi wafuate hatua za kutafsiri kabla ya kukokotoa.","Mwalimu atoe mifano ya maisha halisi kama ya Zoezi la 10 kuhusu simu za mkononi na mezani, maembe yaliyouzwa, na samaki waliouzwa, ili wanafunzi waone jinsi kutoa kunavyotumika kutatua matatizo ya kila siku.","Duka la Maria lina simu za mkononi na mezani 2,972. Ikiwa za mkononi ni 1,235, za mezani ni ngapi?::1737||Waoka mikate 72,324 kila siku, siku moja waliokwa 45,458 tu. Mikate isiyookwa ni ngapi?::26866||Wilaya ina ng'ombe na mbuzi 2,139,500; ng'ombe ni 1,104,563. Mbuzi ni wangapi?::1034937||Fundi alilipwa shilingi 845,750 kati ya gharama za shilingi 974,500. Zilipungua shilingi ngapi?::128750",
2023-JSS001-DRS III,Kumudu Misingi ya awali ya kihisabati (iii),Kuonesha uelewa wa vipimo (iii),"Kubaini vipimo vya urefu, uzani na ujazo",Kupima urefu kwa kutumia vipimio visivyo rasmi,3,"Maonesho, vitendo halisi na majadiliano ya vikundi",Kuwaongoza Wanafunzi,"Mwanafunzi aweza kupima na kurekodi urefu wa vitu mbalimbali kwa kutumia vipimio visivyo rasmi kama hatua za miguu, fimbo, kamba na kiganja cha mkono, na kueleza sababu za tofauti za majibu.",Hatua za miguu|Fimbo|Kamba|Kiganja cha mkono|Vitu mbalimbali vya darasani,"TET(2023), HISABATI, KITABU CHA MWANAFUNZI, DARASA LA TATU, TET, DAR ES SALAAM","Somo hili linamjengea mwanafunzi uelewa wa dhana ya urefu kama umbali kutoka sehemu moja hadi nyingine, na jinsi ya kuukadiria kwa kutumia vitu vilivyopo mazingirani.","Vipimio visivyo rasmi vya urefu hutumiwa kulingana na aina ya vitu vinavyopimwa, kama vile hatua za miguu, fimbo, kamba na kiganja cha mkono. Vipimio hivi hutoa majibu yasiyofanana kila vinapotumika kwa sababu urefu wa kiganja cha mkono au hatua za miguu hutofautiana kati ya mtu na mtu.","Mwalimu aoneshe picha ya mwanafunzi akipima urefu wa meza kwa kiganja cha mkono, kisha awaelekeze wanafunzi wapime urefu wa darasa kwa hatua za miguu na kurekodi matokeo yao.","Nyumbani, wazazi mara nyingi hutumia hatua za miguu au kiganja cha mkono kukadiria urefu wa kitambaa au shamba kabla ya kutumia kipimo rasmi.","Kwa nini vipimio visivyo rasmi kama hatua za miguu na kiganja cha mkono hutoa majibu yasiyofanana kila vinapotumika?::Kwa sababu urefu wa kiganja cha mkono au hatua za miguu hutofautiana kati ya mtu mmoja na mwingine.||Taja vipimio vinne visivyo rasmi vinavyotumika kupima urefu.::Hatua za miguu, fimbo, kamba na kiganja cha mkono.||Wanafunzi wawili wakipima urefu wa darasa kwa hatua za miguu, je, idadi ya hatua watakazopata zitafanana? Eleza sababu.::Hapana, hazitafanana kwa sababu urefu wa hatua za miguu za watu tofauti si sawa.||Amina alipima ubao kwa kutumia rula, John alipima ubao huohuo kwa kutumia kiganja cha mkono. Ni nani aliyepata jibu lenye usahihi zaidi?::Amina, kwa sababu rula ni kipimio rasmi kinachotoa majibu yanayofanana mahali popote, tofauti na kiganja cha mkono.",
2023-JSS001-DRS III,Kumudu Misingi ya awali ya kihisabati (iii),Kuonesha uelewa wa vipimo (iii),"Kubaini vipimo vya urefu, uzani na ujazo",Kupima urefu kwa kutumia vipimio rasmi vya sentimeta na milimeta,3,"Maonesho ya vitendo, mazoezi ya vitendo na maswali na majibu",Kuwaongoza Wanafunzi,Mwanafunzi aweza kutumia rula na futikamba kupima na kusoma urefu wa vitu kwa sentimeta na milimeta kwa usahihi.,Rula|Futikamba|Vipande vya kitambaa|Vipande vya ubao,"TET(2023), HISABATI, KITABU CHA MWANAFUNZI, DARASA LA TATU, TET, DAR ES SALAAM","Somo hili linamjengea mwanafunzi ujuzi wa kutumia vipimio rasmi vya urefu, hususani rula na futikamba, ambavyo hutoa majibu yanayokubalika na yanayofanana mahali popote vinapotumika.","Rula hupima urefu katika sentimeta na milimeta, ambapo sentimeta moja ni sawa na milimeta 10 (sm 1 = mm 10). Mwanafunzi anajifunza kusoma alama za rula na kutaja urefu wa kitu kwa usahihi, kama inavyooneshwa katika mifano ya kitabu.","Mwalimu aoneshe kipande cha kitambaa chenye urefu wa sm 5 na kipande cha ubao chenye urefu wa sm 3 na mm 5, kisha awaelekeze wanafunzi kusoma vipimo hivyo kwenye rula halisi.","Fundi cherehani hutumia futikamba kupima urefu wa kitambaa, na wafanyabiashara wa mbao hutumia rula kupima urefu wa mbao wanazouza.",Kipande cha kitambaa kilichopimwa kwa rula kina urefu gani?::Urefu wa kipande cha kitambaa ni sentimeta 5 (sm 5).||Kipande cha ubao kilichopimwa kwa rula kina urefu gani?::Urefu wa kipande cha ubao ni sentimeta 3 na milimeta 5 (sm 3 na mm 5).||Sentimeta moja ni sawa na milimeta ngapi?::Sentimeta moja ni sawa na milimeta 10 (sm 1 = mm 10).||Rula ya Kamene imevunjika na inaanzia katika alama ya sm 3. Kamene anataka kuchora kipande cha mstari wenye urefu wa sm 5. Ataishia kwenye alama ipi kwenye rula hiyo?::Ataishia kwenye alama ya sm 8 (sm 3 + sm 5 = sm 8).,
2023-JSS001-DRS III,Kumudu Misingi ya awali ya kihisabati (iii),Kuonesha uelewa wa vipimo (iii),"Kubaini vipimo vya urefu, uzani na ujazo",Kupima urefu kwa kutumia kipimo cha meta,3,"Vitendo halisi vya kupima, kazi za vikundi na majadiliano",Kuwaongoza Wanafunzi,"Mwanafunzi aweza kupima urefu wa vitu vikubwa kama mlango wa darasa na dawati kwa kutumia kipimo cha meta, na kubadilisha meta kwenda sentimeta.",Futikamba|Rula ya meta|Kadi za vitu vya darasani,"TET(2023), HISABATI, KITABU CHA MWANAFUNZI, DARASA LA TATU, TET, DAR ES SALAAM","Somo hili linamjengea mwanafunzi uelewa wa kipimo cha meta kama kipimo cha msingi cha urefu, kinachotumika kupima vitu vikubwa zaidi kuliko vile vinavyopimwa kwa sentimeta.","Kipimo cha meta hutumika kupima vitu kama urefu wa chumba cha darasa. Uhusiano wa meta na sentimeta ni m 1 = sm 100. Mwanafunzi hujifunza kupima meza ya mwalimu, mlango wa darasa na dawati kisha kulinganisha urefu wake.","Mwalimu aoneshe futikamba yenye urefu wa sentimeta 100 (meta moja), kisha awaelekeze wanafunzi kupima urefu wa mlango wa darasa na meza ya mwalimu kwa kutumia futikamba hiyo.",Fundi wa ujenzi hutumia kipimo cha meta kupima urefu wa kuta na milango ya nyumba wakati wa ujenzi.,"Meta moja ni sawa na sentimeta ngapi?::Meta moja ni sawa na sentimeta 100 (m 1 = sm 100).||Ni kipimo gani cha msingi kinachotumika kupima urefu?::Kipimo cha meta (m).||Utatumia kipimo gani kupima umbali kutoka darasani hadi chooni cha shule: sm, m au km?::Utatumia kipimo cha meta (m).||Andika uhusiano kati ya meta na sentimeta.::m 1 = sm 100.",
2023-JSS001-DRS III,Kumudu Misingi ya awali ya kihisabati (iii),Kuonesha uelewa wa vipimo (iii),"Kubaini vipimo vya urefu, uzani na ujazo",Kupima urefu kwa kutumia kipimo cha kilometa,3,"Majadiliano, mifano halisi ya umbali na maswali na majibu",Kuwaongoza Wanafunzi,"Mwanafunzi aweza kueleza matumizi ya kipimo cha kilometa, kubadilisha kilometa kwenda meta, na kuchagua kipimo sahihi kati ya sm, m na km kulingana na umbali unaopimwa.",Ramani ya eneo la shule|Chati ya vipimo vya urefu,"TET(2023), HISABATI, KITABU CHA MWANAFUNZI, DARASA LA TATU, TET, DAR ES SALAAM","Somo hili linamjengea mwanafunzi uelewa wa kipimo cha kilometa kinachotumika kupima umbali mkubwa kati ya sehemu mbili zilizo mbali, kama umbali kati ya miji.","Kilometa hutumika kupima urefu mkubwa zaidi kama umbali kutoka mji mmoja hadi mwingine. Uhusiano wa kilometa na meta ni km 1 = m 1000. Mwanafunzi hujifunza kuchagua kati ya sm, m na km kulingana na aina ya umbali unaopimwa.","Mwalimu achore chati inayoonesha mpangilio wa vipimo vya urefu kutoka milimeta hadi kilometa (mm, sm, m, km), kisha awaelekeze wanafunzi kutolea mifano ya vitu vinavyopimwa kwa kila kipimo.","Madereva hutumia kilometa kupima umbali kati ya miji wakati wa safari, na alama za barabarani huonesha umbali kwa kilometa.","Utatumia kipimo gani kupima umbali kutoka nyumbani hadi shuleni: sm, m au km?::Utatumia kipimo cha kilometa (km).||Kilometa moja ni sawa na meta ngapi?::Kilometa moja ni sawa na meta 1000 (km 1 = m 1000).||Umbali kutoka shuleni hadi zahanati ni m 800, na umbali kutoka shule hadi sokoni ni km 1. Ni wapi palipo mbali zaidi kutoka shuleni, zahanati au sokoni?::Sokoni ni mbali zaidi, kwa sababu km 1 ni sawa na m 1000, ambayo ni kubwa kuliko m 800.||Aisha aliambiwa apime urefu wa uwanja wa mpira wa pete. Kipi kati ya sm, m au km kinafaa zaidi kuwakilisha umbali huo?::Meta (m) ndicho kipimo kinachofaa zaidi kwa uwanja wa mpira wa pete.",unit_conversion_ladder
2023-JSS001-DRS III,Kumudu Misingi ya awali ya kihisabati (iii),Kuonesha uelewa wa vipimo (iii),"Kubaini vipimo vya urefu, uzani na ujazo",Kupima uzani kwa kutumia vipimio visivyo rasmi,3,Vitendo halisi vya kulinganisha uzani na majadiliano ya vikundi,Kuwaongoza Wanafunzi,"Mwanafunzi aweza kulinganisha uzani wa vitu viwili kwa kutumia vipimio visivyo rasmi kama vikombe, vijiko, debe na ndoo, na kueleza mapungufu ya vipimio hivyo.",Vikombe|Vijiko|Debe|Ndoo|Magunia|Makasha,"TET(2023), HISABATI, KITABU CHA MWANAFUNZI, DARASA LA TATU, TET, DAR ES SALAAM","Somo hili linamjengea mwanafunzi uelewa wa dhana ya uzani kama kipimo cha uzito wa vitu, na jinsi ya kukadiria uzani kwa kutumia vyombo vilivyopo mazingirani.","Vipimio visivyo rasmi vya uzani ni kama vikombe, vijiko, debe, magunia, ndoo na makasha. Kwa mfano, ndoo mbili zenye mchele zinaweza kulinganishwa kwa kuangalia au kupima kwa mkono ili kubaini ipi ina uzani mkubwa zaidi.","Mwalimu aoneshe picha ya ndoo mbili zenye mchele wa kiasi tofauti, awaulize wanafunzi ni ndoo ipi yenye uzani mkubwa na waeleze sababu za jibu lao.","Sokoni, wauzaji wengi hutumia debe au kikombe kupima na kuuza vitu kama mchele, maharage na karanga kabla ya kutumia mizani rasmi.","Taja vipimio vinne visivyo rasmi vinavyotumika kupima uzani.::Vikombe, vijiko, debe na ndoo (au magunia na makasha).||Kati ya ndoo A na ndoo B zenye mchele, unawezaje kubaini ndoo yenye uzani mkubwa bila kutumia mizani?::Kwa kulinganisha kwa mkono au kwa kuhesabu idadi ya vikombe vya mchele vilivyojaza kila ndoo; ndoo yenye vikombe vingi zaidi huwa na uzani mkubwa.||Kwa nini vipimio visivyo rasmi vya uzani havitoi majibu sahihi kama mizani?::Kwa sababu ukubwa wa kikombe, kijiko au debe hutofautiana kati ya kimoja na kingine, hivyo majibu hubadilika kulingana na chombo kilichotumika.",
2023-JSS001-DRS III,Kumudu Misingi ya awali ya kihisabati (iii),Kuonesha uelewa wa vipimo (iii),"Kubaini vipimo vya urefu, uzani na ujazo",Kupima uzani kwa kutumia vipimio rasmi vya kilogramu na gramu,3,"Maonesho ya mizani, vitendo halisi na mazoezi ya hesabu",Kuwaongoza Wanafunzi,"Mwanafunzi aweza kutumia mizani kupima uzani wa vitu kwa gramu na kilogramu, na kufanya hesabu rahisi za kubadilisha na kujumlisha uzani.",Mizani|Vitu mbalimbali vya kupima uzani|Mawe ya kupimia,"TET(2023), HISABATI, KITABU CHA MWANAFUNZI, DARASA LA TATU, TET, DAR ES SALAAM","Somo hili linamjengea mwanafunzi ujuzi wa kutumia mizani kama kipimio rasmi cha uzani, kinachotambulika kitaifa na kimataifa na kutoa majibu yanayofanana mahali popote.","Uzani wa vitu hurekodiwa kwa kutumia gramu na kilogramu, ambapo kilogramu moja ni sawa na gramu 1000 (kg 1 = g 1000). Nusu kilogramu ni sawa na gramu 500, na robo kilogramu ni sawa na gramu 250.","Mwalimu aoneshe mizani halisi, apime vitu viwili tofauti darasani (kwa mfano gramu 750 za kitu kimoja na kilogramu moja ya kitu kingine), kisha alinganishe uzito wake na wanafunzi.","Wafanyabiashara wa dukani hutumia mizani kupima na kuuza vitu kama sukari, unga na nyama kwa gramu au kilogramu kulingana na mahitaji ya mteja.","Kilogramu moja ni sawa na gramu ngapi?::Kilogramu moja ni sawa na gramu 1000 (kg 1 = g 1000).||Zipora anasema uzani wa gramu 1,000 ni mkubwa kuliko ule wa kilogramu moja. Je, Zipora yuko sahihi? Eleza.::Hapana, Zipora hayuko sahihi, kwa sababu gramu 1000 ni sawa kabisa na kilogramu moja (kg 1 = g 1000).||Iwapo mawe mawili yenye uzani wa g 500 na g 250 yalitumika kulinganisha uzani wa mchele, mchele una uzani gani?::Mchele una uzani wa gramu 750 (g 500 + g 250 = g 750).||Kipimo kipi kati ya gramu na kilogramu kinafaa kupima uzani wa kitabu cha Hisabati?::Gramu, kwa sababu kitabu ni kitu chepesi.",
2023-JSS001-DRS III,Kumudu Misingi ya awali ya kihisabati (iii),Kuonesha uelewa wa vipimo (iii),"Kubaini vipimo vya urefu, uzani na ujazo",Kupima ujazo kwa kutumia vipimio visivyo rasmi,2,Vitendo halisi vya kujaza vyombo na majadiliano ya vikundi,Kuwaongoza Wanafunzi,Mwanafunzi aweza kupima na kulinganisha ujazo wa maji katika vyombo viwili kwa kutumia vipimio visivyo rasmi kama vikombe na vijiko.,Vijiko|Vikombe|Ndoo mbili zinazofanana,"TET(2023), HISABATI, KITABU CHA MWANAFUNZI, DARASA LA TATU, TET, DAR ES SALAAM","Somo hili linamjengea mwanafunzi uelewa wa dhana ya ujazo kama kiasi cha nafasi kinachochukuliwa na kitu, na jinsi ya kukikadiria kwa kutumia vyombo vya kawaida.","Vipimio visivyo rasmi vya ujazo ni kama vijiko, vikombe na ndoo. Wanafunzi hujaza ndoo mbili zilizo sawa kwa kutumia kikombe na kulinganisha idadi ya vikombe vilivyotumika kujaza kila ndoo.","Mwalimu aoneshe wanafunzi wawili wakijaza maji katika ndoo mbili zilizo sawa kwa kutumia vikombe, kisha alinganishe idadi ya vikombe walivyotumia kila mmoja.","Nyumbani, akina mama hutumia kikombe au bakuli kupima kiasi cha maji au unga wanapopika chakula.","Taja vipimio vitatu visivyo rasmi vinavyotumika kupima ujazo.::Vijiko, vikombe na ndoo.||Watoto wawili wakijaza ndoo mbili zinazofanana kwa kutumia kikombe na kupata idadi tofauti ya vikombe, ni nini kimesababisha tofauti hiyo?::Huenda vikombe walivyotumia havikuwa na ujazo sawa, au namna ya kujaza kikombe ilitofautiana.||Ni kwa nini ni muhimu kutumia vyombo vinavyofanana wakati wa kupima ujazo kwa vipimio visivyo rasmi?::Ili kupata matokeo yanayokaribiana zaidi, ingawa bado hayawezi kufanana kikamilifu kama vipimio rasmi.",
2023-JSS001-DRS III,Kumudu Misingi ya awali ya kihisabati (iii),Kuonesha uelewa wa vipimo (iii),"Kubaini vipimo vya urefu, uzani na ujazo",Kupima ujazo kwa kutumia vipimio rasmi vya lita na mililita,2,"Maonesho ya vyombo vya kupimia, vitendo halisi na mazoezi ya hesabu",Kuwaongoza Wanafunzi,"Mwanafunzi aweza kutumia bika, silinda kipimo au chupa yenye vipimo kupima ujazo wa maji kwa lita na mililita, na kufanya hesabu rahisi za kujumlisha na kutoa ujazo.",Silinda ya kupimia|Bika|Chupa yenye vipimo,"TET(2023), HISABATI, KITABU CHA MWANAFUNZI, DARASA LA TATU, TET, DAR ES SALAAM","Somo hili linamjengea mwanafunzi ujuzi wa kutumia vipimio rasmi vya ujazo, ambavyo havitofautiani katika kutoa majibu mahali popote vinapotumika.","Vipimio rasmi vya ujazo ni kama bika, silinda kipimo na chupa yenye vipimo. Vipimo vinavyotumika mara kwa mara ni lita (L) na mililita (mL), ambapo lita moja ni sawa na mililita 1000 (L 1 = mL 1000).","Mwalimu aoneshe silinda kipimo iliyojazwa maji nusu ya ujazo wake, awaelekeze wanafunzi kusoma kiwango cha maji kwenye alama za silinda hiyo.","Madukani, maziwa na mafuta ya kupikia huuzwa kwa vipimo vya lita na mililita vilivyoandikwa kwenye chupa au jagi.","Lita moja ni sawa na mililita ngapi?::Lita moja ni sawa na mililita 1000 (L 1 = mL 1000).||Ng'ombe hutoa lita 20 za maziwa kila siku. Hutoa lita ngapi za maziwa kwa siku tatu?::Hutoa lita 60 (lita 20 x siku 3 = lita 60).||Faraja alinunua sharubati yenye ujazo wa lita moja, kisha akamimina mililita 500 kwenye chupa na kumpa rafiki yake. Je, Faraja alibakiwa na kiasi gani cha sharubati?::Alibakiwa na mililita 500 (mL 1000 - mL 500 = mL 500).||Mzee Kinene amebakiwa na dawa ya ng'ombe ya mililita 750 kwenye chupa ya mililita 1000. Anahitaji mililita ngapi ili ajaze chupa hiyo?::Anahitaji mililita 250 (mL 1000 - mL 750 = mL 250).",
2023-JSS001-DRS III,Kumudu Misingi ya awali ya kihisabati (iii),Kuonesha uelewa wa stadi za maumbo (iii),Kufafanua dhana ya maumbo,Kufafanua dhana ya umbo bapa,3,Maswali na majibu|Majadiliano|Onesho la vitu halisi,Kuwaongoza Wanafunzi,Mwanafunzi aweze kueleza kwa usahihi dhana ya umbo bapa na kutaja sifa zake kuu,Vitu halisi vyenye maumbo bapa|Chati ya maumbo|Karatasi na penseli,"TET(2023), HISABATI, KITABU CHA MWANAFUNZI, DARASA LA TATU, TET, DAR ES SALAAM","Katika somo hili wanafunzi watajifunza dhana ya umbo bapa kama ilivyofafanuliwa katika kitabu cha Hisabati Darasa la Tatu. Umbo bapa ni umbo lenye pande mbili za urefu na upana tu, na halina unene wala kimo.","Mwalimu aeleze kuwa kuna aina nyingi za maumbo bapa ikiwemo mraba, mstatili, pembetatu, duara na mviringo. Wanafunzi wachunguze vitu halisi darasani ili kubaini sifa za maumbo bapa zinazowatofautisha na vitu vyenye unene.","Mwalimu aoneshe michoro ya maumbo bapa mbalimbali kama ilivyo kwenye kitabu cha mwanafunzi ukurasa wa 101, akisisitiza kuwa maumbo haya yana urefu na upana tu.","Wanafunzi watajwe mifano ya maumbo bapa katika mazingira yao kama vile uso wa meza, ubao wa darasa au karatasi, ili kuunganisha dhana na maisha halisi.",Umbo bapa lina pande ngapi za msingi?::Lina pande mbili za urefu na upana||Taja tofauti kati ya umbo bapa na umbo lenye unene::Umbo bapa halina unene wala kimo tofauti na umbo lenye unene||Taja mfano wa umbo bapa unaoupata darasani::Ubao wa darasa au karatasi ni mfano wa umbo bapa,
2023-JSS001-DRS III,Kumudu Misingi ya awali ya kihisabati (iii),Kuonesha uelewa wa stadi za maumbo (iii),Kufafanua dhana ya maumbo,Kutambua na kutaja majina ya maumbo bapa,3,Maonyesho|Majadiliano ya vikundi|Mazoezi ya vitendo,Kuwaongoza Wanafunzi,Mwanafunzi aweze kutambua na kutaja kwa usahihi majina ya maumbo bapa kulingana na idadi ya pande zake,Chati ya maumbo bapa|Vipande vya karatasi vyenye maumbo mbalimbali|Rula,"TET(2023), HISABATI, KITABU CHA MWANAFUNZI, DARASA LA TATU, TET, DAR ES SALAAM","Wanafunzi watajifunza kutambua na kutaja majina ya maumbo bapa mbalimbali kama pembetatu, mraba, mstatili, duara, heksagoni na pentagoni kama yalivyofafanuliwa kwenye kitabu cha mwanafunzi ukurasa wa 103-104.","Mraba na mstatili ni maumbo bapa ambayo kila moja lina pande nne. Tofauti yake ni kuwa pande zote za mraba zina urefu unaolingana, wakati katika mstatili ni pande zinazotazamana ndizo zenye urefu unaolingana. Heksagoni ni umbo lenye pembe sita na pande sita zinazofanana.","Mwalimu aoneshe mchoro wa umbo lenye pande nane (oktagoni), mstatili, pembetatu na duara kama ilivyo kwenye Mfano wa kitabu, kisha awaongoze wanafunzi kutaja jina la kila umbo kwa kuhesabu idadi ya pande.","Wanafunzi wataje vitu vya kila siku vyenye maumbo hayo, kama sahani yenye umbo la duara au mlango wenye umbo la mstatili.",Umbo lenye pande nane linaitwaje?::Oktagoni||Umbo lenye pande nne linaitwaje?::Mstatili||Umbo lenye pande tatu linaitwaje?::Pembetatu||Chora maumbo yote yenye pembe nne kutoka kwenye maumbo a hadi j::Mwanafunzi achore mraba na mstatili aliyoyabaini kati ya maumbo hayo,
2023-JSS001-DRS III,Kumudu Misingi ya awali ya kihisabati (iii),Kuonesha uelewa wa stadi za maumbo (iii),"Kueleza dhana ya nukta, mstari, kipande cha mstari na mwale",Kueleza dhana ya nukta,4,Maonyesho|Mazoezi ya vitendo|Maswali na majibu,Kuwaongoza Wanafunzi,Mwanafunzi aweze kueleza dhana ya nukta na kuchora nukta kwa usahihi akizipa majina ya herufi kubwa,Ubao|Penseli na karatasi|Chaki ya rangi,"TET(2023), HISABATI, KITABU CHA MWANAFUNZI, DARASA LA TATU, TET, DAR ES SALAAM","Nukta ni umbo la msingi kabisa la maumbo. Kwa mujibu wa kitabu cha mwanafunzi ukurasa wa 93, nukta ni umbo ambalo halina ukubwa linaloonesha mahali.","Nukta haina urefu wala upana na huwakilishwa na herufi kubwa kama A, B na C. Nukta tofauti zinaonesha mahali tofauti kwenye karatasi au uso wowote.","Mwalimu achore nukta tatu A, B na C ubaoni kama mfano ulivyo kwenye kitabu, akisisitiza kuwa kila herufi kubwa inawakilisha mahali maalum.",Wanafunzi watumie mifano kama chembe za mchanga au alama ndogo za penseli kuelewa dhana ya nukta katika maisha ya kila siku.,"Tumia penseli kuweka nukta tano tofauti kwenye karatasi, kisha zitaje::Mwanafunzi achore nukta tano na kuzipa majina kwa herufi kubwa kama A,B,C,D,E||Nukta huwakilishwa na aina gani ya herufi?::Nukta huwakilishwa na herufi kubwa||Je, nukta ina urefu au upana?::Hapana, nukta haina urefu wala upana",
2023-JSS001-DRS III,Kumudu Misingi ya awali ya kihisabati (iii),Kuonesha uelewa wa stadi za maumbo (iii),"Kueleza dhana ya nukta, mstari, kipande cha mstari na mwale",Kueleza dhana ya mstari mnyoofu,4,Maonyesho|Mazoezi ya vitendo|Maswali na majibu,Kuwaongoza Wanafunzi,Mwanafunzi aweze kueleza dhana ya mstari mnyoofu na kuchora mstari wenye nukta mbili kwa umbali maalum,Rula|Penseli na karatasi|Ubao,"TET(2023), HISABATI, KITABU CHA MWANAFUNZI, DARASA LA TATU, TET, DAR ES SALAAM","Baada ya kuelewa nukta, wanafunzi watajifunza dhana ya mstari mnyoofu kama ilivyofafanuliwa ukurasa wa 94 wa kitabu cha mwanafunzi.","Mstari huundwa na seti ya nukta zilizounganishwa pamoja na kuendelezwa pande mbili tofauti bila kuwa na mwisho. Mstari huweza kuoneshwa kwa kutumia nukta mbili zilizopo juu yake, kwa mfano mstari EF au FE.","Kwa kutumia Mfano wa kitabu, mwalimu achore mstari wenye nukta A na B zenye umbali wa sentimita 10 kutoka nukta A hadi B, akiweka alama pande zote mbili kuonesha kuwa mstari hauna mwisho.",Wanafunzi wabainishe mistari minyoofu inayoonekana mazingirani kama ukingo wa ubao au mstari wa barabara.,"Chora mstari, kisha weka nukta A na B zenye umbali wa sm 10 kutoka nukta A hadi nukta B::Mwanafunzi achore mstari wenye alama pande zote mbili na kuweka nukta A na B zenye umbali wa sentimita 10||Mstari EF unawezaje kuandikwa kwa ufupi?::Unaandikwa EF au FE||Je, mstari mnyoofu una mwisho?::Hapana, mstari mnyoofu huendelea pande zote mbili bila mwisho",
2023-JSS001-DRS III,Kumudu Misingi ya awali ya kihisabati (iii),Kuonesha uelewa wa stadi za maumbo (iii),"Kueleza dhana ya nukta, mstari, kipande cha mstari na mwale",Kueleza dhana ya kipande cha mstari,3,Maonyesho|Mazoezi ya vitendo|Majadiliano,Kuwaongoza Wanafunzi,Mwanafunzi aweze kutaja sifa za kipande cha mstari na kuchora vipande vya mistari vyenye urefu maalum,Rula|Penseli na karatasi|Chati ya vipande vya mistari,"TET(2023), HISABATI, KITABU CHA MWANAFUNZI, DARASA LA TATU, TET, DAR ES SALAAM","Kipande cha mstari ni mstari mnyoofu unaounganisha nukta mbili tofauti, kama ilivyoelezwa ukurasa wa 95 wa kitabu cha mwanafunzi.","Kipande cha mstari kina sifa tatu kuu: kimenyooka, hakina unene, na kina mwanzo katika nukta moja na mwisho kwenye nukta nyingine. Urefu wake unaweza kupimwa kupitia umbali uliopo kati ya nukta mbili za mwisho, kama kipande AB.","Kwa kutumia Mfano wa 3 wa kitabu, mwalimu aoneshe mchoro wenye nukta A, B, C na D, kisha aeleze vipande vyote vinavyopatikana ni AB, AC, AD, BC, BD na CD.",Wanafunzi watambue vipande vya mistari katika vitu vya kila siku kama vile pembe za dawati au fremu ya picha.,"Chora vipande vya mistari vyenye urefu ufuatao: PQ = sm 4, CD = sm 5, LM = sm 6::Mwanafunzi achore vipande vitatu vya mistari vyenye urefu wa sentimita 4, 5 na 6 kwa kutumia rula||Umbo mraba lina vipande vya mstari vingapi?::Umbo mraba lina vipande vinne vya mstari||Kuna vipande vingapi vya mstari kutoka nukta A,B,C na D kama ilivyo kwenye Mfano wa 3?::Kuna vipande sita: AB, AC, AD, BC, BD na CD",
2023-JSS001-DRS III,Kumudu Misingi ya awali ya kihisabati (iii),Kuonesha uelewa wa stadi za maumbo (iii),"Kueleza dhana ya nukta, mstari, kipande cha mstari na mwale",Kueleza dhana ya mwale,3,Maonyesho|Mazoezi ya vitendo|Maswali na majibu,Kuwaongoza Wanafunzi,Mwanafunzi aweze kueleza dhana ya mwale na kuchora miale ya kinyume kwa usahihi,Rula|Penseli na karatasi|Ubao,"TET(2023), HISABATI, KITABU CHA MWANAFUNZI, DARASA LA TATU, TET, DAR ES SALAAM","Mwale ni kipande cha mstari kinachoendelezwa upande mmoja bila kikomo, kama ilivyofafanuliwa ukurasa wa 98 wa kitabu cha mwanafunzi.","Upande unaoendelea bila kikomo huwekewa mshale kuonesha uelekeo. Mwale huandikwa kwa alama inayowakilisha mwale, kwa mfano mwale AB huandikwa AB na mwale BA huandikwa BA, ambapo nukta ya kwanza ni nukta ya mwanzo ya mwale.","Kwa Mfano wa 2 wa kitabu, mwalimu aoneshe kuwa mwale AB na mwale AE vinaweza kuwa kinyume cha mwingine kwani vyote vinaanzia nukta A na kuendelea upande kinyume unaofanya mstari mnyoofu EB.",Wanafunzi wataje mifano ya miale katika maisha ya kila siku kama mwanga wa tochi au miale ya jua inayotoka sehemu moja na kuendelea bila kikomo.,"Katika mwale AC, nukta ya mwanzo pia huitwa nukta gani?::Nukta ya mwanzo pia huitwa nukta ya mwisho ya mwale, hivyo A ni nukta ya mwisho ya mwale AC||Chora mwale XY na mwale YX::Mwanafunzi achore miale miwili ya kinyume ikianzia nukta X kwenda Y na kutoka Y kwenda X||Taja tofauti kati ya kipande cha mstari na mwale::Kipande cha mstari kina ncha mbili za mwisho wakati mwale una ncha moja tu na huendelea bila kikomo upande mwingine",
2023-JSS001-DRS III,Kumudu Misingi ya awali ya kihisabati (iii),Kuonesha uelewa wa stadi za maumbo (iii),"Kuunda maumbo bapa kwa kutumia nukta, mstari, na kipande cha mstari",Kuunda maumbo bapa kwa kutumia nukta na kipande cha mstari,4,Mazoezi ya vitendo|Kazi za vikundi|Maonyesho,Kuwaongoza Wanafunzi,Mwanafunzi aweze kuunda maumbo bapa kwa kuunganisha nukta na kutaja jina la umbo linalopatikana,Rula|Penseli na karatasi|Nukta zilizochorwa ubaoni,"TET(2023), HISABATI, KITABU CHA MWANAFUNZI, DARASA LA TATU, TET, DAR ES SALAAM","Wanafunzi watajifunza kuunda maumbo bapa kwa kuunganisha nukta kwa kutumia penseli na rula, kama ilivyoelezwa katika Kazi ya kufanya 5 ukurasa wa 101 wa kitabu cha mwanafunzi.","Kwa kutumia nukta A, B, C na D, wanafunzi wanaunganisha A na B, B na C, C na D, na D na A kwa kutumia penseli na rula, kisha wanapima na kurekodi urefu wa vipande vya mistari AB, AD, CD na BC ili kupata umbo linalopatikana.","Mwalimu aoneshe hatua kwa hatua jinsi ya kuunganisha nukta E, F, G na H kutengeneza pembetatu mbili au pembetatu nne kama ilivyo kwenye Zoezi la 3.",Wanafunzi wafananishe zoezi hili na jinsi maseremala au washonaji wanavyounganisha vipande vya vitu ili kuunda maumbo mbalimbali kama fremu za milango au vipande vya nguo.,"Unganisha nukta A na B, B na C, C na D, na D na A, kisha andika jina la umbo linalopatikana::Umbo linalopatikana ni mraba au mstatili kutegemea na mpangilio wa nukta||Kuna vipande vya mstari vingapi katika umbo la pembetatu?::Kuna vipande vitatu vya mstari||Unganisha nukta E, F, G na H ili kutengeneza pembetatu mbili::Mwanafunzi aunganishe nukta hizo kwa kutumia rula kupata pembetatu mbili zinazoshiriki kipande kimoja cha mstari",
2023-JSS001-DRS III,Kumudu Misingi ya awali ya kihisabati (iii),Kuonesha uelewa wa stadi za maumbo (iii),"Kuunda maumbo bapa kwa kutumia nukta, mstari, na kipande cha mstari",Kuchora maumbo bapa kwa kutumia TEHAMA na kutambua idadi ya pande,3,Matumizi ya TEHAMA|Mazoezi ya vitendo|Maonyesho,Kuwaongoza Wanafunzi,Mwanafunzi aweze kuchora maumbo bapa kwa kutumia TEHAMA na kutambua majina yake kulingana na idadi ya pande,Kompyuta au kifaa cha TEHAMA|Programu ya kuchora|Karatasi na manila,"TET(2023), HISABATI, KITABU CHA MWANAFUNZI, DARASA LA TATU, TET, DAR ES SALAAM","Kwa mujibu wa Kazi ya kufanya 6 ukurasa wa 104, wanafunzi watatumia TEHAMA (Teknolojia ya Habari na Mawasiliano) kuchora maumbo bapa kama mraba, pembetatu, duara na mstatili.","Wanafunzi wabainishe programu yoyote ya kompyuta inayotumika kuchora maumbo bapa, kisha waitumie kuchora maumbo matano tofauti yenye pande tano, na kuendelea kuchora maumbo mengi zaidi kuimarisha umahiri wao.","Mwalimu atumie Mfano wa kitabu kuonesha michoro minne (a) hadi (d) na kuwaongoza wanafunzi kutambua kuwa umbo lenye pande nane ni oktagoni, lenye pande nne ni mstatili, lenye pande tatu ni pembetatu na lisilo na pembe ni duara.",Wanafunzi wafananishe uchoraji wa maumbo kwa TEHAMA na matumizi ya programu za uchoraji katika kazi za usanifu na uhandisi wa kila siku.,Umbo lenye pembe nane linaitwaje?::Oktagoni||Mchoro wa nyumba unaotengenezwa kwa maumbo bapa una maumbo gani hasa?::Huwa na mchanganyiko wa mstatili na pembetatu kama ilivyo kwenye mchoro wa nyumba||Chora maumbo bapa matano tofauti yenye pande tano kwa kutumia TEHAMA::Mwanafunzi atumie programu ya kompyuta kuchora maumbo matano yenye pande tano kila moja,
2023-JSS001-DRS III,Kumudu Misingi ya awali ya kihisabati (iii),Kuonesha uelewa wa stadi za maumbo (iii),"Kuunda maumbo bapa kwa kutumia nukta, mstari, na kipande cha mstari",Marudio ya dhana za maumbo,3,Marudio|Maswali na majibu|Kazi za vikundi,Kuwaongoza Wanafunzi,"Mwanafunzi aweze kujibu kwa usahihi maswali ya marudio yanayohusisha nukta, mstari, kipande cha mstari, mwale na maumbo bapa",Kitabu cha mwanafunzi|Ubao|Chati ya marudio,"TET(2023), HISABATI, KITABU CHA MWANAFUNZI, DARASA LA TATU, TET, DAR ES SALAAM","Somo hili ni la marudio ya dhana zote za nukta, mstari, kipande cha mstari, mwale na maumbo bapa zilizojifunzwa, kwa kutumia Zoezi la marudio ukurasa wa 107-109 wa kitabu cha mwanafunzi.","Wanafunzi warudie kutofautisha kipande cha mstari na mwale, kuhesabu idadi ya pembe za pembetatu, pentagoni na heksagoni, na kutambua majina ya nukta, vipande vya mistari na miale kwenye michoro mbalimbali.",Mwalimu atumie michoro ya marudio kwenye kitabu kuwaongoza wanafunzi kuhesabu pembetatu zilizopo kwenye mchoro mkubwa na kubainisha maumbo ambayo si mstatili pamoja na sababu.,"Wanafunzi waonyeshe uelewa wao kwa kutambua nukta, mistari, vipande vya mistari na maumbo bapa katika mazingira ya shuleni kama madirisha, milango na uwanja.","Mwale una nukta ngapi za kikomo?::Mwale una nukta moja tu ya kikomo||Pembetatu ina pembe ngapi, Pentagoni ina pembe ngapi, na Heksagoni ina pembe ngapi?::Pembetatu ina pembe tatu, Pentagoni ina pembe tano, na Heksagoni ina pembe sita||Chora vipande viwili vya mistari vyenye urefu wa sm 4 na sm 5::Mwanafunzi achore vipande viwili kwa kutumia rula vyenye urefu wa sentimita 4 na sentimita 5",
2023-JSS001-DRS III,Kumudu Misingi ya awali ya kihisabati (iii),Kuonesha uelewa wa stadi za awali za namba (iii),Kutumia mgawanyo wa vitu kueleza dhana ya sehemu,Kutambulisha dhana ya sehemu kwa kugawa vitu katika vipande sawa,5,"Maonesho na vitendo: mwalimu na wanafunzi hukata chungwa au tikitimaji katika vipande sawa huku wakitumia kalamu ya rashasha kuweka alama, kisha wanajadili kwa pamoja jinsi ya kuandika sehemu kwa numerali.",Kuwaongoza Wanafunzi,"Mwanafunzi anaweza kukata kitu katika vipande sawa na kutaja sehemu husika kwa usahihi, pamoja na kuandika sehemu hiyo kwa numerali akitofautisha kiasi na asili.",Chungwa au tikitimaji|Kisu|Kalamu ya rashasha|Chati za sehemu|Michoro ya maumbo yaliyotiwa kivuli,"TET(2023), HISABATI, KITABU CHA MWANAFUNZI, DARASA LA TATU, TET, DAR ES SALAAM",Sehemu ni vipande vinavyounda kitu kizima kinapogawanywa katika vipande sawa. Kila kipande huitwa sehemu na huandikwa kwa numerali yenye namba ya juu (kiasi) na namba ya chini (asili).,"Kwa kutumia Kazi ya kufanya 1, wanafunzi hukata chungwa au tikitimaji katika vipande viwili sawa kisha vipande vinne sawa, wakiweka alama kwa kalamu ya rashasha katika kila kipande. Kwa mfano, chungwa lililokatwa katika vipande viwili sawa hutoa sehemu 1/2, na lililokatwa vipande vinne sawa hutoa sehemu 1/4.","Mfano wa 1 unaonesha maumbo mbalimbali yaliyotiwa kivuli ambapo wanafunzi wanaandika sehemu iliyotiwa kivuli kwa numerali, mfano 1/2, 1/3 na 1/4 kutegemea idadi ya vipande vilivyotiwa kivuli.","Ujuzi huu husaidia mwanafunzi kugawa vitu vya nyumbani kama chapati, sabuni au tunda kwa usawa miongoni mwa ndugu bila kubagua.","Chora duara na utie kivuli sehemu 1/8 ya duara.::Duara limegawanywa katika vipande vinane sawa na kipande kimoja kimetiwa kivuli, yaani 1/8.||Kuna moja ya tatu (1/3) ngapi katika kitu kizima?::Kuna vipande vitatu vya theluthi moja (1/3) katika kitu kizima.||Musa alikata chungwa katika vipande viwili vilivyo sawa na kumpa dada yake Neema kipande kimoja. Kila mmoja alipata sehemu gani ya chungwa?::Kila mmoja alipata nusu (1/2) ya chungwa.||Musa aligawanya mche wa sabuni katika sehemu nne zilizo sawa na kumpa dada yake kipande kimoja. Alimpa sehemu gani ya mche huo?::Alimpa robo (1/4) ya mche wa sabuni.",fraction_bar
2023-JSS001-DRS III,Kumudu Misingi ya awali ya kihisabati (iii),Kuonesha uelewa wa stadi za awali za namba (iii),Kutumia mgawanyo wa vitu kueleza dhana ya sehemu,Kutambua sehemu kama sehemu ya kundi la vitu,5,"Mwalimu huwapa wanafunzi makundi ya vitu halisi (mfano maembe au mawe) na kuwaongoza kutambua ni sehemu gani ya kundi zima inayowakilishwa na kikundi kidogo, kwa kulinganisha idadi ya vitu vilivyoainishwa na jumla ya vitu vyote.",Kuwaongoza Wanafunzi,Mwanafunzi anaweza kutambua na kuandika kwa numerali sehemu ya kundi la vitu inayowakilishwa na kikundi kidogo cha vitu hivyo.,Maembe au mawe ya kuigiza|Kadi za namba|Chati ya sehemu,"TET(2023), HISABATI, KITABU CHA MWANAFUNZI, DARASA LA TATU, TET, DAR ES SALAAM","Sehemu inaweza pia kuwakilisha kiasi cha vitu katika kundi zima la vitu, si tu vipande vya kitu kimoja. Idadi ya vitu vilivyoainishwa huwa kiasi na jumla ya vitu vyote huwa asili.","Katika Mfano wa 2, mama aliwapa watoto wake watatu maembe, kila mmoja alipata maembe mawili kati ya jumla ya maembe sita. Hivyo Rashidi alipata 2/6 ya maembe yote, kwa kuwa alipata vipande viwili kati ya jumla ya sita.","Mazoezi yanaonesha mifano mingine kama mbuzi wawili kati ya mbuzi sita (2/6), maembe mabovu mawili kati ya manane (2/8), na mapapai sita yaliyogawiwa kwa watoto watatu ambapo kila mtoto hupata 2/6 ya mapapai yote.",Stadi hii humsaidia mwanafunzi kuelewa jinsi ya kugawanya mazao ya shambani au mifugo miongoni mwa familia kwa kutumia dhana ya sehemu.,"Mbuzi wawili ni sehemu gani ya mbuzi sita?::Mbuzi wawili ni 2/6 ya mbuzi sita.||Kuna maembe manane, kati ya hayo mawili ni mabovu. Maembe mabovu ni sehemu gani ya maembe yote?::Maembe mabovu ni 2/8 ya maembe yote.||Mkulima amechuma mapapai sita anataka kuwagawia watoto wake watatu kwa usawa. Je, kila mtoto atapata sehemu gani ya mapapai yote?::Kila mtoto atapata 2/6 ya mapapai yote.||Sadiki ana ndizi ishirini. Anataka kuwapa ndizi watoto wake wanne kwa usawa. Kila mtoto atapata sehemu gani ya ndizi zote?::Kila mtoto atapata 5/20 ya ndizi zote.",
2023-JSS001-DRS III,Kumudu Misingi ya awali ya kihisabati (iii),Kuonesha uelewa wa stadi za awali za namba (iii),Kujumlisha na kutoa sehemu zenye asili moja,Kujumlisha sehemu zenye asili moja kwa kutumia michoro na tarakimu,4,"Mwalimu huonesha kwa michoro jinsi ya kujumlisha sehemu zenye asili moja kwa kuchora na kutia kivuli vipande, kisha huwaongoza wanafunzi kujumlisha kiasi tu huku asili ikibaki bila kubadilika, na baadaye kufanya mazoezi bila michoro.",Kuwaongoza Wanafunzi,"Mwanafunzi anaweza kujumlisha sehemu mbili zenye asili moja kwa kujumlisha kiasi tu bila kubadilisha asili, kwa kutumia michoro na pia kwa tarakimu.",Chati za michoro ya duara|Kadi za namba|Ubao na chaki,"TET(2023), HISABATI, KITABU CHA MWANAFUNZI, DARASA LA TATU, TET, DAR ES SALAAM","Kujumlisha sehemu zenye asili moja hufanyika kwa kujumlisha kiasi tu, wakati asili ikibaki bila kubadilika kwa kuwa sehemu zote zinatokana na kitu kimoja.","Mfano wa 1 unaonesha jinsi ya kujumlisha 3/4 na 1/4 kwa kutumia michoro ya duara iliyotiwa kivuli, hatimaye kupata 4/4 (duara zima). Mfano wa 2 unaonesha njia ya tarakimu bila michoro, ambapo 13/27 + 7/27 hujumlishwa kupata 20/27.","Michoro ya duara iliyogawanywa katika vipande sawa na kutiwa kivuli hutumika kuonesha jinsi vipande vinavyoongezeka vinapojumlishwa, kama vile robo tatu na robo moja kutoa duara zima.","Ujuzi huu humsaidia mwanafunzi kujumlisha kiasi cha chakula, maji au fedha kilichotumika katika sehemu tofauti za siku ili kupata jumla.",Tumia michoro kujibu: 3/4 + 1/4 = ?::3/4 + 1/4 = 4/4 (duara zima).||13/27 + 7/27 = ?::13/27 + 7/27 = 20/27.||1/2 + 1/2 = ?::1/2 + 1/2 = 2/2.||3/10 + 5/10 = ?::3/10 + 5/10 = 8/10.,fraction_bar
2023-JSS001-DRS III,Kumudu Misingi ya awali ya kihisabati (iii),Kuonesha uelewa wa stadi za awali za namba (iii),Kujumlisha na kutoa sehemu zenye asili moja,Kutatua mafumbo yenye dhana ya kujumlisha sehemu zenye asili moja,4,"Mwalimu husoma mafumbo ya maisha halisi yanayohusisha kujumlisha sehemu, kisha huwaongoza wanafunzi kutambua sehemu zinazohusika na kuzijumlisha kupata jibu, wakifafanua hatua kwa hatua kwa maneno na tarakimu.",Kuwaongoza Wanafunzi,Mwanafunzi anaweza kusoma na kuelewa fumbo la maneno linalohusisha kujumlisha sehemu zenye asili moja na kulitatua kwa usahihi kupata jibu sahihi.,Kadi za mafumbo|Ubao na chaki|Vielelezo halisi kama chupa au mfuko wa sukari,"TET(2023), HISABATI, KITABU CHA MWANAFUNZI, DARASA LA TATU, TET, DAR ES SALAAM","Mafumbo ya kujumlisha sehemu huhusisha hali za maisha halisi kama kujaza chombo au kutumia mali kwa sehemu tofauti, ambapo mwanafunzi hutakiwa kutambua sehemu husika na kuzijumlisha.","Katika Mfano wa 1, Yona alijaza 3/9 ya pipa na Halima alijaza 2/9 ya pipa hilo hilo, hivyo kwa pamoja walijaza 5/9 ya pipa. Katika Mfano wa 2, Anna alitumia 3/8 na Yahaya alitumia 4/8 ya sukari katika mfuko mmoja, hivyo jumla walitumia 7/8 ya sukari.","Mafumbo huelezwa kwa maneno pekee bila michoro, hivyo mwanafunzi hutumia uelewa wa kujumlisha kiasi tu kutafuta jibu la fumbo husika.","Stadi hii humsaidia mwanafunzi kuelewa jinsi rasilimali za nyumbani kama maji, sukari au chakula zinavyotumika kwa sehemu tofauti na jumla yake kupatikana.","Mama alimpa mwanae robo (1/4) ya chapati, kisha akampa robo tatu (3/4) ya chapati hiyo. Jumla alimpatia sehemu gani ya chapati hiyo?::Jumla alimpatia 4/4 (chapati nzima).||Wanakijiji waliuza 2/5 ya pamba yao kwenye chama kimoja cha ushirika, na 3/5 kwenye chama kingine. Waliuza sehemu gani ya pamba yote?::Waliuza 5/5 (pamba yote) ya pamba yao.||Yona alijaza 3/9 ya pipa na Halima alijaza 2/9 ya pipa hilo. Kwa pamoja walijaza sehemu gani ya pipa?::Kwa pamoja walijaza 5/9 ya pipa hilo.||Anna alitumia 3/8 ya sukari na Yahaya alitumia 4/8 ya sukari katika mfuko huo. Jumla walitumia sehemu gani ya sukari?::Jumla walitumia 7/8 ya sukari katika mfuko huo.",
2023-JSS001-DRS III,Kumudu Misingi ya awali ya kihisabati (iii),Kuonesha uelewa wa stadi za awali za namba (iii),Kujumlisha na kutoa sehemu zenye asili moja,Kutoa sehemu zenye asili moja kwa kutumia michoro na tarakimu,4,"Mwalimu huonesha kwa michoro jinsi ya kutoa sehemu zenye asili moja kwa kuchora, kutia kivuli na kuondoa vipande, kisha huwaongoza wanafunzi kutoa kiasi tu huku asili ikibaki bila kubadilika, na baadaye kufanya mazoezi bila michoro.",Kuwaongoza Wanafunzi,"Mwanafunzi anaweza kutoa sehemu mbili zenye asili moja kwa kutoa kiasi tu bila kubadilisha asili, kwa kutumia michoro na pia kwa tarakimu.",Chati za michoro ya duara|Kadi za namba|Ubao na chaki,"TET(2023), HISABATI, KITABU CHA MWANAFUNZI, DARASA LA TATU, TET, DAR ES SALAAM","Kutoa sehemu zenye asili moja hufanyika kwa kutoa kiasi tu, wakati asili ikibaki bila kubadilika kwa kuwa sehemu zote zinatokana na kitu kimoja.","Mfano wa 1 unaonesha 3/3 kutolewa 1/3 kwa kutumia mchoro wa duara lililogawanywa vipande vitatu, hivyo kupata 2/3. Mfano wa 2 unaonesha 5/6 - 1/6 kwa mchoro kupata 4/6, na Mfano wa 3 unaonesha njia ya tarakimu bila mchoro, 11/12 - 7/12 = 4/12.","Michoro ya duara iliyogawanywa katika vipande sawa hutumika kuonesha vipande vinavyobaki baada ya kuondoa kipande kilichotiwa kivuli, kama vile tano ya sita kutolewa moja ya sita.","Ujuzi huu humsaidia mwanafunzi kujua kiasi kilichobaki cha chakula, fedha au maji baada ya sehemu fulani kutumika.",Tumia michoro kutafuta jibu: 3/3 - 1/3 = ?::3/3 - 1/3 = 2/3.||Kwa kutumia mchoro: 5/6 - 1/6 = ?::5/6 - 1/6 = 4/6.||Tafuta thamani ya 11/12 - 7/12 = ?::11/12 - 7/12 = 4/12.||5/8 - 3/8 = ?::5/8 - 3/8 = 2/8.,fraction_bar
2023-JSS001-DRS III,Kumudu Misingi ya awali ya kihisabati (iii),Kuonesha uelewa wa stadi za awali za namba (iii),Kujumlisha na kutoa sehemu zenye asili moja,Kutatua mafumbo yenye dhana ya kutoa sehemu zenye asili moja,4,"Mwalimu husoma mafumbo ya maisha halisi yanayohusisha kutoa sehemu, kisha huwaongoza wanafunzi kutambua sehemu nzima na sehemu iliyotumika, kabla ya kuwaongoza kutoa ili kupata sehemu iliyobaki.",Kuwaongoza Wanafunzi,Mwanafunzi anaweza kusoma na kuelewa fumbo la maneno linalohusisha kutoa sehemu zenye asili moja na kulitatua kwa usahihi kupata sehemu iliyobaki.,Kadi za mafumbo|Ubao na chaki|Vielelezo halisi kama tikitimaji au shamba la kuigiza,"TET(2023), HISABATI, KITABU CHA MWANAFUNZI, DARASA LA TATU, TET, DAR ES SALAAM","Mafumbo ya kutoa sehemu huhusisha hali za maisha halisi ambapo sehemu ya kitu kizima hutumika au kuharibika, na mwanafunzi hutakiwa kutafuta sehemu iliyobaki.","Katika Mfano wa 1, sehemu 5/8 ya shamba ilipandwa miti ya mikaratusi na iliyobaki ilipandwa miti ya michungwa, hivyo 8/8 - 5/8 = 3/8. Katika Mfano wa 2, Katu alifanya usafi wa 4/12 ya darasa, hivyo sehemu isiyofanyiwa usafi ni 12/12 - 4/12 = 8/12.","Mafumbo huelezwa kwa maneno pekee bila michoro, hivyo mwanafunzi hutumia uelewa wa kutoa kiasi tu kutafuta sehemu iliyobaki katika fumbo husika.","Stadi hii humsaidia mwanafunzi kutambua kiasi kilichobaki cha shamba, chakula au fedha baada ya sehemu fulani kutumika au kuharibika katika maisha ya kila siku.",Tano ya nane (5/8) ya shamba imepandwa miti ya mikaratusi. Sehemu iliyobaki imepandwa miti ya michungwa. Ni sehemu gani ya shamba imepandwa miti ya michungwa?::Ni 8/8 - 5/8 = 3/8 ya shamba imepandwa miti ya michungwa.||Katu alifanya nne ya kumi na mbili (4/12) ya usafi wa darasa lake. Ni sehemu gani ya darasa haikufanyiwa usafi?::Sehemu isiyofanyiwa usafi ni 12/12 - 4/12 = 8/12.||Nusu (1/2) ya shamba la Ngosha limelimwa. Ni sehemu gani ya shamba halijalimwa?::Sehemu ambayo halijalimwa ni 2/2 - 1/2 = 1/2.||Bahati alikata tikitimaji katika vipande 10 vinavyolingana. Vipande 7 kati ya 10 viliuzwa. Ni sehemu gani ya tikitimaji haikuuzwa?::Sehemu isiyouzwa ni 10/10 - 7/10 = 3/10.,
2023-JSS001-DRS III,Kumudu matumizi ya stadi za kihisabati (iii),Kuonesha uelewa wa hesabu za muda (iii),Kueleza vipimo vya muda,Kutambua vipimo vya muda na uhusiano wake,2,"Maelezo, Maswali na majibu, Mjadala",Kuwaongoza Wanafunzi,"Mwanafunzi anaweza kutaja vipimo vya muda kwa usahihi|Mwanafunzi anaweza kueleza uhusiano kati ya sekunde, dakika, saa, siku, wiki na mwaka",Chati ya vipimo vya muda|Saa ya mshale|Saa ya kidigiti,"TET(2023), HISABATI, KITABU CHA MWANAFUNZI, DARASA LA TATU, TET, DAR ES SALAAM","Katika sura hii wanafunzi wanajifunza vipimo vya muda ambavyo ni sekunde, dakika, saa, siku, wiki, mwezi na mwaka. Umahiri huu utawawezesha wanafunzi kupanga na kuzingatia muda katika shughuli mbalimbali za kila siku.","Kitabu kinaeleza uhusiano wa vipimo vya muda kama ifuatavyo: dakika moja ina sekunde 60, saa moja ina dakika 60, siku moja ina saa 24, wiki moja ina siku 7, na mwaka mmoja una miezi 12. Mwalimu asisitize wanafunzi kukariri na kuelewa uhusiano huu kwa vitendo.","Chati inayoonesha mnyororo wa vipimo vya muda: sekunde -> dakika -> saa -> siku -> wiki -> mwezi -> mwaka, ikionesha idadi inayounganisha kila kipimo na kifuatacho.","Wanafunzi wanahimizwa kutumia vipimo vya muda kufuatilia ratiba ya shule, vipindi vya masomo, na shughuli za nyumbani kama muda wa kula na muda wa kulala.",Dakika moja ina sekunde ngapi?::Sekunde 60||Saa moja ina dakika ngapi?::Dakika 60||Siku moja ina saa ngapi?::Saa 24||Wiki moja ina siku ngapi?::Siku 7,unit_conversion_ladder
2023-JSS001-DRS III,Kumudu matumizi ya stadi za kihisabati (iii),Kuonesha uelewa wa hesabu za muda (iii),Kueleza vipimo vya muda,Kubainisha aina za saa na matumizi ya kalenda katika kupima muda,2,"Maonesho, Maelezo, Zoezi la vitendo",Kuwaongoza Wanafunzi,Mwanafunzi anaweza kutofautisha saa ya mshale na saa ya kidigiti|Mwanafunzi anaweza kusoma jedwali la muda na kukokotoa sekunde,Saa ya mshale|Saa ya kidigiti|Kalenda|Jedwali la muda,"TET(2023), HISABATI, KITABU CHA MWANAFUNZI, DARASA LA TATU, TET, DAR ES SALAAM","Vipimo vya muda vinaweza kusomwa kwa kutumia saa au kalenda. Kuna aina mbili za saa: saa ya mshale na saa ya kidigiti. Saa hutumika kupima muda wa saa 24 za siku, na kalenda hutumika kupima siku, wiki na miezi katika mwaka.","Zoezi la 1 la kitabu linaonesha jedwali la muda waliotumia wanafunzi wanne (Musa, Neema, Sofia na Hassan) kusimama kwa mguu mmoja: Musa dakika 1 na sekunde 24, Neema dakika 1 na sekunde 40, Sofia sekunde 103, na Hassan dakika 1 na sekunde 36. Wanafunzi wanatakiwa kubadilisha dakika na sekunde kuwa sekunde tu ili kulinganisha muda.","Mchoro wa saa ya mshale ukilinganishwa na saa ya kidigiti, ukionesha mishale mitatu (saa, dakika, sekunde) kwa upande mmoja na tarakimu zinazotenganishwa na nukta pacha (:) kwa upande mwingine.","Wanafunzi wanahimizwa kutambua saa na kalenda zinazotumika nyumbani na shuleni, kama vile saa ya ukutani au kalenda ya mwaka inayobandikwa ukutani.",Nani alitumia muda mrefu kuliko wote katika mchezo wa kusimama kwa mguu mmoja?::Sofia||Nani alitumia muda mfupi kuliko wote?::Musa||Neema alitumia sekunde ngapi?::Sekunde 100||Musa alitumia sekunde ngapi?::Sekunde 84,clock_face
2023-JSS001-DRS III,Kumudu matumizi ya stadi za kihisabati (iii),Kuonesha uelewa wa hesabu za muda (iii),Kusoma muda katika mtindo wa saa 12,Kutambua mishale ya saa na kuchora uso wa saa,3,"Maelezo, Maonesho, Zoezi la vitendo",Kuwaongoza Wanafunzi,"Mwanafunzi anaweza kutambua mshale wa saa, dakika na sekunde katika uso wa saa|Mwanafunzi anaweza kuchora uso wa saa kwa hatua sahihi",Sarafu ya shilingi 200 au 500|Karatasi|Penseli|Rula,"TET(2023), HISABATI, KITABU CHA MWANAFUNZI, DARASA LA TATU, TET, DAR ES SALAAM","Mishale yote ya saa ya mshale huzunguka uso wa saa kuanzia kushoto kuelekea kulia. Mshale mfupi huonesha saa, mshale mrefu huonesha dakika, na mshale mwembamba zaidi huonesha sekunde.","Mfano wa 1 unaonesha hatua za kuchora uso wa saa ya mshale unaoonesha saa 4:00: kuandaa kitu cha duara, kuchora duara, kuweka alama 12 zenye nafasi sawa, kuandika namba 1 hadi 12, kisha kuchora mshale mfupi ukilenga namba 4 na mshale mrefu ukilenga namba 12. Dakika 60 ni sawa na saa moja, dakika 30 husomwa kama nusu saa, na dakika 15 husomwa kama robo saa.","clock_face: mchoro wa uso wa saa wenye alama 12 hadi namba 12, ukionesha mshale mfupi (saa) ukilenga namba 4 na mshale mrefu (dakika) ukilenga namba 12, ukiwakilisha saa 4:00.","Wanafunzi wanaweza kuchora saa yao wenyewe kwa kutumia sarafu na penseli, na kuitumia kufuatilia ratiba za nyumbani kama muda wa kuamka au muda wa kula.",Dakika 60 ni sawa na nini?::Saa moja||Dakika 30 husomwaje?::Nusu saa||Dakika 15 husomwaje?::Robo saa||Chora uso wa saa ya mshale unaoonesha saa 4:00::Mshale mfupi ulenge namba 4 na mshale mrefu ulenge namba 12,clock_face
2023-JSS001-DRS III,Kumudu matumizi ya stadi za kihisabati (iii),Kuonesha uelewa wa hesabu za muda (iii),Kusoma muda katika mtindo wa saa 12,Kusoma muda kwa saa na dakika katika uso wa saa,3,"Maelezo, Maonesho, Mazoezi",Kuwaongoza Wanafunzi,Mwanafunzi anaweza kusoma muda wa saa kamili katika uso wa saa|Mwanafunzi anaweza kuchora uso wa saa unaoonesha saa na dakika maalumu,Saa ya mshale ya mfano|Kadi za saa|Ubao,"TET(2023), HISABATI, KITABU CHA MWANAFUNZI, DARASA LA TATU, TET, DAR ES SALAAM",Kusoma muda katika uso wa saa hufanyika kwa kuanza kusoma saa kisha dakika. Dakika husomwa kuanzia namba 12 kuelekea kulia hadi pale mshale wa dakika unapoelekeza.,"Mfano wa 2 unaonesha jinsi ya kuchora uso wa saa ya mshale kuonesha saa saba na dakika kumi na tano, yaani saa 7:15. Mfano wa 3 unaonesha nyuso tatu za saa zenye majibu: (a) Saa 1 kamili, (b) Saa 2 kamili, na (c) Saa 6 kamili.","clock_face: nyuso tatu za saa ya mshale zinazoonesha saa kamili tofauti (saa 1, saa 2, saa 6), na uso mmoja unaoonesha saa 7:15 wenye mshale mfupi kati ya 7 na 8 na mshale mrefu kwenye namba 3.",Wanafunzi wanahimizwa kusoma saa za nyumbani au za shuleni kila siku ili kujua muda wa kuanza na kumaliza shughuli kama vipindi vya masomo.,"Chora uso wa saa ya mshale kuonesha saa saba na dakika kumi na tano (saa 7:15)::Mshale mfupi kati ya namba 7 na 8, mshale mrefu kwenye namba 3||Uso wa saa (a) katika Mfano wa 3 unaonesha muda gani?::Saa 1 kamili||Uso wa saa (b) katika Mfano wa 3 unaonesha muda gani?::Saa 2 kamili||Uso wa saa (c) katika Mfano wa 3 unaonesha muda gani?::Saa 6 kamili",clock_face
2023-JSS001-DRS III,Kumudu matumizi ya stadi za kihisabati (iii),Kuonesha uelewa wa hesabu za muda (iii),Kusoma muda katika mtindo wa saa 12,Kusoma saa za mshale zisizo na namba na saa za kidigiti,3,"Maelezo, Maonesho, Maswali na majibu",Kuwaongoza Wanafunzi,Mwanafunzi anaweza kusoma saa ya mshale isiyo na namba|Mwanafunzi anaweza kuandika muda kwa numerali na kwa maneno kwa usahihi,Saa za mshale zisizo na namba|Saa za kidigiti|Chati ya majibu,"TET(2023), HISABATI, KITABU CHA MWANAFUNZI, DARASA LA TATU, TET, DAR ES SALAAM","Baadhi ya saa za mshale hazina namba zilizoandikwa kwenye uso wake, hivyo mwanafunzi lazima atambue nafasi za namba kwa kukisia umbali sawa kati ya alama. Saa za kidigiti huonesha saa na dakika moja kwa moja kwa tarakimu.","Katika Mfano wa 4, majibu ni: (a) Saa moja na dakika kumi na tano, (b) Saa kumi na dakika thelathini, (c) Saa nane na dakika arobaini na tano. Mfano wa 5 unatoa majibu kama: (a) Saa 10 na dakika 10 (10:10), (b) Saa 6 na dakika 20 (6:20), (c) Saa 7 na dakika 35 (7:35) au saa 8 kasoro dakika 25.","clock_face: saa za mshale zisizo na namba zilizowekwa alama tu badala ya tarakimu, zikilinganishwa na saa za kidigiti zinazoonesha tarakimu zilizotenganishwa na nukta pacha.","Wanafunzi wanahimizwa kutambua saa za kidigiti zilizopo kwenye simu, redio au televisheni nyumbani na kuzilinganisha na saa za mshale.","Uso wa saa usio na namba (a) katika Mfano wa 4 unaonesha muda gani?::Saa moja na dakika kumi na tano||Uso wa saa usio na namba (b) katika Mfano wa 4 unaonesha muda gani?::Saa kumi na dakika thelathini||Uso wa saa usio na namba (c) katika Mfano wa 4 unaonesha muda gani?::Saa nane na dakika arobaini na tano||Katika Mfano wa 5 (a), andika muda kwa numerali na maneno::Saa 10 na dakika 10 (10:10)",clock_face
2023-JSS001-DRS III,Kumudu matumizi ya stadi za kihisabati (iii),Kuonesha uelewa wa hesabu za muda (iii),Kusoma muda katika mtindo wa saa 12,Kufanya mazoezi ya kusoma na kuchora muda wa saa 12,3,"Zoezi la vitendo, Kazi ya kikundi, Kazi binafsi",Kuwaongoza Wanafunzi,Mwanafunzi anaweza kutofautisha nyuso mbili za saa|Mwanafunzi anaweza kuandika muda kwa maneno na kwa numerali kwa usahihi|Mwanafunzi anaweza kuchora mishale ya saa kuonesha muda uliotajwa,Kadi za saa|Karatasi za mazoezi|Penseli,"TET(2023), HISABATI, KITABU CHA MWANAFUNZI, DARASA LA TATU, TET, DAR ES SALAAM","Zoezi la 2 la kitabu linawapa wanafunzi fursa ya kufanya mazoezi mengi ya kusoma, kuchora na kuandika muda kwa kutumia saa za mshale na za kidigiti walizojifunza.","Zoezi la 2 linahitaji wanafunzi kuchora mishale kuonesha muda kama Saa 7 na dakika 5 (7:05), Saa 2 na dakika 35 (2:35), na Saa 6 na dakika 55 au saa 7 kasoro dakika 5 (6:55). Pia linawataka waandike muda kwa maneno kwa saa kama 8:45 na 12:10, na kwa numerali kwa maneno kama saa moja na nusu.","clock_face: nyuso nne za saa zenye mishale iliyochorwa kuonesha muda tofauti unaotajwa katika zoezi, zikitumika kama kadi za mazoezi darasani.","Wanafunzi wanaelekezwa kutumia ujuzi huu kusoma saa halisi za nyumbani kwao kila siku, kama vile muda wa kuondoka nyumbani kwenda shule.",Andika muda kwa maneno: 8:45::Saa 8 na dakika 45 au Saa 9 kasoro robo||Andika muda kwa maneno: 12:10::Saa 12 na dakika 10||Andika muda kwa numerali: Saa moja na nusu::1:30||Andika muda kwa numerali: Saa kumi na moja kamili::11:00,clock_face
2023-JSS001-DRS III,Kumudu matumizi ya stadi za kihisabati (iii),Kuonesha uelewa wa hesabu za muda (iii),Kusoma muda katika mtindo wa saa 24,Kutambua uhusiano kati ya mtindo wa saa 12 na saa 24,2,"Maelezo, Mjadala, Maswali na majibu",Kuwaongoza Wanafunzi,Mwanafunzi anaweza kueleza uhusiano kati ya mtindo wa saa 12 na saa 24|Mwanafunzi anaweza kutambua muundo wa tarakimu nne za mtindo wa saa 24,Chati ya uhusiano wa saa 12 na saa 24|Ubao,"TET(2023), HISABATI, KITABU CHA MWANAFUNZI, DARASA LA TATU, TET, DAR ES SALAAM",Mtindo wa saa 24 hutumika kuandika muda ambao hausomwi moja kwa moja kwenye uso wa saa ya mshale. Kielelezo cha kitabu kinaonesha kuwa mchana mmoja una saa 12 na usiku mmoja una saa 12.,"Katika mtindo wa saa 24, siku huanza baada ya saa 6:00 usiku na huandikwa kwa tarakimu nne. Tarakimu mbili za mwanzo kushoto huonesha saa wakati tarakimu mbili zinazofuata huonesha dakika, tofauti na mtindo wa saa 12 unaotumia saa 1 hadi 12 pekee.",,"Mtindo wa saa 24 hutumika sana katika ratiba za treni, ndege na vyombo vya habari, hivyo wanafunzi wanahimizwa kuufahamu ili kuelewa taarifa hizo.","Mtindo wa saa 24 huanza lini?::Baada ya saa 6:00 usiku||Mtindo wa saa 24 huandikwa kwa tarakimu ngapi?::Tarakimu nne||Katika mtindo wa saa 24, tarakimu mbili za mwanzo kushoto huonesha nini?::Saa||Katika mtindo wa saa 24, tarakimu mbili zinazofuata huonesha nini?::Dakika",
2023-JSS001-DRS III,Kumudu matumizi ya stadi za kihisabati (iii),Kuonesha uelewa wa hesabu za muda (iii),Kusoma muda katika mtindo wa saa 24,Kubadili muda kutoka mtindo wa saa 12 kwenda saa 24,2,"Maelezo, Mfano, Zoezi la vitendo",Kuwaongoza Wanafunzi,Mwanafunzi anaweza kubadili muda wa mtindo wa saa 12 kwenda mtindo wa saa 24 kwa usahihi,Chati ya mfano wa ubadilishaji|Ubao,"TET(2023), HISABATI, KITABU CHA MWANAFUNZI, DARASA LA TATU, TET, DAR ES SALAAM","Kubadili muda kutoka mtindo wa saa 12 kwenda mtindo wa saa 24 hufanyika kwa kuzingatia kama muda ni wa mchana au wa usiku, kisha kuandika kwa tarakimu nne.",Mfano wa 1: Saa 6:30 mchana ni sawa na saa 1230 katika mtindo wa saa 24. Mfano wa 3: Saa 4:45 usiku ni sawa na saa 2245 katika mtindo wa saa 24. Zoezi la 3 linawataka wanafunzi kubadili saa kama saa 8:00 mchana na saa 7:00 mchana kwenda mtindo wa saa 24.,,Ubadilishaji huu ni muhimu kwa wanafunzi kuelewa ratiba za shule na usafiri zinazoandikwa kwa mtindo wa saa 24.,Andika saa 6:30 mchana katika mtindo wa saa 24::Saa 1230||Andika saa 4:45 usiku katika mtindo wa saa 24::Saa 2245||Andika saa 8:00 mchana katika mtindo wa saa 24::Saa 2000||Andika saa 7:00 mchana katika mtindo wa saa 24::Saa 1900,clock_face
2023-JSS001-DRS III,Kumudu matumizi ya stadi za kihisabati (iii),Kuonesha uelewa wa hesabu za muda (iii),Kusoma muda katika mtindo wa saa 24,Kubadili muda kutoka mtindo wa saa 24 kwenda saa 12,2,"Maelezo, Mfano, Zoezi la vitendo",Kuwaongoza Wanafunzi,"Mwanafunzi anaweza kubadili muda wa mtindo wa saa 24 kwenda mtindo wa saa 12 kwa usahihi, akitaja kama ni mchana au usiku",Chati ya mfano wa ubadilishaji|Ubao,"TET(2023), HISABATI, KITABU CHA MWANAFUNZI, DARASA LA TATU, TET, DAR ES SALAAM",Kubadili muda kutoka mtindo wa saa 24 kwenda mtindo wa saa 12 hufanyika kwa kutambua tarakimu za saa na dakika kisha kuamua kama muda huo ni wa mchana au wa usiku.,"Mfano wa 2: Saa 0235 ni sawa na saa 8:35 usiku katika mtindo wa saa 12. Zoezi la 3 linaendelea na maswali kama kubadili saa 0400, saa 1700 na saa 2200 kwenda mtindo wa saa 12.",,Ustadi huu husaidia wanafunzi kusoma na kuelewa ratiba za vyombo vya usafiri kama treni na ndege zinazotumia mtindo wa saa 24.,Andika 0235 katika mtindo wa saa 12::Saa 8:35 usiku||Badili saa 0400 kuwa katika mtindo wa saa 12::Saa 10:00 usiku||Andika saa 1700 kuwa katika mtindo wa saa 12::Saa 11:00 mchana||Andika saa 2200 kuwa katika mtindo wa saa 12::Saa 4:00 usiku,clock_face
2023-JSS001-DRS III,Kumudu matumizi ya stadi za kihisabati (iii),Kuonesha uelewa wa hesabu za muda (iii),Kusoma muda katika mtindo wa saa 24,Kutumia mtindo wa saa 24 katika hali za kila siku,2,"Utatuzi wa matatizo, Kazi ya kikundi, Mjadala",Kuwaongoza Wanafunzi,Mwanafunzi anaweza kutatua tatizo la kihisabati linalohusisha ubadilishaji wa mtindo wa saa katika hali halisi za maisha,Kadi za matatizo|Ubao,"TET(2023), HISABATI, KITABU CHA MWANAFUNZI, DARASA LA TATU, TET, DAR ES SALAAM","Zoezi la 4 la kitabu linatoa matatizo ya kila siku yanayohitaji matumizi ya mtindo wa saa 24, kama vile ratiba za ndege na saa za kazi.","Mfano: Sheba alimwambia Bura kuwa saa yake ilionesha saa 2:15 asubuhi, hii ni sawa na saa 0815 katika mtindo wa saa 24. Watalii waliwasili uwanja wa ndege wa Kilimanjaro saa 1625, ambayo ni sawa na saa 10:25 mchana katika mtindo wa saa 12.",,"Matatizo haya yanahusiana na shughuli za kweli kama safari za ndege uwanjani Kilimanjaro na kazi za madaktari, hivyo wanafunzi wanaona umuhimu wa mtindo wa saa 24 katika maisha ya kila siku.","Sheba alimwambia Bura kuwa saa yake ilionesha saa 2:15 asubuhi. Je, hiyo ni saa ngapi katika mtindo wa saa 24?::Saa 0815||Daktari alifanya kazi kwa saa 11. Iwapo alianza kazi saa 1:30 asubuhi, alimaliza kazi saa ngapi katika mtindo wa saa 24?::Saa 1830||Watalii waliwasili uwanja wa ndege wa Kilimanjaro saa 1625. Andika muda huo katika mtindo wa saa 12::Saa 10:25 mchana",
2023-JSS001-DRS III,Kumudu matumizi ya stadi za kihisabati (iii),Kuonesha uelewa wa hesabu za muda (iii),"Kutambua idadi ya saa katika siku, siku katika wiki, wiki katika mwezi na miezi katika mwaka","Kutambua uhusiano wa siku, wiki, mwezi na mwaka",4,"Maelezo, Mjadala, Zoezi la vitendo",Kuwaongoza Wanafunzi,"Mwanafunzi anaweza kutaja uhusiano wa siku, wiki, mwezi na mwaka|Mwanafunzi anaweza kutumia uhusiano huo kutatua matatizo rahisi ya muda",Chati ya uhusiano wa muda|Kalenda,"TET(2023), HISABATI, KITABU CHA MWANAFUNZI, DARASA LA TATU, TET, DAR ES SALAAM","Muda hupimwa pia kwa siku, wiki, mwezi au mwaka. Mchoro wa kitabu unaonesha uhusiano wa siku katika wiki, wiki katika mwezi na miezi katika mwaka.","Ukweli muhimu: siku moja ina saa 24, wiki moja ina siku 7, mwezi mmoja una wiki 4, mwezi mmoja una siku 28, 29, 30 au 31, na mwaka mmoja una miezi 12. Zoezi la 5 linatumia ukweli huu, kwa mfano Bakari alinunua muda wa maongezi uliodumu saa 48, sawa na siku 2.","unit_conversion_ladder: mchoro unaoonesha mnyororo wa siku -> wiki -> mwezi -> mwaka, ukionesha idadi ya siku 7 kwa wiki, wiki 4 kwa mwezi, na miezi 12 kwa mwaka.","Wanafunzi wanahimizwa kutumia kalenda ya nyumbani au ya shule kufuatilia siku, wiki na miezi ili kupanga shughuli zao vizuri.","Saa 24 ni sawa na siku ngapi?::Siku 1||Siku 7 ni sawa na wiki ngapi?::Wiki 1||Mwezi mmoja una wiki ngapi?::Wiki 4||Bakari alinunua muda wa maongezi uliodumu kwa saa 48. Je, muda huu ni sawa na siku ngapi?::Siku 2",unit_conversion_ladder
2023-JSS001-DRS III,Kumudu matumizi ya stadi za kihisabati (iii),Kuonesha uelewa wa hesabu za muda (iii),"Kutambua idadi ya saa katika siku, siku katika wiki, wiki katika mwezi na miezi katika mwaka",Kutaja majina ya siku katika wiki na miezi katika mwaka,4,"Maelezo, Kukariri, Zoezi la vitendo",Kuwaongoza Wanafunzi,Mwanafunzi anaweza kutaja majina ya siku saba za wiki kwa mpangilio|Mwanafunzi anaweza kutaja majina ya miezi kumi na miwili ya mwaka na idadi ya siku za kila mmoja,Jedwali la siku za wiki|Jedwali la miezi ya mwaka|Kalenda,"TET(2023), HISABATI, KITABU CHA MWANAFUNZI, DARASA LA TATU, TET, DAR ES SALAAM","Wiki moja ina siku saba zenye majina: Jumatatu, Jumanne, Jumatano, Alhamisi, Ijumaa, Jumamosi na Jumapili. Mwaka mmoja una miezi kumi na miwili, kila mmoja ukiwa na jina lake maalumu.","Kitabu kinaonesha miezi kwa mpangilio pamoja na idadi ya siku: Januari (31), Februari (28 au 29), Machi (31), Aprili (30), Mei (31), Juni (30), Julai (31), Agosti (31), Septemba (30), Oktoba (31), Novemba (30), na Desemba (31).",,"Wanafunzi wanahimizwa kutambua siku ya sasa na mwezi wa sasa kwa kutumia kalenda halisi darasani, na kutaja mwezi ambao shule mara nyingi hufungwa kwa likizo ya mwisho wa mwaka.","Andika majina ya miezi yenye siku 30::Aprili, Juni, Septemba, Novemba||Andika majina ya miezi yenye siku 31::Januari, Machi, Mei, Julai, Agosti, Oktoba, Desemba||Taja mwezi ambao mara nyingi shule hufungwa kwa ajili ya likizo ya mwisho wa mwaka::Desemba||Wiki moja ina siku ngapi na majina yake ni yapi?::Siku 7: Jumatatu, Jumanne, Jumatano, Alhamisi, Ijumaa, Jumamosi na Jumapili",
2023-JSS001-DRS III,Kumudu matumizi ya stadi za kihisabati (iii),Kuonesha uelewa wa hesabu za muda (iii),"Kutambua idadi ya saa katika siku, siku katika wiki, wiki katika mwezi na miezi katika mwaka",Kutumia kalenda kubainisha mwaka mrefu na mfupi,4,"Maelezo, Maonesho, Mjadala",Kuwaongoza Wanafunzi,Mwanafunzi anaweza kueleza matumizi ya kalenda|Mwanafunzi anaweza kubainisha tofauti kati ya mwaka mrefu na mwaka mfupi,Kalenda ya mwaka husika|Kalenda za sikukuu za Tanzania|Ubao,"TET(2023), HISABATI, KITABU CHA MWANAFUNZI, DARASA LA TATU, TET, DAR ES SALAAM","Kalenda huonesha siku, wiki, mwezi na mwaka, na hutuwezesha kujua tarehe za matukio muhimu ya kitaifa na kimataifa kama sikukuu.","Kalenda hutuwezesha kujua aina ya mwaka, iwapo ni mfupi au mrefu. Katika mwaka mrefu, mwezi Februari huwa na siku 29, wakati katika mwaka mfupi mwezi Februari huwa na siku 28. Kitabu kinaonesha mifano ya kalenda za sikukuu za Tanzania za mwaka 2019 na 2020, zikiwa na sikukuu kama Mwaka Mpya na Siku ya Uhuru.",,"Wanafunzi wanahimizwa kutazama kalenda ya mwaka wa sasa nyumbani au shuleni ili kubaini kama ni mwaka mrefu au mfupi, na kutambua sikukuu za kitaifa zinazoadhimishwa mwaka huo.","Katika mwaka mrefu, mwezi Februari huwa na siku ngapi?::Siku 29||Katika mwaka mfupi, mwezi Februari huwa na siku ngapi?::Siku 28||Kalenda hutumika kuonesha nini?::Siku, wiki, mwezi na mwaka, pamoja na tarehe za matukio muhimu ya kitaifa na kimataifa||Sikukuu ya Siku ya Uhuru nchini Tanzania huadhimishwa tarehe ngapi?::Desemba 9",
2023-JSS001-DRS III,Kumudu matumizi ya stadi za kihisabati (iii),Kuonesha uelewa wa hesabu za fedha (iii),Kubaini fedha ya Tanzania katika shilingi na senti,Kutambua sarafu za Tanzania,4,"Maswali na majibu, uchunguzi wa sarafu halisi na majadiliano ya vikundi",Kuwaongoza Wanafunzi,"Mwanafunzi aweze kutambua na kutaja sarafu za Tanzania (shilingi 50, 100, 200 na 500) pamoja na alama zake bainifu.","Sarafu halisi za shilingi 50, 100, 200 na 500|Chati ya picha za sarafu|Kadi za sarafu","TET(2023), HISABATI, KITABU CHA MWANAFUNZI, DARASA LA TATU, TET, DAR ES SALAAM","Fedha ya Tanzania ipo katika mfumo wa sarafu na noti zenye thamani mbalimbali. Sarafu za Tanzania ni pamoja na shilingi 50, 100, 200 na 500.","Kila sarafu ina alama za picha za marais, wanyama pori, vitu vya kihistoria na alama za kitaifa zinazoitofautisha na nyingine. Kwa mfano, sarafu ya shilingi 100 imeandikwa '100' ikiwa na picha ya swala wanne, na ina picha ya Rais wa kwanza wa Tanzania.","Sarafu ya shilingi 50 ina rangi ya dhahabu. Mwalimu aoneshe sarafu halisi darasani ili wanafunzi wachunguze rangi, umbo na alama zilizopo katika kila sarafu.","Wanafunzi hutumia sarafu hizi kila siku wanapofanya manunuzi madogo madukani au sokoni, hivyo kuzitambua huwasaidia kuwa waangalifu wanapopokea au kutoa fedha za chenji.",Ni sarafu gani ina thamani kubwa kuliko zote?::Sarafu ya shilingi 500||Ni sarafu gani ina thamani ndogo kuliko zote?::Sarafu ya shilingi 50||Sarafu ya shilingi 50 ya Tanzania ina rangi gani?::Ina rangi ya dhahabu||Ni sarafu ipi ina picha ya Rais wa kwanza wa Tanzania?::Sarafu ya shilingi 100,
2023-JSS001-DRS III,Kumudu matumizi ya stadi za kihisabati (iii),Kuonesha uelewa wa hesabu za fedha (iii),Kubaini fedha ya Tanzania katika shilingi na senti,Kutambua noti za Tanzania na kulinganisha bei za bidhaa,4,"Uchunguzi wa noti halisi, maswali na majibu, na mazoezi ya kulinganisha bei za bidhaa",Kuwaongoza Wanafunzi,"Mwanafunzi aweze kutambua noti za Tanzania na alama zake, na kulinganisha bei za bidhaa mbalimbali kwa kutumia thamani za fedha.","Noti halisi za shilingi 500, 1,000, 2,000, 5,000 na 10,000|Chati ya picha za noti|Vielelezo vya bei za bidhaa","TET(2023), HISABATI, KITABU CHA MWANAFUNZI, DARASA LA TATU, TET, DAR ES SALAAM",Tanzania ina noti zenye thamani tofauti ambazo kila moja imeandikwa thamani yake kwa namba. Noti hutofautishwa kwa kutumia alama mbalimbali zilizopo juu yake.,"Noti ya shilingi elfu kumi ina rangi nyekundu. Wanafunzi hujifunza kutambua noti kwa kuangalia rangi, namba na alama za kihistoria zilizochorwa juu yake, kisha hutumia maarifa hayo kulinganisha bei za bidhaa kama sahani, samaki, mboga za majani, mkate na sufuria.","Mfano: Sufuria ina bei ya shilingi 5,000 ambayo ni bei kubwa kuliko bidhaa nyingine, wakati mboga za majani zina bei ya shilingi 500 ambayo ni ndogo kuliko zote.",Ujuzi wa kutambua noti na kulinganisha bei huwasaidia wanafunzi kufanya maamuzi sahihi wanaponunua bidhaa sokoni au dukani na kuhakikisha wanapata chenji sahihi.,"Noti ipi ina thamani kubwa kuliko zote?::Noti ya shilingi elfu kumi (10,000)||Noti ipi ina thamani ndogo kuliko zote?::Noti ya shilingi 500||Ni bidhaa ipi yenye bei kubwa kuliko zote kati ya sahani, samaki, mboga za majani, mkate na sufuria?::Sufuria, yenye bei ya shilingi 5,000||Ni bidhaa ipi yenye bei ndogo kuliko zote?::Mboga za majani, yenye bei ya shilingi 500||Ni bidhaa zipi zenye bei sawa?::Sahani na mkate, kila kimoja shilingi 1,000",
2023-JSS001-DRS III,Kumudu matumizi ya stadi za kihisabati (iii),Kuonesha uelewa wa hesabu za fedha (iii),Kubaini fedha ya Tanzania katika shilingi na senti,Kuandika fedha ya Tanzania kwa kifupi na kwa maneno,4,"Maelezo, mifano ubaoni na mazoezi ya kuandika fedha kwa kifupi na kwa maneno",Kuwaongoza Wanafunzi,Mwanafunzi aweze kuandika fedha ya Tanzania katika shilingi na senti kwa kifupi na kwa maneno kwa usahihi.,Kadi za namba|Chati ya mfumo wa fedha|Ubao na chaki,"TET(2023), HISABATI, KITABU CHA MWANAFUNZI, DARASA LA TATU, TET, DAR ES SALAAM","Jinsi ya kuandika fedha kwenye shilingi ni kuanza na neno shilingi likifuatiwa na thamani, na kwenye senti huanza na neno senti kisha thamani. Katika numerali, thamani ya shilingi na senti hutenganishwa na alama ya nukta.","Shilingi moja ni sawa na senti mia moja (sh1 = st100). Kwa kifupi, shilingi 500 na senti 50 huandikwa sh500 st50 au sh500.50, na hii husomwa au kuandikwa kwa maneno kama inavyohitajika.","Mfano: sh700.00 kwa maneno ni 'shilingi mia saba', na sh1200 na senti 70 kwa kifupi ni 'sh1200 st70'.","Uwezo wa kuandika fedha kwa usahihi ni muhimu wakati wa kuandika risiti, kujaza fomu za benki au kuweka kumbukumbu za mauzo na manunuzi ya nyumbani.",Senti 50 nne ni sawa na shilingi ngapi?::Shilingi 2 (senti 200)||Andika 'Shilingi mia tatu' kwa kifupi.::sh 300 st 00||Andika sh 23000 st 70 kwa maneno.::Shilingi elfu ishirini na tatu na senti sabini||Andika sh 700.00 kwa maneno.::Shilingi mia saba,
2023-JSS001-DRS III,Kumudu matumizi ya stadi za kihisabati (iii),Kuonesha uelewa wa hesabu za fedha (iii),Kujumlisha na kutoa fedha,Kujumlisha fedha ya Tanzania,7,"Maelezo ya hatua kwa hatua ubaoni, mifano shirikishi na mazoezi binafsi",Kuwaongoza Wanafunzi,Mwanafunzi aweze kujumlisha fedha za Tanzania zenye shilingi na senti kwa kuzingatia kuwa shilingi moja ni sawa na senti 100.,Kadi za namba|Chati ya nafasi za sehemu (shilingi na senti)|Ubao na chaki,"TET(2023), HISABATI, KITABU CHA MWANAFUNZI, DARASA LA TATU, TET, DAR ES SALAAM","Unapojumlisha fedha zinazohusisha shilingi na senti, zingatia kuwa shilingi moja ni sawa na senti 100. Hatua ni kujumlisha senti kwanza kisha shilingi.","Kwa mfano, sh500 st20 + sh380 st70: jumlisha senti (st20+st70=st90), kisha jumlisha shilingi (sh500+sh380=sh880), hivyo jibu ni sh880 st90. Endapo jumla ya senti inazidi 100, sehemu inayozidi hubadilishwa kuwa shilingi 1 na kuongezwa katika jumla ya shilingi, kama sh4596 st65 + sh3987 st75 = sh8584 st40.","Mfano mwingine: sh11,650 + sh78,450 = sh90,100, unaojumlisha shilingi pekee bila senti.","Ujuzi huu huwasaidia wanafunzi kuhesabu kwa usahihi jumla ya fedha wanapouza au kununua bidhaa zaidi ya moja, au wanapohesabu akiba yao.","sh 5000 + sh 4000 =::sh 9,000||sh 2438 + sh 4326 =::sh 6,764||sh 1326 + sh 1318 =::sh 2,644||sh 14955 st 50 + sh 4955 st 55 =::sh 19,911 st 05",
2023-JSS001-DRS III,Kumudu matumizi ya stadi za kihisabati (iii),Kuonesha uelewa wa hesabu za fedha (iii),Kujumlisha na kutoa fedha,Kutatua mafumbo yenye dhana ya kujumlisha fedha,7,"Uchambuzi wa matatizo ya maneno, majadiliano ya vikundi na mazoezi ya kutatua mafumbo",Kuwaongoza Wanafunzi,Mwanafunzi aweze kutatua mafumbo ya hesabu za maneno yanayohusisha kujumlisha fedha kwa kufuata hatua sahihi.,Kadi za maswali ya mafumbo|Ubao na chaki|Vielelezo vya hali halisi za manunuzi,"TET(2023), HISABATI, KITABU CHA MWANAFUNZI, DARASA LA TATU, TET, DAR ES SALAAM",Mafumbo ya kujumlisha fedha huelezea hali halisi za maisha zinazohitaji kujumlisha viasi viwili au zaidi vya fedha ili kupata jumla.,"Kwa mfano, Sabina aliuza kuku wawili kwa sh33,620 na sh22,350; kujumlisha viasi hivyo hutoa jibu sh55,970. Vivyo hivyo, Mapunda alitumia sh245,950 kwa maziwa na sh152,850 kwa usafiri, jumla akitumia sh398,800.","Mwalimu aoneshe jinsi ya kupanga viasi viwili vya fedha kiwima (moja chini ya nyingine) kabla ya kujumlisha, kama ilivyofanyika kwenye mfano wa Sabina na Mapunda.","Mafumbo haya yanafanana na hali za kila siku kama kuuza mazao, kulipia gharama za nyumbani au kuweka akiba, hivyo kumjengea mwanafunzi umahiri wa kutumia hesabu katika maisha halisi.","Saidi aliuza kuku wawili; wa kwanza kwa sh 13,600 na wa pili kwa sh 16,250. Je, Saidi alipata fedha kiasi gani?::sh 29,850||Yohana aliuza mayai kwa sh 8,600 na kuku kwa sh 17,500. Je, alipata jumla ya shilingi ngapi?::sh 26,100||Mpishi alinunua gunia la mkaa kwa sh 43,350 na gunia la mahindi kwa sh 55,600. Jumla alilipa kiasi gani cha fedha?::sh 98,950||Mwanafunzi alinunua kitabu cha Hisabati kwa sh 9,500 na daftari za sh 2,600. Je, alitumia kiasi gani cha fedha?::sh 12,100",
2023-JSS001-DRS III,Kumudu matumizi ya stadi za kihisabati (iii),Kuonesha uelewa wa hesabu za fedha (iii),Kujumlisha na kutoa fedha,Kutoa fedha ya Tanzania,6,"Maelezo ya hatua kwa hatua ubaoni, mifano shirikishi na mazoezi binafsi",Kuwaongoza Wanafunzi,"Mwanafunzi aweze kutoa fedha za Tanzania zenye shilingi na senti kwa usahihi, ikiwa ni pamoja na hali za kuazima kutoka shilingi kwenda senti.",Kadi za namba|Chati ya nafasi za sehemu (shilingi na senti)|Ubao na chaki,"TET(2023), HISABATI, KITABU CHA MWANAFUNZI, DARASA LA TATU, TET, DAR ES SALAAM","Tendo la kutoa fedha hufanyika kama kutoa namba nzima, kuanzia kulia (senti) kwenda kushoto (shilingi).","Kwa mfano, sh48,965 st95 - sh25,843 st85: toa senti (st95-st85=st10), kisha toa shilingi (sh48,965-sh25,843=sh23,122), hivyo jibu ni sh23,122 st10. Endapo senti za kutoa hazitoshelezi, huazima shilingi 1 kutoka sehemu ya shilingi na kuibadilisha kuwa senti 100, kama ilivyo katika sh869,335 st30 - sh427,123 st70 ambapo jibu ni sh442,211 st60.","Mfano mwingine bila senti: sh4,180 - sh2,494 = sh1,686.",Ujuzi wa kutoa fedha huwasaidia wanafunzi kuhesabu chenji baada ya malipo au kujua kiasi kilichobaki baada ya matumizi.,"sh 4561 - sh 2364 =::sh 2,197||sh 5751 - sh 4030 =::sh 1,721||sh 7620 - sh 5245 =::sh 2,375||sh 90900 - sh 75300 =::sh 15,600",
2023-JSS001-DRS III,Kumudu matumizi ya stadi za kihisabati (iii),Kuonesha uelewa wa hesabu za fedha (iii),Kujumlisha na kutoa fedha,Kutatua mafumbo yenye dhana ya kutoa fedha,6,"Uchambuzi wa matatizo ya maneno, majadiliano ya vikundi na mazoezi ya kutatua mafumbo",Kuwaongoza Wanafunzi,Mwanafunzi aweze kutatua mafumbo ya hesabu za maneno yanayohusisha kutoa fedha kwa kufuata hatua sahihi.,Kadi za maswali ya mafumbo|Ubao na chaki|Vielelezo vya hali halisi za matumizi ya fedha,"TET(2023), HISABATI, KITABU CHA MWANAFUNZI, DARASA LA TATU, TET, DAR ES SALAAM",Mafumbo ya kutoa fedha huelezea hali halisi zinazohitaji kutoa kiasi kimoja cha fedha kutoka kingine ili kupata kilichobaki.,"Kwa mfano, Anna alikuwa na sh80,800, akatumia sh20,000 kwa sare na sh17,500 kwa madaftari (jumla sh37,500); kutoa (sh80,800-sh37,500) hutoa jibu sh43,300. Vivyo hivyo, Petro aliuza ng'ombe kwa sh450,000 na kumpa mtoto wake sh215,000, akabakiwa na sh235,000.","Mwalimu aoneshe hatua za kutoa kiasi kilichotumika kutoka kiasi cha awali, akizingatia kutoa sehemu moja kwa wakati mmoja kama ilivyofanyika kwa Anna na Petro.","Mafumbo haya hufanana na hali za kila siku kama kuhesabu chenji, akiba iliyobaki baada ya matumizi, au faida na hasara katika biashara ndogo ndogo.","Halima alikwenda dukani na sh 5,000 kununua sukari kilo moja kwa sh 3,325. Je, Halima alirudi nyumbani na shilingi ngapi?::sh 1,675||Rehema alikuwa na sh 75,000 na alitumia sh 31,650. Je, Rehema alibakiwa na shilingi ngapi?::sh 43,350||Safina alipewa sh 1,000 kwa matumizi ya shule; akanunua maji ya sh 450 na chapati ya sh 300. Je, Safina alibakiwa na shilingi ngapi?::sh 250||Josefu alikuwa na sh 350,000. Alitumia sh 127,500. Je, alibakiwa na shilingi ngapi?::sh 222,500",
