subject_version_code,main_competence_name,specific_competence_name
2023-JSS004-DRS I,Kusoma,Kutambua sauti za herufi
2023-JSS004-DRS I,Kusoma,Kutambua uhusiano wa sauti na herufi
2023-JSS004-DRS I,Kusoma,Kusoma kwa ufasaha
2023-JSS004-DRS I,Kusoma,Kusoma na kusikiliza kwa ufahamu
2023-JSS004-DRS II,Kusoma,Kutambua sauti za herufi
2023-JSS004-DRS II,Kusoma,Kutambua uhusiano wa sauti na herufi
2023-JSS004-DRS II,Kusoma,Kusoma kwa ufasaha
2023-JSS004-DRS II,Kusoma,Kusoma na kusikiliza kwa ufahamu
2023-JSS005-DRS I,Kutunza Afya na Mazingira,Kutunza afya yake na jamii inayomzunguka
2023-JSS005-DRS I,Kutunza Afya na Mazingira,Kujilinda na mazingira hatarishi
2023-JSS005-DRS II,Kutunza Afya na Mazingira,Kuchunguza vitu vilivyopo katika mazingira
2023-JSS005-DRS II,Kutunza Afya na Mazingira,Kujilinda na mazingira hatarishi
2023-JSS005-DRS II,Kutunza Afya na Mazingira,Kuwa na mtazamo chanya kuhusu mazingira
2023-JSS006-DRS II,"Kuthamini Utamaduni, Sanaa na Michezo",Kuthamini utamaduni wake na wa watu wengine
2023-JSS006-DRS II,"Kuthamini Utamaduni, Sanaa na Michezo",Kuheshimu tofauti za kiimani
2023-JSS006-DRS II,"Kuthamini Utamaduni, Sanaa na Michezo",Kubuni kazi za sanaa
2023-JSS006-DRS II,"Kuthamini Utamaduni, Sanaa na Michezo",Kushiriki katika michezo mbalimbali
2023-JSS007-DRS II,Demonstrate Mastery of Basic English Language Skills,Develop listening and speaking skills in different contexts
2023-JSS007-DRS II,Demonstrate Mastery of Basic English Language Skills,Develop early Literacy and numeracy skills
2023-JSS008-Awali,"Kumudu Stadi za Kisanii, Ubunifu na Michezo",Kuonesha sanaa za maonyesho
2023-JSS008-Awali,"Kumudu Stadi za Kisanii, Ubunifu na Michezo",Kubuni sanaa zinazohusisha utendaji wa mikono
2023-JSS008-Awali,"Kumudu Stadi za Kisanii, Ubunifu na Michezo",Kutumia stadi za ubunifu zinazohusisha utendaji wa mwili
2023-JSS009-Awali,"Kuthamini Utamaduni wa Jamii Yake, Elimu ya Imani na Tunu za Taifa",Kuthamini alama na tunu za taifa
2023-JSS009-Awali,"Kuthamini Utamaduni wa Jamii Yake, Elimu ya Imani na Tunu za Taifa",Kuthamini vyakula vya Kitanzania
2023-JSS009-Awali,"Kuthamini Utamaduni wa Jamii Yake, Elimu ya Imani na Tunu za Taifa",Kuthamini mavazi ya Kitanzania
2023-JSS009-Awali,"Kuthamini Utamaduni wa Jamii Yake, Elimu ya Imani na Tunu za Taifa",Kuonesha matendo ya kiimani kulingana na imani yake
2023-JSS009-Awali,"Kuthamini Utamaduni wa Jamii Yake, Elimu ya Imani na Tunu za Taifa",Kuheshimu imani za watu wengine
2023-JSS010-Awali,Kumudu Stadi za Awali za Lugha ya Mawasiliano,Kusikiliza katika miktadha mbalimbali
2023-JSS010-Awali,Kumudu Stadi za Awali za Lugha ya Mawasiliano,Kuzungumza katika miktadha mbalimbali
2023-JSS010-Awali,Kumudu Stadi za Awali za Lugha ya Mawasiliano,Kusoma katika hatua za awali
2023-JSS010-Awali,Kumudu Stadi za Awali za Lugha ya Mawasiliano,Kuandika katika hatua za awali
2023-JSS010-Awali,Kumudu Stadi za Awali za Lugha ya Mawasiliano,Kuwasiliana katika miktadha mbalimbali
2023-JSS011-Awali,Kuhusiana,Kujithamini na kuthamini wengine
2023-JSS011-Awali,Kuhusiana,Kutawala hisia katika miktadha mbalimbali
2023-JSS011-Awali,Kuhusiana,Kumudu stadi za kujitegemea
2023-JSS011-Awali,Kuhusiana,Kumudu stadi za kushirikiana
2023-JSS011-Awali,Kuhusiana,Kutatua changamoto katika maisha ya kila siku
2023-JSS012-Awali,Afya na Mazingira,Kutunza mwili
2023-JSS012-Awali,Afya na Mazingira,Kuthamini vyakula vya aina mbalimbali
2023-JSS012-Awali,Afya na Mazingira,Kutunza vyombo vya chakula
2023-JSS012-Awali,Afya na Mazingira,Kuchunguza vitu vilivyopo katika mazingira
2023-JSS012-Awali,Afya na Mazingira,Kusafisha mazingira
2023-JSS012-Awali,Afya na Mazingira,Kuepuka mazingira hatarishi
2023-JSS012-Awali,Afya na Mazingira,Kuchukua tahadhari dhidi ya magonjwa mbalimbali
2023-JSS013-Awali,Kutumia Stadi za Awali za Kihisabati Sayansi na TEHAMA,Kutumia mazingira kujenga dhana za kihisabati na kufikiri kimantiki
2023-JSS013-Awali,Kutumia Stadi za Awali za Kihisabati Sayansi na TEHAMA,Kufanya majaribio ya Kisayansi
2023-JSS013-Awali,Kutumia Stadi za Awali za Kihisabati Sayansi na TEHAMA,Kutumia vifaa vya TEHAMA kuwasiliana katika miktadha mbalimbali
2023-JSS014-DRS III,Demonstrate mastery of basic English Language skills,Develop listening and speaking skills
2023-JSS014-DRS III,Demonstrate mastery of basic English Language skills,Develop phonemic awareness and pronunciation of English letters
2023-JSS014-DRS III,Demonstrate mastery of basic English Language skills,Use appropriate grammar and vocabulary both orally and in writing
2023-JSS014-DRS III,Comprehend oral and written information,Read a variety of simple texts appropriately
2023-JSS014-DRS III,Communicate effectively in different contexts,Demonstrate knowledge of the basic features of spoken language
2023-JSS015-DRS III,Kuwasiliana katika miktadha mbalimbali,"Kutambua matamshi ya sauti mbalimbali katika silabi, maneno, sentensi na habari"
2023-JSS015-DRS III,Kuwasiliana katika miktadha mbalimbali,Kuendeleza mazungumzo katika miktadha mbalimbali
2023-JSS015-DRS III,Kuwasiliana katika miktadha mbalimbali,Kutumia maandishi katika mawasiliano kulingana na miktadha mbalimbali
2023-JSS015-DRS III,Kuonesha uelewa wa jambo alilolisikiliza au kulisoma,Kuonesha stadi za kusikiliza na kuelewa
2023-JSS015-DRS III,Kuonesha uelewa wa jambo alilolisikiliza au kulisoma,Kusoma matini kwa ufasaha na ufahamu
2023-JSS015-DRS III,Kuwasilisha hoja kwa mazungumzo na kwa maandishi kulingana na muktadha,Kuandika matini mbalimbali
2023-JSS015-DRS III,Kuwasilisha hoja kwa mazungumzo na kwa maandishi kulingana na muktadha,Kuchanganua mawazo yaliyowasilishwa katika matini mbalimbali
2023-JSS015-DRS III,Kuwasilisha hoja kwa mazungumzo na kwa maandishi kulingana na muktadha,Kuonesha stadi za awali za ubunifu wa kazi mbalimbali za Kiswahili
2023-JSS016-DRS III,Kumudu nadharia za kisayansi,Kuonesha uelewa wa nadharia za kisayansi
2023-JSS016-DRS III,Kumudu nadharia za kisayansi,Kufanya uchunguzi sahili wa kisayansi
2023-JSS016-DRS III,Kumudu stadi za awali za kisayansi,Kufanya majaribio sahili ya kisayansi
2023-JSS016-DRS III,Kumudu matumizi ya TEHAMA,Kutumia TEHAMA katika ujifunzaji
2023-JSS003-DRS I,Kuandika,Kumudu misingi ya awali ya kuandika
2023-JSS003-DRS I,Kuandika,Kumudu stadi za kuandika
2023-JSS003-DRS I,Kuandika,Kutumia kanuni za uandishi
2023-JSS003-DRS II,Kuandika,Kutumia kanuni za uandishi
2023-JSS002-DRS I,Kuhesabu,Kutambua dhana ya namba
2023-JSS002-DRS I,Kuhesabu,Kutumia matendo ya kihisabati
2023-JSS002-DRS I,Kuhesabu,Kutumia dhana za kihisabati
2023-JSS002-DRS II,Kuhesabu,Kutumia matendo ya kihisabati
2023-JSS002-DRS II,Kuhesabu,Kutumia dhana za kihisabati
2023-JSS001-DRS IV,Kumudu Misingi ya awali ya kihisabati (iv),Kuonesha uelewa wa dhana ya namba (iv)
2023-JSS001-DRS IV,Kumudu Misingi ya awali ya kihisabati (iv),Kuonesha uelewa wa matendo ya namba (iv)
2023-JSS001-DRS IV,Kumudu Misingi ya awali ya kihisabati (iv),Kuonesha uelewa wa vipimo (iv)
2023-JSS001-DRS IV,Kumudu Misingi ya awali ya kihisabati (iv),Kuonesha uelewa wa stadi za awali za maumbo (iv)
2023-JSS001-DRS IV,Kumudu Misingi ya awali ya kihisabati (iv),Kuonesha uelewa wa stadi za awali za namba (iv)
2023-JSS001-DRS IV,Kumudu matumizi ya stadi za kihisabati (iv),Kuonesha uelewa wa hesabu za muda (iv)
2023-JSS001-DRS IV,Kumudu matumizi ya stadi za kihisabati (iv),Kuonesha uelewa wa hesabu za fedha (iv)
2023-JSS017-DRS III,Kumudu stadi za awali za ramani na mfumo wa jua,Kutumia ramani katika maisha ya kila siku
2023-JSS017-DRS III,Kumudu stadi za awali za sura ya nchi na rasilimali zilizopo,Kuonesha uelewa wa awali wa sura ya nchi
2023-JSS017-DRS III,Kumudu misingi ya kutunza mazingira,Kuonesha uelewa wa awali wa elimu ya kutunza mazingira
2023-JSS018-DRS III,Kubuni kazi za sanaa,Kumudu misingi ya uimbaji na uigizaji
2023-JSS018-DRS III,Kubuni kazi za sanaa,Kuchora picha
2023-JSS018-DRS III,Kubuni kazi za sanaa,Kufinyanga maumbo mbalimbali
2023-JSS018-DRS III,"Kuimarisha afya, stadi na ushindani",Kumudu mazoezi ya viungo
2023-JSS018-DRS III,"Kuimarisha afya, stadi na ushindani",Kucheza michezo ya asili
2023-JSS018-DRS III,Kumudu stadi za maonesho ya kazi za sanaa na michezo,Kushiriki katika maonesho ya kazi za sanaa na michezo
2023-JSS019-DRS III,"Kulinda Historia ya Tanzania, urithi na maadili ya Taifa","Kumudu dhana ya Historia ya Tanzania, urithi na maadili"
2023-JSS019-DRS III,"Kulinda Historia ya Tanzania, urithi na maadili ya Taifa",Kumudu maarifa ya jamii inayomzunguka
2023-JSS019-DRS III,"Kulinda Historia ya Tanzania, urithi na maadili ya Taifa","Kutumia maarifa na ujuzi wa asili wa jamii inayomzunguka kusimulia asili, urithi, na maadili ya jamii husika"
2023-JSS019-DRS III,"Kulinda Historia ya Tanzania, urithi na maadili ya Taifa",Kutathmini ushirikiano baina ya jamii za Kitanzania katika kujenga uhusiano wa kijamii na kiuchumi
2023-JSS019-DRS III,Kumudu Historia ya Tanzania na Maadili kabla ya ukoloni,Kuelezea mifumo mbalimbali ya utunzaji na ukuzaji wa maadili ya jamii za Kitanzania kabla ya ukoloni
2023-JSS017-DRS IV,Kumudu stadi za awali za ramani na mfumo wa jua,Kutumia ramani katika maisha ya kila siku
2023-JSS019-DRS IV,"Kulinda Historia ya Tanzania, urithi na maadili ya Taifa",Kumudu maarifa ya jamii inayomzunguka
2023-JSS019-DRS IV,Kumudu historia ya Tanzania na maadili kabla ya ukoloni,Kueleza mifumo mbalimbali za utunzaji na ukuzaji wa maadili ya jamii za Kitanzania kabla ya ukoloni
2023-JSS019-DRS IV,Kumudu historia ya Tanzania na maadili kabla ya ukoloni,Kueleza maendeleo ya jamii za Kitanzania na maadili yake kabla ya ukoloni
2023-JSS019-DRS IV,Kumudu historia ya ujenzi wa Taifa na maadili katika kipindi cha 1961-1966,Kutumia Alama za Taifa kama utambulisho wa Tanzania
2023-JSS015-DRS IV,Kuwasiliana katika miktadha mbalimbali,Kuendeleza mazungumzo katika miktadha mbalimbali
2023-JSS015-DRS IV,Kuwasiliana katika miktadha mbalimbali,Kutumia maandishi katika mawasiliano kulingana na miktadha mbalimbali
2023-JSS015-DRS IV,Kuonesha uelewa wa jambo alilolisikiliza au kulisoma,Kuonesha stadi za kusikiliza na kuelewa
2023-JSS015-DRS IV,Kuonesha uelewa wa jambo alilolisikiliza au kulisoma,Kusoma matini kwa ufasaha na ufahamu
2023-JSS015-DRS IV,Kuwasilisha hoja kwa mazungumzo na kwa maandishi kulingana na muktadha,Kuwasilisha hoja kwa njia ya mazungumzo katika miktadha mbalimbali
2023-JSS015-DRS IV,Kuwasilisha hoja kwa mazungumzo na kwa maandishi kulingana na muktadha,Kuchanganua mawazo yaliyowasilishwa katika matini mbalimbali
2023-JSS015-DRS IV,Kuwasilisha hoja kwa mazungumzo na kwa maandishi kulingana na muktadha,Kuonesha stadi za awali za ubunifu wa kazi mbalimbali za Kiswahili
2023-JSS016-DRS IV,Kumudu nadharia za kisayansi,Kuonesha uelewa wa nadharia za kisayansi
2023-JSS016-DRS IV,Kumudu nadharia za kisayansi,Kufanya uchunguzi sahili wa kisayansi
2023-JSS016-DRS IV,Kumudu nadharia za kisayansi,Kuonesha uelewa wa aina za nishati na matumizi yake
2023-JSS016-DRS IV,Kumudu stadi za awali za kisayansi,Kufanya majaribio sahili ya kisayansi
2023-JSS016-DRS IV,Kumudu matumizi ya TEHAMA,Kutumia TEHAMA katika ujifunzaji
2023-JSS016-DRS IV,Kubuni programu sahili za kompyuta,Kubuni programu sahili za kompyuta
2023-JSS018-DRS IV,Kubuni kazi za sanaa,Kumudu misingi ya uimbaji na uigizaji
2023-JSS018-DRS IV,Kubuni kazi za sanaa,Kuchora picha
2023-JSS018-DRS IV,Kubuni kazi za sanaa,Kufinyanga maumbo mbalimbali
2023-JSS018-DRS IV,"Kuimarisha afya, stadi na ushindani",Kumudu mazoezi ya viungo
2023-JSS018-DRS IV,"Kuimarisha afya, stadi na ushindani",Kucheza michezo ya asili
2023-JSS018-DRS IV,"Kuimarisha afya, stadi na ushindani",Kucheza michezo ya kisasa
2023-JSS018-DRS IV,Kumudu stadi za maonesho ya kazi za sanaa na michezo,Kushiriki katika maonesho ya kazi za sanaa na michezo
2023-JSS014-DRS IV,Demonstrate mastery of basic English language skills,Develop vocabulary by relating words with objects in the environment
2023-JSS014-DRS IV,Demonstrate mastery of basic English language skills,Use appropriate grammar and vocabulary both orally and in writing
2023-JSS014-DRS IV,Comprehend oral and written information,Respond appropriately in a familiar communicative context
2023-JSS014-DRS IV,Comprehend oral and written information,Read appropriately a variety of simple texts
2023-JSS014-DRS IV,Communicate effectively in different contexts,Demonstrate knowledge of the basic features of spoken language
2023-JSS014-DRS IV,Communicate effectively in different contexts,Produce short written messages using appropriate grammar and vocabulary
2023-JSS014-DRS IV,Communicate effectively in different contexts,Demonstrate basic skills in creative writing
2023-JSS015-DRS V,Kuwasiliana katika miktadha mbalimbali,Kuendeleza mazungumzo katika miktadha mbalimbali
2023-JSS015-DRS V,Kuwasiliana katika miktadha mbalimbali,Kutumia maandishi katika mawasiliano kulingana na miktadha mbalimbali
2023-JSS015-DRS V,Kuonesha uelewa wa jambo alilolisikiliza au kulisoma,Kuonesha stadi za kusikiliza na kuelewa
2023-JSS015-DRS V,Kuonesha uelewa wa jambo alilolisikiliza au kulisoma,Kusoma matini kwa ufasaha na ufahamu
2023-JSS015-DRS V,Kuwasilisha hoja kwa mazungumzo na kwa maandishi kulingana na muktadha,Kuwasilisha hoja kwa njia ya mazungumzo katika miktadha mbalimbali
2023-JSS015-DRS V,Kuwasilisha hoja kwa mazungumzo na kwa maandishi kulingana na muktadha,Kuandika matini mbalimbali kuzingatia vipengele vya insha
2023-JSS015-DRS V,Kuwasilisha hoja kwa mazungumzo na kwa maandishi kulingana na muktadha,Kuchanganua mawazo yaliyowasilishwa katika matini mbalimbali
2023-JSS015-DRS V,Kuwasilisha hoja kwa mazungumzo na kwa maandishi kulingana na muktadha,Kuonesha stadi za awali za ubunifu wa kazi mbalimbali za Kiswahili
2023-JSS014-DRS V,Demonstrate mastery of basic English language skills,Develop vocabulary by relating words with objects in the environment
2023-JSS014-DRS V,Demonstrate mastery of basic English language skills,Use appropriate grammar and vocabulary both orally and in writing
2023-JSS014-DRS V,Comprehend oral and written information,Comprehend information presented orally
2023-JSS014-DRS V,Comprehend oral and written information,Construct meaning from simple texts
2023-JSS014-DRS V,Comprehend oral and written information,Respond appropriately in a familiar communicative context
2023-JSS014-DRS V,Comprehend oral and written information,Read appropriately a variety of simple texts
2023-JSS014-DRS V,Communicate effectively in a different context,Demonstrate knowledge of the basic features of spoken language
2023-JSS014-DRS V,Communicate effectively in a different context,Produce short and basic oral messages with a logical structure and intelligible pronunciation
2023-JSS014-DRS V,Communicate effectively in a different context,Produce short written messages using appropriate grammar and vocabulary
2023-JSS014-DRS V,Communicate effectively in a different context,Demonstrate basic skills in creative writing
2023-JSS016-DRS V,Kumudu nadharia za kisayansi,Kuonesha uelewa wa nadharia za kisayansi
2023-JSS016-DRS V,Kumudu nadharia za kisayansi,"Kuonesha uelewa wa aina za nishati na matumizi yake (maana, tabia na matumizi)"
2023-JSS016-DRS V,Kumudu stadi za awali za kisayansi,Kufanya majaribio sahili ya ukuaji katika wanyama na mimea
2023-JSS016-DRS V,Kubuni programu sahili za kompyuta,Kubuni programu sahili za kompyuta
2023-JSS018-DRS V,Kubuni kazi za sanaa,Kumudu misingi ya uimbaji na uigizaji
2023-JSS018-DRS V,Kubuni kazi za sanaa,Kuchora picha
2023-JSS018-DRS V,Kubuni kazi za sanaa,Kufinyanga maumbo mbalimbali
2023-JSS018-DRS V,Kubuni kazi za sanaa,Kutengeneza vitu kwa kutumia makunzi mbalimbali
2023-JSS018-DRS V,"Kuimarisha afya, stadi na ushindani",Kumudu mazoezi ya viungo
2023-JSS018-DRS V,"Kuimarisha afya, stadi na ushindani",Kucheza michezo ya asili
2023-JSS018-DRS V,"Kuimarisha afya, stadi na ushindani",Kucheza michezo ya kisasa
2023-JSS019-DRS V,Kumudu Historia ya Tanzania na Maadili wakati wa ukoloni 1890-1960,Kuelezea historia ya Tanzania na urithi wakati wa ukoloni
2023-JSS019-DRS V,Kumudu Historia ya Tanzania na Maadili wakati wa ukoloni 1890-1960,Kulinganisha mabadiliko na mwendelezo wa maadili kabla na wakati wa ukoloni
2023-JSS019-DRS V,Kumudu Historia ya Tanzania na Maadili wakati wa ukoloni 1890-1960,Kuelezea jitahada za kulinda maadili ya Kitanzania dhidi ya maadili ya kigeni yaliyoletwa wakati wa ukoloni
2023-JSS019-DRS V,Kumudu historia ya ujenzi wa Taifa na maadili katika kipindi cha 1961-1966,Kuelezea mchango wa Tunu na Alama za Taifa katika kujenga umoja wa kitaifa na uzalendo
2023-JSS017-DRS V,Kumudu stadi za awali za sura ya nchi na rasilimali zilizopo,Kuonesha uelewa wa rasilimali asilia kuu za Tanzania
2023-JSS017-DRS V,Kumudu stadi za awali za sura ya nchi na rasilimali zilizopo,Kuonesha uelewa wa awali wa uhusiano kati ya rasilimali asilia na maendeleo
2023-JSS017-DRS V,Kumudu stadi za awali za Jiografia ya binadamu,Kuonesha uelewa wa awali wa uhusiano kati ya mtawanyiko wa watu na matumizi ya rasilimali
2023-JSS017-DRS V,Kumudu misingi ya awali ya kutunza mazingira,Kuonesha uelewa wa awali wa dhana ya tabianchi na uhusiano wake na shughuli za kiuchumi
2023-JSS016-DRS VI,Kumudu nadharia za kisayansi,Kuonesha uelewa wa mfumo wa upumuaji katika wanyama na mimea
2023-JSS016-DRS VI,Kumudu nadharia za kisayansi,"Kuonesha uelewa wa aina za nishati na matumizi yake (maana, vyanzo na matumizi)"
2023-JSS016-DRS VI,Kumudu stadi za awali za kisayansi,Kufanya majaribio sahili ya kubaini vitu vyenye tindikali au nyongo katika mazingira
2023-JSS018-DRS VI,Kubuni kazi za sanaa,Kumudu misingi ya uimbaji na uigizaji
2023-JSS018-DRS VI,Kubuni kazi za sanaa,Kuchora picha
2023-JSS018-DRS VI,"Kuimarisha afya, stadi na ushindani",Kumudu mazoezi ya ustahimilivu (endurance)
2023-JSS018-DRS VI,"Kuimarisha afya, stadi na ushindani",Kucheza michezo ya asili
2023-JSS018-DRS VI,"Kuimarisha afya, stadi na ushindani",Kucheza michezo mikubwa
2023-JSS017-DRS VI,Kumudu stadi za awali za ramani na mfumo wa jua,Kuonesha uelewa wa awali wa elimu ya mfumo wa jua
2023-JSS017-DRS VI,Kumudu stadi za awali za sura ya nchi,Kuonesha uelewa wa awali wa sura ya nchi
2023-JSS017-DRS VI,Kumudu stadi za awali za Jiografia ya binadamu,Kuonesha uelewa wa vyanzo vya taarifa za idadi ya watu na makazi
2023-JSS017-DRS VI,Kumudu misingi ya kutunza mazingira,Kuonesha uelewa wa awali wa dhana ya tabianchi na uhusiano wake na shughuli za kiuchumi
2023-JSS019-DRS VI,Kumudu Historia ya Ujenzi wa Taifa na Maadili katika Kipindi cha 1961-1966,Kumudu historia ya ujenzi wa Taifa na maadili baada ya uhuru katika kipindi cha 1961-1966
2023-JSS019-DRS VI,Kutathmini ujenzi wa Taifa na Maadili wakati wa Azimio la Arusha 1967-1985,Kuelezea Misingi na Maadili ya Azimio la Arusha na Siasa ya Ujamaa na Kujitegemea
2023-JSS019-DRS VI,Kutathmini ujenzi wa Taifa na Maadili wakati wa Azimio la Arusha 1967-1985,Kuelezea mchango wa Tanzania katika mapambano dhidi ya ukoloni na ukandamizaji
2023-JSS019-DRS VI,Kutathmini Historia ya Tanzania na Maadili wakati wa Uliberali 1986 hadi sasa,Kufafanua dhana ya uliberali kwa kuhusianisha na maadili ya Kitanzania
2023-JSS019-DRS VI,Kutathmini Historia ya Tanzania na Maadili wakati wa Uliberali 1986 hadi sasa,Kutumia maarifa na ujuzi wa historia ya Tanzania na maadili kufanya uamuzi sahihi katika nyakati za uliberali
2023-JSS015-DRS VI,Kuwasiliana katika miktadha mbalimbali,Kuendeleza mazungumzo katika miktadha mbalimbali
2023-JSS015-DRS VI,Kuwasiliana katika miktadha mbalimbali,Kutumia maandishi katika mawasiliano kulingana na miktadha mbalimbali
2023-JSS015-DRS VI,Kuonesha uelewa wa jambo alilolisikiliza au kulisoma,Kuonesha stadi za kusikiliza na kuelewa
2023-JSS015-DRS VI,Kuwasilisha hoja kwa mazungumzo na kwa maandishi kulingana na muktadha,Kuwasilisha hoja kwa njia ya mazungumzo katika miktadha mbalimbali
2023-JSS015-DRS VI,Kuwasilisha hoja kwa mazungumzo na kwa maandishi kulingana na muktadha,Kuchanganua mawazo yaliyowasilishwa katika matini mbalimbali
2023-JSS015-DRS VI,Kuwasilisha hoja kwa mazungumzo na kwa maandishi kulingana na muktadha,Kuonesha stadi za awali za ubunifu wa kazi mbalimbali za Kiswahili
2023-JSS014-DRS VI,Demonstrate mastery of basic English language skills,Develop vocabulary by relating words with objects in the environment
2023-JSS014-DRS VI,Demonstrate mastery of basic English language skills,Use appropriate grammar and vocabulary both orally and in writing
2023-JSS014-DRS VI,Comprehend oral and written information,Comprehend information presented orally
2023-JSS014-DRS VI,Comprehend oral and written information,Construct meaning from simple texts
2023-JSS014-DRS VI,Comprehend oral and written information,Respond appropriately in a familiar communicative context
2023-JSS014-DRS VI,Communicate effectively in different contexts,Demonstrate knowledge of the basic features of spoken language
2023-JSS014-DRS VI,Communicate effectively in different contexts,Produce short and basic oral messages with a logical structure and intelligible pronunciation
2023-JSS014-DRS VI,Communicate effectively in different contexts,Produce short written messages using appropriate grammar and vocabulary
2023-JSS014-DRS VI,Communicate effectively in different contexts,Demonstrate basic skills in creative writing
2023-JSS014-Kidato I,Communicate effectively in different contexts,Create a variety of texts for different communicative purposes using the appropriate tone and register
2023-JSS014-Kidato I,Communicate effectively in different contexts,Use appropriate grammar and vocabulary for oral communication in a variety of contexts
2023-JSS014-Kidato I,Comprehend oral and written information,Comprehend oral messages with increasing difficulty
2023-JSS014-Kidato I,Comprehend oral and written information,Read texts for comprehension
2023-JSS014-Kidato I,Comprehend oral and written information,Respond appropriately in a variety of oral and written communication contexts
2023-JSS014-Kidato I,Demonstrate mastery of English language skills,Develop listening skills
2023-JSS014-Kidato I,Demonstrate mastery of English language skills,Develop vocabulary from conversations and written texts
2023-JSS014-Kidato I,Demonstrate mastery of English language skills,Produce short and coherent oral messages with intelligible pronunciation and fluency
2023-JSS014-Kidato I,Demonstrate mastery of English language skills,Use appropriate grammar and vocabulary in oral and in written language tasks
2023-JSS014-Kidato I,Manage information search from different sources for lifelong learning,Use ICT tools to search for information from different sources
2023-JSS014-Kidato II,Communicate effectively in different contexts,Create a variety of texts for different communicative purposes using the appropriate tone and register
2023-JSS014-Kidato II,Communicate effectively in different contexts,Use appropriate grammar and vocabulary for oral communication in a variety of contexts
2023-JSS014-Kidato II,Comprehend oral and written information,Comprehend oral messages with increasing difficulty
2023-JSS014-Kidato II,Comprehend oral and written information,Read texts for comprehension
2023-JSS014-Kidato II,Comprehend oral and written information,Respond appropriately in a variety of oral and written communication contexts
2023-JSS014-Kidato II,Demonstrate mastery of English language skills,Develop listening skills
2023-JSS014-Kidato II,Demonstrate mastery of English language skills,Develop vocabulary from conversations and written texts
2023-JSS014-Kidato II,Demonstrate mastery of English language skills,Produce short and coherent oral messages with intelligible pronunciation and fluency
2023-JSS014-Kidato II,Demonstrate mastery of English language skills,Use appropriate grammar and vocabulary in oral and in written language tasks
2023-JSS014-Kidato III,Appreciate and create literary works,Analyse genres of literature and appreciate their conventions
2023-JSS014-Kidato III,Appreciate and create literary works,Appreciate the aesthetics and value of literature
2023-JSS014-Kidato III,Appreciate and create literary works,Create simple literary works
2023-JSS014-Kidato III,Appreciate and create literary works,"Evaluate the context in which literary texts are written, read and understood"
2023-JSS014-Kidato III,Communicate effectively in different contexts,Create a variety of texts for different communicative purposes using the appropriate tone and register
2023-JSS014-Kidato III,Communicate effectively in different contexts,Use appropriate grammar and vocabulary for oral communication in a variety of contexts
2023-JSS014-Kidato III,Comprehend oral and written information,Comprehend oral messages with increasing difficulty
2023-JSS014-Kidato III,Comprehend oral and written information,Construct meaning from a variety of texts
2023-JSS014-Kidato III,Comprehend oral and written information,Read texts for comprehension
2023-JSS014-Kidato III,Comprehend oral and written information,Respond appropriately in a variety of oral and written communication contexts
2023-JSS014-Kidato III,Demonstrate mastery of English language skills,Use appropriate grammar and vocabulary in oral and in written language tasks
2023-JSS014-Kidato III,Manage information search from different sources for lifelong learning,Organise information obtained from different sources
2023-JSS014-Kidato III,Provide basic English language services to the community,Apply principles of editing and proofreading in a variety of texts
2023-JSS014-Kidato III,Provide basic English language services to the community,Apply principles of interpretation to provide simple authentic interpretations
2023-JSS014-Kidato III,Provide basic English language services to the community,Apply principles of translation to produce simple authentic translation
2023-JSS014-Kidato IV,Appreciate and create literary works,Analyse genres of literature and appreciate their conventions
2023-JSS014-Kidato IV,Appreciate and create literary works,Appreciate the aesthetics and value of literature
2023-JSS014-Kidato IV,Appreciate and create literary works,Create simple literary works
2023-JSS014-Kidato IV,Appreciate and create literary works,"Evaluate the context in which literary texts are written, read and understood"
2023-JSS014-Kidato IV,Communicate effectively in different contexts,Conduct a socio-cultural analysis of functional texts
2023-JSS014-Kidato IV,Communicate effectively in different contexts,Create a variety of texts for different communicative purposes using the appropriate tone and register
2023-JSS014-Kidato IV,Communicate effectively in different contexts,Use appropriate grammar and vocabulary for oral communication in a variety of contexts
2023-JSS014-Kidato IV,Comprehend oral and written information,Comprehend oral messages with increasing difficulty
2023-JSS014-Kidato IV,Comprehend oral and written information,Construct meaning from a variety of texts
2023-JSS014-Kidato IV,Comprehend oral and written information,Read texts for comprehension
2023-JSS014-Kidato IV,Demonstrate mastery of English language skills,Use appropriate grammar and vocabulary in oral and in written language tasks
2023-JSS014-Kidato IV,Provide basic English language services to the community,Apply principles of editing and proofreading in a variety of texts
2023-JSS014-Kidato IV,Provide basic English language services to the community,Apply principles of interpretation to provide simple authentic interpretations
2023-JSS014-Kidato IV,Provide basic English language services to the community,Apply principles of translation to produce simple authentic translation
2023-JSS014-Kidato IV,Provide basic English language services to the community,Manage short translation and editing projects using Computer-Assisted Tools
2023-JSS017-Kidato I,Demonstrate mastery of the structure of the Earth,Demonstrate an understanding of the major features of the Earth surface
2023-JSS017-Kidato I,Demonstrate mastery of the structure of the Earth,Demonstrate an understanding of the origin and the structure of the Earth and earth systems
2023-JSS017-Kidato II,Demonstrate mastery of basic skills and techniques in Geography,Demonstrate an understanding of the basic techniques of map and photograph interpretation
2023-JSS017-Kidato II,Demonstrate mastery of the structure of the Earth,Demonstrate an understanding of the origin and the structure of the Earth and earth systems
2023-JSS017-Kidato III,Demonstrate mastery of basic skills and techniques in Geography,Demonstrate an understanding of the basic techniques in land surveying
2023-JSS017-Kidato III,Demonstrate mastery of human geography,Carry out a project in Geography
2023-JSS017-Kidato III,Demonstrate mastery of the structure of the Earth,"Demonstrate an understanding of the relationship between relief, climate and natural vegetation"
2023-JSS017-Kidato IV,Demonstrate mastery of human geography,Carry out a project in Geography
2023-JSS017-Kidato IV,Demonstrate mastery of human geography,"Demonstrate an understanding of the relationship between geography, environmental health, human settlements and economic activities"
2023-JSS024-Kidato I,Demonstrate mastery of business knowledge,"Demonstrate mastery of the concepts, theories and principles of Business Education"
2023-JSS024-Kidato II,Apply business knowledge in various contexts,Apply business theories into practice
2023-JSS024-Kidato II,Demonstrate mastery of business knowledge,"Demonstrate mastery of the concepts, theories and principles of Business Education"
2023-JSS024-Kidato II,Solve social challenges using business skills,Demonstrate mastery of the basic skills of operating a small-scale business
2023-JSS024-Kidato III,Apply business knowledge in various contexts,Apply business theories into practice
2023-JSS024-Kidato III,Apply business knowledge in various contexts,Demonstrate mastery of basic business ethics
2023-JSS024-Kidato III,Demonstrate mastery of business knowledge,"Demonstrate mastery of the concepts, theories and principles of Business Education"
2023-JSS024-Kidato III,Solve social challenges using business skills,Demonstrate mastery of the basic skills of operating a small-scale business
2023-JSS024-Kidato IV,Apply business knowledge in various contexts,Apply business theories into practice
2023-JSS024-Kidato IV,Demonstrate mastery of business knowledge,"Demonstrate mastery of the concepts, theories and principles of Business Education"
2023-JSS024-Kidato IV,Solve social challenges using business skills,Demonstrate mastery of the basic skills of operating a small-scale business
2023-JSS024-Kidato IV,Solve social challenges using business skills,Demonstrate mastery of the basic skills of trading locally and internationally
2023-JSS023-Kidato I,Demonstrate mastery of the principles of Book-keeping,Demonstrate an understanding of the basic principles and theories of Book-keeping
2023-JSS023-Kidato I,Demonstrate mastery of the principles of Book-keeping,Prepare a trial balance
2023-JSS023-Kidato I,Demonstrate mastery of the principles of Book-keeping,Record business transactions using source documents
2023-JSS023-Kidato I,Prepare basic financial statements,Prepare basic business financial position statements
2023-JSS023-Kidato I,Prepare basic financial statements,Prepare basic profit or loss statements
2023-JSS023-Kidato II,Demonstrate mastery of financial assets control,Prepare a financial budget
2023-JSS023-Kidato II,Demonstrate mastery of financial assets control,Prepare bank reconciliation statements
2023-JSS023-Kidato II,Demonstrate mastery of the principles of Book-keeping,Prepare a Trial balance
2023-JSS023-Kidato II,Demonstrate mastery of the principles of Book-keeping,Record business transactions using source documents
2023-JSS023-Kidato III,Demonstrate mastery of financial assets control,Adjust records in financial statements
2023-JSS023-Kidato III,Demonstrate mastery of financial assets control,Prepare a Trial balance
2023-JSS023-Kidato III,Prepare basic financial statements,Prepare basic business financial position statements
2023-JSS023-Kidato III,Prepare basic financial statements,Prepare basic profit or loss statements
2023-JSS023-Kidato III,Prepare financial statements for non-commercial institutions,Demonstrate an understanding of commercial and non-commercial organisations
2023-JSS023-Kidato III,Prepare financial statements for non-commercial institutions,Prepare financial statements of non-commercial organisations
2023-JSS023-Kidato IV,Demonstrate mastery of the use of ICT in Book-keeping,Use basic accounting packages
2023-JSS023-Kidato IV,Prepare basic financial statements,Prepare basic Statements of Cash flows
2023-JSS023-Kidato IV,Prepare basic financial statements,Prepare basic business financial position statements
2023-JSS023-Kidato IV,Prepare basic financial statements,Prepare basic financial statements for audit
2023-JSS023-Kidato IV,Prepare basic financial statements,Prepare basic profit or loss statements
2023-JSS021-Kidato I,Conduct experiments in Chemistry,Conduct experiments in Chemistry
2023-JSS021-Kidato I,"Demonstrate mastery of basic concepts, theories and principles in Chemistry","Demonstrate mastery of concepts, theories and principles in Chemistry"
2023-JSS021-Kidato II,Conduct experiments in Chemistry,Conduct experiments in Chemistry
2023-JSS021-Kidato II,"Demonstrate mastery of basic concepts, theories and principles in Chemistry",Demonstrate an understanding of the physical and chemical properties of elements on the basis of their arrangements in the periodic table
2023-JSS021-Kidato II,"Demonstrate mastery of basic concepts, theories and principles in Chemistry","Demonstrate mastery of concepts, theories and principles in Chemistry"
2023-JSS021-Kidato III,Conduct a project in Chemistry,Conduct a project in Chemistry
2023-JSS021-Kidato III,Conduct experiments in Chemistry,Conduct experiments in Chemistry
2023-JSS021-Kidato III,"Demonstrate mastery of basic concepts, theories and principles in Chemistry","Demonstrate mastery of concepts, theories and principles in Chemistry"
2023-JSS021-Kidato III,Demonstrate mastery of basic principles of extraction of metals,Demonstrate mastery of the principles of extraction of metals
2023-JSS021-Kidato IV,Conduct a project in Chemistry,Conduct a project in Chemistry
2023-JSS021-Kidato IV,Conduct experiments in Chemistry,Conduct experiments in Chemistry
2023-JSS021-Kidato IV,"Demonstrate mastery of basic concepts, theories and principles in Chemistry","Demonstrate mastery of concepts, theories and principles in Chemistry"
2023-JSS021-Kidato IV,Demonstrate mastery of basic terminologies in Chemistry,"Use chemical symbols, formulae and equations to represent chemical reaction"
2023-JSS021-Kidato IV,Demonstrate mastery of basic terminologies in Chemistry,Use the International Union of Pure and Applied Chemistry nomenclature to name chemical species
2023-JSS015-Kidato I,Kumudu lugha ya mazungumzo na ya maandishi,Kusikiliza na kuelewa mazungumzo
2023-JSS015-Kidato I,Kumudu lugha ya mazungumzo na ya maandishi,Kusoma matini kwa ufasaha na ufahamu
2023-JSS015-Kidato I,Kumudu misingi ya Kiswahili,Kukuza uelewa wa sarufi ya Kiswahili
2023-JSS015-Kidato I,Kumudu misingi ya Kiswahili,Kutambua Kiswahili kama kielelezo cha utaifa na utambulisho wa Mtanzania
2023-JSS015-Kidato I,Kuwasiliana katika miktadha mbalimbali,Kutumia kamusi katika miktadha mbalimbali
2023-JSS015-Kidato I,Kuwasiliana katika miktadha mbalimbali,Kuwasiliana kwa njia ya maandishi katika miktadha mbalimbali
2023-JSS015-Kidato I,Kuwasiliana katika miktadha mbalimbali,Kuwasiliana kwa ufasaha kwa njia ya mazungumzo
2023-JSS015-Kidato II,Kumudu lugha ya mazungumzo na ya maandishi,Kusikiliza na kuelewa mazungumzo
2023-JSS015-Kidato II,Kumudu lugha ya mazungumzo na ya maandishi,Kusoma matini kwa ufasaha na ufahamu
2023-JSS015-Kidato II,Kumudu misingi ya Kiswahili,Kukuza uelewa wa sarufi ya Kiswahili
2023-JSS015-Kidato II,Kuwasiliana katika miktadha mbalimbali,Kuwasiliana kwa njia ya maandishi katika miktadha mbalimbali
2023-JSS015-Kidato II,Kuwasiliana katika miktadha mbalimbali,Kuwasiliana kwa ufasaha kwa njia ya mazungumzo
2023-JSS015-Kidato III,Kumudu lugha ya mazungumzo na ya maandishi,Kusikiliza na kuelewa mazungumzo
2023-JSS015-Kidato III,Kumudu lugha ya mazungumzo na ya maandishi,Kusoma matini kwa ufasaha na ufahamu
2023-JSS015-Kidato III,Kumudu misingi ya Kiswahili,Kukuza uelewa wa sarufi ya Kiswahili
2023-JSS015-Kidato III,Kuthamini kazi za fasihi ya Kiswahili,Kubuni kazi za fasihi ya Kiswahili
2023-JSS015-Kidato III,Kuthamini kazi za fasihi ya Kiswahili,Kuhakiki kazi za fasihi ya Kiswahili
2023-JSS015-Kidato III,Kuthamini kazi za fasihi ya Kiswahili,Kukuza uelewa wa misingi ya fasihi ya Kiswahili
2023-JSS015-Kidato III,Kutoa huduma ya lugha ya Kiswahili katika jamii,Kufanya tafsiri sahili katika lugha ya Kiswahili
2023-JSS015-Kidato III,Kutoa huduma ya lugha ya Kiswahili katika jamii,Kuhariri matini mbalimbali za Kiswahili
2023-JSS015-Kidato III,Kuwasiliana katika miktadha mbalimbali,Kuwasiliana kwa njia ya maandishi katika miktadha mbalimbali
2023-JSS015-Kidato III,Kuwasiliana katika miktadha mbalimbali,Kuwasiliana kwa ufasaha kwa njia ya mazungumzo
2023-JSS015-Kidato IV,Kuthamini kazi za fasihi ya Kiswahili,Kubuni kazi za fasihi ya Kiswahili
2023-JSS015-Kidato IV,Kuthamini kazi za fasihi ya Kiswahili,Kuhakiki kazi za fasihi ya Kiswahili
2023-JSS015-Kidato IV,Kutoa huduma ya lugha ya Kiswahili katika jamii,Kufanya tafsiri sahili katika lugha ya Kiswahili
2023-JSS015-Kidato IV,Kutoa huduma ya lugha ya Kiswahili katika jamii,Kufanya ukalimani sahili kwa lugha ya Kiswahili
2023-JSS015-Kidato IV,Kutoa huduma ya lugha ya Kiswahili katika jamii,Kuhariri matini mbalimbali za Kiswahili
2023-JSS015-Kidato IV,Kuwasiliana katika miktadha mbalimbali,Kuwasiliana kwa njia ya maandishi katika miktadha mbalimbali
2023-JSS015-Kidato IV,Kuwasiliana katika miktadha mbalimbali,Kuwasiliana kwa ufasaha kwa njia ya mazungumzo
2023-JSS019-Kidato I,Demonstrate mastery of African history before colonialism,Demonstrate an understanding of the concept of History and sources of historical information
2023-JSS019-Kidato I,Demonstrate mastery of African history before colonialism,"Demonstrate an understanding of the economic, political, social and technological development in pre-colonial Africa"
2023-JSS019-Kidato I,Demonstrate mastery of African history before colonialism,Demonstrate an understanding of theories of the origin of human beings
2023-JSS019-Kidato II,Demonstrate mastery of African history before colonialism,Demonstrate an understanding of interactions among African societies during the pre-colonial period
2023-JSS019-Kidato II,Demonstrate mastery of African history before colonialism,"Demonstrate an understanding of the early contacts among the people of Africa, the Middle East, the Far East and Europe from the 1st Century to the 19th Century"
2023-JSS019-Kidato III,Demonstrate mastery of the relationship between capitalism and Africa,Demonstrate an understanding of colonial systems in Africa
2023-JSS019-Kidato III,Demonstrate mastery of the relationship between capitalism and Africa,Demonstrate an understanding of the development of capitalism and its impact on Africa
2023-JSS019-Kidato III,Demonstrate mastery of the relationship between capitalism and Africa,Demonstrate an understanding of the history of nationalist movements in Africa
2023-JSS019-Kidato IV,Demonstrate mastery of the history of Africa's participation in regional and international affairs,Demonstrate an understanding of the history of Africa's participation in the United Nations Organisation
2023-JSS019-Kidato IV,Demonstrate mastery of the history of Africa's participation in regional and international affairs,Demonstrate an understanding of the regional integration in Africa
2023-JSS019-Kidato IV,Demonstrate mastery of the history of nation-building in post-colonial Africa,Demonstrate an understanding of the successes and challenges of nation-building in post-colonial Africa
2023-JSS019-Kidato IV,Demonstrate mastery of the history of nation-building in post-colonial Africa,Demonstrate mastery of the history of nation-building in post-colonial Africa
2023-JSS020-Kidato I,Communicating using scientific biological terminologies,Demonstrate mastery of scientific biological terminologies
2023-JSS020-Kidato I,Conduct biological investigations,Demonstrate mastery of basic skills for conducting biological investigations
2023-JSS020-Kidato I,Conduct biological investigations,Prepare and present results of biological investigations
2023-JSS020-Kidato I,"Demonstrate mastery of the concepts, principles and processes of Biology","Describe the physiological, anatomical and ecological processes of living organisms"
2023-JSS020-Kidato II,Conduct biological investigations,Demonstrate mastery of basic skills for conducting biological investigations
2023-JSS020-Kidato II,Conduct biological investigations,Prepare and present results of biological investigations
2023-JSS020-Kidato II,"Demonstrate mastery of the concepts, principles and processes of Biology","Describe the physiological, anatomical and ecological processes of living organisms"
2023-JSS020-Kidato III,Conduct biological investigations,Carry out a biological project work using biological principles
2023-JSS020-Kidato III,Conduct biological investigations,Demonstrate mastery of basic skills for conducting biological investigations
2023-JSS020-Kidato III,"Demonstrate mastery of the concepts, principles and processes of Biology","Describe the physiological, anatomical and ecological processes of living organisms"
2023-JSS020-Kidato IV,Conduct biological investigations,Carry out a biological project work using biological principles
2023-JSS020-Kidato IV,Conduct biological investigations,Demonstrate mastery of basic skills for conducting biological investigations
2023-JSS020-Kidato IV,"Demonstrate mastery of the concepts, principles and processes of Biology","Describe the physiological, anatomical and ecological processes of living organisms"
2023-JSS001-Kidato I,Demonstrate mastery of mathematical language,Use numerical skills in different contexts
2023-JSS001-Kidato I,Demonstrate mastery of mathematical language,Use ratios and proportions in daily life
2023-JSS001-Kidato I,Demonstrate mastery of basic concepts in geometry and algebra,"Use geometry, approximations, relations and functions in various contexts"
2023-JSS001-Kidato I,Demonstrate mastery of basic concepts in geometry and algebra,Use algebra and matrices in problem solving
2023-JSS001-Kidato I,"Demonstrate mastery of basic concepts in coordinate geometry, trigonometry, circles, vectors, probability and statistics","Use basic coordinate geometry, trigonometry and vectors skills in daily life"
2023-JSS001-Kidato II,Demonstrate mastery of mathematical language,Use rates and variations in different contexts
2023-JSS001-Kidato II,Demonstrate mastery of basic concepts in geometry and algebra,"Use geometry, approximations, relations and functions in various contexts"
2023-JSS001-Kidato II,Demonstrate mastery of basic concepts in geometry and algebra,Use algebra and matrices in problem solving
2023-JSS001-Kidato II,Demonstrate mastery of basic concepts in geometry and algebra,"Use sets, sequences and series in problem solving"
2023-JSS001-Kidato II,"Demonstrate mastery of basic concepts in coordinate geometry, trigonometry, circles, vectors, probability, and statistics","Use basic coordinate geometry, trigonometry and vectors skills in daily life"
2023-JSS001-Kidato III,Demonstrate mastery of basic concepts in geometry and algebra,"Use geometry, approximations, relations and functions in various contexts"
2023-JSS001-Kidato III,Demonstrate mastery of basic concepts in geometry and algebra,Use algebra and matrices in problem solving
2023-JSS001-Kidato III,Demonstrate mastery of basic concepts in geometry and algebra,Use sequences and series in problem solving
2023-JSS001-Kidato III,"Demonstrate mastery of basic concepts in coordinate geometry, trigonometry, circles, vectors, probability and statistics",Use basic skills of circles in daily life
2023-JSS001-Kidato IV,Demonstrate mastery of basic concepts in geometry and algebra,Use algebra and matrices in problem solving
2023-JSS001-Kidato IV,"Demonstrate mastery of basic concepts in coordinate geometry, trigonometry, circles, vectors, probability, and statistics","Use basic coordinate geometry, trigonometry, and vectors skills in daily life"
2023-JSS001-Kidato IV,"Demonstrate mastery of basic concepts in coordinate geometry, trigonometry, circles, vectors, probability, and statistics",Use probability in problem solving
2023-JSS001-Kidato IV,"Demonstrate mastery of basic concepts in coordinate geometry, trigonometry, circles, vectors, probability, and statistics",Use statistics in problem solving
2023-JSS022-Kidato I,Apply knowledge of Physics in various contexts,"Demonstrate mastery of basic concepts, theories and principles of Physics"
2023-JSS022-Kidato I,Apply knowledge of Physics in various contexts,"Demonstrate mastery of basic terminologies, measurements and symbols in Physics"
2023-JSS022-Kidato I,Apply knowledge of Physics in various contexts,Use mathematics to explain physical principles and phenomena
2023-JSS022-Kidato I,Conduct experiments in Physics,Demonstrate mastery of basic experimental skills in Physics
2023-JSS022-Kidato I,Conduct experiments in Physics,"Demonstrate mastery of data analysis, presentation and report writing in Physics"
2023-JSS022-Kidato I,Evaluate and use information in Physics,"Collect, describe and relate physical data"
2023-JSS022-Kidato I,Evaluate and use information in Physics,Carry out a project in Physics
2023-JSS022-Kidato II,Apply knowledge of Physics in various contexts,"Demonstrate mastery of basic concepts, theories and principles of Physics"
2023-JSS022-Kidato II,Apply knowledge of Physics in various contexts,Use mathematics to explain physical principles and phenomena
2023-JSS022-Kidato II,Conduct experiments in Physics,Demonstrate mastery of basic experimental skills in Physics
2023-JSS022-Kidato II,Conduct experiments in Physics,"Demonstrate mastery of data analysis, presentation and report writing in Physics"
2023-JSS022-Kidato II,Evaluate and use information in Physics,"Collect, describe and relate physical data"
2023-JSS022-Kidato II,Evaluate and use information in Physics,Carry out a project in Physics
2023-JSS022-Kidato III,Apply knowledge of Physics in various contexts,"Demonstrate mastery of basic concepts, theories and principles of Physics"
2023-JSS022-Kidato III,Apply knowledge of Physics in various contexts,Use mathematics to explain physical principles and phenomena
2023-JSS022-Kidato III,Conduct experiments in Physics,Demonstrate mastery of basic experimental skills in Physics
2023-JSS022-Kidato III,Conduct experiments in Physics,"Demonstrate mastery of data analysis, presentation and report writing in Physics"
2023-JSS022-Kidato III,Evaluate and use information in Physics,"Collect, describe and relate physical data"
2023-JSS022-Kidato III,Evaluate and use information in Physics,Carry out a project in Physics
2023-JSS022-Kidato IV,Apply knowledge of Physics in various contexts,"Demonstrate mastery of basic concepts, theories and principles of Physics"
2023-JSS022-Kidato IV,Apply knowledge of Physics in various contexts,Use mathematics to explain physical principles and phenomena
2023-JSS022-Kidato IV,Conduct experiments in Physics,Demonstrate mastery of basic experimental skills in Physics
2023-JSS022-Kidato IV,Conduct experiments in Physics,"Demonstrate mastery of data analysis, presentation and report writing in Physics"
2023-JSS022-Kidato IV,Evaluate and use information in Physics,"Collect, describe and relate physical data"
2023-JSS022-Kidato IV,Evaluate and use information in Physics,Carry out a project in Physics
2023-JSS025-Kidato I,Demonstrate mastery of the basic Concepts of Computer Science,Demonstrate an understanding of the concept of Computer Science
2023-JSS025-Kidato I,Demonstrate mastery of the basic Concepts of Computer Science,Demonstrate an understanding of computer systems
2023-JSS025-Kidato I,Demonstrate mastery of the basic Concepts of Computer Science,Demonstrate mastery of maintenance and troubleshooting of computer system
2023-JSS025-Kidato I,Demonstrate mastery of the basic principles of Computer Science,Demonstrate mastery of the basic principles in problem solving
2023-JSS025-Kidato II,Demonstrate mastery of the basic Concepts of Computer Science,"Demonstrate mastery of the Internet, and basics of cyber security"
2023-JSS025-Kidato II,Demonstrate mastery of the basic principles of Computer Science,"Demonstrate an understanding of basic principles of computer programming (using an appropriate structured programming language such as C, python, etc.)"
2023-JSS025-Kidato III,Demonstrate mastery of the basic principles of Computer Science,Demonstrate an understanding of the basic principles of computer architecture
2023-JSS025-Kidato III,Demonstrate mastery of the basic principles of Computer Science,"Demonstrate an understanding of basic principles of computer programming (using an appropriate structured programming language such as C, python, etc.)"
2023-JSS025-Kidato III,Demonstrate mastery of the basic principles of Computer Science,Demonstrate an understanding of the basics of computer networks
2023-JSS025-Kidato III,Demonstrate mastery of the basic principles of data management,Demonstrate the mastery of basic principles of databases and database management systems
2023-JSS025-Kidato IV,Demonstrate mastery of the basic Concepts of Computer Science,Demonstrate mastery of systems administration
2023-JSS025-Kidato IV,Demonstrate mastery of the basic principles of Computer Science,"Demonstrate mastery of basic principles of web development (HTML, CSS, and JavaScript)"
2023-JSS025-Kidato IV,Demonstrate mastery of the basic principles of Computer Science,Demonstrate mastery of basic principles of mobile App
2023-JSS025-Kidato IV,Demonstrate mastery of the basic principles of data management,Demonstrate the mastery of the basic principles of data analysis
2023-JSS026-Kidato III,Use advanced mathematical knowledge and skills in everyday life,Demonstrate mastery of logic in decision making
2023-JSS026-Kidato III,Demonstrate mastery of some advanced concepts in Algebra and Calculus in problem solving,Use Algebra and Calculus to solve problems in different contexts
2023-JSS026-Kidato III,Demonstrate mastery of some advanced concepts in Algebra and Calculus in problem solving,Apply sets theory skills in decision making
2023-JSS026-Kidato IV,Use advanced mathematical knowledge and skills in daily life,"Use some advanced skills in coordinate geometry, Trigonometry and Vectors in daily life"
2023-JSS026-Kidato IV,Use advanced mathematical knowledge and skills in daily life,Apply statistical skills in the fields of business and economics
2023-JSS026-Kidato IV,Use advanced mathematical knowledge and skills in daily life,Apply the basic skills of probability in daily life
2023-JSS026-Kidato IV,Demonstrate mastery of some advanced concepts in Algebra and Calculus in problem solving,Use Algebra and Calculus to solve problems in different contexts
2023-JSS027-Kidato I,Demonstrate mastery of the principles of agriculture,Demonstrate an understanding of the principles of agriculture
2023-JSS027-Kidato I,Use basic agricultural skills,Apply basic principles of husbandry in crop production
2023-JSS027-Kidato I,Use basic agricultural skills,Apply basic principles of husbandry in animal production
2023-JSS027-Kidato II,Demonstrate mastery of the principles of agriculture,Demonstrate an understanding of the principles of agriculture
2023-JSS027-Kidato II,Use basic agricultural skills,Apply basic principles of husbandry in crop production
2023-JSS027-Kidato II,Use basic agricultural skills,Apply basic principles of husbandry in animal production
2023-JSS027-Kidato III,Demonstrate mastery of the principles of agriculture,Demonstrate an understanding of the principles of agriculture
2023-JSS027-Kidato III,Use basic agricultural skills,Apply basic principles of husbandry in crop production
2023-JSS027-Kidato III,Use basic agricultural skills,Apply basic principles of husbandry in animal production
2023-JSS027-Kidato III,Conduct a project in Agriculture,Carry out a project in Agriculture
2023-JSS027-Kidato IV,Demonstrate mastery of the principles of agriculture,Demonstrate an understanding of the principles of agriculture
2023-JSS027-Kidato IV,Use basic agricultural skills,Apply basic principles of husbandry in crop production
2023-JSS027-Kidato IV,Use basic agricultural skills,Apply basic principles of husbandry in aquaculture production
2023-JSS027-Kidato IV,Conduct a project in Agriculture,Carry out a project in Agriculture
2023-JSS028-Kidato III,Develop awareness of and empathy with national and global literary works,Demonstrate empathy for other people’s experiences nationally and globally
2023-JSS028-Kidato III,Develop awareness of and empathy with national and global literary works,Appreciate multiculturalism and develop self-consciousness
2023-JSS028-Kidato III,Develop awareness of and empathy with national and global literary works,"Reflect values, perspectives and identities, and the impact of their beliefs and actions on society"
2023-JSS028-Kidato III,Appreciate different implications and layers of meaning in literary works,Appreciate the use of literary devices in the works of art
2023-JSS028-Kidato III,Appreciate different implications and layers of meaning in literary works,"Apply critical thinking when reading, discussing and writing about literary texts"
2023-JSS028-Kidato III,Appreciate different implications and layers of meaning in literary works,Justify interpretations based on evidence and logic
2023-JSS028-Kidato III,Compose literary works,"Synthesize literary characteristics, themes, and/or approaches in several literary texts"
2023-JSS028-Kidato III,Compose literary works,Recognise ambiguity and uncertainty as necessary in creating literary works
2023-JSS028-Kidato III,Compose literary works,Create imaginative and original literary works
2023-JSS028-Kidato IV,Appreciate different implications and layers of meaning in literary works,"Apply critical thinking when reading, discussing and writing about literary texts"
2023-JSS028-Kidato IV,Compose literary works,"Synthesize literary characteristics, themes, and/or approaches in several literary texts"
2023-JSS028-Kidato IV,Compose literary works,Recognise ambiguity and uncertainty as necessary in creating literary works
2023-JSS028-Kidato IV,Compose literary works,Create imaginative and original literary works
2023-JSS029-Kidato III,Kuthamini kazi za fasihi ya Kiswahili,Kuonesha uelewa wa kazi za fasihi ya Kiswahili ya kitaifa
2023-JSS029-Kidato III,Kuthamini kazi za fasihi ya Kiswahili,Kuhakiki kazi mbalimbali za fasihi ya Kiswahili
2023-JSS029-Kidato III,Kujenga ujumi kutokana na kazi za fasihi,Kujenga ujumi na falsafa ya Kiafrika katika kazi za fasihi
2023-JSS029-Kidato III,Kujenga ujumi kutokana na kazi za fasihi,Kutumia kazi za fasihi katika kujenga hoja zenye mantiki
2023-JSS029-Kidato III,Kubuni kazi za fasihi,Kutathmini mbinu za kisanaa za utunzi wa kazi za kifasihi
2023-JSS029-Kidato III,Kubuni kazi za fasihi,Kutunga kazi sahili za kifasihi
2023-JSS029-Kidato IV,Kuthamini kazi za fasihi ya Kiswahili,Kuhakiki kazi mbalimbali za fasihi ya Kiswahili
2023-JSS029-Kidato IV,Kujenga ujumi kutokana na kazi za fasihi,Kujenga ujumi na falsafa ya Kiafrika katika kazi za fasihi
2023-JSS029-Kidato IV,Kujenga ujumi kutokana na kazi za fasihi,Kutumia kazi za fasihi katika kujenga hoja zenye mantiki
2023-JSS029-Kidato IV,Kubuni kazi za fasihi,Kutunga kazi sahili za kifasihi
2023-JSS029-Kidato IV,Kubuni kazi za fasihi,Kutambua fursa zinazotokana na fasihi ya Kiswahili
2023-JSS034-Kidato I,Maîtriser les composantes langagières de base du Français,Développer la conscience phonémique et la prononciation des lettres françaises
2023-JSS034-Kidato I,Maîtriser les composantes langagières de base du Français,Maîtriser le vocabulaire approprié du français
2023-JSS034-Kidato I,Maîtriser les composantes langagières de base du Français,Élargir l’usage de la grammaire et le vocabulaire appropriés à travers l’écoute et la lecture des textes simples
2023-JSS034-Kidato I,Comprendre des informations orales et écrites,Développer la compréhension des informations présentées oralement
2023-JSS034-Kidato I,Comprendre des informations orales et écrites,Développer la compréhension des informations présentées à l’écrit
2023-JSS034-Kidato I,Comprendre des informations orales et écrites,Lire correctement la variété de textes
2023-JSS034-Kidato II,Maîtriser les composantes langagières de base du français,Maîtriser le vocabulaire approprié du français
2023-JSS034-Kidato II,Maîtriser les composantes langagières de base du français,Élargir l’usage de la grammaire et du vocabulaire appropriés à travers l’écoute et la lecture des textes simples
2023-JSS034-Kidato II,Comprendre des informations orales et écrites,Développer la compréhension des informations présentées oralement
2023-JSS034-Kidato II,Comprendre des informations orales et écrites,Développer la compréhension des informations présentées à l’écrit
2023-JSS034-Kidato II,Comprendre des informations orales et écrites,Lire correctement la variété des textes
2023-JSS034-Kidato II,Communiquer efficacement dans divers contextes,Communiquer à l’oral de manière appropriée
2023-JSS034-Kidato II,Communiquer efficacement dans divers contextes,Communiquer à l’écrit de manière appropriée
2023-JSS034-Kidato III,Comprendre des informations orales et écrites,Développer la compréhension des informations présentées oralement
2023-JSS034-Kidato III,Comprendre des informations orales et écrites,Développer la compréhension des informations présentées à l’écrit
2023-JSS034-Kidato III,Comprendre des informations orales et écrites,Réagir de manière appropriée dans des contextes familiers de communication
2023-JSS034-Kidato III,Communiquer efficacement dans divers contextes/ situations,Maîtriser des caractéristiques de la langue parlée et écrite
2023-JSS034-Kidato III,Communiquer efficacement dans divers contextes/ situations,Communiquer oralement de manière appropriée dans divers contextes/ situation
2023-JSS034-Kidato III,Communiquer efficacement dans divers contextes/ situations,Communiquer à l’écrit de manière appropriée dans divers contextes
2023-JSS034-Kidato IV,Comprendre des informations orales et écrites,Développer la compréhension des informations présentées oralement
2023-JSS034-Kidato IV,Comprendre des informations orales et écrites,Développer la compréhension des informations présentées à l’écrit
2023-JSS034-Kidato IV,Communiquer efficacement dans divers contextes/ situation,Communiquer à l’oral de manière appropriée
2023-JSS034-Kidato IV,Communiquer efficacement dans divers contextes/ situation,Communiquer à l’écrit de manière appropriée dans divers contextes
2023-JSS034-Kidato IV,"Traduire, éditer et interpréter des informations simples",Traduire des textes simples
2023-JSS034-Kidato IV,"Traduire, éditer et interpréter des informations simples",Interpréter
2023-JSS034-Kidato IV,"Traduire, éditer et interpréter des informations simples",Éditer des textes simples
2023-JSS034-Kidato I,Communiquer efficacement dans divers contextes,Communiquer oralement de manière appropriée
2023-JSS034-Kidato I,Communiquer efficacement dans divers contextes,Communiquer à l’écrit de manière appropriée
2023-JSS030-Kidato I,Demonstrate an understanding of Creation and God’s commandments,"Use the Book of Genesis to learn about creation, responsibility and taking care of life"
2023-JSS030-Kidato I,Demonstrate an understanding of Creation and God’s commandments,Demonstrate mastery of the Holy Scripture through the Book of Genesis
2023-JSS030-Kidato II,Demonstrate an understanding of Creation and God’s commandments,Use the Book of Exodus to understand God’s love and compassion
2023-JSS030-Kidato II,Demonstrate an understanding of Creation and God’s commandments,Demonstrate an appreciation of God’s commandments as outlined in the Book of Exodus
2023-JSS030-Kidato II,Demonstrate an understanding of Creation and God’s commandments,Demonstrate an appreciation of the importance of statistics based on the Book of Numbers
2023-JSS030-Kidato II,Demonstrate an understanding of faith by living a holy life,Demonstrate mastery of the Holy Scripture through the Book of Joshua
2023-JSS030-Kidato II,Demonstrate an understanding of faith by living a holy life,"Use the Book of Joshua to appreciate the importance of courage, bravery, humility, perseverance and patriotism"
2023-JSS030-Kidato III,Demonstrate an understanding of devotion to God as revealed in the Bible,Demonstrate mastery of the Holy Scripture in the Gospel according to Luke
2023-JSS030-Kidato III,Demonstrate an understanding of devotion to God as revealed in the Bible,Use the Gospel according to Luke to appreciate the importance of family life
2023-JSS030-Kidato IV,Demonstrate an understanding of devotion to God as revealed in the Bible,Demonstrate mastery of the Holy Scripture in the Book of Acts of the Apostles
2023-JSS030-Kidato IV,Demonstrate an understanding of devotion to God as revealed in the Bible,Demonstrate an appreciation of devotion to spreading the Gospel
2023-JSS030-Kidato IV,Demonstrate an understanding of devotion to God as revealed in the Bible,"Use the Book of Acts of the Apostles to appreciate the importance of justice, peace and equality"
2023-JSS042-Kidato V,Demonstrate mastery of some advanced concepts in Mathematics,Demonstrate an advanced understanding of knowledge and skills in Mathematics
2023-JSS042-Kidato V,Demonstrate mastery of some advanced concepts in Mathematics,Demonstrate basic understanding of calculus
2023-JSS042-Kidato V,Demonstrate mastery of set theory and logic,Demonstrate an advanced understanding of set theory and logic
2023-JSS042-Kidato V,Demonstrate mastery of advanced algebra,Demonstrate an advanced understanding of algebra
2023-JSS042-Kidato V,Conduct a project in Mathematics,Carry out a project in Mathematics
2023-JSS042-Kidato VI,Demonstrate mastery of some advanced concepts in Mathematics,Demonstrate an advanced understanding of knowledge and skills in Mathematics
2023-JSS042-Kidato VI,Demonstrate mastery of some advanced concepts in Mathematics,Demonstrate an advanced understanding of statistics
2023-JSS042-Kidato VI,Conduct a project in Mathematics,Carry out a project in Mathematics
2023-JSS038-Kidato V,Demonstrate mastery of the history of sports and its importance,Demonstrate an understanding of the history and development of sports in Tanzania
2023-JSS038-Kidato V,Demonstrate mastery of the relationship between human physiology and performance in sports,Demonstrate a basic understanding of the structure and functions of the human body systems
2023-JSS038-Kidato V,Demonstrate mastery of the relationship between human physiology and performance in sports,Demonstrate a basic understanding of the role of human body systems and movements in sports
2023-JSS038-Kidato V,Perform selected sports,Train for selected sports
2023-JSS038-Kidato V,Perform selected sports,Develop advanced skills in selected sports
2023-JSS038-Kidato V,Demonstrate mastery of the basic principles of sports management and administration,"Demonstrate an understanding of basic principles of leadership, administration and management in sports"
2023-JSS038-Kidato V,Conduct a project in sports,Design and conduct a project in sports
2023-JSS038-Kidato VI,Demonstrate mastery of the history of sports and its importance,Demonstrate an understanding of the opportunities available in sports at national and international levels
2023-JSS038-Kidato VI,Demonstrate mastery of the relationship between human physiology and performance in sports,Demonstrate a basic understanding of the role of human body systems and movements in sports
2023-JSS038-Kidato VI,Perform selected sports,Train for selected sports
2023-JSS038-Kidato VI,Perform selected sports,Develop advanced sports skills
2023-JSS038-Kidato VI,Conduct a project in sports,Design and conduct a project in sports
2023-JSS027-Kidato V,Demonstrate mastery of the principles of agriculture,Demonstrate an understanding of principles and some advanced practices of agriculture
2023-JSS027-Kidato V,Demonstrate mastery of the principles of agriculture,Demonstrate a basic understanding of the agricultural value chain for selected products
2023-JSS027-Kidato V,Demonstrate mastery of the principles of agriculture,Demonstrate an understanding of some advanced technologies in agriculture
2023-JSS027-Kidato V,Use some advanced technologies in agriculture,Use technology to increase agricultural production
2023-JSS027-Kidato V,Conduct a project in Agriculture,Conduct a project in Agriculture
2023-JSS027-Kidato VI,Demonstrate mastery of the principles of agriculture,Demonstrate an understanding of principles and some advanced practices of agriculture
2023-JSS027-Kidato VI,Demonstrate mastery of the principles of agriculture,Demonstrate a basic understanding of the agricultural value chain for selected products
2023-JSS027-Kidato VI,Demonstrate mastery of the principles of agriculture,Demonstrate an understanding of some advanced technologies in agriculture
2023-JSS027-Kidato VI,Use some advanced technologies in agriculture,Use technology to increase agricultural production
2023-JSS027-Kidato VI,Conduct a project in Agriculture,Conduct a project in Agriculture
2023-JSS038-Kidato I,"Demonstrate mastery of the concepts, safety and ethical conduct in sports",Demonstrate an understanding of the importance of sports
2023-JSS038-Kidato I,Demonstrate mastery of the role of physical and mental fitness in sports,Demonstrate an understanding of the principles of building physical and mental fitness in sports
2023-JSS038-Kidato I,Play various sports,Perform physical exercises
2023-JSS038-Kidato I,Play various sports,Develop skills and techniques in sports
2023-JSS038-Kidato II,Play various sports,Develop skills and techniques in sports
2023-JSS038-Kidato III,"Demonstrate mastery of the concepts, safety and ethical conduct in sports",Demonstrate an understanding of ethical conduct in sports
2023-JSS038-Kidato III,Play various sports,Develop skills and techniques in sports
2023-JSS038-Kidato III,Demonstrate mastery of the fundamentals of health and safety in sports,Demonstrate an understanding of risky behaviour in sports
2023-JSS038-Kidato IV,Play various sports,Develop skills and techniques in sports
2023-JSS038-Kidato IV,Demonstrate mastery of the fundamentals of health and safety in sports,Demonstrate an understanding of the relationship between nutrition and health in sports
2023-JSS025-Kidato V,Demonstrate mastery of the principles of Computer Science,Demonstrate understanding of the principles of computer architecture and organisation
2023-JSS025-Kidato V,Demonstrate mastery of the principles of Computer Science,Demonstrate understanding of computer networks
2023-JSS025-Kidato V,Demonstrate mastery of the principles of Computer Science,"Demonstrate mastery of Basic principles of Object Oriented Programming Using C++, Java, Python, etc"
2023-JSS025-Kidato V,Demonstrate mastery of the principles of Computer Science,Demonstrate understanding of principles of Operating Systems [Types of OS; Memory management; File management; CPU Scheduling; etc]
2023-JSS025-Kidato V,Demonstrate mastery of the data management,Demonstrate mastery of Advanced principles of databases and database management systems
2023-JSS025-Kidato VI,Demonstrate mastery of the principles of Computer Science,"Demonstrate mastery of web application development (Using PHP/ Python, JavaScript, CSS, etc)"
2023-JSS025-Kidato VI,Demonstrate mastery of the principles of Computer Science,Demonstrate mastery of basic principles of Algorithms and Data structures
2023-JSS025-Kidato VI,Demonstrate mastery of the data management,"Demonstrate understanding of Automated and Emerging technologies (Automated systems, Artificial Intelligence, Machine learning, 3D and holographic imaging, Virtual Reality (VR), Augmented Reality (AR))"
2023-JSS025-Kidato VI,Demonstrate mastery of the data management,"Mastering principles of computer data analysis (advanced analysis, visualisation and results interpretation, etc)"
2023-JSS022-Kidato V,"Demonstrate mastery of concepts, theories and principles in Physics","Demonstrate an advanced understanding of the concepts, theories and principles in Physics"
2023-JSS022-Kidato V,"Demonstrate mastery of concepts, theories and principles in Physics",Use various instruments to carry out measurements in Physics
2023-JSS022-Kidato V,"Demonstrate mastery of concepts, theories and principles in Physics",Analyse the efficacy of different techniques and instruments in physical measurements
2023-JSS022-Kidato V,Conduct experiments in Physics,Carry out experiments in Physics
2023-JSS022-Kidato V,Conduct a project in Physics,Conduct a project in Physics
2023-JSS022-Kidato VI,"Demonstrate mastery of concepts, theories and principles in Physics","Demonstrate an advanced understanding of the concepts, theories and principles in Physics"
2023-JSS022-Kidato VI,"Demonstrate mastery of concepts, theories and principles in Physics",Use various instruments to carry out measurements in Physics
2023-JSS022-Kidato VI,"Demonstrate mastery of concepts, theories and principles in Physics",Analyse the efficacy of different techniques and instruments in physical measurements
2023-JSS022-Kidato VI,Conduct experiments in Physics,Carry out experiments in Physics
2023-JSS022-Kidato VI,Conduct a project in Physics,Conduct a project in Physics
2023-JSS045-Kidato V,"Demonstrate mastery of the concepts of governance, courage and decision making as depicted in the Old Testament","Demonstrate an understanding of the concept and practice of governance as revealed in the books of Judges, Samuel and Kings"
2023-JSS045-Kidato V,"Demonstrate mastery of the concepts of governance, courage and decision making as depicted in the Old Testament",Demonstrate an understanding of the concept of courage and decision making as revealed in the ministries of Prophets Elijah and Elisha
2023-JSS045-Kidato V,Demonstrate mastery of the works of selected prophets and their relevance in daily life,Demonstrate an understanding of the teachings of Prophet Isaiah
2023-JSS045-Kidato V,Demonstrate mastery of the works of selected prophets and their relevance in daily life,"Demonstrate an understanding of the concepts of social justice, compassion and forgiveness as depicted in the books of prophets Amos and Hosea"
2023-JSS045-Kidato V,Demonstrate mastery of the works of selected prophets and their relevance in daily life,Demonstrate an understanding of the importance of responsibility as depicted in the books of prophets Haggai and Zechariah
2023-JSS045-Kidato V,Conduct a Project in Divinity,Conduct a project
2023-JSS045-Kidato VI,Demonstrate mastery of selected works from the New Testament,Demonstrate an understanding of the Gospel according to Matthew
2023-JSS045-Kidato VI,Demonstrate mastery of selected works from the New Testament,Demonstrate an understanding of the Gospel according to John
2023-JSS045-Kidato VI,Demonstrate mastery of selected works from the New Testament,Demonstrate an understanding of the Epistle of Paul to the Romans
2023-JSS045-Kidato VI,Demonstrate mastery of selected works from the New Testament,Demonstrate an understanding of the Epistle of James
2023-JSS045-Kidato VI,Conduct a Project in Divinity,Conduct a project
2023-JSS024-Kidato V,Demonstrate mastery of principles of business,Demonstrate an advanced understanding of the principles of business
2023-JSS024-Kidato V,Demonstrate an understanding of the business environment,Demonstrate an understanding of the policies and laws governing medium scale business
2023-JSS024-Kidato V,Conduct a project in Business Studies,Prepare a medium scale business plan
2023-JSS024-Kidato VI,Demonstrate mastery of principles of business,Demonstrate an advanced understanding of the principles of business
2023-JSS024-Kidato VI,Demonstrate an understanding of the business environment,Demonstrate an understanding of the policies and laws governing medium scale businesses
2023-JSS024-Kidato VI,Conduct a project in Business Studies,Prepare a medium scale business plan
2023-JSS017-Kidato V,Demonstrate mastery of the structure of the Earth,Demonstrate an Advanced understanding of concepts and theories explaining the structure of the Earth and the interactions of earth systems
2023-JSS017-Kidato V,Demonstrate mastery of the structure of the Earth,Demonstrate an understanding of the forces responsible for formation of the major relief features of the Earth
2023-JSS017-Kidato V,Demonstrate mastery of skills and techniques in Geography,Demonstrate mastery of some advanced skills in land surveying
2023-JSS017-Kidato V,Demonstrate mastery of skills and techniques in Geography,Demonstrate mastery of research skills in Geography
2023-JSS017-Kidato V,Conduct a project in Geography,Conduct a project in Geography
2023-JSS017-Kidato VI,Demonstrate mastery of the structure of the Earth,Demonstrate an understanding of rocks and the rock cycle
2023-JSS017-Kidato VI,Demonstrate mastery of the structure of the Earth,Demonstrate an understanding of the basics of hydrology and the hydrological cycle
2023-JSS017-Kidato VI,Demonstrate mastery of skills and techniques in Geography,Interpret maps and photographs
2023-JSS017-Kidato VI,Conduct a project in Geography,Conduct a project in Geography
2023-JSS036-Kidato I,Demonstrate mastery of the basic principles of Food and Nutrition,Demonstrate an understanding of the basic principles of Food and Nutrition
2023-JSS036-Kidato I,Demonstrate mastery of the basic principles of Food and Nutrition,Demonstrate mastery of the principles of cookery
2023-JSS036-Kidato I,Demonstrate mastery of the relationship between health and nutrition,Demonstrate an understanding of the relationship between health and nutrition
2023-JSS036-Kidato I,Prepare different dishes,Prepare a balanced meal based on different foods
2023-JSS036-Kidato II,Demonstrate mastery of the basic principles of Food and Nutrition,Demonstrate mastery of the principles of cookery
2023-JSS036-Kidato II,Demonstrate mastery of the relationship between health and nutrition,Demonstrate an understanding of the relationship between health and nutrition
2023-JSS036-Kidato II,Prepare different dishes,Prepare a balanced meal based on different foods
2023-JSS036-Kidato III,Demonstrate mastery of the basic principles of Food and Nutrition,Demonstrate mastery of the principles of cookery
2023-JSS036-Kidato III,Demonstrate mastery of the relationship between health and nutrition,Describe an understanding of the relationship between health and nutrition
2023-JSS036-Kidato III,Prepare different dishes,Prepare a balanced meal based on different foods
2023-JSS036-Kidato III,Prepare different dishes,Prepare a balanced meal for people with different nutritional needs
2023-JSS036-Kidato III,Carry out a project in Food and Nutrition,Conduct a project in Food and Nutrition
2023-JSS036-Kidato IV,Demonstrate mastery of the basic principles of Food and Nutrition,Demonstrate mastery of the principles of cookery
2023-JSS036-Kidato IV,Prepare different dishes,Prepare a balanced meal based on different foods
2023-JSS036-Kidato IV,Prepare different dishes,Demonstrate mastery of cooking for large groups
2023-JSS036-Kidato IV,Demonstrate mastery of using technology to preserve food,Design and use simple technologies to preserve different types of food
2023-JSS036-Kidato IV,Carry out a project in Food and Nutrition,Conduct a project in Food and Nutrition
2023-JSS047-Kidato V,Demonstrate mastery of the principles of English language,"Demonstrate the understanding of basic principles and usage of English language (e.g., syntax, pronunciation, grammar, etc.)"
2023-JSS047-Kidato V,Demonstrate mastery of the principles of English language,"Apply principles of language to construct sentences, paragraphs, and texts"
2023-JSS047-Kidato V,Apply academic communication skills,Demonstrate mastery of the use of English in academic communication
2023-JSS047-Kidato V,Apply academic communication skills,Prepare different documents in English
2023-JSS047-Kidato V,Apply academic communication skills,Use ICT to search for academic information
2023-JSS047-Kidato V,Apply academic communication skills,Prepare and make academic presentations in English
2023-JSS047-Kidato V,Apply academic communication skills,Demonstrate mastery of using illustrations in academic documents
2023-JSS047-Kidato VI,Demonstrate mastery of principles of English language,"Demonstrate understanding of the basic principles and usage of English language (e.g., syntax, pronunciation, grammar, etc.)"
2023-JSS047-Kidato VI,Demonstrate mastery of principles of English language,"Apply principles of language to construct sentences, paragraphs and texts"
2023-JSS047-Kidato VI,Apply academic communication skills,Demonstrate mastery of the use of English in academic communication
2023-JSS047-Kidato VI,Apply academic communication skills,Prepare different documents in English
2023-JSS047-Kidato VI,Apply academic communication skills,Use ICT to search for academic information
2023-JSS047-Kidato VI,Apply academic communication skills,Prepare and make academic presentations in English
2023-JSS047-Kidato VI,Apply academic communication skills,Demonstrate mastery of using illustrations in academic documents
2023-JSS037-Kidato I,"Demonstrate mastery of concepts, theories and principles of music","Demonstrate an understanding of the concepts, theories, and principles of music"
2023-JSS037-Kidato I,"Demonstrate mastery of concepts, theories and principles of music",Demonstrate an understanding of the principles of reading and writing music
2023-JSS037-Kidato I,Create and perform music,Sing local and foreign songs
2023-JSS037-Kidato I,Create and perform music,Play local and foreign musical instruments
2023-JSS037-Kidato II,"Demonstrate mastery of concepts, theories and principles of music",Demonstrate an understanding of the principles of reading and writing music
2023-JSS037-Kidato II,"Demonstrate mastery of concepts, theories and principles of music","Demonstrate an understanding of the concepts, theories and principles of music"
2023-JSS037-Kidato II,Create and perform music,Sing local and foreign songs
2023-JSS037-Kidato II,Create and perform music,Play local and foreign musical instruments
2023-JSS037-Kidato II,Demonstrate mastery of the use of ICT in music,Use ICT in musical production
2023-JSS037-Kidato III,"Demonstrate mastery of concepts, theories and principles of music",Demonstrate an understanding of the principles of reading and writing music
2023-JSS037-Kidato III,"Demonstrate mastery of concepts, theories and principles of music","Demonstrate an understanding of the concepts, theories and principles of music"
2023-JSS037-Kidato III,Create and perform music,Sing local and foreign songs
2023-JSS037-Kidato III,Create and perform music,Play local and foreign musical instruments
2023-JSS037-Kidato III,Create and perform music,Demonstrate an understanding of ethical conduct in the music industry
2023-JSS037-Kidato III,Demonstrate mastery of the use of ICT in music,Use ICT programmes to write music
2023-JSS037-Kidato III,Demonstrate mastery of the use of ICT in music,Use ICT in music production
2023-JSS037-Kidato III,Demonstrate mastery of the use of ICT in music,Use ICT to store works of music
2023-JSS037-Kidato III,Demonstrate mastery of the use of ICT in music,Use ICT to market works of music
2023-JSS037-Kidato III,Carry out a project in Music,Conduct a research project on business opportunities in music
2023-JSS037-Kidato IV,"Demonstrate mastery of concepts, theories and principles of music",Demonstrate an understanding of the principles of reading and writing music
2023-JSS037-Kidato IV,Create and perform music,Sing local and foreign songs
2023-JSS037-Kidato IV,Create and perform music,Play local and foreign musical instruments
2023-JSS037-Kidato IV,Demonstrate mastery of the use of ICT in music,Use ICT programmes to write music
2023-JSS037-Kidato IV,Demonstrate mastery of the use of ICT in music,Use ICT in musical production
2023-JSS037-Kidato IV,Demonstrate mastery of the use of ICT in music,Use ICT to market works of music
2023-JSS037-Kidato IV,Carry out a project in Music,Conduct a research project on business opportunities in music
2023-JSS014-Kidato V,Demonstrate mastery of the advanced English language skills,"Automate the production of oral descriptions and conversations using standard pronunciation (e.g., phonemes, syllables, stress and intonation)"
2023-JSS014-Kidato V,Demonstrate mastery of the advanced English language skills,Develop vocabulary from conversations and written texts
2023-JSS014-Kidato V,Demonstrate mastery of the advanced English language skills,Use correct grammar and vocabulary in oral and written language tasks
2023-JSS014-Kidato V,Comprehend oral and written information,Comprehend oral messages with confidence and autonomy
2023-JSS014-Kidato V,Comprehend oral and written information,Construct complex and stylistic meanings from diverse and multiple texts
2023-JSS014-Kidato V,Communicate effectively in different contexts,Manage conversations with a good command of pronunciation
2023-JSS014-Kidato V,Communicate effectively in different contexts,Create a variety of complex oral and written texts for different communicative purposes
2023-JSS014-Kidato V,Provide advanced English language services to the community,Apply principles of interpretation to provide complex and authentic interpretations
2023-JSS014-Kidato V,Provide advanced English language services to the community,Apply principles of translation to produce complex authentic translation
2023-JSS014-Kidato V,Provide advanced English language services to the community,Apply principles of editing and proofreading a variety of texts
2023-JSS014-Kidato V,Appreciate and create literary works,Appreciate the aesthetic and value of literature
2023-JSS014-Kidato V,Appreciate and create literary works,Analyse the genres of literature and appreciate their conventions
2023-JSS014-Kidato VI,Demonstrate mastery of the advanced English language skills,Automate the production of oral descriptions and conversations using standard pronunciation
2023-JSS014-Kidato VI,Demonstrate mastery of the advanced English language skills,Use correct grammar and vocabulary in oral and written language tasks
2023-JSS014-Kidato VI,Comprehend oral and written information,Demonstrate advanced oral and written proficiency in a variety of communicative contexts
2023-JSS014-Kidato VI,Comprehend oral and written information,Read texts critically to recognise potential implications beyond the author’s explicit meaning
2023-JSS014-Kidato VI,Communicate effectively in different contexts,Develop advanced socio-cultural analysis of functional texts
2023-JSS014-Kidato VI,Provide advanced English language services to the community,Apply principles of interpretation to provide complex and authentic interpretations
2023-JSS014-Kidato VI,Provide advanced English language services to the community,Apply principles of translation to produce complex authentic translation
2023-JSS014-Kidato VI,Provide advanced English language services to the community,Apply principles of editing and proofreading a variety of texts
2023-JSS014-Kidato VI,Provide advanced English language services to the community,Manage complex translation and edit projects using Computer-Assisted tools
2023-JSS014-Kidato VI,Appreciate and create literary works,"Evaluate the context in which literary texts are written, read and understood"
2023-JSS014-Kidato VI,Appreciate and create literary works,Create complex literary works
2023-JSS028-Kidato V,Demonstrate mastery of the concepts and principles of literature,Demonstrate a broad understanding of the concepts of literature
2023-JSS028-Kidato V,Demonstrate mastery of the concepts and principles of literature,Evaluate theories of the origin and development of literature nationally and internationally
2023-JSS028-Kidato V,Demonstrate mastery of the concepts and principles of literature,Explain the origin and development of African literature in English
2023-JSS028-Kidato V,Demonstrate mastery of the concepts and principles of literature,Analyse the relationship between folklore and written literature
2023-JSS028-Kidato V,Appreciate literary works,Exhibit an in-depth understanding of elements of literature
2023-JSS028-Kidato V,Appreciate literary works,Analyse literary criticism theories
2023-JSS028-Kidato V,Appreciate literary works,"Analyse critically pre-colonial, colonial, liberation, and post-colonial literatures"
2023-JSS028-Kidato V,Demonstrate mastery of argumentative skills,Use literary works to build rational arguments and judgment
2023-JSS028-Kidato V,Create literary works,Demonstrate mastery of the principles of composing literary works
2023-JSS028-Kidato V,Create literary works,Compose original literary works
2023-JSS028-Kidato VI,Demonstrate mastery of the concepts and principles of literature,Assess the contribution of Tanzanian writers to the development of Tanzanian literature in English
2023-JSS028-Kidato VI,Appreciate literary works,"Analyse critically pre-colonial, colonial, liberation, and post-colonial literatures"
2023-JSS028-Kidato VI,Appreciate literary works,"Analyse the nexus between literature and politics, aesthetics and social inequalities"
2023-JSS028-Kidato VI,Demonstrate mastery of argumentative skills,Evaluate the effectiveness of various elements of form in shaping meaning
2023-JSS028-Kidato VI,Demonstrate mastery of argumentative skills,Use literary works to build rational arguments and judgments
2023-JSS028-Kidato VI,Demonstrate mastery of argumentative skills,Use literature to adapt and manage new communicative contexts
2023-JSS028-Kidato VI,Create literary works,Identify opportunities created by literary works
2023-JSS028-Kidato VI,Create literary works,Compose original literary works
2023-JSS043-Kidato V,Use applied mathematical knowledge and skills,"Use some advanced skills in geometry, trigonometry, and vectors to solve problems in different contexts"
2023-JSS043-Kidato V,Use applied mathematical knowledge and skills,Use functions and calculus to solve problems in different contexts
2023-JSS043-Kidato V,"Use algebra, set theory, and logic to solve problems in different contexts",Apply knowledge of sequences and series in different contexts
2023-JSS043-Kidato V,"Use algebra, set theory, and logic to solve problems in different contexts",Apply knowledge of algebra and number theory in different contexts
2023-JSS043-Kidato VI,Use applied mathematical knowledge and skills,"Use some advanced skills in geometry, trigonometry, and vectors to solve problems in different contexts"
2023-JSS043-Kidato VI,Use applied mathematical knowledge and skills,Use statistics to solve problems in different contexts
2023-JSS043-Kidato VI,"Use algebra, set theory and logic to solve problems in different contexts",Use set theory and logic in argumentation and decision making
2023-JSS032-Kidato I,Kuonesha uelewa wa stadi za msingi za lugha ya Kiarabu,Kukuza stadi za kusikiliza Kiarabu
2023-JSS032-Kidato I,Kuonesha uelewa wa stadi za msingi za lugha ya Kiarabu,Kumudu msamiati kutokana na mazungumzo na maandishi
2023-JSS032-Kidato I,Kuonesha uelewa wa stadi za msingi za lugha ya Kiarabu,Kuwasilisha ujumbe fasaha mfupi wa maneno kwa kutumia matamshi sahihi
2023-JSS032-Kidato I,Kuonesha uelewa wa stadi za msingi za lugha ya Kiarabu,Kutumia msamiati na sarufi sahihi katika mazungumzo na maandishi
2023-JSS032-Kidato I,Kuonesha uelewa wa taarifa zilizowasilishwa kwa mdomo na kwa maandishi,Kukuza umahiri wa kusikiliza na kuelewa taarifa zinazowasilishwa kwa mdomo
2023-JSS032-Kidato I,Kuonesha uelewa wa taarifa zilizowasilishwa kwa mdomo na kwa maandishi,Kukuza umahiri wa kusoma na kuelewa matini mbalimbali
2023-JSS032-Kidato II,Kuonesha uelewa wa stadi za msingi za lugha ya Kiarabu,Kukuza stadi za kusikiliza Kiarabu
2023-JSS032-Kidato II,Kuonesha uelewa wa stadi za msingi za lugha ya Kiarabu,Kumudu msamiati kutokana na mazungumzo na maandishi
2023-JSS032-Kidato II,Kuonesha uelewa wa stadi za msingi za lugha ya Kiarabu,Kutumia msamiati na sarufi sahihi katika mazungumzo na maandishi
2023-JSS032-Kidato II,Kuonesha uelewa wa taarifa zilizowasilishwa kwa mdomo na kwa maandishi,Kukuza umahiri wa kusikiliza na kuelewa taarifa zinazowasilishwa kwa mdomo
2023-JSS032-Kidato II,Kuonesha uelewa wa taarifa zilizowasilishwa kwa mdomo na kwa maandishi,Kukuza umahiri wa kusoma na kuelewa matini mbalimbali
2023-JSS032-Kidato II,Kuwasiliana kwa ufanisi katika miktadha mbalimbali,Kuunda matini fasaha katika miktadha mbalimbali
2023-JSS032-Kidato III,Kuonesha uelewa wa stadi za msingi za lugha ya Kiarabu,Kumudu msamiati kutokana na mazungumzo na maandishi
2023-JSS032-Kidato III,Kuonesha uelewa wa stadi za msingi za lugha ya Kiarabu,Kutumia msamiati na sarufi sahihi katika mazungumzo na maandishi
2023-JSS032-Kidato III,Kuonesha uelewa wa taarifa zilizowasilishwa kwa mdomo na kwa maandishi,Kukuza umahiri wa kusikiliza na kuelewa taarifa zinazowasilishwa kwa mdomo
2023-JSS032-Kidato III,Kuonesha uelewa wa taarifa zilizowasilishwa kwa mdomo na kwa maandishi,Kuonesha mwitiko sahihi katika miktadha mbalimbali ya kimawasiliano
2023-JSS032-Kidato III,Kuonesha uelewa wa taarifa zilizowasilishwa kwa mdomo na kwa maandishi,Kukuza umahiri wa kusoma na kuelewa matini mbalimbali kwa usahihi
2023-JSS032-Kidato III,Kuwasiliana kwa ufanisi katika miktadha mbalimbali,Kuunda matini fasaha katika miktadha mbalimbali
2023-JSS032-Kidato III,"Kutafsiri, kuhariri na kukalimani taarifa sahili",Kutoa tafsiri sahili na sahihi
2023-JSS032-Kidato III,"Kutafsiri, kuhariri na kukalimani taarifa sahili",Kumudu ukalimani sahili kwa usahihi
2023-JSS032-Kidato IV,Kuonesha uelewa wa stadi za msingi za lugha ya Kiarabu,Kutumia msamiati na sarufi sahihi katika mazungumzo na maandishi
2023-JSS032-Kidato IV,Kuonesha uelewa wa taarifa zilizowasilishwa kwa mdomo na kwa maandishi,Kukuza umahiri wa kusikiliza na kuelewa taarifa zinazowasilishwa kwa mdomo
2023-JSS032-Kidato IV,Kuonesha uelewa wa taarifa zilizowasilishwa kwa mdomo na kwa maandishi,Kuonesha mwitiko sahihi katika miktadha mbalimbali ya kimawasiliano
2023-JSS032-Kidato IV,Kuonesha uelewa wa taarifa zilizowasilishwa kwa mdomo na kwa maandishi,Kukuza umahiri wa kusoma na kuelewa matini mbalimbali kwa usahihi
2023-JSS032-Kidato IV,Kuwasiliana kwa ufanisi katika miktadha mbalimbali,Kuunda matini fasaha katika miktadha mbalimbali
2023-JSS032-Kidato IV,"Kutafsiri, kukalimani na kuhariri taarifa sahili",Kutoa tafsiri sahili na sahihi
2023-JSS032-Kidato IV,"Kutafsiri, kukalimani na kuhariri taarifa sahili",Kumudu uhariri wa matini sahili
2023-JSS021-Kidato V,"Demonstrate mastery of the concepts, theories and principles in Chemistry","Demonstrate an advanced understanding of the concepts, theories and principles in Chemistry"
2023-JSS021-Kidato V,"Demonstrate mastery of the concepts, theories and principles in Chemistry",Demonstrate an understanding of changes in the physical and chemical properties of elements according to their positions in the periodic table
2023-JSS021-Kidato V,"Demonstrate mastery of the concepts, theories and principles in Chemistry",Demonstrate an understanding of chemical concepts and principles and their applications in different contexts
2023-JSS021-Kidato V,"Demonstrate mastery of the concepts, theories and principles in Chemistry",Demonstrate an understanding of advanced concepts and principles in organic chemistry
2023-JSS021-Kidato V,Conduct experiments in chemistry,Conduct synthesis of selected organic compounds
2023-JSS021-Kidato V,Conduct a project in Chemistry,Conduct a project in Chemistry
2023-JSS021-Kidato VI,"Demonstrate mastery of the concepts, theories and principles in Chemistry","Demonstrate an advanced understanding of the concepts, theories and principles of Chemistry"
2023-JSS021-Kidato VI,"Demonstrate mastery of the concepts, theories and principles in Chemistry",Demonstrate an understanding of changes in the physical and chemical properties of elements according to their position in the periodic table
2023-JSS021-Kidato VI,"Demonstrate mastery of the concepts, theories and principles in Chemistry",Demonstrate an understanding of chemical concepts and principles and their application in different contexts
2023-JSS021-Kidato VI,Conduct a project in Chemistry,Conduct a project in Chemistry
2023-JSS034-Kidato V,Maîtriser les compétences langagières du français au niveau avancé,"Développer la connaissance grammaticale (morphologie, phonologie, syntaxe, lexicologie, sémantique, et pragmatique)"
2023-JSS034-Kidato V,Maîtriser les compétences langagières du français au niveau avancé,Développer le vocabulaire à travers la conversation et à l’écrit
2023-JSS034-Kidato V,Maîtriser les compétences langagières du français au niveau avancé,Utiliser le vocabulaire et la grammaire appropriés
2023-JSS034-Kidato V,Démontrer le niveau avancé de comprendre en français,Développer la compréhension des conversations en français
2023-JSS034-Kidato V,Démontrer le niveau avancé de comprendre en français,Développer la compréhension des textes complexes en français
2023-JSS034-Kidato V,Démontrer le niveau avancé de comprendre en français,Maîtriser la communication complexe orale et écrite
2023-JSS034-Kidato V,"Traduire, éditer et interpréter",Traduire des textes complexes
2023-JSS034-Kidato V,"Traduire, éditer et interpréter",Interpréter
2023-JSS034-Kidato V,Apprécier et composer des œuvres littéraires,Lire et comprendre des œuvres littéraires des écrivains francophones
2023-JSS034-Kidato V,Apprécier et composer des œuvres littéraires,Composer des œuvres littéraires
2023-JSS034-Kidato VI,Maîtriser les compétences langagières du français au niveau avancé,"Développer la connaissance grammaticale (morphologie, phonologie, syntaxe, lexicologie, sémantique, et pragmatique)"
2023-JSS034-Kidato VI,Maîtriser les compétences langagières du français au niveau avancé,Développer le vocabulaire à travers la conversation et à l’écrit
2023-JSS034-Kidato VI,Démontrer le niveau avancé de comprendre en français,Développer la compréhension des conversations en français
2023-JSS034-Kidato VI,Démontrer le niveau avancé de comprendre en français,Maîtriser la communication complexe orale et écrite
2023-JSS034-Kidato VI,"Traduire, éditer et interpréter",Traduire des textes complexes
2023-JSS034-Kidato VI,"Traduire, éditer et interpréter",Éditer des textes complexes
2023-JSS034-Kidato VI,"Traduire, éditer et interpréter",Interpréter
2023-JSS034-Kidato VI,Apprécier et composer des œuvres littéraires,Lire et comprendre des œuvres littéraires des écrivains francophones
2023-JSS034-Kidato VI,Apprécier et composer des œuvres littéraires,Composer des œuvres littéraires en français
2023-JSS040-Kidato I,Demonstrate mastery of the fundamentals of garment construction,Demonstrate an understanding of the fundamentals of garment construction
2023-JSS040-Kidato I,Demonstrate mastery of the fundamentals of garment construction,Make sewing patterns
2023-JSS040-Kidato I,Demonstrate mastery of the fundamentals of garment construction,Sew simple styles of various garments
2023-JSS040-Kidato II,Demonstrate mastery of the fundamentals of garment construction,Demonstrate an understanding of the fundamentals of garment construction
2023-JSS040-Kidato II,Demonstrate mastery of the fundamentals of garment construction,Make sewing patterns
2023-JSS040-Kidato II,Demonstrate mastery of the fundamentals of garment construction,Sew simple styles of various garments
2023-JSS040-Kidato III,Demonstrate mastery of the fundamentals of garment construction,Demonstrate an understanding of the fundamentals of garment construction
2023-JSS040-Kidato III,Demonstrate mastery of the fundamentals of garment construction,Choose the right fabric for different garments
2023-JSS040-Kidato III,Demonstrate mastery of the fundamentals of garment construction,Make sewing patterns
2023-JSS040-Kidato III,Demonstrate mastery of the fundamentals of garment construction,Sew simple styles of various garments
2023-JSS040-Kidato III,Demonstrate mastery of the fundamentals of garment construction,Care for clothes
2023-JSS040-Kidato IV,Demonstrate mastery of the fundamentals of garment construction,Demonstrate an understanding of the fundamentals of garment construction
2023-JSS040-Kidato IV,Demonstrate mastery of the fundamentals of garment construction,Choose the right fabric for different garments
2023-JSS040-Kidato IV,Demonstrate mastery of the fundamentals of garment construction,Make sewing patterns
2023-JSS040-Kidato IV,Demonstrate mastery of the fundamentals of garment construction,Sew simple styles of various garments
2023-JSS040-Kidato IV,Demonstrate mastery of the fundamentals of garment construction,Caring for clothes
2023-JSS040-Kidato IV,Demonstrate mastery of professionalism and ethics in garment construction,Demonstrate an understanding of professionalism and ethics in tailoring
2023-JSS032-Kidato V,Kumudu stadi za juu za lugha ya Kiarabu,Kukuza uelewa wa misingi na kanuni za lugha ya Kiarabu
2023-JSS032-Kidato V,Kumudu stadi za juu za lugha ya Kiarabu,Kukuza msamiati kutokana na mazungumzo na maandishi changamani
2023-JSS032-Kidato V,Kumudu stadi za juu za lugha ya Kiarabu,Kutumia msamiati na sarufi stahiki
2023-JSS032-Kidato V,Kuonesha kiwango cha juu cha uelewa wa Kiarabu katika mazungumzo na maandishi,Kukuza uelewa wa mazungumzo ya Kiarabu
2023-JSS032-Kidato V,"Kutafsiri, kuhariri na kukalimani",Kutafsiri matini changamani
2023-JSS032-Kidato V,"Kutafsiri, kuhariri na kukalimani",Kufanya ukalimani
2023-JSS032-Kidato V,Kuthamini na kubuni kazi za fasihi ya Kiarabu,Kutathmini maendeleo ya fasihi ya Kiarabu
2023-JSS032-Kidato V,Kuthamini na kubuni kazi za fasihi ya Kiarabu,Kuhakiki kazi za fasihi ya Kiarabu
2023-JSS032-Kidato VI,Kumudu stadi za juu za lugha ya Kiarabu,Kukuza uelewa wa misingi na kanuni za lugha ya Kiarabu
2023-JSS032-Kidato VI,Kumudu stadi za juu za lugha ya Kiarabu,Kukuza msamiati kutokana na mazungumzo na maandishi changamani
2023-JSS032-Kidato VI,Kumudu stadi za juu za lugha ya Kiarabu,Kutumia msamiati na sarufi stahiki
2023-JSS032-Kidato VI,Kuonesha kiwango cha juu cha uelewa wa Kiarabu katika mazungumzo na maandishi,Kukuza uelewa wa mazungumzo ya Kiarabu
2023-JSS032-Kidato VI,Kuonesha kiwango cha juu cha uelewa wa Kiarabu katika mazungumzo na maandishi,Kukuza uelewa wa matini andishi za Kiarabu
2023-JSS032-Kidato VI,Kuonesha kiwango cha juu cha uelewa wa Kiarabu katika mazungumzo na maandishi,Kukuza stadi za mawasiliano
2023-JSS032-Kidato VI,"Kutafsiri, kuhariri na kukalimani",Kuhariri matini changamani
2023-JSS032-Kidato VI,Kuthamini na kubuni kazi za fasihi ya Kiarabu,Kuhakiki kazi za fasihi ya Kiarabu
2023-JSS032-Kidato VI,Kuthamini na kubuni kazi za fasihi ya Kiarabu,Kutunga kazi sahili za fasihi ya Kiarabu
2023-JSS015-Kidato V,Kumudu stadi za juu za Kiswahili,Kukuza uelewa wa misingi na kanuni za Kiswahili
2023-JSS015-Kidato V,Kumudu stadi za juu za Kiswahili,Kukuza msamiati kutokana na mazungumzo na maandishi changamani
2023-JSS015-Kidato V,Kumudu stadi za juu za Kiswahili,Kutumia msamiati na sarufi stahiki katika miktadha mbalimbali
2023-JSS015-Kidato V,Kuthamini Kiswahili kama lugha ya taifa,Kutambua chimbuko na asili ya Kiswahili
2023-JSS015-Kidato V,Kuthamini Kiswahili kama lugha ya taifa,Kutathmini kukua na kuenea kwa Kiswahili
2023-JSS015-Kidato V,Kuthamini Kiswahili kama lugha ya taifa,"Kutambua matumizi ya lugha ya kwanza, pili, rasmi na lugha ya taifa"
2023-JSS015-Kidato V,Kuhariri kazi mbalimbali,Kumudu stadi za uhariri
2023-JSS015-Kidato V,Kutafsiri na kukalimani kazi mbalimbali,Kutafsiri matini mbalimbali
2023-JSS015-Kidato V,Kutafsiri na kukalimani kazi mbalimbali,Kukalimani mazungumzo mbalimbali
2023-JSS015-Kidato V,Kuthamini kazi za fasihi,Kutambua nadharia ya fasihi
2023-JSS015-Kidato V,Kuthamini kazi za fasihi,Kutathmini maendeleo ya fasihi
2023-JSS015-Kidato V,Kuthamini kazi za fasihi,Kuhakiki kazi za fasihi
2023-JSS015-Kidato V,Kuthamini kazi za fasihi,Kutunga kazi za fasihi
2023-JSS015-Kidato VI,Kumudu stadi za juu za Kiswahili,Kukuza uelewa wa misingi na kanuni za Kiswahili
2023-JSS015-Kidato VI,Kumudu stadi za juu za Kiswahili,Kukuza msamiati kutokana na mazungumzo na maandishi changamani
2023-JSS015-Kidato VI,Kumudu stadi za juu za Kiswahili,Kutumia msamiati na sarufi stahiki katika miktadha mbalimbali
2023-JSS015-Kidato VI,Kuthamini Kiswahili kama lugha ya taifa,Kutambua chimbuko na asili ya Kiswahili
2023-JSS015-Kidato VI,Kuthamini Kiswahili kama lugha ya taifa,Kutathmini kukua na kuenea kwa Kiswahili
2023-JSS015-Kidato VI,Kuhariri kazi mbalimbali,Kumudu stadi za uhariri
2023-JSS015-Kidato VI,Kutafsiri na kukalimani kazi mbalimbali,Kutafsiri matini mbalimbali
2023-JSS015-Kidato VI,Kutafsiri na kukalimani kazi mbalimbali,Kukalimani mazungumzo mbalimbali
2023-JSS015-Kidato VI,Kutafsiri na kukalimani kazi mbalimbali,Kutathmini kazi mbalimbali za tafsiri
2023-JSS015-Kidato VI,Kutafsiri na kukalimani kazi mbalimbali,Kutathmini ukalimani
2023-JSS015-Kidato VI,Kuthamini kazi za fasihi,Kutathmini maendeleo ya fasihi
2023-JSS015-Kidato VI,Kuthamini kazi za fasihi,Kuhakiki kazi za fasihi
2023-JSS015-Kidato VI,Kuthamini kazi za fasihi,Kutunga kazi za fasihi
2023-JSS033-Kidato I,Master basic Chinese language skills,"Develop awareness of Chinese phonemes, initial, final, tone and characters"
2023-JSS033-Kidato I,Master basic Chinese language skills,Master the correct Chinese vocabulary in various contexts
2023-JSS033-Kidato I,Master basic Chinese language skills,Develop the use of appropriate grammar and vocabulary in conversation and writing
2023-JSS033-Kidato I,Demonstrate understanding of information in conversation and writing,Develop the ability to listen and understand information
2023-JSS033-Kidato I,Demonstrate understanding of information in conversation and writing,Develop the ability to read and understand various texts
2023-JSS033-Kidato I,Demonstrate understanding of information in conversation and writing,Show the right response in various communicative contexts
2023-JSS033-Kidato I,Demonstrate understanding of information in conversation and writing,Develop the ability to read correctly various texts
2023-JSS033-Kidato I,Communicate effectively in a variety of contexts,Develop an understanding of the characteristics of spoken and written language
2023-JSS033-Kidato I,Communicate effectively in a variety of contexts,Developing the ability to communicate orally
2023-JSS033-Kidato II,Master basic Chinese language skills,"Develop awareness of Chinese phonemes, initial, final, tone and characters"
2023-JSS033-Kidato II,Master basic Chinese language skills,Master the correct Chinese vocabulary in various contexts
2023-JSS033-Kidato II,Master basic Chinese language skills,Develop the use of appropriate grammar and vocabulary in conversation and writing
2023-JSS033-Kidato II,Demonstrate understanding of information in conversation and writing,Develop the ability to listen and understand information
2023-JSS033-Kidato II,Demonstrate understanding of information in conversation and writing,Develop the ability to read and understand various texts
2023-JSS033-Kidato II,Demonstrate understanding of information in conversation and writing,Show the right response in various communicative contexts
2023-JSS033-Kidato II,Demonstrate understanding of information in conversation and writing,Develop the ability to read correctly various texts
2023-JSS033-Kidato II,Communicate effectively in a variety of contexts,Develop the ability to communicate orally
2023-JSS033-Kidato II,Communicate effectively in a variety of contexts,Developing the ability to communicate accurately in writing in various contexts
2023-JSS033-Kidato III,Master basic Chinese language skills,"Develop awareness of Chinese phonemes, initial, final, tone and characters"
2023-JSS033-Kidato III,Master basic Chinese language skills,Master the correct Chinese vocabulary in various contexts
2023-JSS033-Kidato III,Master basic Chinese language skills,Develop the use of appropriate grammar and vocabulary in conversation and writing
2023-JSS033-Kidato III,Demonstrate understanding of information in conversation and writing,Develop the ability to listen and understand information
2023-JSS033-Kidato III,Demonstrate understanding of information in conversation and writing,Develop the ability to read and understand various texts
2023-JSS033-Kidato III,Demonstrate understanding of information in conversation and writing,Show the right response in various communicative contexts
2023-JSS033-Kidato III,Demonstrate understanding of information in conversation and writing,Develop the ability to read correctly various texts
2023-JSS033-Kidato III,Communicate effectively in a variety of contexts,Develop the ability to communicate orally
2023-JSS033-Kidato III,Communicate effectively in a variety of contexts,Develop the ability to communicate accurately in writing in various contexts
2023-JSS033-Kidato III,"Translate, and interpret simple information",Provide simple and accurate translation
2023-JSS033-Kidato IV,Master basic Chinese language skills,"Develop awareness of Chinese phonemes, initial, final, tone and characters"
2023-JSS033-Kidato IV,Master basic Chinese language skills,Master the correct Chinese vocabulary in various contexts
2023-JSS033-Kidato IV,Master basic Chinese language skills,Develop the use of appropriate grammar and vocabulary in conversation and writing
2023-JSS033-Kidato IV,Demonstrate understanding of information in conversation and writing,Develop the ability to listen and understand information
2023-JSS033-Kidato IV,Demonstrate understanding of information in conversation and writing,Develop the ability to read and understand various texts
2023-JSS033-Kidato IV,Demonstrate understanding of information in conversation and writing,Show the right response in various communicative contexts
2023-JSS033-Kidato IV,Demonstrate understanding of information in conversation and writing,Develop the ability to read correctly various texts
2023-JSS033-Kidato IV,Communicate effectively in a variety of contexts,Develop the ability to communicate orally
2023-JSS033-Kidato IV,Communicate effectively in a variety of contexts,Develop the ability to communicate accurately in writing in various contexts
2023-JSS033-Kidato IV,"Translate, and interpret simple information",Provide simple and accurate translation of spoken and written language
2023-JSS033-Kidato IV,"Translate, and interpret simple information",Provide simple and correct interpretation
2023-JSS019-Kidato V,Demonstrate mastery of the history of Pan-Africanism,Demonstrate an understanding of the concept of Pan-Africanism and its origins in the 15th Century
2023-JSS019-Kidato V,Demonstrate mastery of the history of Pan-Africanism,Demonstrate an understanding of the development of Pan-Africanism from the 16th to 19th Century
2023-JSS019-Kidato V,Demonstrate mastery of the history of Pan-Africanism,Demonstrate an understanding of the history of Pan-Africanism during colonial time and during the struggle against colonialism from 1900 to 1960
2023-JSS019-Kidato V,Demonstrate mastery of the history of Pan-Africanism,Demonstrate an understanding of the history of Pan-Africanism since 1960
2023-JSS019-Kidato V,Demonstrate mastery of the history of the industrial revolution,Demonstrate an understanding of the history of industrialisation in different nations during the 18th and 19th Centuries
2023-JSS019-Kidato V,Demonstrate mastery of the history of the industrial revolution,Demonstrate an understanding of the history of industrialisation in different nations from the 20th Century to the present
2023-JSS019-Kidato V,Demonstrate mastery of the history of the industrial revolution,Demonstrate an understanding of the history of industrialisation in Africa
2023-JSS019-Kidato V,Demonstrate mastery of the history of administrative systems in the world,Demonstrate an understanding of the origins of administrative systems in the ancient world
2023-JSS019-Kidato V,Demonstrate mastery of the history of administrative systems in the world,Demonstrate an understanding of the contribution of religion to the establishment of modern administrative systems
2023-JSS019-Kidato V,Demonstrate mastery of the history of administrative systems in the world,"Demonstrate an understanding of the contribution of slavery and feudalism to changes in the administrative systems in Western Europe, Asia and Africa"
2023-JSS019-Kidato V,Demonstrate mastery of the history of administrative systems in the world,Demonstrate an understanding of the contribution of political revolutions in Europe to the growth of current administrative systems
2023-JSS019-Kidato V,Demonstrate mastery of the history of administrative systems in the world,Demonstrate an understanding of the influence of the capitalist crises to the emergence of alternative ideologies and systems of governance in the 20th Century
2023-JSS019-Kidato V,Demonstrate mastery of the history of administrative systems in the world,Demonstrate an understanding of the administrative systems built in post-colonial Africa
2023-JSS019-Kidato V,Conduct a project in History,Conduct a project in History
2023-JSS019-Kidato VI,Demonstrate mastery of the history of threats to world peace,Demonstrate an understanding of the history of the great wars of the 17th to 19th Century
2023-JSS019-Kidato VI,Demonstrate mastery of the history of threats to world peace,Demonstrate an understanding of the history of conflicts and wars of the 20th Century
2023-JSS019-Kidato VI,Demonstrate mastery of the history of threats to world peace,Demonstrate an understanding of new threats to world peace and security
2023-JSS019-Kidato VI,Demonstrate mastery of the history of threats to world peace,Demonstrate an understanding of the threats to world peace resulting from civil and ethnic wars
2023-JSS019-Kidato VI,Demonstrate mastery of the history of development in Africa,Demonstrate an understanding of the history of development in post-colonial Africa
2023-JSS019-Kidato VI,Conduct a project in History,Conduct a project in History
2023-JSS044-Kidato V,"Demonstrate mastery of basic concepts, theories and principles in Economics","Demonstrate an understanding of the concepts, theories and principles used in Economics"
2023-JSS044-Kidato V,"Demonstrate mastery of basic concepts, theories and principles in Economics",Demonstrate mastery of economic analysis
2023-JSS044-Kidato V,Conduct a project in Economics,Design and carry out a project in Economics
2023-JSS044-Kidato VI,"Demonstrate mastery of basic concepts, theories and principles in Economics","Demonstrate an understanding of the concepts, theories and principles used in Economics"
2023-JSS044-Kidato VI,"Demonstrate mastery of basic concepts, theories and principles in Economics",Demonstrate mastery of economic analysis
2023-JSS044-Kidato VI,Conduct a project in Economics,Design and carry out a project in Economics
2023-JSS020-Kidato V,"Demonstrate mastery of advanced concepts, theories and principles in Biology","Demonstrate an advanced understanding of concepts, theories and principles in Biology"
2023-JSS020-Kidato V,Demonstrate mastery of taxonomic terminologies,Demonstrate an understanding of the principles of binomial nomenclature and classification
2023-JSS020-Kidato V,Conduct biological investigations,Demonstrate mastery of advanced skills for conducting biological investigations
2023-JSS020-Kidato V,Conduct biological investigations,Perform investigations on the anatomy and physiology of living organisms
2023-JSS020-Kidato V,Conduct a project in Biology,Conduct a project in Biology
2023-JSS020-Kidato VI,"Demonstrate mastery of advanced concepts, theories and principles in Biology","Demonstrate an advanced understanding of concepts, theories and principles in Biology"
2023-JSS020-Kidato VI,Conduct biological investigations,Demonstrate mastery of advanced skills for conducting biological investigations
2023-JSS020-Kidato VI,Conduct biological investigations,Perform investigations on the anatomy and physiology of living organisms
2023-JSS020-Kidato VI,Conduct a project in Biology,Conduct a project in Biology
2023-JSS031-Kidato I,"Kumtambua, kumpenda, kumtukuza na kumsifu Allaah (S.W)",Kutambua uwepo wa Allaah (S.W) na sifa zake
2023-JSS031-Kidato I,"Kumtambua, kumpenda, kumtukuza na kumsifu Allaah (S.W)",Kuisoma Qur’an kwa mazingatio ya hukumu na ujumbe
2023-JSS031-Kidato I,"Kumtambua, kumpenda, kumtukuza na kumsifu Allaah (S.W)",Kuishi kwa kuzingatia Sunnah ya Mtume Muhammad (S.A.W)
2023-JSS031-Kidato I,Kumtumikia Allaah (S.W) katika kila kipengele cha maisha,Kutekeleza nguzo za Uislamu kwa kuzingatia lengo la kila nguzo
2023-JSS031-Kidato I,Kumtumikia Allaah (S.W) katika kila kipengele cha maisha,Kuchunga mipaka ya Allaah (S.W) katika kuendesha maisha ya binafsi na jamii
2023-JSS031-Kidato I,Kulingania na kusimamisha Haki na Uadilifu katika jamii,Kutumia Qur’an na Sunnah kulingania jamii
2023-JSS031-Kidato I,Kulingania na kusimamisha Haki na Uadilifu katika jamii,Kutumia historia ya Uislamu kujenga mwenendo mwema wa jamii
2023-JSS031-Kidato II,"Kumtambua, kumpenda, kumtukuza na kumsifu Allaah (S.W)",Kutambua uwepo wa Allaah (S.W) na sifa zake
2023-JSS031-Kidato II,"Kumtambua, kumpenda, kumtukuza na kumsifu Allaah (S.W)",Kuisoma Qur’an kwa mazingatio ya hukumu na ujumbe
2023-JSS031-Kidato II,"Kumtambua, kumpenda, kumtukuza na kumsifu Allaah (S.W)",Kuishi kwa kuzingatia Sunnah ya Mtume Muhammad (S.A.W)
2023-JSS031-Kidato II,Kumtumikia Allaah (S.W) katika kila kipengele cha maisha,Kutekeleza nguzo za Uislamu kwa kuzingatia lengo la kila nguzo
2023-JSS031-Kidato II,Kumtumikia Allaah (S.W) katika kila kipengele cha maisha,Kuchunga mipaka ya Allaah (S.W) katika kuendesha maisha ya binafsi na jamii
2023-JSS031-Kidato II,Kulingania na kusimamisha Haki na Uadilifu katika jamii,Kutumia Qur’an na Sunnah kulingania jamii
2023-JSS031-Kidato II,Kulingania na kusimamisha Haki na Uadilifu katika jamii,Kutumia historia ya Uislamu kujenga mwenendo mwema wa jamii
2023-JSS031-Kidato III,"Kumtambua, kumpenda, kumtukuza na kumsifu Allaah (S.W)",Kutambua uwepo wa Allaah (S.W) na sifa zake
2023-JSS031-Kidato III,"Kumtambua, kumpenda, kumtukuza na kumsifu Allaah (S.W)",Kuisoma Qur’an kwa mazingatio ya hukumu na ujumbe
2023-JSS031-Kidato III,"Kumtambua, kumpenda, kumtukuza na kumsifu Allaah (S.W)",Kuishi kwa kuzingatia Sunnah ya Mtume Muhammad (S.A.W)
2023-JSS031-Kidato III,Kumtumikia Allaah (S.W) katika kila kipengele cha maisha,Kutekeleza nguzo za Uislamu kwa kuzingatia lengo la kila nguzo
2023-JSS031-Kidato III,Kumtumikia Allaah (S.W) katika kila kipengele cha maisha,Kuchunga mipaka ya Allaah (S.W) katika kuendesha maisha ya binafsi na jamii
2023-JSS031-Kidato III,Kulingania na kusimamisha Haki na Uadilifu katika jamii,Kutumia Qur’an na Sunnah kulingania jamii
2023-JSS031-Kidato III,Kulingania na kusimamisha Haki na Uadilifu katika jamii,Kutumia historia ya Uislamu kujenga mwenendo mwema wa jamii
2023-JSS031-Kidato IV,"Kumtambua, kumpenda, kumtukuza na kumsifu Allaah (S.W)",Kutambua uwepo wa Allaah (S.W) na sifa zake
2023-JSS031-Kidato IV,"Kumtambua, kumpenda, kumtukuza na kumsifu Allaah (S.W)",Kuisoma Qur’an kwa mazingatio ya hukumu na ujumbe
2023-JSS031-Kidato IV,"Kumtambua, kumpenda, kumtukuza na kumsifu Allaah (S.W)",Kuishi kwa kuzingatia Sunnah ya Mtume Muhammad (S.A.W)
2023-JSS031-Kidato IV,Kumtumikia Allaah (S.W) katika kila kipengele cha maisha,Kutekeleza nguzo za Uislamu kwa kuzingatia lengo la kila nguzo
2023-JSS031-Kidato IV,Kumtumikia Allaah (S.W) katika kila kipengele cha maisha,Kuchunga mipaka ya Allaah (S.W) katika kuendesha maisha ya binafsi na jamii
2023-JSS031-Kidato IV,Kulingania na kusimamisha Haki na Uadilifu katika jamii,Kutumia Qur’an na Sunnah kulingania jamii
2023-JSS031-Kidato IV,Kulingania na kusimamisha Haki na Uadilifu katika jamii,Kutumia historia ya Uislamu kujenga mwenendo mwema wa jamii
2023-JSS035-Kidato I,"Demonstrate mastery of concepts, theories and principles of Fine Art","Demonstrate an understanding of the concepts, theories and the principles of Fine Art"
2023-JSS035-Kidato I,"Demonstrate mastery of concepts, theories and principles of Fine Art",Demonstrate an understanding of the traditional forms of fine art in Tanzania
2023-JSS035-Kidato I,Create simple works of fine art,Make decorations
2023-JSS035-Kidato I,Create simple works of fine art,Use traditional and modern techniques to create works of art
2023-JSS035-Kidato I,Demonstrate mastery of the principles of occupational health and environmental care in fine art,Dispose waste from fine art activities
2023-JSS035-Kidato II,"Demonstrate mastery of concepts, theories and principles of Fine Art","Demonstrate an understanding of the concepts, theories and the principles of Fine Art"
2023-JSS035-Kidato II,Create simple works of fine art,Make decorations
2023-JSS035-Kidato II,Create simple works of fine art,Use traditional and modern techniques to create works of art
2023-JSS035-Kidato III,"Demonstrate mastery of concepts, theories and principles of Fine Art","Demonstrate an understanding of the concepts, theories and the principles of Fine Art"
2023-JSS035-Kidato III,Create simple works of Fine Art,Make decorations
2023-JSS035-Kidato III,Create simple works of Fine Art,Use traditional and modern techniques to create works of art
2023-JSS035-Kidato III,Create simple works of Fine Art,Create realistic art content
2023-JSS035-Kidato III,Demonstrate mastery of the principles of occupational health and environmental care in fine art,Demonstrate an understanding of ethical conduct in fine art
2023-JSS035-Kidato III,Use ICT to market works of fine art,Use ICT to market works of fine art
2023-JSS035-Kidato IV,"Demonstrate mastery of concepts, theories and principles of Fine Art","Demonstrate an understanding of the concepts, theories and principles of Fine Art"
2023-JSS035-Kidato IV,Create simple works of fine art,Make decorations
2023-JSS035-Kidato IV,Create simple works of fine art,Use traditional and modern techniques to create works of art
2023-JSS035-Kidato IV,Create simple works of fine art,Create realistic art content
2023-JSS035-Kidato IV,Demonstrate mastery of the principles of occupational health and environmental care in Fine Art,Demonstrate an understanding of ethical conduct in fine art
2023-JSS039-Kidato I,"Demonstrate mastery of concepts, theories, and principles of theatre arts",Demonstrate an understanding of the concept and history of theatre arts
2023-JSS039-Kidato I,"Demonstrate mastery of concepts, theories, and principles of theatre arts",Demonstrate an understanding of the theories and principles of theatre arts
2023-JSS039-Kidato I,Perform theatre arts,Perform theatre arts for different audiences based on audience types
2023-JSS039-Kidato II,"Demonstrate mastery of concepts, theories, and principles of theatre arts",Demonstrate an understanding of the concept and history of theatre arts
2023-JSS039-Kidato II,"Demonstrate mastery of concepts, theories, and principles of theatre arts",Demonstrate an understanding of the theories and principles of theatre arts
2023-JSS039-Kidato II,Perform theatre arts,Perform theatre arts for different audiences based on audience types
2023-JSS039-Kidato II,Perform theatre arts,"Use ICT to produce simple film, television and radio drama"
2023-JSS039-Kidato III,"Demonstrate mastery of concepts, theories, and principles of theatre arts",Demonstrate an understanding of the concept and history of theatre arts
2023-JSS039-Kidato III,"Demonstrate mastery of concepts, theories, and principles of theatre arts",Demonstrate an understanding of the theories and principles of theatre arts
2023-JSS039-Kidato III,"Demonstrate mastery of concepts, theories, and principles of theatre arts",Demonstrate an understanding of the contribution of theatre arts to social development
2023-JSS039-Kidato III,Perform theatre arts,Perform theatre arts for different audiences based on audience types
2023-JSS039-Kidato III,Perform theatre arts,Organise theatre for social change
2023-JSS039-Kidato III,Demonstrate mastery of the use of creative language in theatre arts,Use creative language to prepare theatrical works
2023-JSS039-Kidato III,Demonstrate mastery of the application of business principles in theatre arts,Analyse the cost of producing and selling theatrical works
2023-JSS039-Kidato IV,"Demonstrate mastery of concepts, theories, and principles of theatre arts",Demonstrate an understanding of the concept and history of theatre arts
2023-JSS039-Kidato IV,"Demonstrate mastery of concepts, theories, and principles of theatre arts",Demonstrate an understanding of the theories and principles of theatre arts
2023-JSS039-Kidato IV,Perform theatre arts,Perform theatre arts for different audiences based on audience types
2023-JSS039-Kidato IV,Perform theatre arts,"Use ICT to produce simple film, television and radio drama"
2023-JSS039-Kidato IV,Demonstrate mastery of the use of creative language in theatre arts,Use creative language to prepare theatrical works
2023-JSS039-Kidato IV,Demonstrate mastery of the use of creative language in theatre arts,Interpret theatrical works to suit different audiences
2023-JSS039-Kidato IV,Demonstrate mastery of the application of business principles in theatre arts,Develop business ideas and opportunities in theatre arts
2023-JSS039-Kidato IV,Demonstrate mastery of the application of business principles in theatre arts,Analyse the cost of producing and selling theatrical works
2023-JSS039-Kidato IV,Demonstrate mastery of the application of business principles in theatre arts,Design strategies for marketing theatrical works
2023-JSS048-Kidato I,"Kulinda historia ya Tanzania, urithi na maadili ya Taifa",Kuelezea chimbuko la jamii za Kitanzania na maadili yake
2023-JSS048-Kidato I,"Kulinda historia ya Tanzania, urithi na maadili ya Taifa",Kumudu maarifa na ujuzi wa maadili na urithi wa jamii za Kitanzania
2023-JSS048-Kidato I,"Kulinda historia ya Tanzania, urithi na maadili ya Taifa",Kutumia maarifa na ujuzi wa historia na urithi kubuni fursa mbalimbali zilizopo katika jamii za Kitanzania
2023-JSS048-Kidato I,"Kulinda historia ya Tanzania, urithi na maadili ya Taifa",Kubaini fursa mbalimbali za kujenga ushirikiano na kukuza uchumi wa kitaifa
2023-JSS048-Kidato I,Kumudu historia ya Tanzania na maadili kabla ya ukoloni,"Kuchambua mifumo ya kijamii (elimu, afya, utamaduni) iliyokuza na kuendeleza maadili ya jamii za Kitanzania kabla ya ukoloni"
2023-JSS048-Kidato I,Kumudu historia ya Tanzania na maadili kabla ya ukoloni,Kuchambua mifumo iliyokuza na kuendeleza uchumi na siasa katika jamii za Kitanzania kabla ya ukoloni
2023-JSS048-Kidato I,Kumudu historia ya Tanzania na maadili kabla ya ukoloni,Kutathmini vichocheo vya mabadiliko ya sayansi na teknolojia katika jamii za Kitanzania kabla ya ukoloni
2023-JSS048-Kidato II,"Kumudu historia ya Tanzania na maadili wakati wa ukoloni, 1890-1960",Kutumia maarifa na ujuzi wa chimbuko na ukuaji wa mfumo wa ukoloni kuelewa uhusiano wa kihistoria kati ya Tanzania na mataifa yaliyoitawala
2023-JSS048-Kidato II,"Kumudu historia ya Tanzania na maadili wakati wa ukoloni, 1890-1960",Kutathmini athari za mfumo wa ukoloni kwenye maadili ya jamii za Kitanzania
2023-JSS048-Kidato II,"Kumudu historia ya Tanzania na maadili wakati wa ukoloni, 1890-1960",Kuchambua jitihada za jamii za Kitanzania kupinga ukoloni na maadili ya kikoloni
2023-JSS048-Kidato II,Kumudu historia ya ujenzi wa Taifa na maadili yake katika kipindi cha 1961-1966,"Kuchambua mifumo ya uchumi, siasa, utamaduni, jamii na maadili iliyojengwa, 1961-1966"
2023-JSS048-Kidato II,Kumudu historia ya ujenzi wa Taifa na maadili yake katika kipindi cha 1961-1966,Kumudu historia ya Mapinduzi Matukufu ya Zanzibar
2023-JSS048-Kidato III,Kumudu historia ya ujenzi wa Taifa na maadili yake katika kipindi cha 1961-1966,Kumudu historia ya Muungano wa Tanganyika na Zanzibar
2023-JSS048-Kidato III,"Kutathmini ujenzi wa Taifa na maadili wakati wa Azimio la Arusha, 1967-1985","Kuchambua chimbuko la Azimio la Arusha na matokeo yake kiuchumi, kisiasa, kiutamaduni na kimaadili"
2023-JSS048-Kidato III,"Kutathmini ujenzi wa Taifa na maadili wakati wa Azimio la Arusha, 1967-1985",Kueleza nafasi ya Tanzania katika kujenga uhusiano wa kikanda
2023-JSS048-Kidato III,Kufanya utafiti wa historia na maadili ya Tanzania,Kumudu misingi ya utafiti wa kihistoria
2023-JSS048-Kidato III,Kufanya utafiti wa historia na maadili ya Tanzania,Kutumia misingi ya utafiti wa kihistoria kufanya kazi mradi
2023-JSS048-Kidato IV,"Kutathmini historia ya Tanzania na maadili wakati wa uliberali, 1986 hadi sasa",Kuchambua chimbuko la uliberali na utandawazi
2023-JSS048-Kidato IV,"Kutathmini historia ya Tanzania na maadili wakati wa uliberali, 1986 hadi sasa",Kuishi maadili mema ya Kitanzania wakati wa uliberali na utandawazi
2023-JSS048-Kidato IV,Kumudu muundo na kazi za Serikali ya Jamhuri ya Muungano wa Tanzania,Kueleza muundo na kazi za Serikali ya Jamhuri ya Muungano wa Tanzania na Serikali ya Mapinduzi ya Zanzibar
2023-JSS048-Kidato IV,Kumudu muundo na kazi za Serikali ya Jamhuri ya Muungano wa Tanzania,Kubaini muundo na kazi za Serikali za Mitaa
2023-JSS048-Kidato IV,Kufanya utafiti wa historia ya Tanzania na maadili,Kutumia misingi ya utafiti wa kihistoria kufanya kazimradi
2023-JSS048-Kidato V,"Kulinda historia ya Tanzania, urithi na maadili ya taifa","Kumudu historia, utambulisho na maadili ya taifa"
2023-JSS048-Kidato V,"Kulinda historia ya Tanzania, urithi na maadili ya taifa",Kutathmini mchango wa historia na urithi katika kuchangia maendeleo ya taifa
2023-JSS048-Kidato V,"Kulinda historia ya Tanzania, urithi na maadili ya taifa",Kutumia fursa mbalimbali zitokanazo na historia na urithi wa Tanzania kujenga ushirikiano na kukuza biashara ya kimataifa
2023-JSS048-Kidato V,Kumudu historia ya Tanzania na maadili kabla ya ukoloni,Kutathmini vichocheo vya maendeleo ya jamii za Kitanzania na maadili yake kabla ya ukoloni
2023-JSS048-Kidato V,Kumudu historia ya Tanzania na maadili kabla ya ukoloni,Kuelezea uhusiano wa jamii za Kitanzania na jamii nyingine duniani kabla ya ukoloni
2023-JSS048-Kidato V,Kumudu historia ya Tanzania na maadili kabla ya ukoloni,Kuhusianisha mapokeo ya mifumo ya kihistoria katika kuelezea maadili ya Kitanzania
2023-JSS048-Kidato V,"Kumudu historia ya Tanzania na maadili wakati wa ukoloni, 1890-1960",Kutathmini ukoloni kama nguvu laini (soft power) ya kujenga mwelekeo mpya wa jamii
2023-JSS048-Kidato V,"Kumudu historia ya Tanzania na maadili wakati wa ukoloni, 1890-1960",Kuchambua mchango wa ukoloni katika mfumo wa maadili ya Kitanzania
2023-JSS048-Kidato V,Kufanya kazi mradi ya historia ya Tanzania na maadili,Kufanya kazi mradi ya historia ya Tanzania na maadili
2023-JSS048-Kidato VI,Kumudu historia ya ujenzi wa taifa na maadili yake katika kipindi cha 1961-1966,Kumudu chimbuko la ukoloni mamboleo
2023-JSS048-Kidato VI,Kumudu historia ya ujenzi wa taifa na maadili yake katika kipindi cha 1961-1966,Kutathmini mabadiliko ya mifumo ya ulinzi na usalama wa taifa
2023-JSS048-Kidato VI,Kumudu historia ya ujenzi wa taifa na maadili yake katika kipindi cha 1961-1966,Kuchambua visababishi vya mabadiliko ya sera ya mambo ya nje na uhusiano ya kimataifa
2023-JSS048-Kidato VI,Kumudu historia ya ujenzi wa taifa na maadili yake katika kipindi cha 1961-1966,"Kutathmini mchango wa Mapinduzi Matukufu ya Zanzibar katika kudumisha uhuru, umoja, na amani ya kitaifa."
2023-JSS048-Kidato VI,"Kutathmini ujenzi wa Taifa na maadili yake wakati wa Azimio la Arusha, 1967-1985","Kuchambua chimbuko la Azimio la Arusha na matokeo yake kiuchumi, kisiasa, kiutamaduni na kimaadili."
2023-JSS048-Kidato VI,"Kutathmini ujenzi wa Taifa na maadili yake wakati wa Azimio la Arusha, 1967-1985",Kutathmini nafasi ya Tanzania katika kujenga uhusiano wa kikanda
2023-JSS048-Kidato VI,"Kutathmini historia ya Tanzania na maadili wakati wa uliberali, 1986 hadi sasa","Kutafsiri mabadiliko ya kiuchumi, kisiasa, kiutamaduni na kimaadili katika kipindi cha uliberali na utandawazi kuanzia 1986 hadi sasa"
2023-JSS048-Kidato VI,Kufanya kazi mradi ya historia ya Tanzania na maadili,Kufanya kazi mradi ya historia ya Tanzania na maadili
2023-JSS046-Kidato V,Demonstrate mastery in principles and practice of tourism,"Demonstrate an understanding of concepts, components and impacts of tourism operations"
2023-JSS046-Kidato V,Demonstrate mastery in principles and practice of tourism,Apply basic hospitality and customer service in tourism operations
2023-JSS046-Kidato V,Demonstrate mastery in principles and practice of tourism,Demonstrate an understanding of travel and tourism operation
2023-JSS046-Kidato V,Demonstrate mastery in principles and practice of tourism,Apply tour guiding in tour operations
2023-JSS046-Kidato V,Demonstrate mastery in principles and practice of tourism,Apply safety and security measures in tourism operations
2023-JSS046-Kidato V,Demonstrate mastery in principles of sustainable tourism,Demonstrate sustainable tourism
2023-JSS046-Kidato V,Conduct a project in tourism,Conduct a project in tourism .
2023-JSS046-Kidato VI,Demonstrate mastery in principles of sustainable tourism,"Understand the concept of conservation, management and protection of tourism resources"
2023-JSS046-Kidato VI,Demonstrate mastery in principles of sustainable tourism,Understand global and national trends in tourism geography and statistics
2023-JSS046-Kidato VI,Demonstrate mastery of tourism marketing and innovation,Demonstrate an understanding of the principles of marketing in the travel and tourism industry
2023-JSS046-Kidato VI,Demonstrate mastery of tourism marketing and innovation,Apply marketing strategy and digital techniques to promote tourism products and services
2023-JSS046-Kidato VI,Demonstrate mastery of tourism marketing and innovation,Apply innovation and entrepreneurship skills in tourism businesses
2023-JSS046-Kidato VI,Conduct a project in tourism,Conduct a project in tourism
2023-JSS033-Kidato V,Master advanced Chinese language skills,Develop the understanding of Chinese language basics and principles
2023-JSS033-Kidato V,Master advanced Chinese language skills,Develop Chinese language vocabulary
2023-JSS033-Kidato V,Master advanced Chinese language skills,Use appropriate vocabulary and grammar in different contexts
2023-JSS033-Kidato V,Demonstrate higher understanding of Chinese language in conversation and written texts,Develop understanding of Chinese language conversations and texts
2023-JSS033-Kidato V,Communicate effectively in conversations and written texts,Demonstrate the ability to communicate orally
2023-JSS033-Kidato V,Communicate effectively in conversations and written texts,Demonstrate ability to communicate in writing
2023-JSS033-Kidato V,Translate and interpret,Translate complex texts
2023-JSS033-Kidato VI,Master advanced Chinese language skills,Develop the understanding of Chinese language basics and principles
2023-JSS033-Kidato VI,Master advanced Chinese language skills,Develop Chinese language vocabulary
2023-JSS033-Kidato VI,Master advanced Chinese language skills,Use appropriate vocabulary and grammar in different contexts
2023-JSS033-Kidato VI,Demonstrate higher understanding of Chinese language in conversation and written texts,Develop understanding of Chinese language conversations and texts
2023-JSS033-Kidato VI,Communicate effectively in conversations and written texts,Demonstrate the ability to communicate orally
2023-JSS033-Kidato VI,Communicate effectively in conversations and written texts,Demonstrate ability to communicate in writing
2023-JSS033-Kidato VI,Translate and interpret,Translate complex texts
2023-JSS033-Kidato VI,Translate and interpret,Provide Interpretation
2023-JSS039-Kidato V,"Demonstrate mastery of some advanced concepts, theories and principles of theatre arts",Demonstrate an understanding of the development of theatre arts and its major trends
2023-JSS039-Kidato V,"Demonstrate mastery of some advanced concepts, theories and principles of theatre arts","Demonstrate an understanding of the history and principles of scriptwriting, acting and directing"
2023-JSS039-Kidato V,"Demonstrate mastery of some advanced concepts, theories and principles of theatre arts",Demonstrate mastery of the methods of identifying an ideal performing space
2023-JSS039-Kidato V,Perform theatre arts,"Compose theatrical works for stage, film, radio and television"
2023-JSS039-Kidato V,Perform theatre arts,"Perform and direct theatrical works for stage, film, radio and television"
2023-JSS039-Kidato V,Perform theatre arts,Use ICT in theatre arts
2023-JSS039-Kidato V,Perform theatre arts,Demonstrate an understanding of ethics and professional conduct in theatre arts
2023-JSS039-Kidato V,Demonstrate mastery of the creative use of language in theatre,Demonstrate an understanding of the theories and principles related to the use of body language in theatrical works
2023-JSS039-Kidato V,Demonstrate mastery of the creative use of language in theatre,Use body language to prepare and present theatrical works
2023-JSS039-Kidato VI,"Demonstrate mastery of some advanced concepts, theories and principles of theatre arts","Demonstrate an understanding of the history and principles of scriptwriting, acting and directing"
2023-JSS039-Kidato VI,"Demonstrate mastery of some advanced concepts, theories and principles of theatre arts",Demonstrate mastery of the principles of managing theatrical events
2023-JSS039-Kidato VI,Perform theatre arts,"Perform and direct theatrical works for stage, film, radio and television"
2023-JSS039-Kidato VI,Perform theatre arts,Use ICT in theatre arts
2023-JSS039-Kidato VI,Perform theatre arts,Demonstrate an understanding of ethics and professional conduct in theatre arts
2023-JSS029-Kidato V,Kumudu dhana na misingi ya fasihi,Kukuza uelewa wa dhana ya fasihi
2023-JSS029-Kidato V,Kumudu dhana na misingi ya fasihi,Kutathmini nadharia za chimbuko la fasihi
2023-JSS029-Kidato V,Kumudu dhana na misingi ya fasihi,Kuchambua uhusiano kati ya fasihi simulizi na fasihi andishi
2023-JSS029-Kidato V,Kuthamini kazi za fasihi,Kuonesha uelewa wa misingi ya kutathmini kazi za fasihi
2023-JSS029-Kidato V,Kuthamini kazi za fasihi,Kutathmini nadharia za uhakiki wa kazi za fasihi
2023-JSS029-Kidato V,Kuthamini kazi za fasihi,Kuhakiki kazi za fasihi kwa kutumia misingi na nadharia mbalimbali
2023-JSS029-Kidato V,Kuthamini kazi za fasihi,Kutumia fasihi kutathmini maadili na mitazamo katika jamii
2023-JSS029-Kidato V,Kujenga ujumi,Kumudu mbinu zinazotumika kujenga ujumi katika kazi za fasihi
2023-JSS029-Kidato V,Kujenga ujumi,Kutathmini maana mbalimbali za kazi za fasihi
2023-JSS029-Kidato V,Kujenga ujumi,Kutumia fasihi kujenga hoja zenye mantiki na ushawishi
2023-JSS029-Kidato V,Kubuni kazi changamani za fasihi,Kutambua fursa zinazotokana na kazi za fasihi ya Kiswahili
2023-JSS029-Kidato V,Kubuni kazi changamani za fasihi,Kumudu kanuni za utunzi wa kazi za fasihi
2023-JSS029-Kidato V,Kubuni kazi changamani za fasihi,Kutunga kazi za fasihi
2023-JSS029-Kidato VI,Kumudu dhana na misingi ya fasihi,Kuhusianisha fasihi ya Kiswahili na fasihi kwa Kiswahili
2023-JSS029-Kidato VI,Kumudu dhana na misingi ya fasihi,Kutathmini maendeleo ya fasihi ya Kiswahili kitaifa na kimataifa
2023-JSS029-Kidato VI,Kuthamini kazi za fasihi,Kuhakiki kazi za fasihi kwa kutumia misingi na nadharia mbalimbali
2023-JSS029-Kidato VI,Kuthamini kazi za fasihi,Kutumia fasihi kutathmini maadili na mitazamo katika jamii
2023-JSS029-Kidato VI,Kujenga ujumi,Kumudu mbinu zinazotumika kujenga ujumi katika kazi za fasihi
2023-JSS029-Kidato VI,Kujenga ujumi,Kutathmini maana mbalimbali za kazi za kifasihi
2023-JSS029-Kidato VI,Kujenga ujumi,Kutumia fasihi kujenga hoja zenye mantiki na ushawishi
2023-JSS029-Kidato VI,Kubuni kazi changamani za fasihi,Kumudu kanuni za utunzi wa kazi za fasihi
2023-JSS029-Kidato VI,Kubuni kazi changamani za fasihi,Kutunga kazi za fasihi
2023-JSS041-Kidato V,"Demonstrate mastery of the concepts, theories and principles of Accounting","Demonstrate an understanding of concepts, theories and principles of Accounting"
2023-JSS041-Kidato V,"Demonstrate mastery of the concepts, theories and principles of Accounting",Preparing an accounting work plan
2023-JSS041-Kidato V,Preparing accounting reports,Prepare and maintain accounting records
2023-JSS041-Kidato V,Preparing accounting reports,Adjust records in financial statements
2023-JSS041-Kidato VI,"Demonstrate mastery of the concepts, theories and principles of accounting","Demonstrate an understanding of concepts, theories and principles of accounting"
2023-JSS041-Kidato VI,Prepare accounting reports,Prepare and maintain accounting records
2023-JSS041-Kidato VI,Prepare accounting reports,Use accounting principles
2023-JSS041-Kidato VI,Demonstrate mastery of professional ethics in Accountancy,Demonstrate an understanding of the principles and practice of professional ethics in Accountancy
2023-JSS041-Kidato VI,Use ICT to analyse financial statements,Use computer programmes in financial analysis
2023-JSS031-Kidato V,Kuishi kwa mujibu wa itikadi ya Uislamu,Kuchambua dhana ya Elimu kwa mtazamo wa Uislamu
2023-JSS031-Kidato V,Kuishi kwa mujibu wa itikadi ya Uislamu,Kuthibitisha usahihi wa Itikadi ya Uislamu
2023-JSS031-Kidato V,Kuishi kwa mujibu wa itikadi ya Uislamu,Kuthamini nguzo za Imani ya Kiislamu
2023-JSS031-Kidato V,Kuthamini Qur’an na Sunnah,Kuthibitisha kuwa Qur’an ni maneno ya Allah (S.W)
2023-JSS031-Kidato V,Kuthamini Qur’an na Sunnah,Kuchambua misingi ya kufasiri Qur’an
2023-JSS031-Kidato V,Kuthamini Qur’an na Sunnah,Kuchambua dhana ya Sunnah
2023-JSS031-Kidato V,Kumtumikia Allah (S.W) katika nyanja zote za maisha,Kutathmini utekelezaji wa nguzo za Uislamu
2023-JSS031-Kidato V,Kumtumikia Allah (S.W) katika nyanja zote za maisha,Kutathmini mifumo ya maisha kwa mujibu wa Uislamu
2023-JSS031-Kidato V,Kuthamini historia katika kuimarisha Haki na Uadilifu katika jamii,Kufafanua dhana ya Historia kwa mujibu wa Uislamu
2023-JSS031-Kidato V,Kuthamini historia katika kuimarisha Haki na Uadilifu katika jamii,Kutathmini historia ya Uislamu kabla ya Mtume Muhammad (S.A.W) hadi hivi sasa
2023-JSS031-Kidato VI,Kuishi kwa mujibu wa itikadi ya Uislamu,Kuthibitisha usahihi wa itikadi ya Uislamu
2023-JSS031-Kidato VI,Kuishi kwa mujibu wa itikadi ya Uislamu,Kuthamini nguzo za Imani ya Kiislamu
2023-JSS031-Kidato VI,Kuthamini Qur’an na Sunnah,Kuchambua mambo mtambuka katika jamii kwa mujibu wa Qur’an na Sunnah
2023-JSS031-Kidato VI,Kumtumikia Allah (S.W) katika nyanja zote za maisha,Kufafanua misingi ya Sharia
2023-JSS031-Kidato VI,Kumtumikia Allah (S.W) katika nyanja zote za maisha,Kuthamini matumizi ya Sharia katika miamala
2023-JSS031-Kidato VI,Kuthamini historia katika kuimarisha Haki na Uadilifu katika jamii,Kutathmini historia ya Uislamu kabla ya Mtume Muhammad (S.A.W) hadi hivi sasa
2023-JSS031-Kidato VI,Kuthamini historia katika kuimarisha Haki na Uadilifu katika jamii,Kujenga mwenendo mwema wa jamii
2023-JSS037-Kidato V,Demonstrate mastery of some advanced theories and principles of music,Demonstrate an understanding of the fundamentals of music theory
2023-JSS037-Kidato V,Demonstrate mastery of some advanced theories and principles of music,Demonstrate an understanding of some advanced theories of music
2023-JSS037-Kidato V,Perform music,Sing local and foreign songs
2023-JSS037-Kidato V,Perform music,Play local and foreign musical instruments
2023-JSS037-Kidato V,Perform music,Demonstrate an understanding of the principles of professional ethical conduct in the music industry
2023-JSS037-Kidato V,Use ICT in the music industry,Use ICT to produce and master music
2023-JSS037-Kidato V,Conduct a project in music,Design and conduct a project in music
2023-JSS037-Kidato VI,Demonstrate mastery of some advanced theories and principles of music,Demonstrate an understanding of the fundamentals of music theory
2023-JSS037-Kidato VI,Demonstrate mastery of some advanced theories and principles of music,Demonstrate an understanding of some advanced theories of music
2023-JSS037-Kidato VI,Perform music,Compose music in different languages
2023-JSS037-Kidato VI,Perform music,Sing local and foreign songs
2023-JSS037-Kidato VI,Perform music,Play local and foreign musical instruments
2023-JSS037-Kidato VI,Conduct a project in music,Design and conduct a project in music
2023-JSS035-Kidato V,Demonstrate mastery of some advanced theories and principles of Fine Art,Demonstrate an understanding of forms of Fine Art in East and West Africa
2023-JSS035-Kidato V,Demonstrate mastery of some advanced theories and principles of Fine Art,Demonstrate an understanding of basic principles of curating works of Fine Art
2023-JSS035-Kidato V,Create works of Fine Art,Create still and moving images
2023-JSS035-Kidato V,Create works of Fine Art,Create artistic works using various techniques
2023-JSS035-Kidato V,Create works of Fine Art,Create real and abstract drawings and paintings
2023-JSS035-Kidato V,Use ICT in Fine Art,Use ICT to design and create works of Fine Art
2023-JSS035-Kidato V,Conduct a project in Fine Art,Prepare a portfolio of Fine Art works
2023-JSS035-Kidato VI,Demonstrate mastery of some advanced theories and principles of Fine Art,Demonstrate an understanding of forms of Fine Art in East and West Africa
2023-JSS035-Kidato VI,Demonstrate mastery of some advanced theories and principles of Fine Art,Demonstrate an understanding of basic principles of curating works of Fine Art
2023-JSS035-Kidato VI,Create works of Fine Art,Create still and video images
2023-JSS035-Kidato VI,Create works of Fine Art,Create artistic works using various techniques
2023-JSS035-Kidato VI,Create works of Fine Art,Create real and abstract drawings and paintings
2023-JSS035-Kidato VI,Conducting a project in Fine Art,Prepare a portfolio of Fine Art works
2023-JSS036-Kidato V,Demonstrate mastery of principles of Food and Nutrition,Demonstrate an understanding of the dietary needs for different groups of people
2023-JSS036-Kidato V,Demonstrate mastery of principles of Food and Nutrition,Conduct experiments on the nutrient present in different types of foods
2023-JSS036-Kidato V,Demonstrate mastery of principles of Food and Nutrition,Demonstrate an understanding of the determinants of good nutrition and intra-household food distribution
2023-JSS036-Kidato V,Demonstrate mastery of the principles and practices of nutritional assessment,Conduct nutritional assessment
2023-JSS036-Kidato V,Carry out a project in Food and Nutrition,Conduct a project in Food and Nutrition
2023-JSS036-Kidato VI,Demonstrate mastery of principles of Food and Nutrition,Demonstrate an understanding of the dietary needs for different groups of people
2023-JSS036-Kidato VI,Demonstrate mastery of principles of Food and Nutrition,Conduct experiments on the nutrient content of different types of food
2023-JSS036-Kidato VI,Demonstrate mastery of the technology for processing and preserving food,Process and preserve different types of food
2023-JSS036-Kidato VI,Carry out a project in Food and Nutrition,Conduct a project in Food and Nutrition
2023-JSS040-Kidato V,"Demonstrate mastery of the properties of textile fibres, yarn and fabric",Demonstrate an understanding of the basic properties of fabrics used in cloth and garment construction
2023-JSS040-Kidato V,"Demonstrate mastery of the properties of textile fibres, yarn and fabric",Decorate fabrics for garment construction
2023-JSS040-Kidato V,"Demonstrate mastery of the properties of textile fibres, yarn and fabric",Design and construct traditional clothing from selected ethnic groups in Tanzania
2023-JSS040-Kidato V,Use ICT in textile design and garment construction,Use ICT in textile design and garment construction
2023-JSS040-Kidato V,Conduct a project in Textile and Garment Construction,Prepare a portfolio of prototypes of textile products
2023-JSS040-Kidato VI,"Demonstrate mastery of the properties of textile fibres, yarn and fabric",Demonstrate an understanding of the basic properties of fabrics used in cloth and garment construction
2023-JSS040-Kidato VI,"Demonstrate mastery of the properties of textile fibres, yarn and fabric",Decorate fabrics for garment construction
2023-JSS040-Kidato VI,"Demonstrate mastery of the properties of textile fibres, yarn and fabric",Design and construct traditional clothing from selected ethnic groups in Tanzania
2023-JSS040-Kidato VI,Use ICT in textile design and garment construction,Use ICT in textile design and garment construction
2023-JSS040-Kidato VI,Conduct a project in Textile and Garment Construction,Prepare a portfolio of prototypes of textile products
